id;data_inversa;dia_semana;horario;uf;br;km;municipio;causa_acidente;tipo_acidente;classificacao_acidente;fase_dia;sentido_via;condicao_metereologica;tipo_pista;tracado_via;uso_solo;pessoas;mortos;feridos_leves;feridos_graves;ilesos;ignorados;feridos;veiculos;latitude;longitude;regional;delegacia;uop;feriado
512448.0;2023-03-24;sexta-feira;02:00:00;SP;116.0;134;CACAPAVA;Condutor deixou de manter distância do veículo da frente;Colisão traseira;Com Vítimas Feridas;Plena Noite;Decrescente;Céu Claro;Dupla;Reta;Não;2;0;0;1;0;1;1;2;-23,1402216;-45,7617252;SPRF-SP;DEL02-SP;UOP02-DEL02-SP;false
512514.0;2023-03-24;sexta-feira;12:00:00;SP;116.0;145;SAO JOSE DOS CAMPOS;Manobra de mudança de faixa;Colisão lateral mesmo sentido;Com Vítimas Feridas;Pleno dia;Decrescente;Céu Claro;Múltipla;Reta;Sim;2;0;1;0;1;0;1;2;-23,1869844;-45,8548078;SPRF-SP;DEL02-SP;UOP01-DEL02-SP;false
512580.0;2023-03-24;sexta-feira;19:20:00;SP;459.0;23;LORENA;Ingestão de álcool pelo condutor;Colisão frontal;Com Vítimas Fatais;Plena Noite;Crescente;Céu Claro;Simples;Reta;Não;3;1;0;0;1;1;0;3;-22,6716358;-45,1390155;SPRF-SP;DEL08-SP;UOP02-DEL08-SP;false
512606.0;2023-03-24;sexta-feira;19:50:00;SP;381.0;45;ATIBAIA;Entrada inopinada do pedestre;Atropelamento de Pedestre;Com Vítimas Fatais;Plena Noite;Decrescente;Céu Claro;Dupla;"Reta;Aclive                   ";Sim;3;1;0;0;1;1;0;3;-23,17274184;-46,57748439;SPRF-SP;DEL03-SP;UOP01-DEL03-SP;false
512772.0;2023-03-25;sábado;19:30:00;SP;116.0;140,8;SAO JOSE DOS CAMPOS;Entrada inopinada do pedestre;Atropelamento de Pedestre;Com Vítimas Feridas;Plena Noite;Decrescente;Céu Claro;Dupla;"Aclive;Reta                   ";Sim;2;0;0;1;1;0;1;2;-23,16577714;-45,81246193;SPRF-SP;DEL02-SP;UOP01-DEL02-SP;false
512831.0;2023-03-25;sábado;18:30:00;SP;116.0;514;CAJATI;Reação tardia ou ineficiente do condutor;Tombamento;Sem Vítimas;Anoitecer;Decrescente;Céu Claro;Simples;"Reta;Declive                  ";Não;2;0;0;0;2;0;0;2;-24,85874304;-48,21731282;SPRF-SP;DEL05-SP;UOP02-DEL05-SP;false
512981.0;2023-03-26;domingo;16:30:00;SP;153.0;276;OCAUCU;Condutor deixou de manter distância do veículo da frente;Colisão traseira;Com Vítimas Feridas;Pleno dia;Decrescente;Céu Claro;Simples;Reta;Não;4;0;1;0;3;0;1;4;-22,378054;-49,86655202;SPRF-SP;DEL07-SP;UOP02-DEL07-SP;false
512996.0;2023-03-26;domingo;18:25:00;SP;116.0;413;JUQUIA;Acumulo de água sobre o pavimento;Tombamento;Com Vítimas Feridas;Plena Noite;Crescente;Chuva;Dupla;Reta;Não;3;0;1;0;2;0;1;2;-24,33005991;-47,62299901;SPRF-SP;DEL05-SP;UOP01-DEL05-SP;false
513137.0;2023-03-27;segunda-feira;09:10:00;SP;153.0;62,5;SAO JOSE DO RIO PRETO;Condutor deixou de manter distância do veículo da frente;Colisão traseira;Com Vítimas Feridas;Pleno dia;Crescente;Sol;Dupla;Aclive;Sim;3;0;1;0;2;0;1;2;-20,81325404;-49,35675563;SPRF-SP;DEL09-SP;UOP01-DEL09-SP;false
513171.0;2023-03-27;segunda-feira;08:35:00;SP;116.0;282;EMBU DAS ARTES;Ausência de reação do condutor;Colisão traseira;Com Vítimas Fatais;Pleno dia;Decrescente;Céu Claro;Dupla;Reta;Sim;3;1;0;0;2;0;0;3;-23,68570216;-46,85970975;SPRF-SP;DEL04-SP;UOP01-DEL04-SP;false
513437.0;2023-03-28;terça-feira;19:30:00;SP;153.0;311,9;SAO PEDRO DO TURVO;Acesso irregular;Tombamento;Com Vítimas Feridas;Plena Noite;Crescente;Céu Claro;Simples;Reta;Não;1;0;1;0;0;0;1;1;-22,677443;-49,88958268;SPRF-SP;DEL07-SP;UOP03-DEL07-SP;false
513468.0;2023-03-29;quarta-feira;03:10:00;SP;116.0;207;GUARULHOS;Reação tardia ou ineficiente do condutor;Colisão traseira;Com Vítimas Feridas;Plena Noite;Decrescente;Vento;Múltipla;Reta;Sim;3;0;2;0;0;1;2;2;-23,41972188;-46,38419203;SPRF-SP;DEL01-SP;UOP01-DEL01-SP;false
513548.0;2023-03-29;quarta-feira;03:40:00;SP;116.0;421;JUQUIA;Condutor deixou de manter distância do veículo da frente;Colisão traseira;Com Vítimas Feridas;Plena Noite;Crescente;Ignorado;Dupla;Curva;Não;2;0;1;0;0;1;1;2;-24,35801488;-47,68588212;SPRF-SP;DEL05-SP;UOP01-DEL05-SP;false
513566.0;2023-03-29;quarta-feira;16:45:00;SP;116.0;230;SAO PAULO;Ausência de reação do condutor;Engavetamento;Com Vítimas Feridas;Pleno dia;Crescente;Nublado;Múltipla;Reta;Sim;5;0;0;1;4;0;1;3;-23,52251783;-46,5855702;SPRF-SP;DEL01-SP;UOP01-DEL01-SP;false
513646.0;2023-03-30;quinta-feira;02:50:00;SP;116.0;115,3;TAUBATE;Condutor Dormindo;Colisão traseira;Com Vítimas Feridas;Plena Noite;Decrescente;Céu Claro;Dupla;Reta;Sim;3;0;2;0;1;0;2;2;-23,0496047;-45,59973712;SPRF-SP;DEL02-SP;UOP02-DEL02-SP;false
513703.0;2023-03-30;quinta-feira;09:50:00;SP;381.0;69,8;MAIRIPORA;Acesso irregular;Tombamento;Com Vítimas Feridas;Pleno dia;Crescente;Céu Claro;Múltipla;"Reta;Aclive                   ";Não;2;0;1;0;0;1;1;2;-23,34553108;-46,56787903;SPRF-SP;DEL03-SP;UOP01-DEL03-SP;false
513760.0;2023-01-15;domingo;01:50:00;SP;116.0;320;JUQUITIBA;Acessar a via sem observar a presença dos outros veículos;Colisão traseira;Com Vítimas Feridas;Plena Noite;Decrescente;Céu Claro;Múltipla;Curva;Não;3;0;1;0;2;0;1;2;-23,93226;-47,00835;SPRF-SP;DEL04-SP;UOP03-DEL04-SP;false
513898.0;2023-03-31;sexta-feira;13:30:00;SP;116.0;209;GUARULHOS;Acessar a via sem observar a presença dos outros veículos;Colisão lateral mesmo sentido;Sem Vítimas;Pleno dia;Crescente;Céu Claro;Dupla;Reta;Não;4;0;0;0;4;0;0;3;-23,42511799;-46,40221101;SPRF-SP;DEL01-SP;UOP01-DEL01-SP;false
513939.0;2023-03-31;sexta-feira;16:20:00;SP;116.0;9;QUELUZ;Obras na pista;Colisão lateral mesmo sentido;Com Vítimas Feridas;Pleno dia;Decrescente;Céu Claro;Dupla;"Em Obras;Reta                 ";Não;2;0;1;0;1;0;1;2;-22,540648;-44,779574;SPRF-SP;DEL08-SP;UOP02-DEL08-SP;false
513994.0;2023-03-31;sexta-feira;20:03:00;SP;381.0;77;SAO PAULO;Demais falhas mecânicas ou elétricas;Incêndio;Sem Vítimas;Plena Noite;Crescente;Céu Claro;Dupla;"Reta;Declive                  ";Não;1;0;0;0;1;0;0;1;-23,388839;-46,5693478;SPRF-SP;DEL03-SP;UOP01-DEL03-SP;false
514120.0;2023-04-01;sábado;11:10:00;SP;116.0;449;REGISTRO;Obras na pista;Colisão traseira;Com Vítimas Feridas;Pleno dia;Crescente;Céu Claro;Dupla;Reta;Não;3;0;1;0;2;0;1;3;-24,52913591;-47,85619324;SPRF-SP;DEL05-SP;UOP01-DEL05-SP;false
514256.0;2023-04-01;sábado;22:00:00;SP;153.0;145,4;PROMISSAO;Acessar a via sem observar a presença dos outros veículos;Colisão transversal;Sem Vítimas;Plena Noite;Decrescente;Céu Claro;Simples;Reta;Não;3;0;0;0;1;2;0;3;-21,37248804;-49,79171745;SPRF-SP;DEL07-SP;UOP01-DEL07-SP;false
514294.0;2023-04-02;domingo;05:45:00;SP;381.0;23;BRAGANCA PAULISTA;Ingestão de álcool pelo condutor;Colisão traseira;Com Vítimas Feridas;Amanhecer;Decrescente;Céu Claro;Dupla;"Reta;Aclive                   ";Não;3;0;2;0;1;0;2;3;-23,00476488;-46,52061531;SPRF-SP;DEL03-SP;UOP02-DEL03-SP;false
514464.0;2023-04-02;domingo;21:40:00;SP;116.0;86;PINDAMONHANGABA;Ausência de reação do condutor;Colisão traseira;Com Vítimas Feridas;Plena Noite;Decrescente;Céu Claro;Dupla;Reta;Sim;4;0;2;0;2;0;2;2;-22,92639476;-45,35307511;SPRF-SP;DEL08-SP;UOP01-DEL08-SP;false
514475.0;2023-04-02;domingo;22:40:00;SP;116.0;322,4;JUQUITIBA;Pedestre andava na pista;Atropelamento de Pedestre;Com Vítimas Fatais;Plena Noite;Decrescente;Céu Claro;Dupla;Reta;Sim;2;1;0;0;1;0;0;2;-23,935106;-47,026682;SPRF-SP;DEL04-SP;UOP03-DEL04-SP;false
514492.0;2023-04-03;segunda-feira;00:15:00;SP;116.0;448;REGISTRO;Estacionar ou parar em local proibido;Colisão traseira;Com Vítimas Fatais;Plena Noite;Decrescente;Nublado;Múltipla;Reta;Sim;4;2;0;0;2;0;0;2;-24,51869838;-47,85240239;SPRF-SP;DEL05-SP;UOP01-DEL05-SP;false
514587.0;2023-04-03;segunda-feira;15:30:00;SP;116.0;229;SAO PAULO;Manobra de mudança de faixa;Colisão lateral mesmo sentido;Com Vítimas Feridas;Pleno dia;Decrescente;Céu Claro;Múltipla;Reta;Sim;2;0;1;0;1;0;1;2;-23,51291902;-46,57604698;SPRF-SP;DEL01-SP;UOP01-DEL01-SP;false
514690.0;2023-04-04;terça-feira;02:15:00;SP;116.0;224;GUARULHOS;Ausência de reação do condutor;Colisão traseira;Com Vítimas Feridas;Plena Noite;Crescente;Céu Claro;Dupla;Reta;Sim;2;0;0;1;0;1;1;2;-23,48268923;-46,53628886;SPRF-SP;DEL01-SP;UOP01-DEL01-SP;false
514692.0;2023-04-04;terça-feira;04:30:00;SP;116.0;185,8;SANTA ISABEL;Reação tardia ou ineficiente do condutor;Colisão com objeto;Com Vítimas Feridas;Plena Noite;Decrescente;Céu Claro;Dupla;Curva;Não;1;0;1;0;0;0;1;1;-23,35176424;-46,18966001;SPRF-SP;DEL01-SP;UOP01-DEL01-SP;false
514864.0;2023-04-04;terça-feira;22:30:00;SP;116.0;304;SAO LOURENCO DA SERRA;Condutor Dormindo;Colisão traseira;Sem Vítimas;Plena Noite;Decrescente;Céu Claro;Dupla;Reta;Não;2;0;0;0;2;0;0;2;-23,835151;-46,92964497;SPRF-SP;DEL04-SP;UOP01-DEL04-SP;false
514880.0;2023-03-19;domingo;18:08:00;SP;116.0;527;BARRA DO TURVO;Trafegar com motocicleta (ou similar) entre as faixas;Queda de ocupante de veículo;Com Vítimas Feridas;Pleno dia;Decrescente;Céu Claro;Dupla;Reta;Não;3;0;1;0;2;0;1;3;-24,93316099;-48,283076;SPRF-SP;DEL05-SP;UOP02-DEL05-SP;false
514936.0;2023-04-05;quarta-feira;11:10:00;SP;381.0;66;MAIRIPORA;Condutor deixou de manter distância do veículo da frente;Colisão traseira;Com Vítimas Feridas;Pleno dia;Decrescente;Sol;Dupla;Curva;Sim;3;0;1;0;2;0;1;2;-23,32451103;-46,58021504;SPRF-SP;DEL03-SP;UOP01-DEL03-SP;false
515018.0;2023-04-05;quarta-feira;18:45:00;SP;116.0;76,3;ROSEIRA;Pista Escorregadia;Colisão transversal;Com Vítimas Feridas;Plena Noite;Crescente;Chuva;Dupla;Reta;Não;3;0;1;1;1;0;2;2;-22,8774768677;-45,2720390788;SPRF-SP;DEL08-SP;UOP01-DEL08-SP;false
515036.0;2023-04-05;quarta-feira;20:30:00;SP;116.0;204;ARUJA;Ausência de reação do condutor;Colisão traseira;Sem Vítimas;Plena Noite;Decrescente;Céu Claro;Múltipla;Reta;Sim;2;0;0;0;2;0;0;2;-23,41236123;-46,35692496;SPRF-SP;DEL01-SP;UOP01-DEL01-SP;false
515134.0;2023-04-06;quinta-feira;09:50:00;SP;116.0;192;SANTA ISABEL;Ultrapassagem Indevida;Colisão lateral mesmo sentido;Sem Vítimas;Pleno dia;Decrescente;Céu Claro;Dupla;"Declive;Reta                  ";Não;2;0;0;0;1;1;0;2;-23,376923;-46,249733;SPRF-SP;DEL01-SP;UOP01-DEL01-SP;false
515170.0;2023-04-06;quinta-feira;13:50:00;SP;153.0;264;MARILIA;Condutor Dormindo;Saída de leito carroçável;Com Vítimas Feridas;Pleno dia;Decrescente;Céu Claro;Simples;Declive;Não;1;0;1;0;0;0;1;1;-22,29842576;-49,90881386;SPRF-SP;DEL07-SP;UOP02-DEL07-SP;false
515174.0;2023-04-06;quinta-feira;14:00:00;SP;153.0;61,5;SAO JOSE DO RIO PRETO;Reação tardia ou ineficiente do condutor;Colisão com objeto;Com Vítimas Feridas;Pleno dia;Crescente;Céu Claro;Dupla;Curva;Sim;1;0;1;0;0;0;1;1;-20,80502876;-49,35574909;SPRF-SP;DEL09-SP;UOP01-DEL09-SP;false
515194.0;2023-04-06;quinta-feira;16:00:00;SP;381.0;53;ATIBAIA;Condutor deixou de manter distância do veículo da frente;Colisão lateral mesmo sentido;Com Vítimas Feridas;Pleno dia;Decrescente;Céu Claro;Dupla;Reta;Sim;3;0;1;0;2;0;1;2;-23,23727986;-46,59981085;SPRF-SP;DEL03-SP;UOP01-DEL03-SP;false
515256.0;2023-04-06;quinta-feira;19:00:00;SP;116.0;82;ROSEIRA;Falta de acostamento;Atropelamento de Pedestre;Com Vítimas Feridas;Plena Noite;Crescente;Nublado;Dupla;Ponte;Não;2;0;0;1;0;1;1;2;-22,90889054;-45,3187108;SPRF-SP;DEL08-SP;UOP01-DEL08-SP;false
515290.0;2023-04-06;quinta-feira;23:30:00;SP;101.0;48;UBATUBA;Condutor deixou de manter distância do veículo da frente;Colisão lateral mesmo sentido;Com Vítimas Feridas;Plena Noite;Decrescente;Garoa/Chuvisco;Simples;Reta;Sim;3;0;1;0;2;0;1;2;-23,43522395;-45,0869143;SPRF-SP;DEL06-SP;UOP01-DEL06-SP;false
515316.0;2023-04-07;sexta-feira;05:00:00;SP;116.0;555;BARRA DO TURVO;Reação tardia ou ineficiente do condutor;Saída de leito carroçável;Com Vítimas Feridas;Amanhecer;Crescente;Garoa/Chuvisco;Dupla;"Curva;Declive                 ";Não;2;0;2;0;0;0;2;1;-24,97447301;-48,504597;SPRF-SP;DEL05-SP;UOP02-DEL05-SP;true
515406.0;2023-04-07;sexta-feira;14:20:00;SP;116.0;228;SAO PAULO;Condutor deixou de manter distância do veículo da frente;Colisão traseira;Com Vítimas Feridas;Pleno dia;Crescente;Nevoeiro/Neblina;Múltipla;Reta;Sim;2;0;1;0;1;0;1;2;-23,50343484;-46,56638712;SPRF-SP;DEL01-SP;UOP01-DEL01-SP;true
515531.0;2023-04-08;sábado;03:30:00;SP;116.0;129,3;CACAPAVA;Condutor Dormindo;Colisão traseira;Com Vítimas Feridas;Plena Noite;Crescente;Nublado;Dupla;Reta;Não;2;0;1;0;1;0;1;2;-23,11885593;-45,71948203;SPRF-SP;DEL02-SP;UOP02-DEL02-SP;false
515773.0;2023-04-09;domingo;11:25:00;SP;116.0;489;CAJATI;Avarias e/ou desgaste excessivo no pneu;Colisão lateral mesmo sentido;Com Vítimas Feridas;Pleno dia;Crescente;Céu Claro;Dupla;Curva;Não;3;0;1;0;2;0;1;2;-24,72188994;-48,072155;SPRF-SP;DEL05-SP;UOP01-DEL05-SP;false
515910.0;2023-04-09;domingo;22:30:00;SP;116.0;145,7;SAO JOSE DOS CAMPOS;Ausência de reação do condutor;Colisão lateral mesmo sentido;Com Vítimas Feridas;Plena Noite;Decrescente;Nublado;Múltipla;Reta;Sim;2;0;0;1;0;1;1;2;-23,1891959;-45,85911942;SPRF-SP;DEL02-SP;UOP01-DEL02-SP;false
516037.0;2023-04-10;segunda-feira;12:35:00;SP;153.0;81,3;BADY BASSITT;Ultrapassagem Indevida;Colisão frontal;Com Vítimas Feridas;Pleno dia;Decrescente;Céu Claro;Simples;Curva;Não;5;0;3;1;1;0;4;2;-20,912683;-49,491902;SPRF-SP;DEL09-SP;UOP01-DEL09-SP;false
516196.0;2023-04-11;terça-feira;09:20:00;SP;116.0;449,5;REGISTRO;Reação tardia ou ineficiente do condutor;Colisão traseira;Com Vítimas Fatais;Pleno dia;Crescente;Céu Claro;Dupla;Reta;Sim;2;1;0;0;1;0;0;2;-24,52913591;-47,85619324;SPRF-SP;DEL05-SP;UOP01-DEL05-SP;false
516236.0;2023-04-11;terça-feira;14:00:00;SP;116.0;25,2;LAVRINHAS;Ausência de reação do condutor;Colisão traseira;Com Vítimas Feridas;Pleno dia;Crescente;Sol;Múltipla;"Reta;Aclive                   ";Sim;8;0;6;1;1;0;7;2;-22,60592606;-44,89504495;SPRF-SP;DEL08-SP;UOP02-DEL08-SP;false
516268.0;2023-04-11;terça-feira;16:21:00;SP;116.0;78,9;ROSEIRA;Pedestre cruzava a pista fora da faixa;Atropelamento de Pedestre;Com Vítimas Feridas;Pleno dia;Crescente;Céu Claro;Dupla;Reta;Não;2;0;0;1;1;0;1;2;-22,88893407;-45,28690695;SPRF-SP;DEL08-SP;UOP01-DEL08-SP;false
516369.0;2023-04-12;quarta-feira;10:50:00;SP;116.0;317;JUQUITIBA;Problema com o freio;Colisão traseira;Com Vítimas Feridas;Pleno dia;Decrescente;Nublado;Dupla;Reta;Não;2;0;1;0;0;1;1;2;-23,91799802;-46,98973192;SPRF-SP;DEL04-SP;UOP03-DEL04-SP;false
516388.0;2023-04-12;quarta-feira;12:55:00;SP;116.0;545;BARRA DO TURVO;Ausência de reação do condutor;Tombamento;Com Vítimas Feridas;Pleno dia;Decrescente;Céu Claro;Simples;"Curva;Declive                 ";Não;1;0;1;0;0;0;1;1;-24,963821;-48,424261;SPRF-SP;DEL05-SP;UOP02-DEL05-SP;false
516389.0;2023-03-27;segunda-feira;13:10:00;SP;116.0;58;GUARATINGUETA;Manobra de mudança de faixa;Colisão lateral mesmo sentido;Com Vítimas Feridas;Pleno dia;Crescente;Sol;Dupla;Reta;Sim;2;0;1;0;1;0;1;2;-22,78005511;-45,14572791;SPRF-SP;DEL08-SP;UOP01-DEL08-SP;false
516391.0;2023-04-12;quarta-feira;13:50:00;SP;153.0;27,7;NOVA GRANADA;Desrespeitar a preferência no cruzamento;Colisão transversal;Com Vítimas Feridas;Pleno dia;Crescente;Sol;Simples;"Rotatória;Interseção de Vias;R";Não;2;0;1;0;1;0;1;2;-20,52004613;-49,3258667;SPRF-SP;DEL09-SP;UOP01-DEL09-SP;false
516450.0;2023-04-12;quarta-feira;19:25:00;SP;116.0;124;CACAPAVA;Reação tardia ou ineficiente do condutor;Colisão traseira;Com Vítimas Feridas;Plena Noite;Decrescente;Céu Claro;Dupla;Reta;Não;4;0;1;2;1;0;3;2;-23,093116;-45,677904;SPRF-SP;DEL02-SP;UOP02-DEL02-SP;false
516772.0;2023-04-14;sexta-feira;13:27:00;SP;153.0;227,7;MARILIA;Ultrapassagem Indevida;Colisão frontal;Com Vítimas Fatais;Pleno dia;Decrescente;Nublado;Simples;Ponte;Não;5;2;0;0;2;1;0;3;-22,05871399;-49,90221969;SPRF-SP;DEL07-SP;UOP02-DEL07-SP;false
516805.0;2023-04-14;sexta-feira;17:00:00;SP;116.0;215;GUARULHOS;Ausência de reação do condutor;Colisão traseira;Com Vítimas Feridas;Anoitecer;Decrescente;Garoa/Chuvisco;Múltipla;Reta;Sim;2;0;1;0;1;0;1;2;-23,4241788;-46,3978254;SPRF-SP;DEL01-SP;UOP01-DEL01-SP;false
516845.0;2023-04-14;sexta-feira;18:45:00;SP;153.0;100;JOSE BONIFACIO;Reação tardia ou ineficiente do condutor;Colisão com objeto;Com Vítimas Feridas;Plena Noite;Decrescente;Nublado;Simples;"Curva;Declive                 ";Não;1;0;0;1;0;0;1;1;-21,004251;-49,632793;SPRF-SP;DEL09-SP;UOP01-DEL09-SP;false
516892.0;2023-04-14;sexta-feira;23:15:00;SP;116.0;362,1;MIRACATU;Reação tardia ou ineficiente do condutor;Tombamento;Com Vítimas Feridas;Plena Noite;Crescente;Nevoeiro/Neblina;Dupla;"Curva;Declive                 ";Não;1;0;1;0;0;0;1;1;-24,1220177;-47,27047772;SPRF-SP;DEL04-SP;UOP03-DEL04-SP;false
516924.0;2023-04-15;sábado;06:24:00;SP;116.0;152;SAO JOSE DOS CAMPOS;Ausência de reação do condutor;Colisão com objeto;Com Vítimas Feridas;Pleno dia;Decrescente;Céu Claro;Dupla;Reta;Sim;4;0;3;0;1;0;3;2;-23,22620401;-45,90682999;SPRF-SP;DEL02-SP;UOP01-DEL02-SP;false
517225.0;2023-04-16;domingo;18:30:00;SP;153.0;63;SAO JOSE DO RIO PRETO;Ausência de reação do condutor;Colisão traseira;Com Vítimas Feridas;Plena Noite;Decrescente;Céu Claro;Dupla;"Reta;Declive                  ";Sim;2;0;0;1;1;0;1;2;-20,82149698;-49,35764818;SPRF-SP;DEL09-SP;UOP01-DEL09-SP;false
517228.0;2023-04-16;domingo;15:10:00;SP;116.0;426;JUQUIA;Problema com o freio;Colisão com objeto;Com Vítimas Feridas;Pleno dia;Decrescente;Céu Claro;Múltipla;Reta;Não;2;0;1;0;1;0;1;1;-24,38735659;-47,7169352;SPRF-SP;DEL05-SP;UOP01-DEL05-SP;false
517375.0;2023-04-17;segunda-feira;09:20:00;SP;116.0;229;SAO PAULO;Demais falhas mecânicas ou elétricas;Engavetamento;Com Vítimas Feridas;Pleno dia;Crescente;Sol;Dupla;Reta;Sim;6;0;1;0;5;0;1;4;-23,51291902;-46,57604698;SPRF-SP;DEL01-SP;UOP01-DEL01-SP;false
517395.0;2023-04-17;segunda-feira;10:20:00;SP;116.0;209;GUARULHOS;Ausência de reação do condutor;Colisão frontal;Com Vítimas Feridas;Pleno dia;Crescente;Céu Claro;Dupla;Reta;Sim;2;0;1;0;1;0;1;2;-23,42511799;-46,40221101;SPRF-SP;DEL01-SP;UOP01-DEL01-SP;false
517456.0;2023-04-17;segunda-feira;12:30:00;SP;116.0;15,7;LAVRINHAS;Manobra de mudança de faixa;Colisão lateral mesmo sentido;Sem Vítimas;Pleno dia;Crescente;Céu Claro;Dupla;Curva;Não;4;0;0;0;4;0;0;2;-22,56007021;-44,82886594;SPRF-SP;DEL08-SP;UOP02-DEL08-SP;false
517477.0;2023-04-17;segunda-feira;18:29:00;SP;116.0;110;TAUBATE;Acessar a via sem observar a presença dos outros veículos;Tombamento;Com Vítimas Feridas;Plena Noite;Decrescente;Chuva;Múltipla;Reta;Não;3;0;1;0;1;1;1;3;-23,03412614;-45,5526999;SPRF-SP;DEL02-SP;UOP02-DEL02-SP;false
517541.0;2023-04-18;terça-feira;03:50:00;SP;116.0;217;GUARULHOS;Pedestre andava na pista;Atropelamento de Pedestre;Com Vítimas Fatais;Plena Noite;Decrescente;Nublado;Múltipla;Reta;Sim;2;1;0;0;1;0;0;2;-23,45423824;-46,47119028;SPRF-SP;DEL01-SP;UOP01-DEL01-SP;false
517548.0;2023-04-18;terça-feira;06:00:00;SP;116.0;449;REGISTRO;Chuva;Colisão traseira;Com Vítimas Feridas;Amanhecer;Crescente;Chuva;Dupla;Reta;Sim;5;0;3;0;2;0;3;2;-24,52913591;-47,85619324;SPRF-SP;DEL05-SP;UOP01-DEL05-SP;false
517552.0;2023-04-17;segunda-feira;16:45:00;SP;116.0;513;CAJATI;Reação tardia ou ineficiente do condutor;Tombamento;Com Vítimas Feridas;Anoitecer;Decrescente;Nublado;Simples;"Curva;Declive                 ";Não;3;0;0;2;1;0;2;1;-24,84895058;-48,21210623;SPRF-SP;DEL05-SP;UOP02-DEL05-SP;false
517591.0;2023-04-18;terça-feira;09:50:00;SP;116.0;561;BARRA DO TURVO;Reação tardia ou ineficiente do condutor;Engavetamento;Com Vítimas Feridas;Pleno dia;Crescente;Chuva;Dupla;Reta;Não;2;0;1;0;1;0;1;2;-25,024456;-48,520831;SPRF-SP;DEL05-SP;UOP02-DEL05-SP;false
517723.0;2023-04-19;quarta-feira;02:30:00;SP;116.0;74;APARECIDA;Ausência de reação do condutor;Colisão com objeto;Com Vítimas Feridas;Plena Noite;Crescente;Chuva;Dupla;Reta;Não;5;0;2;0;3;0;2;3;-22,87353809;-45,25320023;SPRF-SP;DEL08-SP;UOP01-DEL08-SP;false
517790.0;2023-04-19;quarta-feira;07:15:00;SP;116.0;545;BARRA DO TURVO;Reação tardia ou ineficiente do condutor;Tombamento;Com Vítimas Feridas;Pleno dia;Decrescente;Sol;Dupla;Curva;Não;1;0;1;0;0;0;1;1;-24,95016699;-48,42400302;SPRF-SP;DEL05-SP;UOP02-DEL05-SP;false
517795.0;2023-04-19;quarta-feira;10:30:00;SP;116.0;226;GUARULHOS;Ausência de reação do condutor;Engavetamento;Sem Vítimas;Pleno dia;Decrescente;Céu Claro;Múltipla;Reta;Não;5;0;0;0;4;1;0;5;-23,49102507;-46,54878195;SPRF-SP;DEL01-SP;UOP01-DEL01-SP;false
517799.0;2023-04-19;quarta-feira;11:00:00;SP;381.0;23;BRAGANCA PAULISTA;Obras na pista;Colisão transversal;Com Vítimas Feridas;Pleno dia;Crescente;Céu Claro;Dupla;Reta;Não;3;0;1;0;0;2;1;3;-23,00476488;-46,52061531;SPRF-SP;DEL03-SP;UOP02-DEL03-SP;false
517903.0;2023-04-19;quarta-feira;17:50:00;SP;116.0;512;CAJATI;Reação tardia ou ineficiente do condutor;Saída de leito carroçável;Com Vítimas Feridas;Pleno dia;Crescente;Céu Claro;Múltipla;"Reta;Aclive                   ";Não;1;0;1;0;0;0;1;1;-24,84304306;-48,22027915;SPRF-SP;DEL05-SP;UOP02-DEL05-SP;false
517933.0;2023-04-19;quarta-feira;10:15:00;SP;116.0;499;CAJATI;Reação tardia ou ineficiente do condutor;Tombamento;Com Vítimas Feridas;Pleno dia;Crescente;Céu Claro;Múltipla;Curva;Não;2;0;2;0;0;0;2;1;-24,78494229;-48,18105698;SPRF-SP;DEL05-SP;UOP02-DEL05-SP;false
517948.0;2023-04-20;quinta-feira;07:40:00;SP;116.0;69,8;APARECIDA;Demais falhas mecânicas ou elétricas;Incêndio;Sem Vítimas;Pleno dia;Crescente;Céu Claro;Dupla;Curva;Sim;1;0;0;0;1;0;0;1;-22,84017188;-45,22364349;SPRF-SP;DEL08-SP;UOP01-DEL08-SP;false
518147.0;2023-04-20;quinta-feira;22:30:00;SP;116.0;117;TAUBATE;Reação tardia ou ineficiente do condutor;Colisão traseira;Com Vítimas Feridas;Plena Noite;Crescente;Céu Claro;Dupla;Reta;Não;4;0;2;1;1;0;3;2;-23,0582298;-45,6176951;SPRF-SP;DEL02-SP;UOP02-DEL02-SP;false
518214.0;2023-04-21;sexta-feira;08:00:00;SP;116.0;22,6;LAVRINHAS;Velocidade Incompatível;Colisão com objeto;Com Vítimas Feridas;Pleno dia;Crescente;Céu Claro;Dupla;"Aclive;Curva                  ";Não;2;0;1;0;1;0;1;2;-22,58368521;-44,87772952;SPRF-SP;DEL08-SP;UOP02-DEL08-SP;true
518216.0;2023-03-17;sexta-feira;07:00:00;SP;116.0;102,3;PINDAMONHANGABA;Ausência de reação do condutor;Colisão lateral mesmo sentido;Com Vítimas Feridas;Pleno dia;Decrescente;Céu Claro;Dupla;Reta;Não;3;0;1;0;1;1;1;3;-22,99497994;-45,48951403;SPRF-SP;DEL08-SP;UOP01-DEL08-SP;false