id;data_inversa;dia_semana;horario;uf;br;km;municipio;causa_acidente;tipo_acidente;classificacao_acidente;fase_dia;sentido_via;condicao_metereologica;tipo_pista;tracado_via;uso_solo;pessoas;mortos;feridos_leves;feridos_graves;ilesos;ignorados;feridos;veiculos;latitude;longitude;regional;delegacia;uop;feriado
518510.0;2023-04-22;sábado;18:20:00;SP;116.0;502;CAJATI;Reação tardia ou ineficiente do condutor;Colisão traseira;Com Vítimas Fatais;Anoitecer;Crescente;Céu Claro;Simples;Reta;Não;6;1;1;3;1;0;4;2;-24,7750833;-48,20117012;SPRF-SP;DEL05-SP;UOP02-DEL05-SP;false
518800.0;2023-04-24;segunda-feira;01:00:00;SP;116.0;27,8;SILVEIRAS;Ausência de reação do condutor;Colisão com objeto;Com Vítimas Feridas;Plena Noite;Crescente;Céu Claro;Dupla;"Curva;Declive                 ";Sim;1;0;1;0;0;0;1;1;-22,61994629;-44,90836974;SPRF-SP;DEL08-SP;UOP02-DEL08-SP;false
518848.0;2023-03-24;sexta-feira;11:05:00;SP;116.0;225,6;SAO PAULO;Manobra de mudança de faixa;Colisão transversal;Com Vítimas Feridas;Pleno dia;Crescente;Céu Claro;Dupla;Reta;Sim;2;0;1;0;1;0;1;2;-23,48586772;-46,54075317;SPRF-SP;DEL01-SP;UOP01-DEL01-SP;false
518860.0;2023-04-24;segunda-feira;10:00:00;SP;116.0;138;SAO JOSE DOS CAMPOS;Reação tardia ou ineficiente do condutor;Engavetamento;Com Vítimas Feridas;Pleno dia;Crescente;Céu Claro;Dupla;Reta;Não;3;0;1;0;2;0;1;3;-23,1572739;-45,79554605;SPRF-SP;DEL02-SP;UOP01-DEL02-SP;false
519139.0;2023-04-25;terça-feira;15:30:00;SP;381.0;54;MAIRIPORA;Ausência de reação do condutor;Colisão traseira;Sem Vítimas;Pleno dia;Crescente;Céu Claro;Dupla;"Aclive;Curva                  ";Sim;3;0;0;0;3;0;0;2;-23,2449074;-46,59562343;SPRF-SP;DEL03-SP;UOP01-DEL03-SP;false
519245.0;2023-04-26;quarta-feira;05:20:00;SP;116.0;434;REGISTRO;Condutor Dormindo;Saída de leito carroçável;Com Vítimas Feridas;Amanhecer;Decrescente;Céu Claro;Simples;Reta;Não;1;0;1;0;0;0;1;1;-24,42368904;-47,77892497;SPRF-SP;DEL05-SP;UOP01-DEL05-SP;false
519260.0;2023-04-26;quarta-feira;07:45:00;SP;116.0;374;MIRACATU;Velocidade Incompatível;Colisão com objeto;Com Vítimas Feridas;Pleno dia;Decrescente;Céu Claro;Dupla;Reta;Não;2;0;1;0;1;0;1;2;-24,17774153;-47,3489432;SPRF-SP;DEL04-SP;UOP02-DEL04-SP;false
519269.0;2023-04-26;quarta-feira;07:30:00;SP;153.0;15;ICEM;Demais falhas mecânicas ou elétricas;Incêndio;Sem Vítimas;Pleno dia;Crescente;Chuva;Simples;"Curva;Aclive                  ";Não;1;0;0;0;1;0;0;1;-20,41959884;-49,2683851;SPRF-SP;DEL09-SP;UOP01-DEL09-SP;false
519474.0;2023-04-27;quinta-feira;10:00:00;SP;116.0;330;JUQUITIBA;Acessar a via sem observar a presença dos outros veículos;Colisão traseira;Com Vítimas Feridas;Pleno dia;Crescente;Céu Claro;Múltipla;"Aclive;Reta                   ";Não;2;0;1;0;1;0;1;2;-23,9442931;-47,09668891;SPRF-SP;DEL04-SP;UOP03-DEL04-SP;false
519629.0;2023-04-28;sexta-feira;03:30:00;SP;116.0;520;CAJATI;Reação tardia ou ineficiente do condutor;Colisão traseira;Com Vítimas Feridas;Plena Noite;Decrescente;Céu Claro;Dupla;"Reta;Declive                  ";Não;50;0;8;0;42;0;8;2;-24,89364369;-48,24164206;SPRF-SP;DEL05-SP;UOP02-DEL05-SP;false
519875.0;2023-04-29;sábado;01:30:00;SP;116.0;223;GUARULHOS;Reação tardia ou ineficiente do condutor;Queda de ocupante de veículo;Com Vítimas Feridas;Anoitecer;Decrescente;Céu Claro;Múltipla;Reta;Não;2;0;1;0;1;0;1;2;-23,47559815;-46,5246609;SPRF-SP;DEL01-SP;UOP01-DEL01-SP;false
519922.0;2023-04-12;quarta-feira;16:10:00;SP;153.0;316,7;RIBEIRAO DO SUL;Ingestão de álcool pelo condutor;Colisão traseira;Com Vítimas Feridas;Pleno dia;Crescente;Céu Claro;Simples;Reta;Não;4;0;3;1;0;0;4;3;-22,72376;-49,88966797;SPRF-SP;DEL07-SP;UOP03-DEL07-SP;false
520247.0;2023-04-30;domingo;18:20:00;SP;116.0;127;CACAPAVA;Manobra de mudança de faixa;Colisão lateral mesmo sentido;Com Vítimas Feridas;Anoitecer;Crescente;Céu Claro;Dupla;Reta;Sim;3;0;1;0;2;0;1;2;-23,10991026;-45,70246044;SPRF-SP;DEL02-SP;UOP02-DEL02-SP;false
520371.0;2023-05-01;segunda-feira;14:14:00;SP;116.0;157,7;SAO JOSE DOS CAMPOS;Reação tardia ou ineficiente do condutor;Colisão transversal;Com Vítimas Feridas;Pleno dia;Decrescente;Céu Claro;Dupla;Declive;Sim;2;0;1;0;1;0;1;2;-23,25558031;-45,9437828;SPRF-SP;DEL02-SP;UOP01-DEL02-SP;true
520429.0;2023-05-01;segunda-feira;17:20:00;SP;116.0;68,8;APARECIDA;Manobra de mudança de faixa;Colisão traseira;Com Vítimas Feridas;Anoitecer;Decrescente;Nublado;Dupla;Curva;Não;8;0;3;0;4;1;3;3;-22,83354783;-45,21713313;SPRF-SP;DEL08-SP;UOP01-DEL08-SP;true
520602.0;2023-05-02;terça-feira;09:30:00;SP;158.0;2;PAULICEIA;Conversão proibida;Colisão transversal;Com Vítimas Feridas;Pleno dia;Decrescente;Céu Claro;Simples;Rotatória;Não;3;0;1;0;2;0;1;2;-21,26904882;-51,845562;SPRF-MS;DEL07-MS;UOP01-DEL07-MS;false
520612.0;2023-04-18;terça-feira;17:00:00;SP;381.0;7;VARGEM;Avarias e/ou desgaste excessivo no pneu;Incêndio;Sem Vítimas;Pleno dia;Crescente;Chuva;Dupla;Reta;Não;1;0;0;0;1;0;0;1;-22,90533708;-46,42270582;SPRF-SP;DEL03-SP;UOP02-DEL03-SP;false
520710.0;2023-05-02;terça-feira;19:30:00;SP;116.0;441;REGISTRO;Reação tardia ou ineficiente do condutor;Colisão traseira;Com Vítimas Feridas;Plena Noite;Decrescente;Céu Claro;Dupla;Reta;Sim;2;0;1;0;0;1;1;2;-24,4688528;-47,82223728;SPRF-SP;DEL05-SP;UOP01-DEL05-SP;false
520721.0;2023-05-03;quarta-feira;02:50:00;SP;116.0;169,3;JACAREI;Ausência de reação do condutor;Colisão traseira;Com Vítimas Feridas;Plena Noite;Decrescente;Céu Claro;Dupla;Aclive;Não;2;0;1;0;1;0;1;2;-23,307652;-46,045128;SPRF-SP;DEL02-SP;UOP01-DEL02-SP;false
520735.0;2023-05-03;quarta-feira;07:20:00;SP;381.0;87;GUARULHOS;Pista esburacada;Colisão traseira;Com Vítimas Feridas;Pleno dia;Crescente;Céu Claro;Múltipla;Reta;Sim;2;0;1;0;1;0;1;2;-23,46885001;-46,56996601;SPRF-SP;DEL03-SP;UOP01-DEL03-SP;false
520768.0;2023-05-03;quarta-feira;10:30:00;SP;153.0;103;JOSE BONIFACIO;Reação tardia ou ineficiente do condutor;Colisão traseira;Com Vítimas Feridas;Pleno dia;Decrescente;Céu Claro;Simples;Reta;Não;3;0;2;0;1;0;2;2;-21,03114091;-49,64641519;SPRF-SP;DEL09-SP;UOP01-DEL09-SP;false
520810.0;2023-05-03;quarta-feira;15:15:00;SP;116.0;151,6;SAO JOSE DOS CAMPOS;Manobra de mudança de faixa;Colisão lateral mesmo sentido;Com Vítimas Feridas;Pleno dia;Decrescente;Céu Claro;Dupla;Reta;Sim;4;0;1;0;3;0;1;2;-23,21980694;-45,89991605;SPRF-SP;DEL02-SP;UOP01-DEL02-SP;false
520875.0;2023-05-03;quarta-feira;20:00:00;SP;381.0;66;MAIRIPORA;Condutor deixou de manter distância do veículo da frente;Colisão traseira;Sem Vítimas;Plena Noite;Crescente;Céu Claro;Dupla;Reta;Não;2;0;0;0;2;0;0;2;-23,32451103;-46,58021504;SPRF-SP;DEL03-SP;UOP01-DEL03-SP;false
520906.0;2023-05-04;quinta-feira;04:00:00;SP;116.0;212;GUARULHOS;Entrada inopinada do pedestre;Atropelamento de Pedestre;Com Vítimas Fatais;Plena Noite;Decrescente;Céu Claro;Múltipla;Reta;Sim;2;1;0;0;0;1;0;2;-23,43608315;-46,42805094;SPRF-SP;DEL01-SP;UOP01-DEL01-SP;false
521028.0;2023-05-04;quinta-feira;19:50:00;SP;116.0;188;SANTA ISABEL;Entrada inopinada do pedestre;Atropelamento de Pedestre;Com Vítimas Fatais;Plena Noite;Decrescente;Céu Claro;Dupla;Reta;Não;2;1;0;0;1;0;0;2;-23,3594352;-46,21675791;SPRF-SP;DEL01-SP;UOP01-DEL01-SP;false
521060.0;2023-05-04;quinta-feira;22:10:00;SP;116.0;308;SAO LOURENCO DA SERRA;Ultrapassagem Indevida;Tombamento;Com Vítimas Fatais;Plena Noite;Decrescente;Nublado;Simples;Reta;Sim;4;1;0;0;1;2;0;3;-23,86213995;-46,94718508;SPRF-SP;DEL04-SP;UOP01-DEL04-SP;false
521105.0;2023-05-05;sexta-feira;08:20:00;SP;116.0;206;GUARULHOS;Manobra de mudança de faixa;Colisão traseira;Com Vítimas Feridas;Pleno dia;Crescente;Céu Claro;Dupla;Reta;Sim;3;0;1;0;1;1;1;3;-23,41722629;-46,37510292;SPRF-SP;DEL01-SP;UOP01-DEL01-SP;false
521181.0;2023-05-05;sexta-feira;14:30:00;SP;116.0;311;SAO LOURENCO DA SERRA;Obras na pista;Colisão traseira;Com Vítimas Feridas;Pleno dia;Crescente;Céu Claro;Dupla;"Reta;Declive                  ";Não;3;0;0;1;2;0;1;3;-23,87213645;-46,96184278;SPRF-SP;DEL04-SP;UOP01-DEL04-SP;false
521187.0;2023-05-05;sexta-feira;16:26:00;SP;116.0;426;JUQUIA;Acessar a via sem observar a presença dos outros veículos;Colisão lateral mesmo sentido;Sem Vítimas;Pleno dia;Crescente;Céu Claro;Dupla;Reta;Não;2;0;0;0;2;0;0;2;-24,38735659;-47,7169352;SPRF-SP;DEL05-SP;UOP01-DEL05-SP;false
521261.0;2023-05-05;sexta-feira;22:00:00;SP;381.0;10;VARGEM;Ausência de reação do condutor;Colisão traseira;Sem Vítimas;Plena Noite;Decrescente;Céu Claro;Dupla;"Reta;Aclive                   ";Não;2;0;0;0;2;0;0;2;-22,92484012;-46,45148277;SPRF-SP;DEL03-SP;UOP02-DEL03-SP;false
521303.0;2023-05-06;sábado;02:40:00;SP;116.0;32,5;CRUZEIRO;Ingestão de álcool pelo condutor;Derramamento de carga;Sem Vítimas;Plena Noite;Crescente;Céu Claro;Dupla;"Reta;Declive                  ";Não;1;0;0;0;1;0;0;1;-22,6422031;-44,94731891;SPRF-SP;DEL08-SP;UOP02-DEL08-SP;false
521322.0;2023-05-06;sábado;03:00:00;SP;116.0;125,9;CACAPAVA;Ingestão de álcool pelo condutor;Colisão traseira;Sem Vítimas;Amanhecer;Crescente;Céu Claro;Dupla;"Reta;Aclive                   ";Não;3;0;0;0;3;0;0;3;-23,10037708;-45,68879054;SPRF-SP;DEL02-SP;UOP02-DEL02-SP;false
521373.0;2023-05-06;sábado;12:00:00;SP;381.0;90;GUARULHOS;Reação tardia ou ineficiente do condutor;Colisão traseira;Com Vítimas Feridas;Pleno dia;Crescente;Céu Claro;Dupla;"Reta;Interseção de Vias       ";Sim;2;0;1;0;1;0;1;2;-23,49479479;-46,55959864;SPRF-SP;DEL03-SP;UOP01-DEL03-SP;false
521562.0;2023-05-04;quinta-feira;04:00:00;SP;116.0;472;JACUPIRANGA;Entrada inopinada do pedestre;Atropelamento de Pedestre;Com Vítimas Fatais;Plena Noite;Crescente;Nevoeiro/Neblina;Dupla;Reta;Não;4;1;0;0;3;0;0;3;-24,6649709;-47,9738381;SPRF-SP;DEL05-SP;UOP01-DEL05-SP;false
521607.0;2023-05-07;domingo;16:00:00;SP;116.0;290;ITAPECERICA DA SERRA;Manobra de mudança de faixa;Colisão lateral mesmo sentido;Sem Vítimas;Pleno dia;Crescente;Céu Claro;Dupla;Reta;Não;7;0;0;0;6;1;0;2;-23,7303281;-46,89425963;SPRF-SP;DEL04-SP;UOP01-DEL04-SP;false
521674.0;2023-05-07;domingo;22:20:00;SP;381.0;58;MAIRIPORA;Ausência de reação do condutor;Colisão traseira;Com Vítimas Feridas;Plena Noite;Crescente;Céu Claro;Dupla;"Reta;Aclive                   ";Não;2;0;1;0;0;1;1;2;-23,27438497;-46,58530615;SPRF-SP;DEL03-SP;UOP01-DEL03-SP;false
521713.0;2023-05-08;segunda-feira;03:00:00;SP;116.0;405;MIRACATU;Condutor Dormindo;Colisão traseira;Com Vítimas Feridas;Plena Noite;Decrescente;Nublado;Dupla;Reta;Não;2;0;1;0;1;0;1;2;-24,32384668;-47,55013034;SPRF-SP;DEL04-SP;UOP02-DEL04-SP;false
521911.0;2023-05-08;segunda-feira;23:10:00;SP;116.0;359;MIRACATU;Condutor deixou de manter distância do veículo da frente;Colisão traseira;Com Vítimas Feridas;Plena Noite;Crescente;Céu Claro;Dupla;"Reta;Declive                  ";Não;2;0;0;1;1;0;1;2;-24,10862227;-47,26589989;SPRF-SP;DEL04-SP;UOP03-DEL04-SP;false
522077.0;2023-05-09;terça-feira;22:48:00;SP;116.0;514;CAJATI;Problema com o freio;Incêndio;Sem Vítimas;Plena Noite;Decrescente;Nublado;Dupla;Curva;Não;1;0;0;0;1;0;0;1;-24,85874304;-48,21731282;SPRF-SP;DEL05-SP;UOP02-DEL05-SP;false
522100.0;2023-05-10;quarta-feira;06:00:00;SP;116.0;513;CAJATI;Problema com o freio;Colisão lateral mesmo sentido;Com Vítimas Feridas;Amanhecer;Decrescente;Céu Claro;Dupla;"Curva;Declive                 ";Não;4;0;2;0;1;1;2;3;-24,85109616;-48,21802405;SPRF-SP;DEL05-SP;UOP02-DEL05-SP;false
522117.0;2023-05-10;quarta-feira;07:15:00;SP;381.0;88;SAO PAULO;Manobra de mudança de faixa;Colisão lateral mesmo sentido;Com Vítimas Feridas;Pleno dia;Crescente;Garoa/Chuvisco;Múltipla;Reta;Sim;2;0;1;0;1;0;1;2;-23,47469314;-46,56112919;SPRF-SP;DEL03-SP;UOP01-DEL03-SP;false
522172.0;2023-05-10;quarta-feira;14:30:00;SP;116.0;438,9;REGISTRO;Reação tardia ou ineficiente do condutor;Colisão traseira;Com Vítimas Feridas;Pleno dia;Crescente;Nublado;Dupla;"Reta;Aclive                   ";Não;2;0;1;0;1;0;1;2;-24,44811308;-47,80555693;SPRF-SP;DEL05-SP;UOP01-DEL05-SP;false
522252.0;2023-05-11;quinta-feira;06:30:00;SP;116.0;206,5;GUARULHOS;Reação tardia ou ineficiente do condutor;Colisão traseira;Com Vítimas Feridas;Pleno dia;Crescente;Céu Claro;Múltipla;Reta;Não;5;0;2;0;2;1;2;4;-23,41722629;-46,37510292;SPRF-SP;DEL01-SP;UOP01-DEL01-SP;false
522358.0;2023-05-11;quinta-feira;11:12:00;SP;116.0;541;BARRA DO TURVO;Reação tardia ou ineficiente do condutor;Colisão traseira;Com Vítimas Feridas;Pleno dia;Crescente;Nublado;Dupla;"Curva;Em Obras;Desvio Temporár";Não;2;0;1;0;1;0;1;2;-24,97245688;-48,39976606;SPRF-SP;DEL05-SP;UOP02-DEL05-SP;false
522388.0;2023-05-11;quinta-feira;17:25:00;SP;116.0;295;ITAPECERICA DA SERRA;Reação tardia ou ineficiente do condutor;Colisão traseira;Com Vítimas Feridas;Plena Noite;Crescente;Céu Claro;Dupla;Reta;Não;3;0;2;0;1;0;2;2;-23,76855719;-46,90957373;SPRF-SP;DEL04-SP;UOP01-DEL04-SP;false
522503.0;2023-05-12;sexta-feira;08:00:00;SP;153.0;15;NOVA GRANADA;Manobra de mudança de faixa;Colisão traseira;Sem Vítimas;Pleno dia;Crescente;Céu Claro;Simples;Ponte;Não;4;0;0;0;4;0;0;4;-20,41959884;-49,2683851;SPRF-SP;DEL09-SP;UOP01-DEL09-SP;false
522531.0;2023-05-12;sexta-feira;10:40:00;SP;153.0;107,7;JOSE BONIFACIO;Reação tardia ou ineficiente do condutor;Engavetamento;Sem Vítimas;Pleno dia;Decrescente;Céu Claro;Dupla;Reta;Não;3;0;0;0;3;0;0;3;-21,06388847;-49,66255104;SPRF-SP;DEL09-SP;UOP01-DEL09-SP;false
522659.0;2023-05-12;sexta-feira;22:25:00;SP;116.0;280,5;EMBU DAS ARTES;Acesso irregular;Saída de leito carroçável;Com Vítimas Fatais;Plena Noite;Decrescente;Céu Claro;Dupla;Reta;Sim;2;1;0;0;1;0;0;2;-23,66996108;-46,85590758;SPRF-SP;DEL04-SP;UOP01-DEL04-SP;false
522673.0;2023-05-12;sexta-feira;23:30:00;SP;116.0;283,3;EMBU DAS ARTES;Velocidade Incompatível;Colisão traseira;Sem Vítimas;Plena Noite;Decrescente;Nublado;Dupla;Reta;Sim;3;0;0;0;2;1;0;2;-23,69297005;-46,86352786;SPRF-SP;DEL04-SP;UOP01-DEL04-SP;false
522683.0;2023-05-13;sábado;02:20:00;SP;116.0;375,5;MIRACATU;Ausência de reação do condutor;Saída de leito carroçável;Com Vítimas Feridas;Plena Noite;Crescente;Nevoeiro/Neblina;Dupla;Reta;Não;2;0;1;0;1;0;1;1;-24,18239098;-47,35448801;SPRF-SP;DEL04-SP;UOP02-DEL04-SP;false
522796.0;2023-05-13;sábado;14:30:00;SP;116.0;72,2;APARECIDA;Condutor usando celular;Colisão com objeto;Com Vítimas Feridas;Pleno dia;Crescente;Céu Claro;Dupla;"Reta;Declive                  ";Não;3;0;1;1;0;1;2;2;-22,86354218;-45,23746093;SPRF-SP;DEL08-SP;UOP01-DEL08-SP;false
522878.0;2023-05-13;sábado;21:55:00;SP;153.0;27,3;NOVA GRANADA;Ingestão de álcool pelo condutor;Colisão frontal;Com Vítimas Feridas;Pleno dia;Crescente;Céu Claro;Simples;Curva;Não;2;0;1;0;1;0;1;2;-20,51309795;-49,32308726;SPRF-SP;DEL09-SP;UOP01-DEL09-SP;false
523188.0;2023-05-15;segunda-feira;05:26:00;SP;116.0;282;EMBU DAS ARTES;Acessar a via sem observar a presença dos outros veículos;Colisão lateral mesmo sentido;Sem Vítimas;Amanhecer;Decrescente;Nevoeiro/Neblina;Dupla;Reta;Sim;4;0;0;0;4;0;0;2;-23,68570216;-46,85970975;SPRF-SP;DEL04-SP;UOP01-DEL04-SP;false
523242.0;2023-05-13;sábado;22:05:00;SP;116.0;317;JUQUITIBA;Manobra de mudança de faixa;Colisão lateral mesmo sentido;Sem Vítimas;Pleno dia;Crescente;Céu Claro;Múltipla;Reta;Não;2;0;0;0;2;0;0;2;-23,91799802;-46,98973192;SPRF-SP;DEL04-SP;UOP03-DEL04-SP;false
523304.0;2023-05-15;segunda-feira;16:56:00;SP;381.0;89;GUARULHOS;Ausência de reação do condutor;Queda de ocupante de veículo;Com Vítimas Feridas;Anoitecer;Crescente;Céu Claro;Dupla;Reta;Sim;3;0;1;0;2;0;1;2;-23,48469299;-46,55983288;SPRF-SP;DEL03-SP;UOP01-DEL03-SP;false
523403.0;2023-05-16;terça-feira;09:30:00;SP;116.0;357;MIRACATU;Ausência de reação do condutor;Colisão traseira;Sem Vítimas;Pleno dia;Decrescente;Sol;Dupla;"Reta;Aclive                   ";Não;2;0;0;0;2;0;0;2;-24,09799899;-47,2538542;SPRF-SP;DEL04-SP;UOP03-DEL04-SP;false
523520.0;2023-05-16;terça-feira;18:00:00;SP;381.0;74,4;SAO PAULO;Velocidade Incompatível;Tombamento;Com Vítimas Fatais;Anoitecer;Decrescente;Céu Claro;Dupla;Curva;Não;2;1;0;0;0;1;0;2;-23,37707;-46,56435;SPRF-SP;DEL03-SP;UOP01-DEL03-SP;false
523714.0;2023-05-18;quinta-feira;03:50:00;SP;116.0;29,5;CRUZEIRO;Condutor Dormindo;Colisão traseira;Com Vítimas Feridas;Plena Noite;Decrescente;Céu Claro;Dupla;"Reta;Declive                  ";Não;2;0;1;0;1;0;1;2;-22,62900466;-44,92459774;SPRF-SP;DEL08-SP;UOP02-DEL08-SP;false
523810.0;2023-04-15;sábado;01:50:00;SP;116.0;28;CRUZEIRO;Velocidade Incompatível;Colisão com objeto;Com Vítimas Feridas;Plena Noite;Crescente;Nublado;Dupla;Curva;Não;3;0;0;2;1;0;2;3;-22,62492006;-44,91571997;SPRF-SP;DEL08-SP;UOP02-DEL08-SP;false
523910.0;2023-05-19;sexta-feira;01:45:00;SP;116.0;300;SAO LOURENCO DA SERRA;Reação tardia ou ineficiente do condutor;Tombamento;Com Vítimas Feridas;Plena Noite;Crescente;Céu Claro;Dupla;"Declive;Curva                 ";Não;1;0;1;0;0;0;1;1;-23,80396738;-46,92110538;SPRF-SP;DEL04-SP;UOP01-DEL04-SP;false
523996.0;2023-05-19;sexta-feira;12:55:00;SP;381.0;71;MAIRIPORA;Manobra de mudança de faixa;Colisão traseira;Com Vítimas Feridas;Pleno dia;Crescente;Céu Claro;Simples;"Curva;Aclive                  ";Sim;3;0;0;1;2;0;1;2;-23,35047979;-46,55267274;SPRF-SP;DEL03-SP;UOP01-DEL03-SP;false
524047.0;2023-05-19;sexta-feira;18:05:00;SP;116.0;176;GUARAREMA;Pedestre cruzava a pista fora da faixa;Atropelamento de Pedestre;Com Vítimas Feridas;Plena Noite;Crescente;Ignorado;Dupla;"Reta;Declive                  ";Não;2;0;1;0;1;0;1;2;-23,32188281;-46,110083;SPRF-SP;DEL01-SP;UOP01-DEL01-SP;false
524063.0;2023-05-19;sexta-feira;18:28:00;SP;116.0;105;TAUBATE;Ausência de reação do condutor;Queda de ocupante de veículo;Com Vítimas Feridas;Anoitecer;Crescente;Céu Claro;Dupla;Reta;Sim;2;0;1;0;1;0;1;2;-23,00757973;-45,51466613;SPRF-SP;DEL02-SP;UOP02-DEL02-SP;false
524139.0;2023-05-20;sábado;02:30:00;SP;381.0;13,9;BRAGANCA PAULISTA;Condutor Dormindo;Colisão traseira;Com Vítimas Feridas;Plena Noite;Crescente;Céu Claro;Dupla;Reta;Não;2;0;0;1;1;0;1;2;-22,94112083;-46,47449533;SPRF-SP;DEL03-SP;UOP02-DEL03-SP;false
524164.0;2023-05-20;sábado;07:05:00;SP;116.0;457;REGISTRO;Ultrapassagem Indevida;Colisão traseira;Com Vítimas Feridas;Pleno dia;Decrescente;Céu Claro;Dupla;"Reta;Ponte                    ";Não;4;0;2;1;1;0;3;2;-24,58829794;-47,88151189;SPRF-SP;DEL05-SP;UOP01-DEL05-SP;false
524179.0;2023-05-20;sábado;07:20:00;SP;116.0;87;PINDAMONHANGABA;Condutor deixou de manter distância do veículo da frente;Colisão traseira;Com Vítimas Feridas;Pleno dia;Decrescente;Céu Claro;Dupla;Reta;Não;3;0;1;0;2;0;1;2;-22,93065267;-45,36166116;SPRF-SP;DEL08-SP;UOP01-DEL08-SP;false
524190.0;2023-05-20;sábado;09:00:00;SP;116.0;309,1;SAO LOURENCO DA SERRA;Ausência de reação do condutor;Colisão lateral mesmo sentido;Com Vítimas Fatais;Pleno dia;Crescente;Céu Claro;Dupla;Reta;Não;2;1;0;0;1;0;0;2;-23,8717102;-46,96137189;SPRF-SP;DEL04-SP;UOP01-DEL04-SP;false
524238.0;2023-05-20;sábado;13:45:00;SP;116.0;112;TAUBATE;Acessar a via sem observar a presença dos outros veículos;Colisão lateral mesmo sentido;Com Vítimas Feridas;Pleno dia;Crescente;Céu Claro;Múltipla;Reta;Sim;6;0;2;0;4;0;2;4;-23,04159343;-45,57065616;SPRF-SP;DEL02-SP;UOP02-DEL02-SP;false
524456.0;2023-05-21;domingo;13:50:00;SP;153.0;27,8;NOVA GRANADA;Reação tardia ou ineficiente do condutor;Colisão transversal;Com Vítimas Feridas;Pleno dia;Decrescente;Sol;Simples;Interseção de Vias;Não;2;0;1;0;1;0;1;2;-20,52032747;-49,32573795;SPRF-SP;DEL09-SP;UOP01-DEL09-SP;false
524731.0;2023-05-22;segunda-feira;19:30:00;SP;381.0;39;ATIBAIA;Reação tardia ou ineficiente do condutor;Colisão lateral mesmo sentido;Sem Vítimas;Plena Noite;Decrescente;Céu Claro;Dupla;Reta;Sim;2;0;0;0;2;0;0;2;-23,1215761;-46,57471572;SPRF-SP;DEL03-SP;UOP01-DEL03-SP;false
524882.0;2023-05-23;terça-feira;15:30:00;SP;116.0;153;SAO JOSE DOS CAMPOS;Manobra de mudança de faixa;Colisão lateral mesmo sentido;Sem Vítimas;Pleno dia;Decrescente;Céu Claro;Dupla;Reta;Sim;2;0;0;0;2;0;0;2;-23,23262274;-45,91372624;SPRF-SP;DEL02-SP;UOP01-DEL02-SP;false
524926.0;2023-05-23;terça-feira;19:35:00;SP;116.0;400,2;MIRACATU;Acessar a via sem observar a presença dos outros veículos;Atropelamento de Pedestre;Com Vítimas Fatais;Plena Noite;Crescente;Céu Claro;Dupla;Reta;Não;3;1;0;0;2;0;0;3;-24,30807105;-47,50100998;SPRF-SP;DEL04-SP;UOP02-DEL04-SP;false
524927.0;2023-05-23;terça-feira;20:25:00;SP;116.0;511;CAJATI;Reação tardia ou ineficiente do condutor;Colisão com objeto;Com Vítimas Feridas;Plena Noite;Crescente;Nevoeiro/Neblina;Simples;"Curva;Declive                 ";Não;1;0;1;0;0;0;1;1;-24,83558399;-48,2223738;SPRF-SP;DEL05-SP;UOP02-DEL05-SP;false
524936.0;2023-05-23;terça-feira;20:40:00;SP;381.0;86,3;SAO PAULO;Velocidade Incompatível;Colisão lateral mesmo sentido;Com Vítimas Feridas;Plena Noite;Decrescente;Céu Claro;Múltipla;Reta;Não;2;0;1;0;1;0;1;2;-23,45930499;-46,57161179;SPRF-SP;DEL03-SP;UOP01-DEL03-SP;false
524949.0;2023-05-23;terça-feira;21:30:00;SP;153.0;275,5;OCAUCU;Ingestão de álcool pelo condutor;Colisão frontal;Com Vítimas Feridas;Plena Noite;Crescente;Céu Claro;Simples;"Curva;Aclive                  ";Não;2;0;1;0;1;0;1;2;-22,36978805;-49,86406266;SPRF-SP;DEL07-SP;UOP02-DEL07-SP;false
524954.0;2023-05-24;quarta-feira;04:20:00;SP;116.0;400,8;MIRACATU;Reação tardia ou ineficiente do condutor;Colisão frontal;Com Vítimas Fatais;Plena Noite;Decrescente;Nevoeiro/Neblina;Dupla;Reta;Não;34;1;7;0;26;0;7;2;-24,31051469;-47,50995275;SPRF-SP;DEL04-SP;UOP02-DEL04-SP;false
524964.0;2023-05-24;quarta-feira;07:00:00;SP;116.0;123;CACAPAVA;Reação tardia ou ineficiente do condutor;Colisão traseira;Com Vítimas Feridas;Pleno dia;Decrescente;Sol;Dupla;Reta;Não;2;0;1;0;1;0;1;2;-23,08754228;-45,66969781;SPRF-SP;DEL02-SP;UOP02-DEL02-SP;false
525028.0;2023-05-24;quarta-feira;14:10:00;SP;116.0;413,8;JUQUIA;Reação tardia ou ineficiente do condutor;Colisão traseira;Com Vítimas Feridas;Pleno dia;Decrescente;Céu Claro;Múltipla;Reta;Sim;2;0;1;0;1;0;1;2;-24,33005991;-47,62299901;SPRF-SP;DEL05-SP;UOP01-DEL05-SP;false