id;data_inversa;dia_semana;horario;uf;br;km;municipio;causa_acidente;tipo_acidente;classificacao_acidente;fase_dia;sentido_via;condicao_metereologica;tipo_pista;tracado_via;uso_solo;pessoas;mortos;feridos_leves;feridos_graves;ilesos;ignorados;feridos;veiculos;latitude;longitude;regional;delegacia;uop;feriado
525110.0;2023-05-24;quarta-feira;21:05:00;SP;116.0;145;SAO JOSE DOS CAMPOS;Manobra de mudança de faixa;Colisão lateral mesmo sentido;Com Vítimas Feridas;Plena Noite;Decrescente;Céu Claro;Múltipla;Reta;Não;3;0;1;0;2;0;1;2;-23,1869844;-45,8548078;SPRF-SP;DEL02-SP;UOP01-DEL02-SP;false
525126.0;2023-05-24;quarta-feira;22:40:00;SP;116.0;52;LORENA;Acessar a via sem observar a presença dos outros veículos;Colisão traseira;Com Vítimas Feridas;Plena Noite;Crescente;Céu Claro;Dupla;Reta;Não;2;0;1;0;1;0;1;2;-22,74708138;-45,09973038;SPRF-SP;DEL08-SP;UOP02-DEL08-SP;false
525275.0;2023-05-25;quinta-feira;18:20:00;SP;116.0;156,2;SAO JOSE DOS CAMPOS;Ausência de reação do condutor;Colisão lateral mesmo sentido;Com Vítimas Fatais;Plena Noite;Decrescente;Céu Claro;Múltipla;Reta;Sim;3;1;0;0;2;0;0;3;-23,25044084;-45,93572909;SPRF-SP;DEL02-SP;UOP01-DEL02-SP;false
525313.0;2023-05-25;quinta-feira;22:00:00;SP;381.0;30;ATIBAIA;Ingestão de álcool pelo condutor;Colisão transversal;Sem Vítimas;Plena Noite;Crescente;Céu Claro;Dupla;Reta;Não;2;0;0;0;2;0;0;2;-23,04885102;-46,56482797;SPRF-SP;DEL03-SP;UOP02-DEL03-SP;false
525342.0;2023-05-26;sexta-feira;05:33:00;SP;116.0;280,8;EMBU DAS ARTES;Trafegar com motocicleta (ou similar) entre as faixas;Colisão lateral mesmo sentido;Com Vítimas Fatais;Amanhecer;Crescente;Céu Claro;Múltipla;Reta;Sim;2;1;0;0;0;1;0;2;-23,66996108;-46,85590758;SPRF-SP;DEL04-SP;UOP01-DEL04-SP;false
525364.0;2023-05-03;quarta-feira;19:10:00;SP;153.0;190,1;LINS;Ausência de reação do condutor;Saída de leito carroçável;Com Vítimas Feridas;Plena Noite;Decrescente;Céu Claro;Simples;Aclive;Não;1;0;1;0;0;0;1;1;-21,74454132;-49,85787776;SPRF-SP;DEL07-SP;UOP01-DEL07-SP;false
525388.0;2023-05-26;sexta-feira;11:15:00;SP;116.0;189;SANTA ISABEL;Condutor deixou de manter distância do veículo da frente;Colisão traseira;Com Vítimas Feridas;Pleno dia;Crescente;Céu Claro;Dupla;Reta;Não;2;0;1;0;1;0;1;2;-23,36435234;-46,22488684;SPRF-SP;DEL01-SP;UOP01-DEL01-SP;false
525571.0;2023-05-27;sábado;04:00:00;SP;116.0;29,4;CRUZEIRO;Reação tardia ou ineficiente do condutor;Colisão traseira;Com Vítimas Feridas;Plena Noite;Decrescente;Nublado;Dupla;"Curva;Declive                 ";Não;2;0;0;1;1;0;1;2;-22,62913624;-44,92451055;SPRF-SP;DEL08-SP;UOP02-DEL08-SP;false
525623.0;2023-05-27;sábado;10:00:00;SP;116.0;209;GUARULHOS;Ausência de reação do condutor;Colisão traseira;Sem Vítimas;Pleno dia;Crescente;Céu Claro;Múltipla;Reta;Sim;2;0;0;0;2;0;0;2;-23,4251179851;-46,4022110058;SPRF-SP;DEL01-SP;UOP01-DEL01-SP;false
525664.0;2023-05-27;sábado;15:30:00;SP;116.0;205;ARUJA;Manobra de mudança de faixa;Colisão lateral mesmo sentido;Sem Vítimas;Pleno dia;Decrescente;Céu Claro;Dupla;Reta;Sim;2;0;0;0;2;0;0;2;-23,41475243;-46,36600788;SPRF-SP;DEL01-SP;UOP01-DEL01-SP;false
525669.0;2023-05-27;sábado;16:00:00;SP;381.0;88;GUARULHOS;Condutor deixou de manter distância do veículo da frente;Colisão traseira;Sem Vítimas;Pleno dia;Crescente;Céu Claro;Simples;Curva;Sim;3;0;0;0;3;0;0;3;-23,47469314;-46,56112919;SPRF-SP;DEL03-SP;UOP01-DEL03-SP;false
525769.0;2023-05-27;sábado;23:30:00;SP;116.0;462,3;PARIQUERA-ACU;Ausência de reação do condutor;Colisão frontal;Com Vítimas Fatais;Plena Noite;Decrescente;Céu Claro;Dupla;Reta;Não;6;5;0;0;1;0;0;2;-24,6228914;-47,89579562;SPRF-SP;DEL05-SP;UOP01-DEL05-SP;false
525784.0;2023-05-28;domingo;01:50:00;SP;116.0;218;GUARULHOS;Ingestão de álcool pelo condutor;Colisão traseira;Sem Vítimas;Plena Noite;Crescente;Céu Claro;Múltipla;Reta;Sim;4;0;0;0;4;0;0;2;-23,457972;-46,479927;SPRF-SP;DEL01-SP;UOP01-DEL01-SP;false
525854.0;2023-05-28;domingo;11:35:00;SP;116.0;165;JACAREI;Ausência de reação do condutor;Engavetamento;Com Vítimas Feridas;Pleno dia;Decrescente;Céu Claro;Dupla;Reta;Não;7;0;4;1;2;0;5;4;-23,29691791;-46,00798704;SPRF-SP;DEL02-SP;UOP01-DEL02-SP;false
525928.0;2023-05-28;domingo;16:45:00;SP;116.0;316,2;JUQUITIBA;Pedestre andava na pista;Colisão lateral mesmo sentido;Com Vítimas Feridas;Anoitecer;Decrescente;Garoa/Chuvisco;Dupla;Reta;Não;4;0;0;1;3;0;1;3;-23,91054997;-46,99149375;SPRF-SP;DEL04-SP;UOP03-DEL04-SP;false
525983.0;2023-05-28;domingo;12:00:00;SP;153.0;293,2;OCAUCU;Transitar na contramão;Colisão frontal;Com Vítimas Fatais;Pleno dia;Decrescente;Céu Claro;Simples;"Declive;Reta                  ";Não;2;1;0;1;0;0;1;2;-22,518731;-49,889507;SPRF-SP;DEL07-SP;UOP02-DEL07-SP;false
526003.0;2023-05-29;segunda-feira;02:00:00;SP;116.0;392;MIRACATU;Ausência de reação do condutor;Colisão transversal;Com Vítimas Feridas;Plena Noite;Decrescente;Chuva;Dupla;Reta;Não;5;0;2;0;3;0;2;2;-24,2823606;-47,4330272;SPRF-SP;DEL04-SP;UOP02-DEL04-SP;false
526004.0;2023-05-29;segunda-feira;03:15:00;SP;381.0;4;VARGEM;Transitar na contramão;Colisão frontal;Com Vítimas Feridas;Plena Noite;Crescente;Céu Claro;Dupla;Reta;Sim;2;0;0;1;1;0;1;2;-22,8826217;-46,40779515;SPRF-SP;DEL03-SP;UOP02-DEL03-SP;false
526078.0;2023-04-12;quarta-feira;07:27:00;SP;116.0;102,5;PINDAMONHANGABA;Manobra de mudança de faixa;Colisão traseira;Com Vítimas Feridas;Pleno dia;Decrescente;Céu Claro;Dupla;Reta;Não;2;0;1;0;1;0;1;2;-22,99497994;-45,48951403;SPRF-SP;DEL08-SP;UOP01-DEL08-SP;false
526129.0;2023-05-29;segunda-feira;15:40:00;SP;116.0;223,9;GUARULHOS;Ingestão de álcool pelo condutor;Tombamento;Sem Vítimas;Pleno dia;Decrescente;Nublado;Múltipla;Reta;Sim;1;0;0;0;1;0;0;1;-23,48182621;-46,53430939;SPRF-SP;DEL01-SP;UOP01-DEL01-SP;false
526203.0;2023-05-30;terça-feira;00:45:00;SP;116.0;516;CAJATI;Reação tardia ou ineficiente do condutor;Colisão traseira;Com Vítimas Feridas;Plena Noite;Decrescente;Garoa/Chuvisco;Dupla;Curva;Não;5;0;2;0;2;1;2;2;-24,87423036;-48,2190838;SPRF-SP;DEL05-SP;UOP02-DEL05-SP;false
526205.0;2023-05-30;terça-feira;03:00:00;SP;116.0;146;SAO JOSE DOS CAMPOS;Ausência de reação do condutor;Colisão traseira;Com Vítimas Feridas;Plena Noite;Decrescente;Céu Claro;Múltipla;Aclive;Não;2;0;1;0;1;0;1;2;-23,19122919;-45,86327591;SPRF-SP;DEL02-SP;UOP01-DEL02-SP;false
526216.0;2023-05-30;terça-feira;06:30:00;SP;116.0;108,2;TAUBATE;Manobra de mudança de faixa;Colisão lateral mesmo sentido;Com Vítimas Feridas;Pleno dia;Crescente;Nublado;Dupla;Reta;Não;2;0;1;0;1;0;1;2;-23,0233097;-45,53763622;SPRF-SP;DEL02-SP;UOP02-DEL02-SP;false
526432.0;2023-05-31;quarta-feira;08:00:00;SP;116.0;437;REGISTRO;Pedestre andava na pista;Atropelamento de Pedestre;Com Vítimas Feridas;Pleno dia;Decrescente;Garoa/Chuvisco;Dupla;Reta;Não;2;0;0;1;1;0;1;2;-24,44201718;-47,79888683;SPRF-SP;DEL05-SP;UOP01-DEL05-SP;false
526449.0;2023-05-31;quarta-feira;08:45:00;SP;116.0;225,9;GUARULHOS;Reação tardia ou ineficiente do condutor;Colisão lateral mesmo sentido;Com Vítimas Feridas;Pleno dia;Decrescente;Chuva;Múltipla;"Declive;Reta                  ";Sim;2;0;1;0;0;1;1;2;-23,49047559;-46,54792428;SPRF-SP;DEL01-SP;UOP01-DEL01-SP;false
526454.0;2023-05-31;quarta-feira;10:10:00;SP;116.0;307;SAO LOURENCO DA SERRA;Chuva;Colisão transversal;Com Vítimas Feridas;Pleno dia;Decrescente;Chuva;Dupla;Reta;Não;2;0;1;0;1;0;1;2;-23,85630016;-46,94096988;SPRF-SP;DEL04-SP;UOP01-DEL04-SP;false
526467.0;2023-05-31;quarta-feira;13:25:00;SP;153.0;83,9;MIRASSOL;Transitar na contramão;Colisão frontal;Com Vítimas Feridas;Pleno dia;Crescente;Céu Claro;Simples;"Aclive;Reta                   ";Não;2;0;0;1;1;0;1;2;-20,92266511;-49,50450592;SPRF-SP;DEL09-SP;UOP01-DEL09-SP;false
526642.0;2023-03-08;quarta-feira;05:40:00;SP;116.0;274;TABOAO DA SERRA;Reação tardia ou ineficiente do condutor;Colisão traseira;Com Vítimas Feridas;Amanhecer;Crescente;Sol;Múltipla;Reta;Não;2;0;0;1;1;0;1;2;-23,63445084;-46,82418514;SPRF-SP;DEL04-SP;UOP01-DEL04-SP;false
526665.0;2023-06-01;quinta-feira;03:00:00;SP;116.0;411;JUQUIA;Reação tardia ou ineficiente do condutor;Saída de leito carroçável;Sem Vítimas;Plena Noite;Decrescente;Nublado;Dupla;Reta;Não;1;0;0;0;1;0;0;1;-24,33308537;-47,60360609;SPRF-SP;DEL05-SP;UOP01-DEL05-SP;false
526670.0;2023-06-01;quinta-feira;14:25:00;SP;116.0;204;ARUJA;Manobra de mudança de faixa;Colisão lateral mesmo sentido;Com Vítimas Feridas;Pleno dia;Decrescente;Céu Claro;Dupla;Reta;Não;4;0;1;0;3;0;1;3;-23,41236123;-46,35692496;SPRF-SP;DEL01-SP;UOP01-DEL01-SP;false
526824.0;2023-06-02;sexta-feira;07:00:00;SP;153.0;215;GUAIMBE;Avarias e/ou desgaste excessivo no pneu;Colisão com objeto;Com Vítimas Feridas;Amanhecer;Decrescente;Céu Claro;Simples;Declive;Não;19;0;2;0;17;0;2;2;-21,95289098;-49,92255022;SPRF-SP;DEL07-SP;UOP02-DEL07-SP;false
526887.0;2023-06-02;sexta-feira;14:30:00;SP;153.0;62;SAO JOSE DO RIO PRETO;Reação tardia ou ineficiente do condutor;Engavetamento;Com Vítimas Feridas;Pleno dia;Crescente;Céu Claro;Dupla;Reta;Sim;9;0;1;0;8;0;1;5;-20,81325404;-49,35675563;SPRF-SP;DEL09-SP;UOP01-DEL09-SP;false
526999.0;2023-06-02;sexta-feira;22:00:00;SP;381.0;87;GUARULHOS;Manobra de mudança de faixa;Colisão lateral mesmo sentido;Com Vítimas Feridas;Plena Noite;Decrescente;Céu Claro;Múltipla;Reta;Não;3;0;1;0;2;0;1;2;-23,46885001;-46,56996601;SPRF-SP;DEL03-SP;UOP01-DEL03-SP;false
527030.0;2023-06-03;sábado;05:20:00;SP;116.0;484;CAJATI;Condutor Dormindo;Saída de leito carroçável;Com Vítimas Feridas;Plena Noite;Crescente;Nevoeiro/Neblina;Dupla;Reta;Não;1;0;0;1;0;0;1;1;-24,72231195;-48,062511;SPRF-SP;DEL05-SP;UOP01-DEL05-SP;false
527069.0;2023-06-03;sábado;07:40:00;SP;116.0;550;BARRA DO TURVO;Reação tardia ou ineficiente do condutor;Colisão com objeto;Com Vítimas Feridas;Pleno dia;Decrescente;Nublado;Simples;Curva;Não;1;0;1;0;0;0;1;1;-24,96629578;-48,46884727;SPRF-SP;DEL05-SP;UOP02-DEL05-SP;false
527414.0;2023-06-04;domingo;16:00:00;SP;116.0;347,7;MIRACATU;Problema com o freio;Tombamento;Com Vítimas Feridas;Pleno dia;Crescente;Céu Claro;Dupla;"Declive;Curva                 ";Não;2;0;2;0;0;0;2;2;-24,04699491;-47,19706111;SPRF-SP;DEL04-SP;UOP03-DEL04-SP;false
527437.0;2023-06-04;domingo;19:00:00;SP;116.0;345;MIRACATU;Reação tardia ou ineficiente do condutor;Engavetamento;Com Vítimas Feridas;Plena Noite;Crescente;Céu Claro;Dupla;"Reta;Declive                  ";Não;10;0;1;0;9;0;1;3;-24,03551364;-47,18593225;SPRF-SP;DEL04-SP;UOP03-DEL04-SP;false
527449.0;2023-06-04;domingo;18:10:00;SP;116.0;359;MIRACATU;Reação tardia ou ineficiente do condutor;Colisão traseira;Com Vítimas Feridas;Anoitecer;Decrescente;Céu Claro;Dupla;Reta;Não;2;0;1;0;1;0;1;2;-24,10862227;-47,26589989;SPRF-SP;DEL04-SP;UOP03-DEL04-SP;false
527549.0;2023-06-05;segunda-feira;11:30:00;SP;116.0;223;GUARULHOS;Frear bruscamente;Colisão traseira;Com Vítimas Feridas;Pleno dia;Crescente;Céu Claro;Múltipla;Reta;Sim;2;0;1;0;1;0;1;2;-23,47559815;-46,5246609;SPRF-SP;DEL01-SP;UOP01-DEL01-SP;false
527636.0;2023-06-05;segunda-feira;20:15:00;SP;116.0;517,5;CAJATI;Demais falhas mecânicas ou elétricas;Incêndio;Sem Vítimas;Plena Noite;Crescente;Céu Claro;Simples;"Curva;Aclive                  ";Não;1;0;0;0;1;0;0;1;-24,8768469;-48,22732309;SPRF-SP;DEL05-SP;UOP02-DEL05-SP;false
527644.0;2023-06-05;segunda-feira;22:00:00;SP;116.0;225;GUARULHOS;Acessar a via sem observar a presença dos outros veículos;Colisão lateral mesmo sentido;Com Vítimas Feridas;Plena Noite;Decrescente;Céu Claro;Múltipla;Declive;Sim;3;0;1;0;2;0;1;2;-23,48586772;-46,54075317;SPRF-SP;DEL01-SP;UOP01-DEL01-SP;false
527717.0;2023-06-06;terça-feira;11:00:00;SP;116.0;227;SAO PAULO;Ausência de reação do condutor;Colisão frontal;Com Vítimas Feridas;Pleno dia;Crescente;Céu Claro;Múltipla;Reta;Não;3;0;2;0;1;0;2;2;-23,49659264;-46,55648754;SPRF-SP;DEL01-SP;UOP01-DEL01-SP;false
527768.0;2023-06-06;terça-feira;16:39:00;SP;116.0;336,1;JUQUITIBA;Velocidade Incompatível;Colisão traseira;Com Vítimas Feridas;Pleno dia;Decrescente;Céu Claro;Dupla;Curva;Não;3;0;2;0;1;0;2;2;-23,975182;-47,140694;SPRF-SP;DEL04-SP;UOP03-DEL04-SP;false
527928.0;2023-06-07;quarta-feira;14:15:00;SP;381.0;54;MAIRIPORA;Manobra de mudança de faixa;Colisão lateral mesmo sentido;Com Vítimas Feridas;Pleno dia;Crescente;Céu Claro;Dupla;Curva;Não;2;0;1;0;0;1;1;2;-23,2449074;-46,59562343;SPRF-SP;DEL03-SP;UOP01-DEL03-SP;false
527964.0;2023-06-07;quarta-feira;17:40:00;SP;153.0;60,9;SAO JOSE DO RIO PRETO;Manobra de mudança de faixa;Colisão lateral mesmo sentido;Com Vítimas Feridas;Anoitecer;Crescente;Céu Claro;Dupla;Reta;Sim;3;0;1;0;1;1;1;3;-20,79627979;-49,35480206;SPRF-SP;DEL09-SP;UOP01-DEL09-SP;false
528124.0;2023-06-08;quinta-feira;10:10:00;SP;116.0;137;SAO JOSE DOS CAMPOS;Frear bruscamente;Saída de leito carroçável;Com Vítimas Feridas;Pleno dia;Crescente;Céu Claro;Dupla;Reta;Sim;1;0;0;1;0;0;1;1;-23,15300766;-45,78709317;SPRF-SP;DEL02-SP;UOP01-DEL02-SP;false
528267.0;2023-06-09;sexta-feira;00:30:00;SP;116.0;229;SAO PAULO;Demais falhas mecânicas ou elétricas;Incêndio;Sem Vítimas;Plena Noite;Crescente;Céu Claro;Dupla;Reta;Sim;1;0;0;0;1;0;0;1;-23,51291902;-46,57604698;SPRF-SP;DEL01-SP;UOP01-DEL01-SP;false
528271.0;2023-06-09;sexta-feira;01:40:00;SP;116.0;212;GUARULHOS;Reação tardia ou ineficiente do condutor;Colisão traseira;Com Vítimas Feridas;Plena Noite;Decrescente;Ignorado;Dupla;Reta;Não;2;0;1;0;1;0;1;2;-23,43608315;-46,42805094;SPRF-SP;DEL01-SP;UOP01-DEL01-SP;false
528277.0;2023-06-09;sexta-feira;02:10:00;SP;381.0;40;ATIBAIA;Ausência de reação do condutor;Colisão com objeto;Sem Vítimas;Plena Noite;Decrescente;Céu Claro;Dupla;"Declive;Reta                  ";Não;3;0;0;0;3;0;0;3;-23,12997498;-46,5767598;SPRF-SP;DEL03-SP;UOP01-DEL03-SP;false
528326.0;2023-06-09;sexta-feira;09:30:00;SP;116.0;287;ITAPECERICA DA SERRA;Condutor deixou de manter distância do veículo da frente;Colisão traseira;Com Vítimas Feridas;Pleno dia;Crescente;Céu Claro;Dupla;Reta;Sim;2;0;1;0;1;0;1;2;-23,71441779;-46,87929634;SPRF-SP;DEL04-SP;UOP01-DEL04-SP;false
528354.0;2023-06-09;sexta-feira;12:25:00;SP;116.0;211;GUARULHOS;Reação tardia ou ineficiente do condutor;Colisão traseira;Com Vítimas Feridas;Pleno dia;Crescente;Céu Claro;Múltipla;Reta;Não;3;0;1;0;2;0;1;2;-23,4324306;-46,4194352;SPRF-SP;DEL01-SP;UOP01-DEL01-SP;false
528447.0;2023-06-09;sexta-feira;22:00:00;SP;116.0;221;GUARULHOS;Carga excessiva e/ou mal acondicionada;Derramamento de carga;Sem Vítimas;Plena Noite;Crescente;Céu Claro;Múltipla;Reta;Sim;1;0;0;0;0;1;0;1;-23,46802395;-46,50704901;SPRF-SP;DEL01-SP;UOP01-DEL01-SP;false
528592.0;2023-06-10;sábado;17:04:00;SP;116.0;206;GUARULHOS;Manobra de mudança de faixa;Colisão lateral mesmo sentido;Com Vítimas Feridas;Pleno dia;Decrescente;Nublado;Múltipla;Reta;Sim;3;0;2;0;1;0;2;2;-23,41722629;-46,37510292;SPRF-SP;DEL01-SP;UOP01-DEL01-SP;false
528792.0;2023-06-11;domingo;08:20:00;SP;116.0;544,8;BARRA DO TURVO;Velocidade Incompatível;Colisão com objeto;Com Vítimas Feridas;Pleno dia;Decrescente;Céu Claro;Simples;"Curva;Declive                 ";Não;1;0;1;0;0;0;1;1;-24,95781406;-48,42123049;SPRF-SP;DEL05-SP;UOP02-DEL05-SP;false
528963.0;2023-06-12;segunda-feira;05:45:00;SP;116.0;342;MIRACATU;Pedestre cruzava a pista fora da faixa;Atropelamento de Pedestre;Com Vítimas Fatais;Plena Noite;Decrescente;Nublado;Dupla;Reta;Não;2;1;0;0;0;1;0;2;-24,01625202;-47,16797896;SPRF-SP;DEL04-SP;UOP03-DEL04-SP;false
528994.0;2023-06-12;segunda-feira;06:55:00;SP;381.0;25,4;ATIBAIA;Condutor deixou de manter distância do veículo da frente;Engavetamento;Com Vítimas Feridas;Pleno dia;Crescente;Sol;Dupla;Reta;Sim;5;0;2;0;3;0;2;5;-23,02018004;-46,52966596;SPRF-SP;DEL03-SP;UOP02-DEL03-SP;false
529015.0;2023-06-12;segunda-feira;09:00:00;SP;116.0;414;JUQUIA;Ausência de reação do condutor;Colisão transversal;Com Vítimas Feridas;Pleno dia;Decrescente;Nublado;Dupla;Reta;Sim;4;0;1;0;2;1;1;3;-24,33164;-47,632774;SPRF-SP;DEL05-SP;UOP01-DEL05-SP;false
529116.0;2023-06-12;segunda-feira;18:20:00;SP;116.0;337,1;MIRACATU;Pedestre andava na pista;Atropelamento de Pedestre;Com Vítimas Fatais;Plena Noite;Decrescente;Nublado;Dupla;Reta;Sim;4;1;0;0;2;1;0;4;-23,9818403;-47,14564419;SPRF-SP;DEL04-SP;UOP03-DEL04-SP;false
529119.0;2023-06-12;segunda-feira;19:10:00;SP;116.0;286,1;ITAPECERICA DA SERRA;Entrada inopinada do pedestre;Atropelamento de Pedestre;Com Vítimas Fatais;Plena Noite;Decrescente;Garoa/Chuvisco;Dupla;Reta;Não;2;1;0;0;1;0;0;2;-23,70925128;-46,87588966;SPRF-SP;DEL04-SP;UOP01-DEL04-SP;false
529156.0;2023-06-12;segunda-feira;19:35:00;SP;116.0;512;CAJATI;Reação tardia ou ineficiente do condutor;Saída de leito carroçável;Com Vítimas Feridas;Plena Noite;Decrescente;Chuva;Simples;"Declive;Curva                 ";Não;2;0;2;0;0;0;2;1;-24,84656535;-48,21418762;SPRF-SP;DEL05-SP;UOP02-DEL05-SP;false
529241.0;2023-06-13;terça-feira;12:45:00;SP;153.0;319,2;RIBEIRAO DO SUL;Transitar na contramão;Colisão frontal;Com Vítimas Fatais;Pleno dia;Decrescente;Chuva;Simples;Reta;Não;2;1;1;0;0;0;1;2;-22,751547;-49,8897;SPRF-SP;DEL07-SP;UOP03-DEL07-SP;false
529299.0;2023-06-13;terça-feira;18:15:00;SP;116.0;288;ITAPECERICA DA SERRA;Avarias e/ou desgaste excessivo no pneu;Colisão frontal;Com Vítimas Feridas;Plena Noite;Decrescente;Garoa/Chuvisco;Simples;"Retorno Regulamentado;Curva   ";Não;4;0;2;0;2;0;2;2;-23,719254;-46,883144;SPRF-SP;DEL04-SP;UOP01-DEL04-SP;false
529334.0;2023-06-13;terça-feira;21:00:00;SP;116.0;355,9;MIRACATU;Chuva;Saída de leito carroçável;Com Vítimas Feridas;Plena Noite;Decrescente;Chuva;Dupla;Curva;Não;1;0;0;1;0;0;1;1;-24,08289401;-47,25237399;SPRF-SP;DEL04-SP;UOP03-DEL04-SP;false
529358.0;2023-06-14;quarta-feira;06:20:00;SP;116.0;94;PINDAMONHANGABA;Manobra de mudança de faixa;Colisão traseira;Com Vítimas Feridas;Amanhecer;Crescente;Nublado;Dupla;Reta;Não;3;0;0;1;1;1;1;3;-22,96083987;-45,42156507;SPRF-SP;DEL08-SP;UOP01-DEL08-SP;false
529419.0;2023-06-14;quarta-feira;11:45:00;SP;116.0;210;GUARULHOS;Reação tardia ou ineficiente do condutor;Engavetamento;Com Vítimas Feridas;Pleno dia;Decrescente;Garoa/Chuvisco;Dupla;Reta;Sim;4;0;1;0;3;0;1;4;-23,42870023;-46,41085991;SPRF-SP;DEL01-SP;UOP01-DEL01-SP;false
529445.0;2023-06-14;quarta-feira;13:00:00;SP;116.0;392,9;MIRACATU;Reação tardia ou ineficiente do condutor;Colisão traseira;Com Vítimas Feridas;Pleno dia;Decrescente;Garoa/Chuvisco;Dupla;Reta;Não;5;0;4;0;1;0;4;2;-24,2823606;-47,4330272;SPRF-SP;DEL04-SP;UOP02-DEL04-SP;false
529610.0;2023-04-24;segunda-feira;02:30:00;SP;116.0;206;GUARULHOS;Demais falhas mecânicas ou elétricas;Engavetamento;Com Vítimas Feridas;Plena Noite;Decrescente;Céu Claro;Múltipla;Reta;Não;3;0;2;0;1;0;2;3;-23,41722629;-46,37510292;SPRF-SP;DEL01-SP;UOP01-DEL01-SP;false
529617.0;2023-06-15;quinta-feira;13:30:00;SP;116.0;200;ARUJA;Acumulo de água sobre o pavimento;Colisão lateral mesmo sentido;Com Vítimas Feridas;Pleno dia;Decrescente;Chuva;Dupla;Reta;Não;2;0;1;0;1;0;1;2;-23,40281294;-46,3211;SPRF-SP;DEL01-SP;UOP01-DEL01-SP;false
529654.0;2023-06-15;quinta-feira;14:00:00;SP;116.0;500;CAJATI;Pista Escorregadia;Saída de leito carroçável;Com Vítimas Feridas;Pleno dia;Crescente;Garoa/Chuvisco;Múltipla;Curva;Não;3;0;1;0;2;0;1;2;-24,78162109;-48,18342711;SPRF-SP;DEL05-SP;UOP02-DEL05-SP;false
529682.0;2023-06-15;quinta-feira;18:23:00;SP;116.0;102;PINDAMONHANGABA;Condutor deixou de manter distância do veículo da frente;Colisão traseira;Com Vítimas Feridas;Plena Noite;Decrescente;Chuva;Dupla;Reta;Não;3;0;1;1;1;0;2;3;-22,99497994;-45,48951403;SPRF-SP;DEL08-SP;UOP01-DEL08-SP;false
529777.0;2023-06-16;sexta-feira;09:05:00;SP;116.0;227,6;GUARULHOS;Reação tardia ou ineficiente do condutor;Colisão traseira;Com Vítimas Feridas;Pleno dia;Crescente;Céu Claro;Dupla;Reta;Sim;2;0;1;0;1;0;1;2;-23,49659264;-46,55648754;SPRF-SP;DEL01-SP;UOP01-DEL01-SP;false
529883.0;2023-06-16;sexta-feira;18:00:00;SP;116.0;164;JACAREI;Trafegar com motocicleta (ou similar) entre as faixas;Colisão lateral mesmo sentido;Com Vítimas Feridas;Plena Noite;Decrescente;Céu Claro;Dupla;Reta;Não;2;0;1;0;0;1;1;2;-23,29166028;-46,00002382;SPRF-SP;DEL02-SP;UOP01-DEL02-SP;false
529925.0;2023-06-16;sexta-feira;21:00:00;SP;116.0;125;CACAPAVA;Transitar na contramão;Colisão com objeto;Com Vítimas Feridas;Pleno dia;Crescente;Céu Claro;Simples;"Declive;Retorno Regulamentado ";Não;1;0;1;0;0;0;1;1;-23,09670727;-45,6838131;SPRF-SP;DEL02-SP;UOP02-DEL02-SP;false
529957.0;2023-06-17;sábado;02:00:00;SP;381.0;84;SAO PAULO;Condutor deixou de manter distância do veículo da frente;Colisão traseira;Com Vítimas Feridas;Plena Noite;Decrescente;Céu Claro;Dupla;Reta;Não;3;0;0;1;2;0;1;3;-23,43937;-46,56807;SPRF-SP;DEL03-SP;UOP01-DEL03-SP;false
529967.0;2023-06-17;sábado;04:00:00;SP;116.0;58;GUARATINGUETA;Ingestão de álcool pelo condutor;Colisão transversal;Com Vítimas Feridas;Plena Noite;Crescente;Nublado;Dupla;Reta;Sim;11;0;0;3;8;0;3;4;-22,78005511;-45,14572791;SPRF-SP;DEL08-SP;UOP01-DEL08-SP;false
530069.0;2023-06-17;sábado;17:00:00;SP;116.0;512;CAJATI;Reação tardia ou ineficiente do condutor;Tombamento;Com Vítimas Feridas;Pleno dia;Decrescente;Nublado;Dupla;"Curva;Declive                 ";Não;1;0;1;0;0;0;1;1;-24,84304306;-48,22027915;SPRF-SP;DEL05-SP;UOP02-DEL05-SP;false
530215.0;2023-06-18;domingo;04:35:00;SP;153.0;335,6;SALTO GRANDE;Ingestão de álcool pelo condutor;Colisão lateral mesmo sentido;Com Vítimas Feridas;Plena Noite;Decrescente;Nevoeiro/Neblina;Simples;"Reta;Declive                  ";Não;3;0;1;0;2;0;1;2;-22,90903;-49,889572;SPRF-SP;DEL07-SP;UOP03-DEL07-SP;false
530328.0;2023-06-18;domingo;15:50:00;SP;116.0;441;REGISTRO;Ingestão de álcool pelo condutor;Colisão transversal;Sem Vítimas;Pleno dia;Decrescente;Céu Claro;Dupla;Reta;Não;5;0;0;0;5;0;0;2;-24,4688528;-47,82223728;SPRF-SP;DEL05-SP;UOP01-DEL05-SP;false
530333.0;2023-06-18;domingo;19:00:00;SP;116.0;57,6;GUARATINGUETA;Deficiência do Sistema de Iluminação/Sinalização;Saída de leito carroçável;Com Vítimas Feridas;Plena Noite;Decrescente;Céu Claro;Dupla;Reta;Não;7;0;5;0;2;0;5;2;-22,77454618;-45,13807087;SPRF-SP;DEL08-SP;UOP01-DEL08-SP;false
530411.0;2023-06-19;segunda-feira;05:40:00;SP;381.0;89;GUARULHOS;Manobra de mudança de faixa;Colisão lateral mesmo sentido;Sem Vítimas;Amanhecer;Crescente;Céu Claro;Múltipla;Reta;Sim;2;0;0;0;2;0;0;2;-23,48469299;-46,55983288;SPRF-SP;DEL03-SP;UOP01-DEL03-SP;false