id;data_inversa;dia_semana;horario;uf;br;km;municipio;causa_acidente;tipo_acidente;classificacao_acidente;fase_dia;sentido_via;condicao_metereologica;tipo_pista;tracado_via;uso_solo;pessoas;mortos;feridos_leves;feridos_graves;ilesos;ignorados;feridos;veiculos;latitude;longitude;regional;delegacia;uop;feriado
541008.0;2023-08-08;terça-feira;10:00:00;SP;116.0;339;JUQUITIBA;Chuva;Saída de leito carroçável;Com Vítimas Feridas;Pleno dia;Crescente;Chuva;Dupla;"Declive;Reta                  ";Não;1;0;1;0;0;0;1;1;-23,9983939;-47,14927316;SPRF-SP;DEL04-SP;UOP03-DEL04-SP;false
541078.0;2023-08-08;terça-feira;18:15:00;SP;153.0;61,8;SAO JOSE DO RIO PRETO;Condutor deixou de manter distância do veículo da frente;Colisão lateral mesmo sentido;Com Vítimas Fatais;Anoitecer;Crescente;Céu Claro;Dupla;Interseção de Vias;Sim;7;1;0;0;6;0;0;6;-20,80502876;-49,35574909;SPRF-SP;DEL09-SP;UOP01-DEL09-SP;false
541113.0;2023-08-08;terça-feira;19:50:00;SP;116.0;4,7;QUELUZ;Problema com o freio;Incêndio;Sem Vítimas;Plena Noite;Decrescente;Céu Claro;Dupla;Reta;Não;1;0;0;0;1;0;0;1;-22,52543456;-44,73580573;SPRF-SP;DEL08-SP;UOP02-DEL08-SP;false
541190.0;2023-08-09;quarta-feira;09:50:00;SP;381.0;75;SAO PAULO;Ausência de reação do condutor;Tombamento;Com Vítimas Feridas;Pleno dia;Crescente;Céu Claro;Múltipla;"Curva;Declive                 ";Não;1;0;1;0;0;0;1;1;-23,37660089;-46,56409613;SPRF-SP;DEL03-SP;UOP01-DEL03-SP;false
541280.0;2023-08-09;quarta-feira;15:20:00;SP;116.0;503;CAJATI;Reação tardia ou ineficiente do condutor;Tombamento;Com Vítimas Feridas;Pleno dia;Crescente;Chuva;Múltipla;"Curva;Aclive                  ";Não;1;0;1;0;0;0;1;1;-24,77541893;-48,20947907;SPRF-SP;DEL05-SP;UOP02-DEL05-SP;false
541311.0;2023-08-09;quarta-feira;22:40:00;SP;116.0;488,3;CAJATI;Acumulo de água sobre o pavimento;Colisão traseira;Com Vítimas Feridas;Plena Noite;Crescente;Chuva;Múltipla;Reta;Sim;2;0;1;0;1;0;1;2;-24,73097634;-48,09815591;SPRF-SP;DEL05-SP;UOP01-DEL05-SP;false
541400.0;2023-08-10;quinta-feira;12:00:00;SP;116.0;123;CACAPAVA;Ausência de reação do condutor;Engavetamento;Com Vítimas Feridas;Pleno dia;Decrescente;Sol;Dupla;Reta;Não;7;0;2;1;4;0;3;6;-23,08754228;-45,66969781;SPRF-SP;DEL02-SP;UOP02-DEL02-SP;false
541439.0;2023-08-10;quinta-feira;15:50:00;SP;116.0;512;CAJATI;Trafegar com motocicleta (ou similar) entre as faixas;Colisão lateral mesmo sentido;Com Vítimas Feridas;Pleno dia;Crescente;Céu Claro;Simples;"Curva;Aclive                  ";Não;4;0;0;1;1;2;1;4;-24,84304306;-48,22027915;SPRF-SP;DEL05-SP;UOP02-DEL05-SP;false
541466.0;2023-08-10;quinta-feira;17:15:00;SP;381.0;47;ATIBAIA;Carga excessiva e/ou mal acondicionada;Colisão com objeto;Sem Vítimas;Pleno dia;Decrescente;Céu Claro;Dupla;Reta;Não;1;0;0;0;1;0;0;1;-23,19058644;-46,58426285;SPRF-SP;DEL03-SP;UOP01-DEL03-SP;false
541551.0;2023-08-11;sexta-feira;07:50:00;SP;116.0;168;JACAREI;Ausência de reação do condutor;Colisão traseira;Com Vítimas Feridas;Pleno dia;Decrescente;Céu Claro;Dupla;Reta;Não;2;0;0;1;1;0;1;2;-23,30545902;-46,03567599;SPRF-SP;DEL02-SP;UOP01-DEL02-SP;false
541580.0;2023-08-11;sexta-feira;10:20:00;SP;153.0;28,1;NOVA GRANADA;Demais falhas mecânicas ou elétricas;Incêndio;Sem Vítimas;Pleno dia;Crescente;Céu Claro;Simples;Reta;Não;1;0;0;0;1;0;0;1;-20,52148;-49,326782;SPRF-SP;DEL09-SP;UOP01-DEL09-SP;false
541726.0;2023-08-11;sexta-feira;21:20:00;SP;381.0;72;SAO PAULO;Reação tardia ou ineficiente do condutor;Saída de leito carroçável;Com Vítimas Feridas;Plena Noite;Crescente;Céu Claro;Múltipla;"Túnel;Reta                    ";Não;2;0;2;0;0;0;2;2;-23,35047979;-46,55267274;SPRF-SP;DEL03-SP;UOP01-DEL03-SP;false
542050.0;2023-05-10;quarta-feira;02:30:00;SP;116.0;514;CAJATI;Ausência de reação do condutor;Colisão traseira;Com Vítimas Feridas;Plena Noite;Decrescente;Nublado;Dupla;Curva;Não;3;0;0;1;2;0;1;2;-24,85874304;-48,21731282;SPRF-SP;DEL05-SP;UOP02-DEL05-SP;false
542093.0;2023-08-13;domingo;11:06:00;SP;116.0;511;CAJATI;Reação tardia ou ineficiente do condutor;Tombamento;Com Vítimas Feridas;Pleno dia;Crescente;Nublado;Dupla;"Curva;Aclive                  ";Não;1;0;1;0;0;0;1;1;-24,83558399;-48,2223738;SPRF-SP;DEL05-SP;UOP02-DEL05-SP;false
542163.0;2023-08-13;domingo;14:00:00;SP;153.0;313,9;RIBEIRAO DO SUL;Condutor Dormindo;Colisão lateral sentido oposto;Com Vítimas Feridas;Pleno dia;Crescente;Céu Claro;Simples;Reta;Não;3;0;0;1;2;0;1;2;-22,69979201;-49,88960266;SPRF-SP;DEL07-SP;UOP03-DEL07-SP;false
542390.0;2023-08-14;segunda-feira;18:20:00;SP;116.0;50,8;LORENA;Manobra de mudança de faixa;Colisão lateral mesmo sentido;Com Vítimas Feridas;Plena Noite;Decrescente;Nublado;Dupla;Reta;Não;3;0;2;0;1;0;2;2;-22,73603721;-45,08433485;SPRF-SP;DEL08-SP;UOP02-DEL08-SP;false
542547.0;2023-08-15;terça-feira;15:45:00;SP;116.0;107;TAUBATE;Manobra de mudança de faixa;Colisão lateral mesmo sentido;Com Vítimas Feridas;Pleno dia;Crescente;Céu Claro;Dupla;Reta;Não;2;0;1;0;1;0;1;2;-23,01791287;-45,53009409;SPRF-SP;DEL08-SP;UOP01-DEL08-SP;false
542584.0;2023-08-15;terça-feira;20:25:00;SP;116.0;474,3;JACUPIRANGA;Velocidade Incompatível;Saída de leito carroçável;Com Vítimas Feridas;Plena Noite;Crescente;Garoa/Chuvisco;Dupla;Reta;Não;1;0;1;0;0;0;1;1;-24,68015127;-47,98251273;SPRF-SP;DEL05-SP;UOP01-DEL05-SP;false
542792.0;2023-08-16;quarta-feira;23:37:00;SP;116.0;144;SAO JOSE DOS CAMPOS;Ausência de reação do condutor;Colisão lateral mesmo sentido;Com Vítimas Feridas;Plena Noite;Crescente;Nublado;Múltipla;Reta;Sim;2;0;1;0;1;0;1;2;-23,18274416;-45,84633592;SPRF-SP;DEL02-SP;UOP01-DEL02-SP;false
542829.0;2023-08-05;sábado;11:15:00;SP;116.0;565;BARRA DO TURVO;Reação tardia ou ineficiente do condutor;Colisão traseira;Com Vítimas Feridas;Pleno dia;Crescente;Sol;Múltipla;"Aclive;Reta                   ";Não;3;0;1;1;1;0;2;3;-25,0358686;-48,54404396;SPRF-SP;DEL05-SP;UOP02-DEL05-SP;false
542937.0;2023-08-17;quinta-feira;20:30:00;SP;116.0;160;SAO JOSE DOS CAMPOS;Ausência de reação do condutor;Saída de leito carroçável;Com Vítimas Feridas;Plena Noite;Crescente;Céu Claro;Dupla;Reta;Sim;1;0;0;1;0;0;1;1;-23,27101606;-45,96787896;SPRF-SP;DEL02-SP;UOP01-DEL02-SP;false
542939.0;2023-06-09;sexta-feira;19:30:00;SP;116.0;545;BARRA DO TURVO;Velocidade Incompatível;Tombamento;Com Vítimas Feridas;Plena Noite;Crescente;Céu Claro;Simples;Curva;Não;2;0;1;0;1;0;1;1;-24,95016699;-48,42400302;SPRF-SP;DEL05-SP;UOP02-DEL05-SP;false
543081.0;2023-08-18;sexta-feira;15:00:00;SP;116.0;112,1;TAUBATE;Ingestão de substâncias psicoativas pelo condutor;Colisão lateral mesmo sentido;Com Vítimas Feridas;Pleno dia;Crescente;Céu Claro;Dupla;Reta;Sim;3;0;1;0;2;0;1;3;-23,04159343;-45,57065616;SPRF-SP;DEL02-SP;UOP02-DEL02-SP;false
543209.0;2023-08-19;sábado;02:00:00;SP;381.0;25;BRAGANCA PAULISTA;Reação tardia ou ineficiente do condutor;Colisão lateral mesmo sentido;Com Vítimas Feridas;Plena Noite;Crescente;Céu Claro;Dupla;Reta;Não;3;0;0;1;0;2;1;3;-23,02018004;-46,52966596;SPRF-SP;DEL03-SP;UOP02-DEL03-SP;false
543216.0;2023-08-19;sábado;03:50:00;SP;116.0;394;MIRACATU;Ausência de reação do condutor;Colisão traseira;Com Vítimas Feridas;Plena Noite;Crescente;Garoa/Chuvisco;Dupla;Reta;Sim;3;0;2;0;1;0;2;2;-24,28717454;-47,45143994;SPRF-SP;DEL04-SP;UOP02-DEL04-SP;false
543269.0;2023-08-19;sábado;08:00:00;SP;381.0;60;MAIRIPORA;Reação tardia ou ineficiente do condutor;Tombamento;Com Vítimas Feridas;Pleno dia;Crescente;Céu Claro;Dupla;"Curva;Declive                 ";Sim;1;0;1;0;0;0;1;1;-23,28957673;-46,58729853;SPRF-SP;DEL03-SP;UOP01-DEL03-SP;false
543552.0;2023-08-20;domingo;17:45:00;SP;116.0;302;SAO LOURENCO DA SERRA;Condutor Dormindo;Colisão traseira;Com Vítimas Feridas;Pleno dia;Decrescente;Céu Claro;Múltipla;Reta;Não;2;0;1;0;1;0;1;2;-23,81957108;-46,92449376;SPRF-SP;DEL04-SP;UOP01-DEL04-SP;false
543672.0;2023-08-21;segunda-feira;10:10:00;SP;116.0;71;APARECIDA;Manobra de mudança de faixa;Colisão lateral mesmo sentido;Com Vítimas Feridas;Pleno dia;Crescente;Céu Claro;Dupla;Reta;Sim;2;0;1;0;1;0;1;2;-22,85815341;-45,23290522;SPRF-SP;DEL08-SP;UOP01-DEL08-SP;false
543782.0;2023-08-22;terça-feira;00:20:00;SP;116.0;142;SAO JOSE DOS CAMPOS;Ausência de reação do condutor;Colisão traseira;Com Vítimas Feridas;Plena Noite;Crescente;Nublado;Dupla;Reta;Não;3;0;1;0;2;0;1;3;-23,17426078;-45,82940111;SPRF-SP;DEL02-SP;UOP01-DEL02-SP;false
543783.0;2023-08-21;segunda-feira;21:50:00;SP;381.0;40;ATIBAIA;Pedestre cruzava a pista fora da faixa;Atropelamento de Pedestre;Com Vítimas Feridas;Plena Noite;Decrescente;Céu Claro;Dupla;"Em Obras;Reta                 ";Não;3;0;0;1;2;0;1;2;-23,12997498;-46,5767598;SPRF-SP;DEL03-SP;UOP01-DEL03-SP;false
543950.0;2023-08-22;terça-feira;21:40:00;SP;116.0;207;GUARULHOS;Ausência de reação do condutor;Tombamento;Com Vítimas Feridas;Pleno dia;Decrescente;Nublado;Dupla;Reta;Não;2;0;1;0;0;1;1;2;-23,41972188;-46,38419203;SPRF-SP;DEL01-SP;UOP01-DEL01-SP;false
543974.0;2023-08-23;quarta-feira;01:50:00;SP;381.0;62;MAIRIPORA;Condutor Dormindo;Colisão traseira;Com Vítimas Fatais;Plena Noite;Decrescente;Céu Claro;Dupla;Reta;Sim;2;1;0;0;1;0;0;2;-23,29437896;-46,57254696;SPRF-SP;DEL03-SP;UOP01-DEL03-SP;false
543975.0;2023-08-23;quarta-feira;02:35:00;SP;116.0;516;CAJATI;Condutor Dormindo;Colisão traseira;Com Vítimas Feridas;Plena Noite;Decrescente;Céu Claro;Dupla;"Curva;Declive                 ";Não;2;0;0;1;1;0;1;2;-24,87423036;-48,2190838;SPRF-SP;DEL05-SP;UOP02-DEL05-SP;false
543984.0;2023-08-23;quarta-feira;04:30:00;SP;116.0;371;MIRACATU;Condutor Dormindo;Colisão traseira;Com Vítimas Feridas;Plena Noite;Decrescente;Nublado;Dupla;Reta;Não;3;0;2;0;1;0;2;2;-24,16456447;-47,33183742;SPRF-SP;DEL04-SP;UOP02-DEL04-SP;false
543995.0;2023-08-23;quarta-feira;07:32:00;SP;116.0;144,6;SAO JOSE DOS CAMPOS;Ultrapassagem Indevida;Colisão lateral mesmo sentido;Com Vítimas Feridas;Pleno dia;Crescente;Céu Claro;Dupla;Aclive;Sim;2;0;1;0;1;0;1;2;-23,18274416;-45,84633592;SPRF-SP;DEL02-SP;UOP01-DEL02-SP;false
544027.0;2023-08-08;terça-feira;18:10:00;SP;116.0;546;BARRA DO TURVO;Reação tardia ou ineficiente do condutor;Colisão com objeto;Sem Vítimas;Anoitecer;Crescente;Chuva;Dupla;Curva;Não;5;0;0;0;5;0;0;5;-24,9470862;-48,43042095;SPRF-SP;DEL05-SP;UOP02-DEL05-SP;false
544033.0;2023-08-23;quarta-feira;10:40:00;SP;116.0;228;SAO PAULO;Reação tardia ou ineficiente do condutor;Colisão lateral mesmo sentido;Com Vítimas Feridas;Pleno dia;Crescente;Céu Claro;Múltipla;Reta;Sim;4;0;0;1;3;0;1;2;-23,50343484;-46,56638712;SPRF-SP;DEL01-SP;UOP01-DEL01-SP;false
544070.0;2023-08-23;quarta-feira;14:50:00;SP;116.0;499;CAJATI;Reação tardia ou ineficiente do condutor;Tombamento;Com Vítimas Feridas;Pleno dia;Crescente;Céu Claro;Múltipla;Curva;Não;1;0;1;0;0;0;1;1;-24,78228753;-48,17695233;SPRF-SP;DEL05-SP;UOP02-DEL05-SP;false
544144.0;2023-08-23;quarta-feira;23:50:00;SP;116.0;489;CAJATI;Demais falhas mecânicas ou elétricas;Incêndio;Sem Vítimas;Plena Noite;Crescente;Céu Claro;Dupla;Reta;Sim;1;0;0;0;1;0;0;1;-24,73034183;-48,10760707;SPRF-SP;DEL05-SP;UOP01-DEL05-SP;false
544153.0;2023-08-23;quarta-feira;22:00:00;SP;381.0;81;SAO PAULO;Pedestre andava na pista;Atropelamento de Pedestre;Com Vítimas Fatais;Plena Noite;Crescente;Céu Claro;Dupla;Reta;Não;2;1;0;0;1;0;0;2;-23,41704481;-46,58022057;SPRF-SP;DEL03-SP;UOP01-DEL03-SP;false
544193.0;2023-08-24;quinta-feira;08:25:00;SP;116.0;320;JUQUITIBA;Manobra de mudança de faixa;Colisão lateral mesmo sentido;Sem Vítimas;Pleno dia;Decrescente;Céu Claro;Dupla;Reta;Não;5;0;0;0;4;1;0;3;-23,93226;-47,00835;SPRF-SP;DEL04-SP;UOP03-DEL04-SP;false
544250.0;2023-08-18;sexta-feira;17:00:00;SP;381.0;48;ATIBAIA;Reação tardia ou ineficiente do condutor;Engavetamento;Com Vítimas Feridas;Pleno dia;Decrescente;Céu Claro;Múltipla;Reta;Sim;6;0;2;0;4;0;2;4;-23,19720018;-46,58736556;SPRF-SP;DEL03-SP;UOP01-DEL03-SP;false
544272.0;2023-08-24;quinta-feira;15:30:00;SP;381.0;54;MAIRIPORA;Reação tardia ou ineficiente do condutor;Engavetamento;Com Vítimas Feridas;Pleno dia;Decrescente;Garoa/Chuvisco;Dupla;"Declive;Retorno Regulamentado;";Sim;9;0;2;0;7;0;2;6;-23,2449074;-46,59562343;SPRF-SP;DEL03-SP;UOP01-DEL03-SP;false
544278.0;2023-08-23;quarta-feira;08:00:00;SP;153.0;171,7;GUAICARA;Acessar a via sem observar a presença dos outros veículos;Colisão transversal;Com Vítimas Feridas;Pleno dia;Decrescente;Céu Claro;Simples;Reta;Não;2;0;0;1;1;0;1;2;-21,60621901;-49,78538881;SPRF-SP;DEL07-SP;UOP01-DEL07-SP;false
544310.0;2023-08-24;quinta-feira;18:40:00;SP;116.0;216;GUARULHOS;Reação tardia ou ineficiente do condutor;Eventos atípicos;Com Vítimas Feridas;Plena Noite;Decrescente;Nublado;Múltipla;"Aclive;Reta                   ";Sim;4;0;1;0;2;1;1;3;-23,451619;-46,465111;SPRF-SP;DEL01-SP;UOP01-DEL01-SP;false
544374.0;2023-08-25;sexta-feira;04:00:00;SP;116.0;199;ARUJA;Reação tardia ou ineficiente do condutor;Colisão traseira;Sem Vítimas;Plena Noite;Crescente;Garoa/Chuvisco;Dupla;"Aclive;Reta                   ";Não;2;0;0;0;1;1;0;2;-23,40185327;-46,31154312;SPRF-SP;DEL01-SP;UOP01-DEL01-SP;false
544501.0;2023-08-25;sexta-feira;18:30:00;SP;116.0;205;GUARULHOS;Reação tardia ou ineficiente do condutor;Colisão traseira;Com Vítimas Feridas;Plena Noite;Crescente;Chuva;Múltipla;Reta;Não;2;0;1;0;1;0;1;2;-23,41475243;-46,36600788;SPRF-SP;DEL01-SP;UOP01-DEL01-SP;false
544565.0;2023-08-25;sexta-feira;23:58:00;SP;116.0;220;GUARULHOS;Ausência de reação do condutor;Colisão com objeto;Com Vítimas Feridas;Plena Noite;Crescente;Garoa/Chuvisco;Múltipla;Reta;Sim;1;0;1;0;0;0;1;1;-23,46472809;-46,49793962;SPRF-SP;DEL01-SP;UOP01-DEL01-SP;false
544587.0;2023-08-26;sábado;04:53:00;SP;381.0;40;ATIBAIA;Velocidade Incompatível;Colisão com objeto;Com Vítimas Feridas;Amanhecer;Decrescente;Chuva;Dupla;"Em Obras;Reta                 ";Sim;2;0;1;0;1;0;1;2;-23,12997498;-46,5767598;SPRF-SP;DEL03-SP;UOP01-DEL03-SP;false
544607.0;2023-08-26;sábado;07:00:00;SP;116.0;340;JUQUITIBA;Velocidade Incompatível;Tombamento;Com Vítimas Feridas;Amanhecer;Decrescente;Garoa/Chuvisco;Dupla;Curva;Não;1;0;1;0;0;0;1;1;-24,00328505;-47,15633198;SPRF-SP;DEL04-SP;UOP03-DEL04-SP;false
544643.0;2023-08-19;sábado;09:10:00;SP;153.0;307,5;SAO PEDRO DO TURVO;Mal súbito do condutor;Colisão lateral sentido oposto;Com Vítimas Feridas;Amanhecer;Crescente;Céu Claro;Simples;Reta;Não;3;0;1;0;2;0;1;3;-22,64811295;-49,88964021;SPRF-SP;DEL07-SP;UOP03-DEL07-SP;false
544656.0;2023-08-26;sábado;10:30:00;SP;116.0;326;JUQUITIBA;Chuva;Colisão com objeto;Com Vítimas Feridas;Pleno dia;Decrescente;Chuva;Dupla;Curva;Não;3;0;2;0;1;0;2;2;-23,93901304;-47,06241203;SPRF-SP;DEL04-SP;UOP03-DEL04-SP;false
544922.0;2023-08-27;domingo;15:55:00;SP;153.0;22,7;NOVA GRANADA;Ausência de reação do condutor;Tombamento;Com Vítimas Feridas;Pleno dia;Crescente;Nublado;Simples;Aclive;Não;1;0;1;0;0;0;1;1;-20,476847;-49,296506;SPRF-SP;DEL09-SP;UOP01-DEL09-SP;false
544963.0;2023-08-27;domingo;18:20:00;SP;116.0;162;JACAREI;Reação tardia ou ineficiente do condutor;Colisão traseira;Com Vítimas Feridas;Plena Noite;Decrescente;Chuva;Múltipla;Reta;Não;2;0;1;0;0;1;1;2;-23,28133317;-45,98394689;SPRF-SP;DEL02-SP;UOP01-DEL02-SP;false
544994.0;2023-08-27;domingo;21:30:00;SP;116.0;473;JACUPIRANGA;Reação tardia ou ineficiente do condutor;Saída de leito carroçável;Com Vítimas Feridas;Plena Noite;Decrescente;Garoa/Chuvisco;Dupla;Curva;Não;1;0;1;0;0;0;1;1;-24,67227596;-47,97879913;SPRF-SP;DEL05-SP;UOP01-DEL05-SP;false
545043.0;2023-08-28;segunda-feira;04:00:00;SP;116.0;128;CACAPAVA;Demais falhas mecânicas ou elétricas;Incêndio;Sem Vítimas;Plena Noite;Crescente;Nublado;Dupla;Reta;Sim;1;0;0;0;1;0;0;1;-23,11454664;-45,71105567;SPRF-SP;DEL02-SP;UOP02-DEL02-SP;false
545094.0;2023-08-28;segunda-feira;07:07:00;SP;116.0;45;CANAS;Avarias e/ou desgaste excessivo no pneu;Tombamento;Com Vítimas Feridas;Pleno dia;Crescente;Nublado;Dupla;"Aclive;Reta                   ";Não;3;0;2;0;1;0;2;2;-22,70843505;-45,04559397;SPRF-SP;DEL08-SP;UOP02-DEL08-SP;false
545218.0;2023-08-28;segunda-feira;21:24:00;SP;381.0;71;SAO PAULO;Condutor deixou de manter distância do veículo da frente;Colisão traseira;Com Vítimas Feridas;Plena Noite;Decrescente;Chuva;Dupla;Declive;Não;4;0;2;0;2;0;2;2;-23,35047979;-46,55267274;SPRF-SP;DEL03-SP;UOP01-DEL03-SP;false
545231.0;2023-08-28;segunda-feira;20:30:00;SP;381.0;77;MAIRIPORA;Pista Escorregadia;Saída de leito carroçável;Com Vítimas Feridas;Plena Noite;Decrescente;Garoa/Chuvisco;Dupla;"Curva;Declive                 ";Não;6;0;1;0;5;0;1;6;-23,388839;-46,5693478;SPRF-SP;DEL03-SP;UOP01-DEL03-SP;false
545232.0;2023-08-29;terça-feira;01:15:00;SP;116.0;516;CAJATI;Reação tardia ou ineficiente do condutor;Colisão com objeto;Com Vítimas Feridas;Plena Noite;Decrescente;Garoa/Chuvisco;Simples;"Declive;Reta                  ";Não;1;0;1;0;0;0;1;1;-24,87423036;-48,2190838;SPRF-SP;DEL05-SP;UOP02-DEL05-SP;false
545235.0;2023-08-29;terça-feira;02:55:00;SP;116.0;211;GUARULHOS;Ausência de reação do condutor;Colisão traseira;Sem Vítimas;Plena Noite;Decrescente;Céu Claro;Múltipla;Aclive;Não;2;0;0;0;2;0;0;2;-23,4324306;-46,4194352;SPRF-SP;DEL01-SP;UOP01-DEL01-SP;false
545251.0;2023-08-29;terça-feira;07:25:00;SP;116.0;462,8;PARIQUERA-ACU;Condutor Dormindo;Colisão traseira;Com Vítimas Feridas;Pleno dia;Crescente;Chuva;Dupla;Reta;Não;2;0;0;1;1;0;1;2;-24,6228914;-47,89579562;SPRF-SP;DEL05-SP;UOP01-DEL05-SP;false
545289.0;2023-08-05;sábado;05:15:00;SP;116.0;72,2;APARECIDA;Estacionar ou parar em local proibido;Colisão traseira;Sem Vítimas;Plena Noite;Crescente;Nublado;Múltipla;Curva;Não;2;0;0;0;2;0;0;2;-22,86354218;-45,23746093;SPRF-SP;DEL08-SP;UOP01-DEL08-SP;false
545325.0;2023-08-29;terça-feira;15:30:00;SP;116.0;53;LORENA;Reação tardia ou ineficiente do condutor;Capotamento;Com Vítimas Feridas;Pleno dia;Decrescente;Nublado;Dupla;Reta;Não;3;0;0;1;2;0;1;2;-22,75255433;-45,10741076;SPRF-SP;DEL08-SP;UOP02-DEL08-SP;false
545399.0;2023-08-30;quarta-feira;01:27:00;SP;116.0;516;CAJATI;Reação tardia ou ineficiente do condutor;Colisão traseira;Com Vítimas Feridas;Plena Noite;Decrescente;Garoa/Chuvisco;Dupla;"Reta;Declive                  ";Não;2;0;1;0;1;0;1;2;-24,87423036;-48,2190838;SPRF-SP;DEL05-SP;UOP02-DEL05-SP;false
545458.0;2023-08-24;quinta-feira;19:00:00;SP;116.0;12;QUELUZ;Demais falhas mecânicas ou elétricas;Saída de leito carroçável;Com Vítimas Feridas;Plena Noite;Crescente;Nublado;Múltipla;Reta;Não;1;0;1;0;0;0;1;1;-22,54640191;-44,8039181;SPRF-SP;DEL08-SP;UOP02-DEL08-SP;false
545543.0;2023-08-30;quarta-feira;21:50:00;SP;116.0;209;GUARULHOS;Reação tardia ou ineficiente do condutor;Colisão traseira;Com Vítimas Feridas;Plena Noite;Decrescente;Ignorado;Múltipla;Interseção de Vias;Não;3;0;1;0;2;0;1;2;-23,42764108;-46,4089483;SPRF-SP;DEL01-SP;UOP01-DEL01-SP;false
545544.0;2023-08-30;quarta-feira;21:45:00;SP;116.0;511;CAJATI;Velocidade Incompatível;Tombamento;Com Vítimas Feridas;Anoitecer;Decrescente;Céu Claro;Simples;Curva;Não;1;0;1;0;0;0;1;1;-24,83587992;-48,21332932;SPRF-SP;DEL05-SP;UOP02-DEL05-SP;false
545551.0;2023-08-30;quarta-feira;23:15:00;SP;116.0;143;SAO JOSE DOS CAMPOS;Demais falhas mecânicas ou elétricas;Incêndio;Sem Vítimas;Pleno dia;Decrescente;Céu Claro;Dupla;Reta;Sim;1;0;0;0;1;0;0;1;-23,17849879;-45,83787411;SPRF-SP;DEL02-SP;UOP01-DEL02-SP;false
545561.0;2023-08-30;quarta-feira;22:05:00;SP;116.0;526;BARRA DO TURVO;Manobra de mudança de faixa;Colisão lateral mesmo sentido;Sem Vítimas;Plena Noite;Decrescente;Garoa/Chuvisco;Dupla;"Ponte;Reta                    ";Não;4;0;0;0;4;0;0;2;-24,9299205;-48,27412524;SPRF-SP;DEL05-SP;UOP02-DEL05-SP;false
545573.0;2023-08-31;quinta-feira;04:50:00;SP;116.0;475,5;JACUPIRANGA;Mal súbito do condutor;Saída de leito carroçável;Com Vítimas Feridas;Plena Noite;Crescente;Nublado;Dupla;Reta;Não;1;0;1;0;0;0;1;1;-24,68648001;-47,98910399;SPRF-SP;DEL05-SP;UOP01-DEL05-SP;false
545584.0;2023-08-31;quinta-feira;03:00:00;SP;116.0;360;MIRACATU;Ausência de reação do condutor;Colisão com objeto;Com Vítimas Feridas;Amanhecer;Decrescente;Céu Claro;Dupla;"Curva;Aclive                  ";Não;1;0;1;0;0;0;1;1;-24,11248793;-47,26510606;SPRF-SP;DEL04-SP;UOP03-DEL04-SP;false
545595.0;2023-08-31;quinta-feira;07:00:00;SP;116.0;214;GUARULHOS;Ausência de reação do condutor;Colisão traseira;Com Vítimas Feridas;Pleno dia;Crescente;Céu Claro;Múltipla;Reta;Sim;2;0;0;1;1;0;1;2;-23,44333014;-46,44531294;SPRF-SP;DEL01-SP;UOP01-DEL01-SP;false
545599.0;2023-08-31;quinta-feira;07:35:00;SP;116.0;230;SAO PAULO;Transitar no Acostamento;Colisão transversal;Com Vítimas Feridas;Amanhecer;Crescente;Céu Claro;Múltipla;Reta;Sim;2;0;1;0;1;0;1;2;-23,52251783;-46,5855702;SPRF-SP;DEL01-SP;UOP01-DEL01-SP;false
545653.0;2023-08-31;quinta-feira;13:30:00;SP;116.0;112;TAUBATE;Manobra de mudança de faixa;Colisão lateral mesmo sentido;Com Vítimas Feridas;Pleno dia;Crescente;Céu Claro;Dupla;Reta;Sim;3;0;1;0;2;0;1;2;-23,04159343;-45,57065616;SPRF-SP;DEL02-SP;UOP02-DEL02-SP;false
545666.0;2023-08-31;quinta-feira;14:35:00;SP;116.0;169;JACAREI;Demais falhas mecânicas ou elétricas;Incêndio;Sem Vítimas;Pleno dia;Crescente;Céu Claro;Múltipla;Reta;Não;1;0;0;0;0;1;0;1;-23,307652;-46,045128;SPRF-SP;DEL02-SP;UOP01-DEL02-SP;false
545755.0;2023-09-01;sexta-feira;02:30:00;SP;116.0;2;QUELUZ;Ausência de reação do condutor;Saída de leito carroçável;Com Vítimas Feridas;Plena Noite;Decrescente;Céu Claro;Dupla;Curva;Não;2;0;2;0;0;0;2;1;-22,523817;-44,72018123;SPRF-SP;DEL08-SP;UOP02-DEL08-SP;false
545773.0;2023-09-01;sexta-feira;07:01:00;SP;116.0;143;SAO JOSE DOS CAMPOS;Ausência de reação do condutor;Engavetamento;Com Vítimas Feridas;Pleno dia;Decrescente;Céu Claro;Múltipla;"Aclive;Reta                   ";Não;4;0;1;0;3;0;1;4;-23,17849879;-45,83787411;SPRF-SP;DEL02-SP;UOP01-DEL02-SP;false
545872.0;2023-09-01;sexta-feira;14:30:00;SP;153.0;32;NOVA GRANADA;Ultrapassagem Indevida;Colisão lateral mesmo sentido;Sem Vítimas;Pleno dia;Crescente;Sol;Simples;"Declive;Reta                  ";Não;2;0;0;0;1;1;0;2;-20,55543809;-49,32522215;SPRF-SP;DEL09-SP;UOP01-DEL09-SP;false