id;data_inversa;dia_semana;horario;uf;br;km;municipio;causa_acidente;tipo_acidente;classificacao_acidente;fase_dia;sentido_via;condicao_metereologica;tipo_pista;tracado_via;uso_solo;pessoas;mortos;feridos_leves;feridos_graves;ilesos;ignorados;feridos;veiculos;latitude;longitude;regional;delegacia;uop;feriado
545899.0;2023-09-01;sexta-feira;17:10:00;SP;116.0;270,5;TABOAO DA SERRA;Condutor deixou de manter distância do veículo da frente;Colisão traseira;Com Vítimas Feridas;Pleno dia;Decrescente;Céu Claro;Dupla;Reta;Sim;2;0;1;0;1;0;1;2;-23,61799728;-46,79677694;SPRF-SP;DEL04-SP;UOP01-DEL04-SP;false
546010.0;2023-09-02;sábado;05:46:00;SP;116.0;146,2;SAO JOSE DOS CAMPOS;Trafegar com motocicleta (ou similar) entre as faixas;Tombamento;Com Vítimas Fatais;Amanhecer;Crescente;Céu Claro;Dupla;"Reta;Declive                  ";Sim;2;1;0;0;0;1;0;2;-23,19122919;-45,86327591;SPRF-SP;DEL02-SP;UOP01-DEL02-SP;false
546012.0;2023-09-02;sábado;05:23:00;SP;381.0;49;ATIBAIA;Transitar na contramão;Colisão frontal;Com Vítimas Fatais;Amanhecer;Crescente;Céu Claro;Dupla;Reta;Sim;4;1;1;0;2;0;1;3;-23,20535293;-46,59066516;SPRF-SP;DEL03-SP;UOP01-DEL03-SP;false
546279.0;2023-09-02;sábado;03:00:00;SP;153.0;151;PROMISSAO;Afundamento ou ondulação no pavimento;Tombamento;Com Vítimas Feridas;Plena Noite;Decrescente;Céu Claro;Simples;Reta;Não;1;0;1;0;0;0;1;1;-21,42639998;-49,78631982;SPRF-SP;DEL07-SP;UOP01-DEL07-SP;false
546338.0;2023-09-03;domingo;13:50:00;SP;116.0;514;CAJATI;Velocidade Incompatível;Derramamento de carga;Com Vítimas Feridas;Pleno dia;Decrescente;Céu Claro;Simples;"Curva;Aclive                  ";Não;1;0;1;0;0;0;1;1;-24,85874304;-48,21731282;SPRF-SP;DEL05-SP;UOP02-DEL05-SP;false
546486.0;2023-09-04;segunda-feira;06:30:00;SP;381.0;61;MAIRIPORA;Manobra de mudança de faixa;Colisão traseira;Com Vítimas Feridas;Pleno dia;Crescente;Céu Claro;Dupla;"Declive;Curva                 ";Sim;2;0;1;0;0;1;1;2;-23,29011611;-46,5800681;SPRF-SP;DEL03-SP;UOP01-DEL03-SP;false
546520.0;2023-09-04;segunda-feira;09:30:00;SP;116.0;51;LORENA;Acessar a via sem observar a presença dos outros veículos;Colisão traseira;Sem Vítimas;Pleno dia;Crescente;Céu Claro;Múltipla;Reta;Sim;3;0;0;0;2;1;0;3;-22,74157511;-45,09206392;SPRF-SP;DEL08-SP;UOP02-DEL08-SP;false
546544.0;2023-09-04;segunda-feira;12:00:00;SP;116.0;211;GUARULHOS;Reação tardia ou ineficiente do condutor;Colisão com objeto;Sem Vítimas;Pleno dia;Crescente;Céu Claro;Múltipla;Reta;Sim;1;0;0;0;1;0;0;1;-23,4324306;-46,4194352;SPRF-SP;DEL01-SP;UOP01-DEL01-SP;false
546582.0;2023-09-04;segunda-feira;15:50:00;SP;116.0;145;SAO JOSE DOS CAMPOS;Demais falhas mecânicas ou elétricas;Incêndio;Sem Vítimas;Pleno dia;Decrescente;Céu Claro;Múltipla;Reta;Sim;1;0;0;0;1;0;0;1;-23,1869844;-45,8548078;SPRF-SP;DEL02-SP;UOP01-DEL02-SP;false
546686.0;2023-09-05;terça-feira;08:00:00;SP;116.0;286;ITAPECERICA DA SERRA;Velocidade Incompatível;Colisão traseira;Com Vítimas Feridas;Pleno dia;Decrescente;Céu Claro;Dupla;Reta;Sim;4;0;2;0;2;0;2;2;-23,70925128;-46,87588966;SPRF-SP;DEL04-SP;UOP01-DEL04-SP;false
546752.0;2023-09-05;terça-feira;15:45:00;SP;116.0;219;GUARULHOS;Manobra de mudança de faixa;Colisão lateral mesmo sentido;Com Vítimas Feridas;Pleno dia;Decrescente;Céu Claro;Múltipla;Reta;Sim;2;0;0;1;1;0;1;2;-23,46143954;-46,48885316;SPRF-SP;DEL01-SP;UOP01-DEL01-SP;false
546886.0;2023-08-17;quinta-feira;08:35:00;SP;116.0;112,6;TAUBATE;Avarias e/ou desgaste excessivo no pneu;Colisão com objeto;Com Vítimas Feridas;Pleno dia;Crescente;Sol;Dupla;Reta;Sim;2;0;1;0;1;0;1;2;-23,04315513;-45,57758873;SPRF-SP;DEL02-SP;UOP02-DEL02-SP;false
546943.0;2023-09-02;sábado;12:00:00;SP;153.0;258,9;MARILIA;Suicídio (presumido);Colisão frontal;Com Vítimas Fatais;Pleno dia;Decrescente;Céu Claro;Simples;Reta;Não;2;1;1;0;0;0;1;2;-22,24864701;-49,92085793;SPRF-SP;DEL07-SP;UOP02-DEL07-SP;false
546984.0;2023-09-06;quarta-feira;18:30:00;SP;116.0;230,5;SAO PAULO;Trafegar com motocicleta (ou similar) entre as faixas;Colisão lateral mesmo sentido;Com Vítimas Feridas;Plena Noite;Decrescente;Céu Claro;Múltipla;Reta;Sim;4;0;2;0;2;0;2;3;-23,52251783;-46,5855702;SPRF-SP;DEL01-SP;UOP01-DEL01-SP;false
547019.0;2023-09-06;quarta-feira;20:30:00;SP;116.0;208;GUARULHOS;Velocidade Incompatível;Capotamento;Sem Vítimas;Plena Noite;Crescente;Nublado;Dupla;Reta;Sim;2;0;0;0;2;0;0;2;-23,42222263;-46,3932771;SPRF-SP;DEL01-SP;UOP01-DEL01-SP;false
547090.0;2023-09-07;quinta-feira;03:40:00;SP;116.0;474;JACUPIRANGA;Ingestão de álcool pelo condutor;Colisão frontal;Com Vítimas Fatais;Plena Noite;Crescente;Céu Claro;Dupla;Reta;Não;11;1;3;0;7;0;3;4;-24,68015127;-47,98251273;SPRF-SP;DEL05-SP;UOP01-DEL05-SP;true
547144.0;2023-09-07;quinta-feira;05:54:00;SP;116.0;564;BARRA DO TURVO;Reação tardia ou ineficiente do condutor;Saída de leito carroçável;Com Vítimas Feridas;Plena Noite;Crescente;Chuva;Dupla;Curva;Não;1;0;1;0;0;0;1;1;-25,03458919;-48,53543877;SPRF-SP;DEL05-SP;UOP02-DEL05-SP;true
547310.0;2023-09-08;sexta-feira;02:50:00;SP;488.0;0,1;APARECIDA;Condutor Dormindo;Colisão traseira;Com Vítimas Feridas;Plena Noite;Crescente;Céu Claro;Dupla;Reta;Sim;2;0;0;1;1;0;1;2;-22,85856;-45,233116;SPRF-SP;DEL08-SP;UOP01-DEL08-SP;false
547356.0;2023-09-08;sexta-feira;10:15:00;SP;116.0;42,9;CACHOEIRA PAULISTA;Reação tardia ou ineficiente do condutor;Colisão lateral mesmo sentido;Com Vítimas Feridas;Pleno dia;Decrescente;Céu Claro;Dupla;"Aclive;Reta                   ";Não;2;0;1;0;1;0;1;2;-22,69182132;-45,02240378;SPRF-SP;DEL08-SP;UOP02-DEL08-SP;false
547371.0;2023-09-08;sexta-feira;12:15:00;SP;116.0;215;GUARULHOS;Reação tardia ou ineficiente do condutor;Colisão traseira;Com Vítimas Feridas;Pleno dia;Decrescente;Sol;Múltipla;Reta;Sim;3;0;1;0;2;0;1;3;-23,44695693;-46,45394103;SPRF-SP;DEL01-SP;UOP01-DEL01-SP;false
547393.0;2023-09-08;sexta-feira;14:15:00;SP;116.0;226;GUARULHOS;Reação tardia ou ineficiente do condutor;Colisão traseira;Com Vítimas Feridas;Pleno dia;Decrescente;Céu Claro;Múltipla;Reta;Sim;2;0;0;1;1;0;1;2;-23,49102507;-46,54878195;SPRF-SP;DEL01-SP;UOP01-DEL01-SP;false
547408.0;2023-09-08;sexta-feira;16:02:00;SP;116.0;220;GUARULHOS;Manobra de mudança de faixa;Colisão traseira;Com Vítimas Feridas;Pleno dia;Crescente;Céu Claro;Múltipla;Reta;Sim;3;0;2;0;0;1;2;2;-23,46472809;-46,49793962;SPRF-SP;DEL01-SP;UOP01-DEL01-SP;false
547583.0;2023-09-09;sábado;12:00:00;SP;116.0;555;BARRA DO TURVO;Velocidade Incompatível;Tombamento;Com Vítimas Feridas;Pleno dia;Crescente;Céu Claro;Simples;"Declive;Reta                  ";Não;2;0;2;0;0;0;2;1;-24,97447301;-48,504597;SPRF-SP;DEL05-SP;UOP02-DEL05-SP;false
547788.0;2023-09-10;domingo;08:55:00;SP;153.0;327;SALTO GRANDE;Acessar a via sem observar a presença dos outros veículos;Colisão lateral mesmo sentido;Com Vítimas Feridas;Pleno dia;Crescente;Céu Claro;Simples;"Reta;Retorno Regulamentado    ";Não;3;0;0;1;2;0;1;3;-22,825658;-49,889645;SPRF-SP;DEL07-SP;UOP03-DEL07-SP;false
548306.0;2023-09-12;terça-feira;21:30:00;SP;116.0;540;BARRA DO TURVO;Reação tardia ou ineficiente do condutor;Saída de leito carroçável;Sem Vítimas;Plena Noite;Crescente;Nevoeiro/Neblina;Dupla;"Curva;Declive                 ";Não;1;0;0;0;1;0;0;1;-24,96815654;-48,39159909;SPRF-SP;DEL05-SP;UOP02-DEL05-SP;false
548397.0;2023-09-13;quarta-feira;11:30:00;SP;381.0;38;ATIBAIA;Avarias e/ou desgaste excessivo no pneu;Colisão com objeto;Com Vítimas Feridas;Pleno dia;Crescente;Céu Claro;Dupla;"Reta;Declive                  ";Não;2;0;1;0;1;0;1;2;-23,1133221;-46,57174974;SPRF-SP;DEL03-SP;UOP01-DEL03-SP;false
548490.0;2023-09-13;quarta-feira;22:20:00;SP;116.0;443,8;REGISTRO;Pedestre andava na pista;Atropelamento de Pedestre;Com Vítimas Feridas;Plena Noite;Decrescente;Nublado;Dupla;Reta;Sim;2;0;0;1;0;1;1;2;-24,48336513;-47,8324358;SPRF-SP;DEL05-SP;UOP01-DEL05-SP;false
548561.0;2023-08-21;segunda-feira;13:00:00;SP;153.0;300,4;CAMPOS NOVOS PAULISTA;Ausência de reação do condutor;Colisão traseira;Com Vítimas Fatais;Pleno dia;Decrescente;Sol;Simples;"Aclive;Reta                   ";Não;12;4;2;3;2;1;5;6;-22,588912;-49,889369;SPRF-SP;DEL07-SP;UOP03-DEL07-SP;false
548804.0;2023-09-15;sexta-feira;14:30:00;SP;153.0;69,2;SAO JOSE DO RIO PRETO;Estacionar ou parar em local proibido;Colisão traseira;Com Vítimas Feridas;Pleno dia;Decrescente;Céu Claro;Dupla;Curva;Sim;2;0;1;0;1;0;1;2;-20,85072923;-49,392352;SPRF-SP;DEL09-SP;UOP01-DEL09-SP;false
548930.0;2023-09-16;sábado;01:40:00;SP;116.0;524;BARRA DO TURVO;Reação tardia ou ineficiente do condutor;Colisão traseira;Com Vítimas Feridas;Plena Noite;Crescente;Céu Claro;Dupla;Reta;Não;3;0;1;0;2;0;1;2;-24,91989431;-48,25856355;SPRF-SP;DEL05-SP;UOP02-DEL05-SP;false
548937.0;2023-09-16;sábado;03:30:00;SP;101.0;48,8;UBATUBA;Acessar a via sem observar a presença dos outros veículos;Colisão frontal;Com Vítimas Feridas;Plena Noite;Decrescente;Céu Claro;Simples;Ponte;Sim;3;0;0;1;1;1;1;3;-23,44255447;-45,08531034;SPRF-SP;DEL06-SP;UOP01-DEL06-SP;false
549051.0;2023-09-16;sábado;14:40:00;SP;381.0;68;MAIRIPORA;Ausência de reação do condutor;Colisão traseira;Com Vítimas Fatais;Pleno dia;Crescente;Céu Claro;Dupla;Curva;Sim;3;1;0;0;2;0;0;3;-23,34043796;-46,57433588;SPRF-SP;DEL03-SP;UOP01-DEL03-SP;false
549107.0;2023-09-13;quarta-feira;03:55:00;SP;116.0;329;JUQUITIBA;Reação tardia ou ineficiente do condutor;Colisão lateral mesmo sentido;Sem Vítimas;Plena Noite;Decrescente;Céu Claro;Dupla;Reta;Não;1;0;0;0;1;0;0;1;-23,93981788;-47,08868406;SPRF-SP;DEL04-SP;UOP03-DEL04-SP;false
549111.0;2023-09-16;sábado;21:30:00;SP;116.0;369,7;MIRACATU;Demais falhas mecânicas ou elétricas;Incêndio;Com Vítimas Feridas;Plena Noite;Decrescente;Céu Claro;Dupla;Reta;Sim;2;0;1;0;1;0;1;1;-24,15197737;-47,319485;SPRF-SP;DEL04-SP;UOP02-DEL04-SP;false
549244.0;2023-09-17;domingo;13:30:00;SP;116.0;355;MIRACATU;Manobra de mudança de faixa;Colisão lateral mesmo sentido;Com Vítimas Feridas;Pleno dia;Decrescente;Céu Claro;Dupla;Reta;Não;3;0;1;0;2;0;1;2;-24,08289401;-47,25237399;SPRF-SP;DEL04-SP;UOP03-DEL04-SP;false
549257.0;2023-09-17;domingo;15:50:00;SP;116.0;282;EMBU DAS ARTES;Ausência de reação do condutor;Colisão traseira;Com Vítimas Feridas;Pleno dia;Crescente;Céu Claro;Múltipla;Reta;Não;2;0;1;0;1;0;1;2;-23,68570216;-46,85970975;SPRF-SP;DEL04-SP;UOP01-DEL04-SP;false
549317.0;2023-09-17;domingo;20:00:00;SP;116.0;431;REGISTRO;Ausência de reação do condutor;Saída de leito carroçável;Com Vítimas Feridas;Plena Noite;Crescente;Céu Claro;Dupla;Reta;Não;1;0;1;0;0;0;1;1;-24,41194876;-47,75392914;SPRF-SP;DEL05-SP;UOP01-DEL05-SP;false
549433.0;2023-09-18;segunda-feira;10:15:00;SP;116.0;227;GUARULHOS;Acessar a via sem observar a presença dos outros veículos;Colisão traseira;Com Vítimas Feridas;Pleno dia;Crescente;Céu Claro;Dupla;Reta;Sim;2;0;1;0;1;0;1;2;-23,4965926434;-46,5564875418;SPRF-SP;DEL01-SP;UOP01-DEL01-SP;false
549600.0;2023-09-19;terça-feira;06:20:00;SP;116.0;450,1;REGISTRO;Pedestre andava na pista;Atropelamento de Pedestre;Com Vítimas Feridas;Pleno dia;Crescente;Céu Claro;Dupla;Reta;Não;3;0;0;1;2;0;1;3;-24,47609886;-47,8273532;SPRF-SP;DEL05-SP;UOP01-DEL05-SP;false
549612.0;2023-09-19;terça-feira;06:45:00;SP;116.0;111;TAUBATE;Velocidade Incompatível;Colisão traseira;Com Vítimas Feridas;Pleno dia;Decrescente;Céu Claro;Dupla;Reta;Não;2;0;1;0;1;0;1;2;-23,03887149;-45,56097419;SPRF-SP;DEL02-SP;UOP02-DEL02-SP;false
549676.0;2023-08-14;segunda-feira;23:40:00;SP;381.0;58;MAIRIPORA;Ausência de reação do condutor;Colisão traseira;Com Vítimas Feridas;Plena Noite;Crescente;Nublado;Dupla;Reta;Não;2;0;1;0;1;0;1;2;-23,27438497;-46,58530615;SPRF-SP;DEL03-SP;UOP01-DEL03-SP;false
549703.0;2023-09-19;terça-feira;15:55:00;SP;116.0;224;GUARULHOS;Ausência de reação do condutor;Colisão traseira;Com Vítimas Feridas;Pleno dia;Decrescente;Céu Claro;Múltipla;Reta;Sim;2;0;1;0;1;0;1;2;-23,47975115;-46,53122397;SPRF-SP;DEL01-SP;UOP01-DEL01-SP;false
549818.0;2023-09-15;sexta-feira;00:30:00;SP;116.0;434,7;REGISTRO;Reação tardia ou ineficiente do condutor;Saída de leito carroçável;Sem Vítimas;Plena Noite;Crescente;Céu Claro;Dupla;Curva;Não;1;0;0;0;1;0;0;1;-24,42368904;-47,77892497;SPRF-SP;DEL05-SP;UOP01-DEL05-SP;false
549837.0;2023-02-03;sexta-feira;21:50:00;SP;116.0;193;SANTA ISABEL;Ausência de reação do condutor;Colisão traseira;Com Vítimas Feridas;Plena Noite;Decrescente;Nublado;Dupla;Aclive;Não;6;0;2;1;3;0;3;2;-23,380407;-46,258509;SPRF-SP;DEL01-SP;UOP01-DEL01-SP;false
549886.0;2023-09-20;quarta-feira;17:20:00;SP;116.0;326,5;JUQUITIBA;Reação tardia ou ineficiente do condutor;Colisão traseira;Com Vítimas Feridas;Anoitecer;Decrescente;Céu Claro;Dupla;"Reta;Retorno Regulamentado    ";Sim;4;0;0;1;3;0;1;2;-23,93901304;-47,06241203;SPRF-SP;DEL04-SP;UOP03-DEL04-SP;false
549923.0;2023-09-20;quarta-feira;19:35:00;SP;116.0;280,8;EMBU DAS ARTES;Reação tardia ou ineficiente do condutor;Colisão lateral mesmo sentido;Com Vítimas Feridas;Plena Noite;Crescente;Céu Claro;Dupla;Reta;Não;2;0;0;1;1;0;1;2;-23,66996108;-46,85590758;SPRF-SP;DEL04-SP;UOP01-DEL04-SP;false
550025.0;2023-08-14;segunda-feira;00:05:00;SP;116.0;92;PINDAMONHANGABA;Ausência de reação do condutor;Colisão traseira;Com Vítimas Feridas;Plena Noite;Crescente;Céu Claro;Dupla;Reta;Não;2;0;1;0;1;0;1;2;-22,95222732;-45,40443885;SPRF-SP;DEL08-SP;UOP01-DEL08-SP;false
550043.0;2023-09-06;quarta-feira;05:20:00;SP;116.0;533;BARRA DO TURVO;Reação tardia ou ineficiente do condutor;Colisão traseira;Com Vítimas Fatais;Amanhecer;Crescente;Garoa/Chuvisco;Dupla;Reta;Não;3;1;0;0;2;0;0;2;-24,95624836;-48,33304769;SPRF-SP;DEL05-SP;UOP02-DEL05-SP;false
550151.0;2023-09-21;quinta-feira;23:00:00;SP;116.0;216;GUARULHOS;Manobra de mudança de faixa;Colisão lateral mesmo sentido;Com Vítimas Feridas;Plena Noite;Crescente;Nublado;Múltipla;Reta;Não;2;0;1;0;0;1;1;2;-23,44695693;-46,45394103;SPRF-SP;DEL01-SP;UOP01-DEL01-SP;false
550203.0;2023-09-22;sexta-feira;09:30:00;SP;381.0;89,6;GUARULHOS;Manobra de mudança de faixa;Colisão lateral mesmo sentido;Com Vítimas Feridas;Pleno dia;Crescente;Céu Claro;Dupla;Reta;Não;2;0;1;0;1;0;1;2;-23,492959;-46,559422;SPRF-SP;DEL03-SP;UOP01-DEL03-SP;false
550212.0;2023-09-22;sexta-feira;09:30:00;SP;116.0;219;GUARULHOS;Ausência de reação do condutor;Colisão traseira;Com Vítimas Feridas;Pleno dia;Crescente;Sol;Múltipla;"Curva;Aclive                  ";Sim;3;0;1;0;2;0;1;2;-23,46143954;-46,48885316;SPRF-SP;DEL01-SP;UOP01-DEL01-SP;false
550323.0;2023-09-22;sexta-feira;19:00:00;SP;116.0;394;MIRACATU;Reação tardia ou ineficiente do condutor;Colisão traseira;Sem Vítimas;Plena Noite;Decrescente;Céu Claro;Dupla;Reta;Não;2;0;0;0;0;2;0;2;-24,28717454;-47,45143994;SPRF-SP;DEL04-SP;UOP02-DEL04-SP;false
550552.0;2023-09-24;domingo;02:10:00;SP;116.0;98;PINDAMONHANGABA;Velocidade Incompatível;Colisão traseira;Com Vítimas Feridas;Plena Noite;Crescente;Céu Claro;Dupla;Reta;Não;5;0;1;2;2;0;3;4;-22,97805164;-45,45583318;SPRF-SP;DEL08-SP;UOP01-DEL08-SP;false
550658.0;2023-09-24;domingo;15:00:00;SP;381.0;74;SAO PAULO;Carga excessiva e/ou mal acondicionada;Derramamento de carga;Sem Vítimas;Pleno dia;Decrescente;Sol;Múltipla;"Reta;Declive                  ";Não;1;0;0;0;1;0;0;1;-23,37208014;-46,55700294;SPRF-SP;DEL03-SP;UOP01-DEL03-SP;false
550678.0;2023-09-24;domingo;17:50:00;SP;116.0;230;SAO PAULO;Manobra de mudança de faixa;Colisão traseira;Com Vítimas Feridas;Anoitecer;Decrescente;Céu Claro;Dupla;Reta;Sim;2;0;1;0;0;1;1;2;-23,52251783;-46,5855702;SPRF-SP;DEL01-SP;UOP01-DEL01-SP;false
550772.0;2023-09-25;segunda-feira;01:10:00;SP;116.0;45,4;CANAS;Reação tardia ou ineficiente do condutor;Colisão traseira;Com Vítimas Feridas;Plena Noite;Decrescente;Céu Claro;Dupla;Reta;Não;2;0;0;1;1;0;1;2;-22,70843505;-45,04559397;SPRF-SP;DEL08-SP;UOP02-DEL08-SP;false
550778.0;2023-09-24;domingo;23:50:00;SP;116.0;166,8;JACAREI;Ausência de reação do condutor;Tombamento;Sem Vítimas;Plena Noite;Crescente;Céu Claro;Múltipla;"Reta;Aclive                   ";Sim;1;0;0;0;1;0;0;1;-23,30055667;-46,01686506;SPRF-SP;DEL02-SP;UOP01-DEL02-SP;false
550881.0;2023-09-25;segunda-feira;13:50:00;SP;381.0;87;SAO PAULO;Reação tardia ou ineficiente do condutor;Colisão lateral mesmo sentido;Com Vítimas Feridas;Pleno dia;Decrescente;Céu Claro;Múltipla;Reta;Sim;2;0;1;0;1;0;1;2;-23,46885001;-46,56996601;SPRF-SP;DEL03-SP;UOP01-DEL03-SP;false
550909.0;2023-09-25;segunda-feira;16:00:00;SP;153.0;114,5;JOSE BONIFACIO;Ultrapassagem Indevida;Saída de leito carroçável;Com Vítimas Feridas;Pleno dia;Crescente;Céu Claro;Simples;Reta;Não;2;0;1;0;0;1;1;2;-21,12117412;-49,69084075;SPRF-SP;DEL09-SP;UOP01-DEL09-SP;false
550999.0;2023-09-14;quinta-feira;07:15:00;SP;381.0;25;ATIBAIA;Manobra de mudança de faixa;Colisão com objeto;Com Vítimas Feridas;Amanhecer;Crescente;Céu Claro;Dupla;Reta;Não;2;0;1;0;1;0;1;2;-23,02018004;-46,52966596;SPRF-SP;DEL03-SP;UOP02-DEL03-SP;false
551102.0;2023-09-26;terça-feira;15:00:00;SP;116.0;72,9;APARECIDA;Manobra de mudança de faixa;Colisão lateral mesmo sentido;Com Vítimas Feridas;Pleno dia;Decrescente;Céu Claro;Dupla;"Reta;Aclive                   ";Não;3;0;1;0;2;0;1;2;-22,86354218;-45,23746093;SPRF-SP;DEL08-SP;UOP01-DEL08-SP;false
551200.0;2023-09-27;quarta-feira;05:10:00;SP;116.0;223;GUARULHOS;Reação tardia ou ineficiente do condutor;Colisão traseira;Com Vítimas Feridas;Amanhecer;Decrescente;Nublado;Múltipla;Reta;Sim;2;0;1;0;1;0;1;2;-23,47559815;-46,5246609;SPRF-SP;DEL01-SP;UOP01-DEL01-SP;false
551243.0;2023-09-27;quarta-feira;09:39:00;SP;116.0;323,6;JUQUITIBA;Manobra de mudança de faixa;Colisão lateral mesmo sentido;Sem Vítimas;Pleno dia;Decrescente;Nublado;Dupla;Reta;Sim;2;0;0;0;2;0;0;2;-23,93663197;-47,03568002;SPRF-SP;DEL04-SP;UOP03-DEL04-SP;false
551289.0;2023-09-27;quarta-feira;14:30:00;SP;116.0;311;SAO LOURENCO DA SERRA;Ausência de reação do condutor;Saída de leito carroçável;Com Vítimas Feridas;Pleno dia;Crescente;Nublado;Dupla;Curva;Sim;1;0;1;0;0;0;1;1;-23,87725502;-46,96775798;SPRF-SP;DEL04-SP;UOP01-DEL04-SP;false
551327.0;2023-09-27;quarta-feira;17:00:00;SP;116.0;282;EMBU DAS ARTES;Acessar a via sem observar a presença dos outros veículos;Colisão lateral mesmo sentido;Sem Vítimas;Pleno dia;Decrescente;Céu Claro;Dupla;"Viaduto;Reta                  ";Sim;3;0;0;0;3;0;0;2;-23,65937371;-46,85104609;SPRF-SP;DEL04-SP;UOP01-DEL04-SP;false
551349.0;2023-09-27;quarta-feira;19:30:00;SP;116.0;187;SANTA ISABEL;Ausência de reação do condutor;Colisão lateral mesmo sentido;Sem Vítimas;Plena Noite;Decrescente;Chuva;Dupla;"Curva;Declive                 ";Sim;4;0;0;0;2;2;0;3;-23,35713072;-46,20737811;SPRF-SP;DEL01-SP;UOP01-DEL01-SP;false
551352.0;2023-09-27;quarta-feira;19:09:00;SP;116.0;364;MIRACATU;Pista Escorregadia;Colisão com objeto;Com Vítimas Feridas;Plena Noite;Decrescente;Garoa/Chuvisco;Dupla;Reta;Não;1;0;1;0;0;0;1;1;-24,13881806;-47,27310246;SPRF-SP;DEL04-SP;UOP02-DEL04-SP;false
551449.0;2023-08-26;sábado;14:04:00;SP;381.0;70;MAIRIPORA;Ausência de reação do condutor;Colisão com objeto;Com Vítimas Feridas;Pleno dia;Decrescente;Garoa/Chuvisco;Múltipla;Reta;Não;3;0;3;0;0;0;3;3;-23,34972978;-46,56070474;SPRF-SP;DEL03-SP;UOP01-DEL03-SP;false
551552.0;2023-09-28;quinta-feira;22:20:00;SP;116.0;353;MIRACATU;Problema com o freio;Colisão lateral mesmo sentido;Sem Vítimas;Plena Noite;Crescente;Garoa/Chuvisco;Dupla;Curva;Não;2;0;0;0;2;0;0;2;-24,07031103;-47,24202498;SPRF-SP;DEL04-SP;UOP03-DEL04-SP;false
551576.0;2023-09-29;sexta-feira;01:36:00;SP;116.0;30,5;CRUZEIRO;Reação tardia ou ineficiente do condutor;Colisão traseira;Com Vítimas Feridas;Plena Noite;Decrescente;Nublado;Dupla;"Declive;Reta                  ";Não;3;0;1;0;1;1;1;3;-22,63400287;-44,93203106;SPRF-SP;DEL08-SP;UOP02-DEL08-SP;false
551579.0;2023-09-29;sexta-feira;03:10:00;SP;116.0;271;TABOAO DA SERRA;Reação tardia ou ineficiente do condutor;Colisão traseira;Com Vítimas Feridas;Plena Noite;Decrescente;Céu Claro;Dupla;Reta;Sim;2;0;0;1;1;0;1;2;-23,61809286;-46,80556302;SPRF-SP;DEL04-SP;UOP01-DEL04-SP;false
551583.0;2023-09-29;sexta-feira;02:35:00;SP;116.0;531;BARRA DO TURVO;Reação tardia ou ineficiente do condutor;Colisão traseira;Com Vítimas Feridas;Plena Noite;Crescente;Garoa/Chuvisco;Dupla;Reta;Não;2;0;1;0;1;0;1;2;-24,95040608;-48,31521291;SPRF-SP;DEL05-SP;UOP02-DEL05-SP;false
551601.0;2023-09-29;sexta-feira;01:10:00;SP;116.0;339;MIRACATU;Velocidade Incompatível;Tombamento;Com Vítimas Feridas;Plena Noite;Crescente;Nublado;Dupla;Aclive;Não;1;0;0;1;0;0;1;1;-23,9983939;-47,14927316;SPRF-SP;DEL04-SP;UOP03-DEL04-SP;false
551654.0;2023-09-29;sexta-feira;10:50:00;SP;116.0;101,3;PINDAMONHANGABA;Reação tardia ou ineficiente do condutor;Colisão traseira;Sem Vítimas;Pleno dia;Decrescente;Céu Claro;Dupla;Aclive;Não;5;0;0;0;5;0;0;5;-22,99074204;-45,48115098;SPRF-SP;DEL08-SP;UOP01-DEL08-SP;false
551659.0;2023-09-29;sexta-feira;11:10:00;SP;116.0;364;MIRACATU;Reação tardia ou ineficiente do condutor;Tombamento;Com Vítimas Feridas;Pleno dia;Decrescente;Céu Claro;Dupla;Curva;Não;1;0;1;0;0;0;1;1;-24,13881806;-47,27310246;SPRF-SP;DEL04-SP;UOP02-DEL04-SP;false
551660.0;2023-09-29;sexta-feira;09:20:00;SP;116.0;513;CAJATI;Acumulo de água sobre o pavimento;Colisão lateral mesmo sentido;Com Vítimas Feridas;Pleno dia;Decrescente;Chuva;Simples;Curva;Não;3;0;2;0;1;0;2;2;-24,84668218;-48,21423054;SPRF-SP;DEL05-SP;UOP02-DEL05-SP;false
551719.0;2023-09-29;sexta-feira;17:30:00;SP;381.0;7;VARGEM;Demais falhas mecânicas ou elétricas;Tombamento;Com Vítimas Feridas;Pleno dia;Crescente;Céu Claro;Dupla;Reta;Não;1;0;1;0;0;0;1;1;-22,90533708;-46,42270582;SPRF-SP;DEL03-SP;UOP02-DEL03-SP;false
551728.0;2023-09-29;sexta-feira;17:30:00;SP;116.0;147;SAO JOSE DOS CAMPOS;Ausência de reação do condutor;Colisão traseira;Com Vítimas Feridas;Plena Noite;Decrescente;Nublado;Dupla;Reta;Sim;2;0;1;0;1;0;1;2;-23,19542994;-45,87176303;SPRF-SP;DEL02-SP;UOP01-DEL02-SP;false
551738.0;2023-09-29;sexta-feira;18:45:00;SP;116.0;51;LORENA;Transitar na contramão;Colisão lateral mesmo sentido;Com Vítimas Feridas;Anoitecer;Crescente;Céu Claro;Simples;"Reta;Retorno Regulamentado    ";Não;3;0;1;0;1;1;1;3;-22,74157511;-45,09206392;SPRF-SP;DEL08-SP;UOP02-DEL08-SP;false