id;data_inversa;dia_semana;horario;uf;br;km;municipio;causa_acidente;tipo_acidente;classificacao_acidente;fase_dia;sentido_via;condicao_metereologica;tipo_pista;tracado_via;uso_solo;pessoas;mortos;feridos_leves;feridos_graves;ilesos;ignorados;feridos;veiculos;latitude;longitude;regional;delegacia;uop;feriado
562078.0;2023-11-18;sábado;15:50:00;SP;116.0;155,1;SAO JOSE DOS CAMPOS;Manobra de mudança de faixa;Colisão lateral mesmo sentido;Com Vítimas Feridas;Pleno dia;Decrescente;Céu Claro;Dupla;"Reta;Declive                  ";Não;2;0;1;0;1;0;1;2;-23,24524337;-45,92772774;SPRF-SP;DEL02-SP;UOP01-DEL02-SP;false
562146.0;2023-11-18;sábado;21:29:00;SP;116.0;146;SAO JOSE DOS CAMPOS;Ausência de reação do condutor;Colisão lateral mesmo sentido;Com Vítimas Feridas;Plena Noite;Crescente;Céu Claro;Múltipla;Reta;Sim;2;0;1;0;1;0;1;2;-23,19122919;-45,86327591;SPRF-SP;DEL02-SP;UOP01-DEL02-SP;false
562195.0;2023-11-19;domingo;05:30:00;SP;381.0;33;ATIBAIA;Ausência de reação do condutor;Colisão frontal;Sem Vítimas;Amanhecer;Crescente;Chuva;Dupla;Declive;Não;2;0;0;0;2;0;0;2;-23,0728028;-46,56673562;SPRF-SP;DEL03-SP;UOP02-DEL03-SP;false
562224.0;2023-11-16;quinta-feira;21:00:00;SP;116.0;301;SAO LOURENCO DA SERRA;Ausência de reação do condutor;Saída de leito carroçável;Sem Vítimas;Plena Noite;Crescente;Chuva;Dupla;Declive;Não;1;0;0;0;1;0;0;1;-23,81147602;-46,92298208;SPRF-SP;DEL04-SP;UOP01-DEL04-SP;false
562285.0;2023-11-19;domingo;14:30:00;SP;116.0;379;MIRACATU;Reação tardia ou ineficiente do condutor;Colisão lateral mesmo sentido;Com Vítimas Feridas;Pleno dia;Decrescente;Chuva;Dupla;Reta;Não;5;0;1;0;4;0;1;2;-24,20982408;-47,37100817;SPRF-SP;DEL04-SP;UOP02-DEL04-SP;false
562433.0;2023-11-20;segunda-feira;04:40:00;SP;153.0;270,9;OCAUCU;Condutor Dormindo;Capotamento;Com Vítimas Fatais;Plena Noite;Decrescente;Céu Claro;Simples;Reta;Não;1;1;0;0;0;0;0;1;-22,34736026;-49,89590137;SPRF-SP;DEL07-SP;UOP02-DEL07-SP;false
562482.0;2023-11-20;segunda-feira;08:20:00;SP;116.0;515;CAJATI;Acumulo de água sobre o pavimento;Eventos atípicos;Com Vítimas Feridas;Pleno dia;Decrescente;Chuva;Simples;Curva;Não;4;0;0;2;2;0;2;2;-24,86887764;-48,21071148;SPRF-SP;DEL05-SP;UOP02-DEL05-SP;false
562582.0;2023-11-20;segunda-feira;20:30:00;SP;116.0;221;GUARULHOS;Manobra de mudança de faixa;Colisão lateral mesmo sentido;Com Vítimas Feridas;Plena Noite;Decrescente;Céu Claro;Múltipla;Reta;Sim;4;0;1;0;3;0;1;3;-23,46802395;-46,50704901;SPRF-SP;DEL01-SP;UOP01-DEL01-SP;false
562589.0;2023-11-20;segunda-feira;15:50:00;SP;116.0;347;MIRACATU;Chuva;Colisão lateral mesmo sentido;Com Vítimas Feridas;Pleno dia;Decrescente;Chuva;Dupla;Curva;Não;5;0;1;0;3;1;1;2;-24,04699491;-47,19706111;SPRF-SP;DEL04-SP;UOP03-DEL04-SP;false
562622.0;2023-11-21;terça-feira;03:15:00;SP;116.0;318;JUQUITIBA;Reação tardia ou ineficiente do condutor;Tombamento;Com Vítimas Feridas;Amanhecer;Decrescente;Garoa/Chuvisco;Múltipla;Reta;Sim;2;0;2;0;0;0;2;1;-23,92536222;-46,99376156;SPRF-SP;DEL04-SP;UOP03-DEL04-SP;false
562640.0;2023-11-01;quarta-feira;13:10:00;SP;153.0;88;MIRASSOL;Condutor Dormindo;Engavetamento;Com Vítimas Feridas;Pleno dia;Crescente;Céu Claro;Simples;Reta;Sim;6;0;3;0;3;0;3;4;-20,94945283;-49,5429491;SPRF-SP;DEL09-SP;UOP01-DEL09-SP;false
562670.0;2023-11-21;terça-feira;09:00:00;SP;116.0;350,5;MIRACATU;Ausência de reação do condutor;Colisão traseira;Com Vítimas Feridas;Pleno dia;Crescente;Nublado;Dupla;"Declive;Curva                 ";Não;3;0;1;0;2;0;1;2;-24,05853299;-47,21739301;SPRF-SP;DEL04-SP;UOP03-DEL04-SP;false
562711.0;2023-11-21;terça-feira;13:30:00;SP;116.0;291;ITAPECERICA DA SERRA;Trafegar com motocicleta (ou similar) entre as faixas;Colisão lateral mesmo sentido;Sem Vítimas;Pleno dia;Decrescente;Céu Claro;Dupla;Reta;Não;4;0;0;0;4;0;0;4;-23,73826593;-46,89672721;SPRF-SP;DEL04-SP;UOP01-DEL04-SP;false
562741.0;2023-11-21;terça-feira;15:30:00;SP;116.0;209;GUARULHOS;Ausência de reação do condutor;Colisão traseira;Sem Vítimas;Pleno dia;Decrescente;Sol;Múltipla;Reta;Sim;3;0;0;0;3;0;0;3;-23,42511799;-46,40221101;SPRF-SP;DEL01-SP;UOP01-DEL01-SP;false
562812.0;2023-11-22;quarta-feira;00:40:00;SP;116.0;103,2;TAUBATE;Velocidade Incompatível;Engavetamento;Com Vítimas Fatais;Plena Noite;Decrescente;Chuva;Dupla;"Reta;Declive                  ";Não;5;3;0;0;2;0;0;3;-22,99919465;-45,49788917;SPRF-SP;DEL02-SP;UOP02-DEL02-SP;false
562815.0;2023-11-22;quarta-feira;00:35:00;SP;116.0;102,5;PINDAMONHANGABA;Ausência de reação do condutor;Colisão traseira;Com Vítimas Feridas;Plena Noite;Decrescente;Chuva;Dupla;Aclive;Não;3;0;1;0;2;0;1;2;-22,99497994;-45,48951403;SPRF-SP;DEL08-SP;UOP01-DEL08-SP;false
562861.0;2023-11-22;quarta-feira;11:00:00;SP;381.0;37;ATIBAIA;Demais falhas mecânicas ou elétricas;Colisão traseira;Com Vítimas Feridas;Pleno dia;Crescente;Céu Claro;Dupla;"Curva;Interseção de Vias;Decli";Não;4;0;1;0;3;0;1;3;-23,10506237;-46,56881577;SPRF-SP;DEL03-SP;UOP01-DEL03-SP;false
562890.0;2023-11-22;quarta-feira;14:20:00;SP;116.0;206;GUARULHOS;Reação tardia ou ineficiente do condutor;Saída de leito carroçável;Com Vítimas Feridas;Pleno dia;Crescente;Céu Claro;Dupla;Reta;Sim;2;0;1;0;0;1;1;2;-23,41722629;-46,37510292;SPRF-SP;DEL01-SP;UOP01-DEL01-SP;false
562914.0;2023-11-22;quarta-feira;16:25:00;SP;116.0;24,6;LAVRINHAS;Demais falhas mecânicas ou elétricas;Incêndio;Com Vítimas Feridas;Pleno dia;Decrescente;Céu Claro;Dupla;"Aclive;Reta                   ";Não;1;0;1;0;0;0;1;1;-22,59895814;-44,88797962;SPRF-SP;DEL08-SP;UOP02-DEL08-SP;false
562956.0;2023-11-22;quarta-feira;19:30:00;SP;116.0;47;CANAS;Reação tardia ou ineficiente do condutor;Colisão traseira;Com Vítimas Feridas;Plena Noite;Decrescente;Céu Claro;Dupla;Reta;Não;3;0;1;0;1;1;1;2;-22,71946606;-45,06109596;SPRF-SP;DEL08-SP;UOP02-DEL08-SP;false
562969.0;2023-11-22;quarta-feira;21:40:00;SP;116.0;176,9;GUARAREMA;Entrada inopinada do pedestre;Atropelamento de Pedestre;Com Vítimas Fatais;Plena Noite;Decrescente;Céu Claro;Dupla;Curva;Não;3;1;0;0;1;1;0;2;-23,32188281;-46,110083;SPRF-SP;DEL01-SP;UOP01-DEL01-SP;false
562996.0;2023-11-23;quinta-feira;05:00:00;SP;116.0;388;MIRACATU;Condutor Dormindo;Saída de leito carroçável;Com Vítimas Feridas;Plena Noite;Crescente;Garoa/Chuvisco;Dupla;Reta;Não;1;0;1;0;0;0;1;1;-24,26919492;-47,39740603;SPRF-SP;DEL04-SP;UOP02-DEL04-SP;false
563015.0;2023-11-23;quinta-feira;07:20:00;SP;116.0;2;QUELUZ;Reação tardia ou ineficiente do condutor;Colisão traseira;Com Vítimas Feridas;Pleno dia;Decrescente;Céu Claro;Dupla;Reta;Não;1;0;0;1;0;0;1;1;-22,52224482;-44,7168661;SPRF-SP;DEL08-SP;UOP02-DEL08-SP;false
563104.0;2023-11-23;quinta-feira;16:20:00;SP;116.0;436;REGISTRO;Objeto estático sobre o leito carroçável;Saída de leito carroçável;Com Vítimas Feridas;Pleno dia;Decrescente;Nublado;Dupla;Reta;Não;6;0;4;1;1;0;5;2;-24,42978592;-47,78559107;SPRF-SP;DEL05-SP;UOP01-DEL05-SP;false
563138.0;2023-11-23;quinta-feira;16:50:00;SP;381.0;2;VARGEM;Ausência de reação do condutor;Engavetamento;Com Vítimas Feridas;Pleno dia;Decrescente;Nublado;Dupla;Curva;Não;6;0;2;0;4;0;2;4;-22,88187369;-46,39059388;SPRF-SP;DEL03-SP;UOP02-DEL03-SP;false
563151.0;2023-11-23;quinta-feira;19:30:00;SP;116.0;288;ITAPECERICA DA SERRA;Ausência de reação do condutor;Colisão lateral mesmo sentido;Com Vítimas Feridas;Plena Noite;Decrescente;Garoa/Chuvisco;Dupla;Reta;Não;4;0;2;0;2;0;2;3;-23,719254;-46,883144;SPRF-SP;DEL04-SP;UOP01-DEL04-SP;false
563185.0;2023-11-23;quinta-feira;23:00:00;SP;116.0;276;EMBU DAS ARTES;Reação tardia ou ineficiente do condutor;Colisão lateral mesmo sentido;Sem Vítimas;Plena Noite;Decrescente;Céu Claro;Dupla;Reta;Sim;2;0;0;0;2;0;0;2;-23,64262417;-46,83811382;SPRF-SP;DEL04-SP;UOP01-DEL04-SP;false
563220.0;2023-11-24;sexta-feira;01:10:00;SP;381.0;21;BRAGANCA PAULISTA;Reação tardia ou ineficiente do condutor;Colisão traseira;Com Vítimas Feridas;Plena Noite;Decrescente;Chuva;Dupla;Curva;Não;2;0;0;1;1;0;1;2;-22,99140199;-46,50878201;SPRF-SP;DEL03-SP;UOP02-DEL03-SP;false
563279.0;2023-10-31;terça-feira;08:15:00;SP;381.0;26,2;ATIBAIA;Condutor deixou de manter distância do veículo da frente;Engavetamento;Com Vítimas Feridas;Pleno dia;Crescente;Céu Claro;Dupla;Reta;Não;6;0;1;2;3;0;3;6;-23,02679312;-46,53612988;SPRF-SP;DEL03-SP;UOP02-DEL03-SP;false
563382.0;2023-11-24;sexta-feira;20:20:00;SP;459.0;8,7;PIQUETE;Curva acentuada;Colisão frontal;Com Vítimas Feridas;Plena Noite;Crescente;Chuva;Simples;Curva;Não;3;0;1;0;2;0;1;2;-22,57524131;-45,19316196;SPRF-SP;DEL08-SP;UOP02-DEL08-SP;false
563404.0;2023-11-25;sábado;02:35:00;SP;153.0;304,3;CAMPOS NOVOS PAULISTA;Reação tardia ou ineficiente do condutor;Colisão traseira;Com Vítimas Fatais;Plena Noite;Decrescente;Nublado;Simples;"Reta;Declive                  ";Sim;3;1;1;0;1;0;1;2;-22,616727;-49,88953502;SPRF-SP;DEL07-SP;UOP03-DEL07-SP;false
563466.0;2023-11-25;sábado;07:35:00;SP;116.0;30,5;CRUZEIRO;Manobra de mudança de faixa;Colisão traseira;Com Vítimas Feridas;Pleno dia;Decrescente;Céu Claro;Dupla;Reta;Não;6;0;2;0;4;0;2;2;-22,63400287;-44,93203106;SPRF-SP;DEL08-SP;UOP02-DEL08-SP;false
563744.0;2023-11-26;domingo;15:30:00;SP;116.0;162;JACAREI;Reação tardia ou ineficiente do condutor;Tombamento;Com Vítimas Feridas;Pleno dia;Crescente;Céu Claro;Dupla;Reta;Não;1;0;1;0;0;0;1;1;-23,28133317;-45,98394689;SPRF-SP;DEL02-SP;UOP01-DEL02-SP;false
563757.0;2023-11-26;domingo;16:00:00;SP;116.0;107;TAUBATE;Reação tardia ou ineficiente do condutor;Colisão traseira;Com Vítimas Feridas;Pleno dia;Crescente;Nublado;Dupla;Reta;Não;2;0;0;1;1;0;1;2;-23,01791287;-45,53009409;SPRF-SP;DEL02-SP;UOP02-DEL02-SP;false
563843.0;2023-11-26;domingo;21:50:00;SP;116.0;354,9;MIRACATU;Reação tardia ou ineficiente do condutor;Colisão traseira;Com Vítimas Feridas;Plena Noite;Crescente;Céu Claro;Dupla;"Curva;Declive                 ";Não;3;0;2;0;1;0;2;2;-24,08289401;-47,25237399;SPRF-SP;DEL04-SP;UOP03-DEL04-SP;false
563845.0;2023-11-26;domingo;23:00:00;SP;116.0;476;JACUPIRANGA;Acessar a via sem observar a presença dos outros veículos;Colisão transversal;Com Vítimas Feridas;Plena Noite;Decrescente;Garoa/Chuvisco;Simples;"Interseção de Vias;Viaduto    ";Não;3;0;0;1;1;1;1;3;-24,6928255;-47,99567352;SPRF-SP;DEL05-SP;UOP01-DEL05-SP;false
563853.0;2023-11-27;segunda-feira;00:20:00;SP;116.0;337;JUQUITIBA;Demais falhas mecânicas ou elétricas;Incêndio;Sem Vítimas;Plena Noite;Crescente;Ignorado;Dupla;Reta;Sim;1;0;0;0;0;1;0;1;-23,9818403;-47,14564419;SPRF-SP;DEL04-SP;UOP03-DEL04-SP;false
564054.0;2023-11-28;terça-feira;03:20:00;SP;116.0;528;BARRA DO TURVO;Condutor deixou de manter distância do veículo da frente;Colisão traseira;Com Vítimas Feridas;Plena Noite;Crescente;Nublado;Dupla;Reta;Não;2;0;1;0;1;0;1;2;-24,93621048;-48,29215184;SPRF-SP;DEL05-SP;UOP02-DEL05-SP;false
564072.0;2023-11-28;terça-feira;04:10:00;SP;116.0;459;PARIQUERA-ACU;Ausência de reação do condutor;Saída de leito carroçável;Sem Vítimas;Amanhecer;Crescente;Céu Claro;Dupla;Reta;Sim;1;0;0;0;1;0;0;1;-24,60387477;-47,8770803;SPRF-SP;DEL05-SP;UOP01-DEL05-SP;false
564111.0;2023-11-28;terça-feira;11:30:00;SP;116.0;143;SAO JOSE DOS CAMPOS;Manobra de mudança de faixa;Colisão lateral mesmo sentido;Com Vítimas Feridas;Pleno dia;Crescente;Nublado;Múltipla;"Retorno Regulamentado;Reta    ";Sim;2;0;0;1;1;0;1;2;-23,17849879;-45,83787411;SPRF-SP;DEL02-SP;UOP01-DEL02-SP;false
564159.0;2023-11-28;terça-feira;16:00:00;SP;116.0;305;SAO LOURENCO DA SERRA;Ausência de reação do condutor;Saída de leito carroçável;Com Vítimas Feridas;Pleno dia;Crescente;Céu Claro;Dupla;Curva;Sim;1;0;1;0;0;0;1;1;-23,84287313;-46,93238591;SPRF-SP;DEL04-SP;UOP01-DEL04-SP;false
564239.0;2023-11-29;quarta-feira;00:45:00;SP;116.0;36,7;CACHOEIRA PAULISTA;Ausência de reação do condutor;Colisão traseira;Com Vítimas Fatais;Plena Noite;Crescente;Chuva;Múltipla;Reta;Não;4;1;0;0;3;0;0;4;-22,66104604;-44,97604019;SPRF-SP;DEL08-SP;UOP02-DEL08-SP;false
564274.0;2023-10-25;quarta-feira;04:00:00;SP;116.0;545,7;BARRA DO TURVO;Pista Escorregadia;Colisão com objeto;Com Vítimas Feridas;Plena Noite;Crescente;Garoa/Chuvisco;Simples;"Curva;Declive                 ";Não;7;0;0;1;6;0;1;7;-24,95016699;-48,42400302;SPRF-SP;DEL05-SP;UOP02-DEL05-SP;false
564350.0;2023-11-29;quarta-feira;17:00:00;SP;116.0;222;GUARULHOS;Trafegar com motocicleta (ou similar) entre as faixas;Colisão lateral mesmo sentido;Com Vítimas Feridas;Anoitecer;Decrescente;Céu Claro;Múltipla;Reta;Sim;2;0;1;0;0;1;1;2;-23,47093408;-46,51631097;SPRF-SP;DEL01-SP;UOP01-DEL01-SP;false
564390.0;2023-11-29;quarta-feira;16:00:00;SP;116.0;46;CANAS;Falta de acostamento;Colisão lateral mesmo sentido;Com Vítimas Feridas;Pleno dia;Crescente;Céu Claro;Dupla;Reta;Sim;4;0;1;0;2;1;1;4;-22,71393589;-45,05335608;SPRF-SP;DEL08-SP;UOP02-DEL08-SP;false
564418.0;2023-11-30;quinta-feira;00:30:00;SP;116.0;209;GUARULHOS;Ausência de reação do condutor;Colisão traseira;Com Vítimas Feridas;Plena Noite;Decrescente;Nublado;Múltipla;Reta;Não;2;0;1;0;1;0;1;2;-23,42511799;-46,40221101;SPRF-SP;DEL01-SP;UOP01-DEL01-SP;false
564428.0;2023-11-30;quinta-feira;01:00:00;SP;116.0;219;GUARULHOS;Demais falhas mecânicas ou elétricas;Incêndio;Sem Vítimas;Plena Noite;Decrescente;Céu Claro;Múltipla;Reta;Sim;1;0;0;0;1;0;0;1;-23,46143954;-46,48885316;SPRF-SP;DEL01-SP;UOP01-DEL01-SP;false
564464.0;2023-11-30;quinta-feira;09:05:00;SP;101.0;46,5;UBATUBA;Estacionar ou parar em local proibido;Colisão lateral mesmo sentido;Com Vítimas Feridas;Pleno dia;Crescente;Sol;Simples;"Reta;Em Obras                 ";Sim;3;0;0;1;1;1;1;3;-23,42403383;-45,07492113;SPRF-SP;DEL06-SP;UOP01-DEL06-SP;false
564531.0;2023-11-30;quinta-feira;17:00:00;SP;116.0;283;EMBU DAS ARTES;Ausência de reação do condutor;Colisão lateral mesmo sentido;Com Vítimas Feridas;Pleno dia;Decrescente;Chuva;Dupla;Reta;Sim;4;0;0;1;1;2;1;4;-23,69297005;-46,86352786;SPRF-SP;DEL04-SP;UOP01-DEL04-SP;false
564651.0;2023-12-01;sexta-feira;07:30:00;SP;116.0;138;SAO JOSE DOS CAMPOS;Reação tardia ou ineficiente do condutor;Saída de leito carroçável;Com Vítimas Feridas;Pleno dia;Decrescente;Sol;Dupla;Reta;Sim;2;0;1;0;0;1;1;2;-23,1572739;-45,79554605;SPRF-SP;DEL02-SP;UOP01-DEL02-SP;false
564671.0;2023-12-01;sexta-feira;09:00:00;SP;153.0;86,4;MIRASSOL;Condutor Dormindo;Saída de leito carroçável;Com Vítimas Feridas;Pleno dia;Crescente;Nublado;Simples;Aclive;Não;1;0;1;0;0;0;1;1;-20,94035079;-49,52635316;SPRF-SP;DEL09-SP;UOP01-DEL09-SP;false
564780.0;2023-12-01;sexta-feira;18:30:00;SP;116.0;108;TAUBATE;Ingestão de álcool pelo condutor;Colisão lateral mesmo sentido;Sem Vítimas;Anoitecer;Crescente;Céu Claro;Dupla;Reta;Sim;2;0;0;0;1;1;0;2;-23,0233097;-45,53763622;SPRF-SP;DEL02-SP;UOP02-DEL02-SP;false
564836.0;2023-12-01;sexta-feira;22:40:00;SP;116.0;344;MIRACATU;Condutor Dormindo;Colisão traseira;Com Vítimas Feridas;Plena Noite;Decrescente;Nublado;Dupla;"Aclive;Reta                   ";Não;2;0;1;0;1;0;1;2;-24,03100913;-47,17891043;SPRF-SP;DEL04-SP;UOP03-DEL04-SP;false
564860.0;2023-12-02;sábado;04:00:00;SP;116.0;114;TAUBATE;Reação tardia ou ineficiente do condutor;Colisão lateral mesmo sentido;Com Vítimas Feridas;Plena Noite;Crescente;Céu Claro;Dupla;Reta;Não;2;0;1;0;1;0;1;2;-23,04654177;-45,59018006;SPRF-SP;DEL02-SP;UOP02-DEL02-SP;false
564863.0;2023-12-02;sábado;01:58:00;SP;153.0;209,8;GUAIMBE;Transitar na contramão;Colisão lateral sentido oposto;Sem Vítimas;Plena Noite;Crescente;Céu Claro;Simples;Reta;Não;3;0;0;0;2;1;0;3;-21,90801161;-49,91389275;SPRF-SP;DEL07-SP;UOP02-DEL07-SP;false
564994.0;2023-08-20;domingo;18:15:00;SP;153.0;50;SAO JOSE DO RIO PRETO;Reação tardia ou ineficiente do condutor;Colisão traseira;Com Vítimas Feridas;Anoitecer;Decrescente;Nublado;Simples;Reta;Não;2;0;0;1;1;0;1;2;-20,70901101;-49,33909429;SPRF-SP;DEL09-SP;UOP01-DEL09-SP;false
565056.0;2023-12-02;sábado;22:15:00;SP;116.0;150;SAO JOSE DOS CAMPOS;Reação tardia ou ineficiente do condutor;Colisão traseira;Sem Vítimas;Plena Noite;Crescente;Céu Claro;Dupla;Reta;Sim;2;0;0;0;2;0;0;2;-23,21335525;-45,8930588;SPRF-SP;DEL02-SP;UOP01-DEL02-SP;false
565120.0;2023-12-03;domingo;06:00:00;SP;116.0;362;MIRACATU;Chuva;Saída de leito carroçável;Com Vítimas Feridas;Pleno dia;Crescente;Garoa/Chuvisco;Dupla;Curva;Não;1;0;0;1;0;0;1;1;-24,1220177;-47,27047772;SPRF-SP;DEL04-SP;UOP03-DEL04-SP;false
565316.0;2023-12-04;segunda-feira;01:30:00;SP;116.0;310,1;SAO LOURENCO DA SERRA;Reação tardia ou ineficiente do condutor;Colisão traseira;Com Vítimas Fatais;Plena Noite;Decrescente;Nublado;Dupla;Reta;Não;4;1;1;1;1;0;2;2;-23,8717102;-46,96137189;SPRF-SP;DEL04-SP;UOP01-DEL04-SP;false
565322.0;2023-12-04;segunda-feira;04:35:00;SP;116.0;75,1;APARECIDA;Pedestre andava na pista;Atropelamento de Pedestre;Com Vítimas Fatais;Amanhecer;Crescente;Céu Claro;Dupla;Reta;Não;4;1;2;0;1;0;2;4;-22,87521876;-45,26277018;SPRF-SP;DEL08-SP;UOP01-DEL08-SP;false
565504.0;2023-12-04;segunda-feira;15:00:00;SP;116.0;142;SAO JOSE DOS CAMPOS;Demais falhas mecânicas ou elétricas;Derramamento de carga;Com Vítimas Fatais;Pleno dia;Crescente;Céu Claro;Dupla;Reta;Sim;1;1;0;0;0;0;0;1;-23,17426078;-45,82940111;SPRF-SP;DEL02-SP;UOP01-DEL02-SP;false
565555.0;2023-12-05;terça-feira;02:00:00;SP;116.0;551;BARRA DO TURVO;Reação tardia ou ineficiente do condutor;Colisão com objeto;Com Vítimas Feridas;Plena Noite;Crescente;Nublado;Simples;Curva;Não;1;0;1;0;0;0;1;1;-24,96100521;-48,47172494;SPRF-SP;DEL05-SP;UOP02-DEL05-SP;false
565583.0;2023-12-05;terça-feira;05:50:00;SP;116.0;469;JACUPIRANGA;Ausência de reação do condutor;Colisão traseira;Com Vítimas Feridas;Amanhecer;Crescente;Céu Claro;Dupla;Reta;Não;2;0;1;0;1;0;1;2;-24,65247192;-47,95005601;SPRF-SP;DEL05-SP;UOP01-DEL05-SP;false
565638.0;2023-12-05;terça-feira;11:38:00;SP;116.0;100,9;PINDAMONHANGABA;Condutor deixou de manter distância do veículo da frente;Colisão traseira;Com Vítimas Feridas;Pleno dia;Crescente;Sol;Dupla;Reta;Não;2;0;1;0;0;1;1;2;-22,986552;-45,47276;SPRF-SP;DEL08-SP;UOP01-DEL08-SP;false
565726.0;2023-12-05;terça-feira;17:35:00;SP;116.0;512;CAJATI;Reação tardia ou ineficiente do condutor;Colisão com objeto;Com Vítimas Feridas;Pleno dia;Decrescente;Céu Claro;Simples;"Curva;Declive                 ";Não;1;0;1;0;0;0;1;1;-24,84304306;-48,22027915;SPRF-SP;DEL05-SP;UOP02-DEL05-SP;false
565764.0;2023-12-05;terça-feira;23:25:00;SP;116.0;486;CAJATI;Reação tardia ou ineficiente do condutor;Engavetamento;Com Vítimas Feridas;Plena Noite;Decrescente;Céu Claro;Dupla;Reta;Sim;5;0;2;1;2;0;3;4;-24,7217453;-48,08178493;SPRF-SP;DEL05-SP;UOP01-DEL05-SP;false
565798.0;2023-12-06;quarta-feira;06:45:00;SP;116.0;64;GUARATINGUETA;Reação tardia ou ineficiente do condutor;Colisão traseira;Com Vítimas Feridas;Pleno dia;Crescente;Céu Claro;Dupla;Curva;Sim;4;0;2;1;1;0;3;3;-22,81942006;-45,18421298;SPRF-SP;DEL08-SP;UOP01-DEL08-SP;false
565804.0;2023-12-06;quarta-feira;03:00:00;SP;116.0;347;MIRACATU;Reação tardia ou ineficiente do condutor;Tombamento;Com Vítimas Feridas;Plena Noite;Crescente;Céu Claro;Dupla;Curva;Não;1;0;0;1;0;0;1;1;-24,04699491;-47,19706111;SPRF-SP;DEL04-SP;UOP03-DEL04-SP;false
565824.0;2023-12-06;quarta-feira;07:40:00;SP;116.0;430;REGISTRO;Acessar a via sem observar a presença dos outros veículos;Colisão lateral mesmo sentido;Com Vítimas Feridas;Pleno dia;Crescente;Céu Claro;Dupla;Reta;Não;3;0;1;1;1;0;2;2;-24,40730885;-47,7459871;SPRF-SP;DEL05-SP;UOP01-DEL05-SP;false
565898.0;2023-12-06;quarta-feira;16:25:00;SP;381.0;4;VARGEM;Velocidade Incompatível;Colisão com objeto;Sem Vítimas;Pleno dia;Crescente;Nublado;Dupla;"Reta;Aclive                   ";Não;1;0;0;0;1;0;0;1;-22,8826217;-46,40779515;SPRF-SP;DEL03-SP;UOP02-DEL03-SP;false
565908.0;2023-12-06;quarta-feira;17:05:00;SP;116.0;113,2;TAUBATE;Condutor deixou de manter distância do veículo da frente;Engavetamento;Com Vítimas Feridas;Pleno dia;Decrescente;Céu Claro;Dupla;Reta;Sim;3;0;1;0;2;0;1;3;-23,0440828;-45,58041405;SPRF-SP;DEL02-SP;UOP02-DEL02-SP;false
565936.0;2023-12-06;quarta-feira;18:40:00;SP;116.0;545;BARRA DO TURVO;Reação tardia ou ineficiente do condutor;Tombamento;Com Vítimas Feridas;Anoitecer;Decrescente;Céu Claro;Dupla;Curva;Não;1;0;1;0;0;0;1;1;-24,95016699;-48,42400302;SPRF-SP;DEL05-SP;UOP02-DEL05-SP;false
565991.0;2023-12-07;quinta-feira;04:15:00;SP;116.0;561;BARRA DO TURVO;Problema com o freio;Incêndio;Sem Vítimas;Amanhecer;Crescente;Céu Claro;Dupla;Curva;Não;1;0;0;0;1;0;0;1;-25,02045097;-48,51586004;SPRF-SP;DEL05-SP;UOP02-DEL05-SP;false
565994.0;2023-12-07;quinta-feira;04:30:00;SP;116.0;94;PINDAMONHANGABA;Acessar a via sem observar a presença dos outros veículos;Colisão traseira;Com Vítimas Feridas;Amanhecer;Crescente;Céu Claro;Múltipla;Reta;Não;3;0;1;1;1;0;2;2;-22,96083987;-45,42156507;SPRF-SP;DEL08-SP;UOP01-DEL08-SP;false
566037.0;2023-12-07;quinta-feira;09:20:00;SP;116.0;293,2;ITAPECERICA DA SERRA;Reação tardia ou ineficiente do condutor;Colisão frontal;Com Vítimas Feridas;Pleno dia;Crescente;Céu Claro;Dupla;Reta;Sim;2;0;1;0;0;1;1;2;-23,75393807;-46,90168863;SPRF-SP;DEL04-SP;UOP01-DEL04-SP;false
566060.0;2023-12-07;quinta-feira;11:40:00;SP;116.0;78,3;ROSEIRA;Demais falhas mecânicas ou elétricas;Incêndio;Sem Vítimas;Pleno dia;Decrescente;Céu Claro;Dupla;Reta;Não;1;0;0;0;1;0;0;1;-22,88893407;-45,28690695;SPRF-SP;DEL08-SP;UOP01-DEL08-SP;false
566063.0;2023-12-07;quinta-feira;12:00:00;SP;116.0;219;GUARULHOS;Pedestre cruzava a pista fora da faixa;Atropelamento de Pedestre;Com Vítimas Feridas;Pleno dia;Crescente;Sol;Múltipla;Reta;Sim;1;0;1;0;0;0;1;1;-23,46143954;-46,48885316;SPRF-SP;DEL01-SP;UOP01-DEL01-SP;false
566068.0;2023-12-07;quinta-feira;11:30:00;SP;116.0;281;EMBU DAS ARTES;Trafegar com motocicleta (ou similar) entre as faixas;Colisão lateral mesmo sentido;Com Vítimas Feridas;Pleno dia;Decrescente;Céu Claro;Simples;Aclive;Não;2;0;0;1;1;0;1;2;-23,67784787;-46,85769227;SPRF-SP;DEL04-SP;UOP01-DEL04-SP;false
566154.0;2023-12-07;quinta-feira;12:35:00;SP;153.0;148,1;PROMISSAO;Demais falhas mecânicas ou elétricas;Saída de leito carroçável;Sem Vítimas;Pleno dia;Decrescente;Céu Claro;Simples;Reta;Não;1;0;0;0;1;0;0;1;-21,39944496;-49,78902362;SPRF-SP;DEL07-SP;UOP01-DEL07-SP;false