id;data_inversa;dia_semana;horario;uf;br;km;municipio;causa_acidente;tipo_acidente;classificacao_acidente;fase_dia;sentido_via;condicao_metereologica;tipo_pista;tracado_via;uso_solo;pessoas;mortos;feridos_leves;feridos_graves;ilesos;ignorados;feridos;veiculos;latitude;longitude;regional;delegacia;uop;feriado
501239.0;2023-01-26;quinta-feira;08:15:00;SP;101.0;51;UBATUBA;Acessar a via sem observar a presença dos outros veículos;Colisão transversal;Com Vítimas Feridas;Pleno dia;Decrescente;Céu Claro;Simples;Reta;Sim;2;0;1;0;1;0;1;2;-23,45627795;-45,07111896;SPRF-SP;DEL06-SP;UOP01-DEL06-SP;false
501244.0;2023-01-26;quinta-feira;07:55:00;SP;116.0;227;SAO PAULO;Acessar a via sem observar a presença dos outros veículos;Colisão traseira;Com Vítimas Feridas;Pleno dia;Crescente;Céu Claro;Múltipla;Reta;Não;2;0;0;1;1;0;1;2;-23,50343484;-46,56638712;SPRF-SP;DEL01-SP;UOP01-DEL01-SP;false
501276.0;2023-01-21;sábado;10:30:00;SP;116.0;166;JACAREI;Reação tardia ou ineficiente do condutor;Queda de ocupante de veículo;Com Vítimas Feridas;Pleno dia;Decrescente;Céu Claro;Dupla;Reta;Sim;1;0;1;0;0;0;1;1;-23,30055667;-46,01686506;SPRF-SP;DEL02-SP;UOP01-DEL02-SP;false
501279.0;2023-01-26;quinta-feira;11:00:00;SP;116.0;146;SAO JOSE DOS CAMPOS;Demais falhas mecânicas ou elétricas;Saída de leito carroçável;Com Vítimas Feridas;Pleno dia;Decrescente;Sol;Dupla;Aclive;Não;1;0;0;1;0;0;1;1;-23,19122919;-45,86327591;SPRF-SP;DEL02-SP;UOP01-DEL02-SP;false
501351.0;2023-01-26;quinta-feira;17:00:00;SP;116.0;230;SAO PAULO;Ausência de reação do condutor;Colisão traseira;Com Vítimas Feridas;Pleno dia;Decrescente;Céu Claro;Múltipla;Reta;Sim;3;0;0;1;2;0;1;2;-23,52251783;-46,5855702;SPRF-SP;DEL01-SP;UOP01-DEL01-SP;false
501386.0;2023-01-22;domingo;20:30:00;SP;101.0;44;UBATUBA;Conversão proibida;Colisão frontal;Sem Vítimas;Plena Noite;Crescente;Céu Claro;Simples;Reta;Sim;2;0;0;0;2;0;0;2;-23,41014346;-45,06455371;SPRF-SP;DEL06-SP;UOP01-DEL06-SP;false
501398.0;2023-01-26;quinta-feira;10:30:00;SP;101.0;50;UBATUBA;Ultrapassagem Indevida;Colisão transversal;Com Vítimas Feridas;Pleno dia;Decrescente;Céu Claro;Simples;Interseção de Vias;Sim;3;0;2;0;1;0;2;2;-23,45018939;-45,07743735;SPRF-SP;DEL06-SP;UOP01-DEL06-SP;false
501432.0;2023-01-27;sexta-feira;01:54:00;SP;116.0;214;GUARULHOS;Condutor Dormindo;Colisão com objeto;Com Vítimas Feridas;Plena Noite;Decrescente;Céu Claro;Múltipla;Reta;Não;1;0;1;0;0;0;1;1;-23,44333014;-46,44531294;SPRF-SP;DEL01-SP;UOP01-DEL01-SP;false
501438.0;2023-01-27;sexta-feira;04:00:00;SP;116.0;225;GUARULHOS;Pedestre cruzava a pista fora da faixa;Atropelamento de Pedestre;Com Vítimas Feridas;Plena Noite;Crescente;Céu Claro;Múltipla;Reta;Não;2;0;0;1;0;1;1;2;-23,48586772;-46,54075317;SPRF-SP;DEL01-SP;UOP01-DEL01-SP;false
501444.0;2023-01-27;sexta-feira;05:40:00;SP;116.0;216;GUARULHOS;Acessar a via sem observar a presença dos outros veículos;Colisão lateral mesmo sentido;Com Vítimas Feridas;Pleno dia;Decrescente;Nublado;Múltipla;Reta;Sim;2;0;1;0;1;0;1;2;-23,45056589;-46,46258105;SPRF-SP;DEL01-SP;UOP01-DEL01-SP;false
501449.0;2023-01-27;sexta-feira;05:10:00;SP;116.0;156;SAO JOSE DOS CAMPOS;Condutor deixou de manter distância do veículo da frente;Tombamento;Com Vítimas Feridas;Pleno dia;Decrescente;Céu Claro;Dupla;Reta;Não;2;0;1;0;0;1;1;2;-23,25044084;-45,93572909;SPRF-SP;DEL02-SP;UOP01-DEL02-SP;false
501464.0;2023-01-27;sexta-feira;06:30:00;SP;116.0;4;GUARULHOS;Retorno proibido;Colisão lateral mesmo sentido;Com Vítimas Feridas;Amanhecer;Crescente;Céu Claro;Múltipla;Reta;Não;2;0;1;0;1;0;1;2;-23,46143954;-46,48885316;SPRF-SP;DEL01-SP;UOP01-DEL01-SP;false
501466.0;2023-01-27;sexta-feira;07:48:00;SP;153.0;27,8;NOVA GRANADA;Acessar a via sem observar a presença dos outros veículos;Colisão transversal;Com Vítimas Feridas;Pleno dia;Decrescente;Nublado;Simples;Interseção de Vias;Não;3;0;2;0;1;0;2;2;-20,51309795;-49,32308726;SPRF-SP;DEL09-SP;UOP01-DEL09-SP;false
501478.0;2023-01-26;quinta-feira;09:30:00;SP;381.0;86;SAO PAULO;Objeto estático sobre o leito carroçável;Tombamento;Com Vítimas Feridas;Pleno dia;Decrescente;Céu Claro;Múltipla;Reta;Sim;1;0;1;0;0;0;1;1;-23,45930499;-46,57161179;SPRF-SP;DEL03-SP;UOP01-DEL03-SP;false
501484.0;2023-01-27;sexta-feira;09:50:00;SP;116.0;206;ARUJA;Reação tardia ou ineficiente do condutor;Colisão lateral mesmo sentido;Sem Vítimas;Pleno dia;Decrescente;Céu Claro;Múltipla;Reta;Sim;1;0;0;0;1;0;0;1;-23,417226295;-46,3751029188;SPRF-SP;DEL01-SP;UOP01-DEL01-SP;false
501502.0;2023-01-27;sexta-feira;11:40:00;SP;116.0;138,7;SAO JOSE DOS CAMPOS;Ausência de reação do condutor;Tombamento;Com Vítimas Feridas;Pleno dia;Decrescente;Céu Claro;Dupla;Reta;Não;1;0;0;1;0;0;1;1;-23,1572739;-45,79554605;SPRF-SP;DEL02-SP;UOP01-DEL02-SP;false
501514.0;2023-01-27;sexta-feira;13:00:00;SP;116.0;107;TAUBATE;Demais falhas mecânicas ou elétricas;Tombamento;Com Vítimas Feridas;Pleno dia;Crescente;Céu Claro;Dupla;Reta;Não;2;0;0;2;0;0;2;1;-23,01791287;-45,53009409;SPRF-SP;DEL02-SP;UOP02-DEL02-SP;false
501521.0;2023-01-27;sexta-feira;14:40:00;SP;116.0;84,6;PINDAMONHANGABA;Ausência de reação do condutor;Queda de ocupante de veículo;Com Vítimas Feridas;Pleno dia;Crescente;Céu Claro;Dupla;Reta;Não;2;0;2;0;0;0;2;1;-22,91777173;-45,33596814;SPRF-SP;DEL08-SP;UOP01-DEL08-SP;false
501542.0;2023-01-27;sexta-feira;17:00:00;SP;381.0;37,2;ATIBAIA;Acessar a via sem observar a presença dos outros veículos;Colisão lateral mesmo sentido;Com Vítimas Feridas;Pleno dia;Decrescente;Céu Claro;Dupla;"Reta;Aclive                   ";Sim;3;0;2;0;1;0;2;2;-23,10506237;-46,56881577;SPRF-SP;DEL03-SP;UOP01-DEL03-SP;false
501566.0;2023-01-27;sexta-feira;18:40:00;SP;101.0;40,2;UBATUBA;Ingestão de álcool pelo condutor;Colisão traseira;Sem Vítimas;Anoitecer;Crescente;Céu Claro;Simples;Reta;Não;3;0;0;0;3;0;0;2;-23,41495528;-45,03516778;SPRF-SP;DEL06-SP;UOP01-DEL06-SP;false
501608.0;2023-01-27;sexta-feira;21:40:00;SP;101.0;51;UBATUBA;Conversão proibida;Colisão transversal;Com Vítimas Feridas;Plena Noite;Crescente;Céu Claro;Simples;Reta;Sim;3;0;2;0;1;0;2;2;-23,45627795;-45,07111896;SPRF-SP;DEL06-SP;UOP01-DEL06-SP;false
501666.0;2023-01-28;sábado;08:30:00;SP;101.0;35,1;UBATUBA;Acessar a via sem observar a presença dos outros veículos;Colisão transversal;Com Vítimas Feridas;Pleno dia;Crescente;Céu Claro;Simples;"Retorno Regulamentado;Interseç";Não;6;0;1;0;5;0;1;2;-23,39312909;-45,0096811;SPRF-SP;DEL06-SP;UOP01-DEL06-SP;false
501677.0;2023-01-28;sábado;09:20:00;SP;116.0;279;EMBU DAS ARTES;Reação tardia ou ineficiente do condutor;Colisão lateral mesmo sentido;Com Vítimas Feridas;Pleno dia;Decrescente;Nublado;Dupla;Reta;Sim;2;0;1;0;1;0;1;2;-23,66233697;-46,85292907;SPRF-SP;DEL04-SP;UOP01-DEL04-SP;false
501687.0;2023-01-28;sábado;10:50:00;SP;381.0;33;ATIBAIA;Ausência de reação do condutor;Queda de ocupante de veículo;Com Vítimas Feridas;Pleno dia;Crescente;Sol;Dupla;Curva;Sim;1;0;1;0;0;0;1;1;-23,0728028004;-46,5667356192;SPRF-SP;DEL03-SP;UOP02-DEL03-SP;false
501719.0;2023-01-28;sábado;14:00:00;SP;116.0;138;SAO JOSE DOS CAMPOS;Manobra de mudança de faixa;Colisão lateral mesmo sentido;Com Vítimas Feridas;Pleno dia;Crescente;Nublado;Dupla;Reta;Sim;3;0;1;0;2;0;1;2;-23,1572739;-45,79554605;SPRF-SP;DEL02-SP;UOP01-DEL02-SP;false
501756.0;2023-01-28;sábado;17:20:00;SP;116.0;209;GUARULHOS;Ingestão de álcool pelo condutor;Colisão traseira;Sem Vítimas;Pleno dia;Crescente;Chuva;Múltipla;Interseção de Vias;Sim;4;0;0;0;4;0;0;2;-23,42511799;-46,40221101;SPRF-SP;DEL01-SP;UOP01-DEL01-SP;false
501761.0;2023-01-28;sábado;17:40:00;SP;116.0;303;SAO LOURENCO DA SERRA;Área urbana sem a presença de local apropriado para a travessia de pedestres;Queda de ocupante de veículo;Com Vítimas Feridas;Anoitecer;Decrescente;Céu Claro;Dupla;"Reta;Aclive                   ";Sim;1;0;0;1;0;0;1;1;-23,82760675;-46,92631345;SPRF-SP;DEL04-SP;UOP01-DEL04-SP;false
501764.0;2023-01-28;sábado;16:00:00;SP;381.0;73;SAO PAULO;Reação tardia ou ineficiente do condutor;Colisão com objeto;Com Vítimas Feridas;Pleno dia;Crescente;Chuva;Dupla;Curva;Não;1;0;1;0;0;0;1;1;-23,36553404;-46,55253934;SPRF-SP;DEL03-SP;UOP01-DEL03-SP;false
501768.0;2023-01-28;sábado;18:00:00;SP;116.0;207;GUARULHOS;Velocidade Incompatível;Colisão frontal;Com Vítimas Feridas;Pleno dia;Decrescente;Chuva;Múltipla;"Interseção de Vias;Reta       ";Sim;1;0;0;1;0;0;1;1;-23,41972188;-46,3841920329;SPRF-SP;DEL01-SP;UOP01-DEL01-SP;false
501776.0;2023-01-28;sábado;18:45:00;SP;381.0;70;MAIRIPORA;Ausência de reação do condutor;Colisão com objeto;Com Vítimas Feridas;Anoitecer;Decrescente;Nublado;Dupla;Curva;Não;3;0;2;0;1;0;2;2;-23,34553108;-46,56787903;SPRF-SP;DEL03-SP;UOP01-DEL03-SP;false
501788.0;2023-01-28;sábado;20:15:00;SP;101.0;51,8;UBATUBA;Trafegar com motocicleta (ou similar) entre as faixas;Colisão frontal;Com Vítimas Feridas;Plena Noite;Crescente;Céu Claro;Simples;Reta;Sim;5;0;0;1;4;0;1;2;-23,4623355;-45,06476561;SPRF-SP;DEL06-SP;UOP01-DEL06-SP;false
501816.0;2023-01-28;sábado;18:03:00;SP;116.0;3,2;QUELUZ;Chuva;Capotamento;Sem Vítimas;Plena Noite;Decrescente;Chuva;Dupla;Reta;Não;2;0;0;0;2;0;0;1;-22,52383208;-44,72621799;SPRF-SP;DEL08-SP;UOP02-DEL08-SP;false
501843.0;2023-01-28;sábado;23:47:00;SP;116.0;56;GUARATINGUETA;Reação tardia ou ineficiente do condutor;Engavetamento;Com Vítimas Feridas;Plena Noite;Decrescente;Céu Claro;Múltipla;Reta;Não;9;0;1;0;8;0;1;3;-22,76904403;-45,13040598;SPRF-SP;DEL08-SP;UOP02-DEL08-SP;false
501851.0;2023-01-29;domingo;03:30:00;SP;116.0;441;REGISTRO;Animais na Pista;Atropelamento de Animal;Com Vítimas Feridas;Plena Noite;Crescente;Céu Claro;Dupla;Reta;Não;1;0;1;0;0;0;1;1;-24,4688528;-47,82223728;SPRF-SP;DEL05-SP;UOP01-DEL05-SP;false
501857.0;2023-01-29;domingo;04:40:00;SP;116.0;154;SAO JOSE DOS CAMPOS;Ingestão de álcool pelo condutor;Colisão traseira;Com Vítimas Fatais;Amanhecer;Decrescente;Nublado;Dupla;Aclive;Sim;6;2;1;0;3;0;1;2;-23,23903999;-45,92061901;SPRF-SP;DEL02-SP;UOP01-DEL02-SP;false
501863.0;2023-01-29;domingo;06:00:00;SP;116.0;354;MIRACATU;Reação tardia ou ineficiente do condutor;Colisão com objeto;Com Vítimas Feridas;Pleno dia;Decrescente;Nublado;Dupla;Curva;Não;1;0;0;1;0;0;1;1;-24,07491092;-47,24973213;SPRF-SP;DEL04-SP;UOP03-DEL04-SP;false
501916.0;2023-01-29;domingo;12:20:00;SP;116.0;110,9;TAUBATE;Reação tardia ou ineficiente do condutor;Tombamento;Com Vítimas Feridas;Pleno dia;Decrescente;Céu Claro;Dupla;Reta;Sim;1;0;1;0;0;0;1;1;-23,03412614;-45,5526999;SPRF-SP;DEL02-SP;UOP02-DEL02-SP;false
501924.0;2023-01-29;domingo;14:00:00;SP;116.0;315,5;SAO LOURENCO DA SERRA;Pedestre cruzava a pista fora da faixa;Atropelamento de Pedestre;Com Vítimas Feridas;Pleno dia;Decrescente;Céu Claro;Dupla;Reta;Não;2;0;0;1;1;0;1;2;-23,90251888;-46,99049317;SPRF-SP;DEL04-SP;UOP03-DEL04-SP;false
501936.0;2023-01-22;domingo;01:30:00;SP;116.0;105,4;TAUBATE;Ingestão de álcool pelo condutor;Colisão com objeto;Com Vítimas Fatais;Plena Noite;Crescente;Nublado;Dupla;Reta;Não;2;1;0;0;0;1;0;2;-23,00757973;-45,51466613;SPRF-SP;DEL02-SP;UOP02-DEL02-SP;false
501944.0;2023-01-29;domingo;14:30:00;SP;381.0;89;GUARULHOS;Manobra de mudança de faixa;Colisão lateral mesmo sentido;Com Vítimas Feridas;Pleno dia;Crescente;Garoa/Chuvisco;Dupla;Reta;Sim;5;0;2;0;3;0;2;4;-23,489987;-46,559432;SPRF-SP;DEL03-SP;UOP01-DEL03-SP;false
501953.0;2023-01-29;domingo;16:15:00;SP;116.0;185;SANTA ISABEL;Reação tardia ou ineficiente do condutor;Colisão traseira;Com Vítimas Feridas;Pleno dia;Crescente;Garoa/Chuvisco;Dupla;Reta;Não;3;0;3;0;0;0;3;2;-23,35176424;-46,18966001;SPRF-SP;DEL01-SP;UOP01-DEL01-SP;false
501965.0;2023-01-29;domingo;10:30:00;SP;116.0;269;TABOAO DA SERRA;Trafegar com motocicleta (ou similar) entre as faixas;Colisão lateral mesmo sentido;Com Vítimas Feridas;Pleno dia;Decrescente;Céu Claro;Dupla;Reta;Sim;3;0;1;0;2;0;1;2;-23,61593059;-46,78826044;SPRF-SP;DEL04-SP;UOP01-DEL04-SP;false
501978.0;2023-01-29;domingo;17:20:00;SP;116.0;273;TABOAO DA SERRA;Ingestão de álcool pelo condutor;Colisão lateral sentido oposto;Sem Vítimas;Pleno dia;Decrescente;Céu Claro;Simples;Viaduto;Sim;2;0;0;0;2;0;0;2;-23,62809795;-46,81870306;SPRF-SP;DEL04-SP;UOP01-DEL04-SP;false
501982.0;2023-01-29;domingo;16:40:00;SP;116.0;276;EMBU DAS ARTES;Animais na Pista;Colisão traseira;Sem Vítimas;Pleno dia;Crescente;Céu Claro;Múltipla;Reta;Sim;4;0;0;0;4;0;0;2;-23,64262417;-46,83811382;SPRF-SP;DEL04-SP;UOP01-DEL04-SP;false
501994.0;2023-01-29;domingo;18:40:00;SP;116.0;144;SAO JOSE DOS CAMPOS;Manobra de mudança de faixa;Colisão lateral mesmo sentido;Com Vítimas Feridas;Plena Noite;Decrescente;Chuva;Múltipla;Declive;Sim;2;0;1;0;1;0;1;2;-23,18274416;-45,84633592;SPRF-SP;DEL02-SP;UOP01-DEL02-SP;false
502036.0;2023-01-29;domingo;21:50:00;SP;116.0;11,7;QUELUZ;Reação tardia ou ineficiente do condutor;Colisão com objeto;Com Vítimas Feridas;Plena Noite;Decrescente;Nublado;Dupla;Curva;Não;4;0;1;0;3;0;1;1;-22,54824607;-44,80620718;SPRF-SP;DEL08-SP;UOP02-DEL08-SP;false
502053.0;2023-01-29;domingo;22:30:00;SP;116.0;142,6;SAO JOSE DOS CAMPOS;Ausência de reação do condutor;Colisão com objeto;Com Vítimas Feridas;Plena Noite;Decrescente;Chuva;Dupla;Reta;Sim;1;0;1;0;0;0;1;1;-23,17426078;-45,82940111;SPRF-SP;DEL02-SP;UOP01-DEL02-SP;false
502069.0;2023-01-30;segunda-feira;03:00:00;SP;116.0;229;SAO PAULO;Ausência de reação do condutor;Engavetamento;Com Vítimas Feridas;Plena Noite;Decrescente;Nublado;Múltipla;Reta;Não;6;0;4;0;2;0;4;5;-23,51291902;-46,57604698;SPRF-SP;DEL01-SP;UOP01-DEL01-SP;false
502169.0;2023-01-30;segunda-feira;15:00:00;SP;153.0;270,1;VERA CRUZ;Demais falhas mecânicas ou elétricas;Tombamento;Com Vítimas Feridas;Pleno dia;Decrescente;Nublado;Simples;"Reta;Declive                  ";Não;2;0;2;0;0;0;2;1;-22,35293356;-49,89303589;SPRF-SP;DEL07-SP;UOP02-DEL07-SP;false
502192.0;2023-01-30;segunda-feira;17:10:00;SP;116.0;144;SAO JOSE DOS CAMPOS;Ausência de reação do condutor;Tombamento;Com Vítimas Feridas;Anoitecer;Decrescente;Chuva;Dupla;Reta;Não;1;0;1;0;0;0;1;1;-23,18274416;-45,84633592;SPRF-SP;DEL02-SP;UOP01-DEL02-SP;false
502250.0;2023-01-30;segunda-feira;21:30:00;SP;116.0;140;SAO JOSE DOS CAMPOS;Ingestão de álcool pelo condutor;Engavetamento;Com Vítimas Fatais;Plena Noite;Crescente;Nublado;Dupla;Reta;Não;7;1;0;1;5;0;1;5;-23,16577714;-45,81246193;SPRF-SP;DEL02-SP;UOP01-DEL02-SP;false
502264.0;2023-01-31;terça-feira;04:05:00;SP;116.0;282;EMBU DAS ARTES;Velocidade Incompatível;Colisão lateral mesmo sentido;Sem Vítimas;Plena Noite;Crescente;Nublado;Dupla;Reta;Sim;2;0;0;0;1;1;0;2;-23,68570216;-46,85970975;SPRF-SP;DEL04-SP;UOP01-DEL04-SP;false
502282.0;2023-01-31;terça-feira;07:50:00;SP;153.0;61;SAO JOSE DO RIO PRETO;Manobra de mudança de faixa;Colisão lateral mesmo sentido;Com Vítimas Feridas;Pleno dia;Crescente;Nublado;Dupla;"Reta;Declive                  ";Não;3;0;2;0;1;0;2;2;-20,80502876;-49,35574909;SPRF-SP;DEL09-SP;UOP01-DEL09-SP;false
502334.0;2023-01-31;terça-feira;13:15:00;SP;116.0;223;GUARULHOS;Manobra de mudança de faixa;Colisão traseira;Com Vítimas Feridas;Pleno dia;Crescente;Nublado;Múltipla;Reta;Sim;2;0;1;0;1;0;1;2;-23,48042826;-46,5327822;SPRF-SP;DEL01-SP;UOP01-DEL01-SP;false
502341.0;2023-01-31;terça-feira;14:20:00;SP;116.0;228,9;SAO PAULO;Reação tardia ou ineficiente do condutor;Colisão traseira;Com Vítimas Feridas;Pleno dia;Decrescente;Céu Claro;Múltipla;Reta;Sim;2;0;2;0;0;0;2;1;-23,50343484;-46,56638712;SPRF-SP;DEL01-SP;UOP01-DEL01-SP;false
502382.0;2023-01-31;terça-feira;17:40:00;SP;116.0;273;TABOAO DA SERRA;Ausência de reação do condutor;Colisão traseira;Com Vítimas Feridas;Pleno dia;Crescente;Nublado;Dupla;Reta;Não;2;0;1;0;1;0;1;2;-23,62809795;-46,81870306;SPRF-SP;DEL04-SP;UOP01-DEL04-SP;false
502461.0;2023-02-01;quarta-feira;07:10:00;SP;116.0;278;EMBU DAS ARTES;Ausência de reação do condutor;Colisão traseira;Com Vítimas Feridas;Pleno dia;Decrescente;Garoa/Chuvisco;Dupla;Reta;Não;3;0;2;0;1;0;2;2;-23,63593118;-46,83029836;SPRF-SP;DEL04-SP;UOP01-DEL04-SP;false
502470.0;2023-02-01;quarta-feira;09:02:00;SP;116.0;229;SAO PAULO;Demais falhas mecânicas ou elétricas;Colisão com objeto;Com Vítimas Feridas;Pleno dia;Crescente;Nublado;Múltipla;"Reta;Declive;Interseção de Via";Sim;1;0;1;0;0;0;1;1;-23,51291902;-46,57604698;SPRF-SP;DEL01-SP;UOP01-DEL01-SP;false
502507.0;2023-02-01;quarta-feira;14:20:00;SP;381.0;28;ATIBAIA;Ausência de reação do condutor;Colisão traseira;Com Vítimas Feridas;Pleno dia;Crescente;Céu Claro;Dupla;Reta;Não;3;0;1;0;2;0;1;2;-23,03614495;-46,55183601;SPRF-SP;DEL03-SP;UOP02-DEL03-SP;false
502511.0;2023-02-01;quarta-feira;14:15:00;SP;153.0;100;JOSE BONIFACIO;Ausência de reação do condutor;Tombamento;Com Vítimas Feridas;Pleno dia;Decrescente;Céu Claro;Simples;"Curva;Desvio Temporário;Em Obr";Não;1;0;1;0;0;0;1;1;-21,00658524;-49,63430539;SPRF-SP;DEL09-SP;UOP01-DEL09-SP;false
502562.0;2023-02-01;quarta-feira;17:50:00;SP;116.0;323;JUQUITIBA;Animais na Pista;Atropelamento de Animal;Com Vítimas Feridas;Pleno dia;Crescente;Céu Claro;Dupla;Reta;Sim;1;0;1;0;0;0;1;1;-23,93663197;-47,03568002;SPRF-SP;DEL04-SP;UOP03-DEL04-SP;false
502589.0;2023-02-02;quinta-feira;06:55:00;SP;116.0;511;CAJATI;Pista Escorregadia;Colisão com objeto;Com Vítimas Feridas;Pleno dia;Crescente;Chuva;Simples;Curva;Não;6;0;1;0;5;0;1;2;-24,83558399;-48,2223738;SPRF-SP;DEL05-SP;UOP02-DEL05-SP;false
502593.0;2023-02-02;quinta-feira;08:13:00;SP;116.0;145;SAO JOSE DOS CAMPOS;Trafegar com motocicleta (ou similar) entre as faixas;Colisão lateral mesmo sentido;Com Vítimas Feridas;Pleno dia;Crescente;Céu Claro;Dupla;Reta;Não;2;0;1;0;1;0;1;2;-23,1869844;-45,8548078;SPRF-SP;DEL02-SP;UOP01-DEL02-SP;false
502645.0;2023-02-02;quinta-feira;12:50:00;SP;116.0;145;SAO JOSE DOS CAMPOS;Ausência de reação do condutor;Queda de ocupante de veículo;Com Vítimas Feridas;Pleno dia;Crescente;Céu Claro;Múltipla;Reta;Sim;1;0;0;1;0;0;1;1;-23,1869844;-45,8548078;SPRF-SP;DEL02-SP;UOP01-DEL02-SP;false
502660.0;2023-02-02;quinta-feira;14:35:00;SP;153.0;42,3;ONDA VERDE;Ausência de reação do condutor;Colisão traseira;Com Vítimas Feridas;Pleno dia;Crescente;Sol;Simples;"Reta;Em Obras                 ";Não;5;0;2;0;3;0;2;2;-20,63725202;-49,33843793;SPRF-SP;DEL09-SP;UOP01-DEL09-SP;false
502662.0;2023-02-02;quinta-feira;14:25:00;SP;116.0;117,8;TAUBATE;Pista esburacada;Tombamento;Com Vítimas Feridas;Pleno dia;Crescente;Sol;Dupla;"Reta;Interseção de Vias;Decliv";Não;2;0;2;0;0;0;2;1;-23,0582298;-45,6176951;SPRF-SP;DEL02-SP;UOP02-DEL02-SP;false
502743.0;2023-02-02;quinta-feira;22:56:00;SP;116.0;61;GUARATINGUETA;Reação tardia ou ineficiente do condutor;Colisão traseira;Com Vítimas Feridas;Pleno dia;Crescente;Nublado;Dupla;Reta;Sim;5;0;1;0;0;4;1;3;-22,79763613;-45,1674588;SPRF-SP;DEL08-SP;UOP01-DEL08-SP;false
502793.0;2023-02-03;sexta-feira;07:15:00;SP;116.0;218;GUARULHOS;Trafegar com motocicleta (ou similar) entre as faixas;Colisão lateral mesmo sentido;Com Vítimas Feridas;Pleno dia;Crescente;Céu Claro;Múltipla;Reta;Sim;2;0;1;0;1;0;1;2;-23,457972;-46,479927;SPRF-SP;DEL01-SP;UOP01-DEL01-SP;false
502840.0;2023-01-08;domingo;02:40:00;SP;116.0;115;TAUBATE;Manobra de mudança de faixa;Colisão lateral mesmo sentido;Com Vítimas Feridas;Plena Noite;Crescente;Céu Claro;Dupla;Reta;Sim;3;0;1;0;2;0;1;2;-23,0496047;-45,59973712;SPRF-SP;DEL02-SP;UOP02-DEL02-SP;false
502859.0;2023-02-03;sexta-feira;15:00:00;SP;116.0;270;EMBU DAS ARTES;Manobra de mudança de faixa;Colisão lateral mesmo sentido;Com Vítimas Feridas;Pleno dia;Crescente;Céu Claro;Múltipla;Reta;Sim;3;0;2;0;1;0;2;2;-23,61799728;-46,79677694;SPRF-SP;DEL04-SP;UOP01-DEL04-SP;false
502898.0;2023-02-03;sexta-feira;18:15:00;SP;116.0;214;GUARULHOS;Condutor deixou de manter distância do veículo da frente;Colisão lateral mesmo sentido;Com Vítimas Feridas;Plena Noite;Decrescente;Céu Claro;Múltipla;Reta;Sim;2;0;1;0;1;0;1;2;-23,44333014;-46,44531294;SPRF-SP;DEL01-SP;UOP01-DEL01-SP;false
502900.0;2023-02-03;sexta-feira;16:50:00;SP;116.0;106,7;TAUBATE;Reação tardia ou ineficiente do condutor;Queda de ocupante de veículo;Com Vítimas Feridas;Pleno dia;Decrescente;Céu Claro;Dupla;Reta;Sim;1;0;1;0;0;0;1;1;-23,01250593;-45,52256005;SPRF-SP;DEL02-SP;UOP02-DEL02-SP;false
502903.0;2023-02-03;sexta-feira;18:30:00;SP;116.0;307;SAO LOURENCO DA SERRA;Condutor deixou de manter distância do veículo da frente;Colisão lateral mesmo sentido;Com Vítimas Feridas;Anoitecer;Crescente;Nublado;Dupla;Declive;Não;2;0;1;0;1;0;1;2;-23,85630016;-46,94096988;SPRF-SP;DEL04-SP;UOP01-DEL04-SP;false
502908.0;2023-02-03;sexta-feira;18:10:00;SP;153.0;194,6;GETULINA;Avarias e/ou desgaste excessivo no pneu;Queda de ocupante de veículo;Com Vítimas Feridas;Anoitecer;Crescente;Nublado;Simples;Reta;Não;2;0;2;0;0;0;2;1;-21,76958078;-49,88593322;SPRF-SP;DEL07-SP;UOP01-DEL07-SP;false
502934.0;2023-02-03;sexta-feira;21:00:00;SP;116.0;225;GUARULHOS;Chuva;Tombamento;Com Vítimas Feridas;Plena Noite;Decrescente;Chuva;Múltipla;Declive;Sim;2;0;0;2;0;0;2;1;-23,48586772;-46,54075317;SPRF-SP;DEL01-SP;UOP01-DEL01-SP;false
502935.0;2023-02-03;sexta-feira;20:00:00;SP;116.0;278;EMBU DAS ARTES;Reação tardia ou ineficiente do condutor;Engavetamento;Sem Vítimas;Plena Noite;Decrescente;Chuva;Dupla;Reta;Não;3;0;0;0;3;0;0;3;-23,65508497;-46,84918605;SPRF-SP;DEL04-SP;UOP01-DEL04-SP;false
502977.0;2023-02-04;sábado;02:50:00;SP;116.0;178,3;GUARAREMA;Pedestre andava na pista;Atropelamento de Pedestre;Com Vítimas Fatais;Plena Noite;Decrescente;Garoa/Chuvisco;Dupla;Reta;Não;2;1;0;0;1;0;0;2;-23,327667;-46,128108;SPRF-SP;DEL01-SP;UOP01-DEL01-SP;false
503007.0;2023-02-04;sábado;06:45:00;SP;116.0;155;SAO JOSE DOS CAMPOS;Reação tardia ou ineficiente do condutor;Colisão traseira;Sem Vítimas;Pleno dia;Crescente;Nublado;Dupla;"Reta;Declive                  ";Não;6;0;0;0;5;1;0;3;-23,24524337;-45,92772774;SPRF-SP;DEL02-SP;UOP01-DEL02-SP;false
503012.0;2023-02-04;sábado;06:30:00;SP;101.0;40;UBATUBA;Ingestão de álcool pelo condutor;Colisão frontal;Com Vítimas Feridas;Pleno dia;Decrescente;Sol;Simples;Reta;Sim;3;0;2;0;1;0;2;2;-23,41495528;-45,03516778;SPRF-SP;DEL06-SP;UOP01-DEL06-SP;false