id;data_inversa;dia_semana;horario;uf;br;km;municipio;causa_acidente;tipo_acidente;classificacao_acidente;fase_dia;sentido_via;condicao_metereologica;tipo_pista;tracado_via;uso_solo;pessoas;mortos;feridos_leves;feridos_graves;ilesos;ignorados;feridos;veiculos;latitude;longitude;regional;delegacia;uop;feriado
503041.0;2023-02-04;sábado;11:30:00;SP;101.0;47;UBATUBA;Condutor deixou de manter distância do veículo da frente;Colisão traseira;Sem Vítimas;Pleno dia;Decrescente;Sol;Simples;Reta;Sim;3;0;0;0;3;0;0;3;-23,429897;-45,082436;SPRF-SP;DEL06-SP;UOP01-DEL06-SP;false
503054.0;2023-02-04;sábado;12:30:00;SP;381.0;86;SAO PAULO;Condutor deixou de manter distância do veículo da frente;Colisão traseira;Com Vítimas Feridas;Pleno dia;Crescente;Sol;Múltipla;Reta;Não;3;0;2;0;1;0;2;2;-23,45930499;-46,57161179;SPRF-SP;DEL03-SP;UOP01-DEL03-SP;false
503065.0;2023-02-04;sábado;14:00:00;SP;116.0;514;CAJATI;Reação tardia ou ineficiente do condutor;Queda de ocupante de veículo;Com Vítimas Feridas;Pleno dia;Decrescente;Céu Claro;Simples;"Curva;Declive                 ";Não;2;0;1;1;0;0;2;1;-24,85874304;-48,21731282;SPRF-SP;DEL05-SP;UOP02-DEL05-SP;false
503089.0;2023-02-04;sábado;16:00:00;SP;116.0;128;CACAPAVA;Ingestão de álcool pelo condutor;Colisão lateral mesmo sentido;Com Vítimas Feridas;Pleno dia;Crescente;Céu Claro;Dupla;Reta;Não;2;0;1;0;1;0;1;2;-23,11454664;-45,71105567;SPRF-SP;DEL02-SP;UOP02-DEL02-SP;false
503110.0;2023-02-04;sábado;17:50:00;SP;116.0;423;REGISTRO;Condutor Dormindo;Capotamento;Com Vítimas Feridas;Pleno dia;Decrescente;Céu Claro;Dupla;Reta;Não;5;0;1;0;4;0;1;1;-24,36998162;-47,69893813;SPRF-SP;DEL05-SP;UOP01-DEL05-SP;false
503113.0;2023-02-04;sábado;17:03:00;SP;153.0;60,9;SAO JOSE DO RIO PRETO;Pista Escorregadia;Tombamento;Com Vítimas Feridas;Pleno dia;Crescente;Nublado;Dupla;"Curva;Aclive                  ";Sim;2;0;2;0;0;0;2;1;-20,79627979;-49,35480206;SPRF-SP;DEL09-SP;UOP01-DEL09-SP;false
503119.0;2023-02-04;sábado;18:40:00;SP;101.0;46,9;UBATUBA;Ingestão de álcool pelo condutor;Colisão traseira;Com Vítimas Feridas;Anoitecer;Crescente;Céu Claro;Simples;Reta;Sim;3;0;0;1;2;0;1;2;-23,429897;-45,082436;SPRF-SP;DEL06-SP;UOP01-DEL06-SP;false
503146.0;2023-02-04;sábado;20:10:00;SP;153.0;65,3;SAO JOSE DO RIO PRETO;Ingestão de álcool pelo condutor;Saída de leito carroçável;Sem Vítimas;Plena Noite;Crescente;Chuva;Dupla;Reta;Sim;1;0;0;0;1;0;0;1;-20,8355877;-49,36570039;SPRF-SP;DEL09-SP;UOP01-DEL09-SP;false
503158.0;2023-02-04;sábado;21:35:00;SP;116.0;204;ARUJA;Ingestão de álcool pelo condutor;Colisão traseira;Sem Vítimas;Plena Noite;Decrescente;Céu Claro;Múltipla;Reta;Não;3;0;0;0;3;0;0;3;-23,41236123;-46,35692496;SPRF-SP;DEL01-SP;UOP01-DEL01-SP;false
503177.0;2023-02-04;sábado;19:15:00;SP;381.0;87;SAO PAULO;Pista Escorregadia;Queda de ocupante de veículo;Com Vítimas Feridas;Anoitecer;Decrescente;Chuva;Múltipla;Reta;Não;1;0;1;0;0;0;1;1;-23,46885001;-46,56996601;SPRF-SP;DEL03-SP;UOP01-DEL03-SP;false
503182.0;2023-02-04;sábado;22:45:00;SP;116.0;219;GUARULHOS;Acessar a via sem observar a presença dos outros veículos;Atropelamento de Pedestre;Com Vítimas Feridas;Plena Noite;Decrescente;Nublado;Dupla;Reta;Sim;2;0;2;0;0;0;2;2;-23,46143954;-46,48885316;SPRF-SP;DEL01-SP;UOP01-DEL01-SP;false
503185.0;2023-02-04;sábado;16:30:00;SP;381.0;62;MAIRIPORA;Ausência de reação do condutor;Queda de ocupante de veículo;Com Vítimas Feridas;Pleno dia;Crescente;Garoa/Chuvisco;Simples;"Curva;Declive                 ";Sim;1;0;1;0;0;0;1;1;-23,29437896;-46,57254696;SPRF-SP;DEL03-SP;UOP01-DEL03-SP;false
503214.0;2023-02-05;domingo;01:30:00;SP;381.0;11,2;VARGEM;Reação tardia ou ineficiente do condutor;Saída de leito carroçável;Com Vítimas Feridas;Plena Noite;Crescente;Céu Claro;Dupla;Reta;Não;4;0;2;0;2;0;2;1;-22,92494964;-46,45274015;SPRF-SP;DEL03-SP;UOP02-DEL03-SP;false
503249.0;2023-02-05;domingo;08:45:00;SP;116.0;223;GUARULHOS;Manobra de mudança de faixa;Colisão com objeto;Com Vítimas Feridas;Pleno dia;Decrescente;Céu Claro;Múltipla;Reta;Sim;2;0;0;1;0;1;1;2;-23,47559815;-46,5246609;SPRF-SP;DEL01-SP;UOP01-DEL01-SP;false
503281.0;2023-02-05;domingo;11:00:00;SP;116.0;186;SANTA ISABEL;Acumulo de areia ou detritos sobre o pavimento;Queda de ocupante de veículo;Com Vítimas Feridas;Pleno dia;Crescente;Céu Claro;Dupla;Curva;Não;2;0;1;0;1;0;1;1;-23,35316717;-46,19754761;SPRF-SP;DEL01-SP;UOP01-DEL01-SP;false
503287.0;2023-02-05;domingo;11:50:00;SP;381.0;75;SAO PAULO;Avarias e/ou desgaste excessivo no pneu;Queda de ocupante de veículo;Com Vítimas Feridas;Pleno dia;Decrescente;Céu Claro;Dupla;Aclive;Não;2;0;2;0;0;0;2;1;-23,37660089;-46,56409613;SPRF-SP;DEL03-SP;UOP01-DEL03-SP;false
503337.0;2023-02-05;domingo;17:10:00;SP;116.0;122,5;CACAPAVA;Condutor deixou de manter distância do veículo da frente;Colisão traseira;Sem Vítimas;Pleno dia;Decrescente;Nublado;Dupla;"Declive;Reta                  ";Não;5;0;0;0;4;1;0;2;-23,08754228;-45,66969781;SPRF-SP;DEL02-SP;UOP02-DEL02-SP;false
503348.0;2023-02-05;domingo;18:44:00;SP;381.0;71;MAIRIPORA;Ausência de reação do condutor;Queda de ocupante de veículo;Com Vítimas Feridas;Anoitecer;Crescente;Céu Claro;Dupla;Curva;Não;3;0;1;0;2;0;1;2;-23,35047979;-46,55267274;SPRF-SP;DEL03-SP;UOP01-DEL03-SP;false
503372.0;2023-02-05;domingo;20:10:00;SP;381.0;71;MAIRIPORA;Reação tardia ou ineficiente do condutor;Colisão traseira;Com Vítimas Feridas;Plena Noite;Crescente;Garoa/Chuvisco;Múltipla;Reta;Não;3;0;1;0;2;0;1;2;-23,35047979;-46,55267274;SPRF-SP;DEL03-SP;UOP01-DEL03-SP;false
503415.0;2023-02-06;segunda-feira;00:06:00;SP;381.0;80;SAO PAULO;Demais falhas mecânicas ou elétricas;Incêndio;Sem Vítimas;Plena Noite;Crescente;Chuva;Dupla;Reta;Não;1;0;0;0;1;0;0;1;-23,40889686;-46,58095945;SPRF-SP;DEL03-SP;UOP01-DEL03-SP;false
503426.0;2023-02-06;segunda-feira;04:00:00;SP;488.0;4,1;APARECIDA;Velocidade Incompatível;Capotamento;Com Vítimas Feridas;Amanhecer;Crescente;Céu Claro;Dupla;Curva;Sim;2;0;1;0;0;1;1;1;-22,85861129;-45,25153112;SPRF-SP;DEL08-SP;UOP01-DEL08-SP;false
503436.0;2023-02-06;segunda-feira;06:30:00;SP;381.0;22;BRAGANCA PAULISTA;Avarias e/ou desgaste excessivo no pneu;Queda de ocupante de veículo;Com Vítimas Feridas;Pleno dia;Crescente;Garoa/Chuvisco;Simples;Retorno Regulamentado;Não;1;0;1;0;0;0;1;1;-22,99697186;-46,5163051;SPRF-SP;DEL03-SP;UOP02-DEL03-SP;false
503469.0;2023-02-06;segunda-feira;08:30:00;SP;116.0;275;EMBU DAS ARTES;Reação tardia ou ineficiente do condutor;Colisão traseira;Com Vítimas Feridas;Pleno dia;Decrescente;Sol;Dupla;Reta;Sim;2;0;1;0;1;0;1;2;-23,63638826;-46,83251584;SPRF-SP;DEL04-SP;UOP01-DEL04-SP;false
503540.0;2023-02-06;segunda-feira;15:00:00;SP;116.0;128,3;CACAPAVA;Condutor deixou de manter distância do veículo da frente;Colisão traseira;Com Vítimas Feridas;Pleno dia;Decrescente;Nublado;Dupla;Reta;Sim;3;0;1;0;1;1;1;3;-23,11454664;-45,71105567;SPRF-SP;DEL02-SP;UOP02-DEL02-SP;false
503556.0;2023-02-06;segunda-feira;18:00:00;SP;116.0;155;SAO JOSE DOS CAMPOS;Ausência de reação do condutor;Colisão traseira;Com Vítimas Feridas;Anoitecer;Decrescente;Chuva;Dupla;Declive;Sim;2;0;1;0;1;0;1;2;-23,24524337;-45,92772774;SPRF-SP;DEL02-SP;UOP01-DEL02-SP;false
503563.0;2023-02-06;segunda-feira;18:15:00;SP;116.0;225;GUARULHOS;Reação tardia ou ineficiente do condutor;Colisão traseira;Com Vítimas Feridas;Anoitecer;Decrescente;Céu Claro;Dupla;Reta;Sim;3;0;1;0;2;0;1;2;-23,48586772;-46,54075317;SPRF-SP;DEL01-SP;UOP01-DEL01-SP;false
503585.0;2023-02-06;segunda-feira;18:21:00;SP;116.0;545;BARRA DO TURVO;Reação tardia ou ineficiente do condutor;Saída de leito carroçável;Com Vítimas Feridas;Anoitecer;Crescente;Céu Claro;Dupla;Curva;Não;2;0;1;1;0;0;2;1;-24,95016699;-48,42400302;SPRF-SP;DEL05-SP;UOP02-DEL05-SP;false
503597.0;2023-02-06;segunda-feira;19:45:00;SP;116.0;150;SAO JOSE DOS CAMPOS;Condutor deixou de manter distância do veículo da frente;Colisão traseira;Com Vítimas Feridas;Plena Noite;Crescente;Céu Claro;Múltipla;Reta;Sim;1;0;1;0;0;0;1;1;-23,21335525;-45,8930588;SPRF-SP;DEL02-SP;UOP01-DEL02-SP;false
503599.0;2023-02-06;segunda-feira;19:40:00;SP;116.0;151;SAO JOSE DOS CAMPOS;Ausência de reação do condutor;Colisão traseira;Com Vítimas Feridas;Plena Noite;Decrescente;Nublado;Dupla;Reta;Sim;3;0;1;0;2;0;1;2;-23,2193543;-45,899373;SPRF-SP;DEL02-SP;UOP01-DEL02-SP;false
503601.0;2023-02-06;segunda-feira;19:15:00;SP;116.0;142,5;SAO JOSE DOS CAMPOS;Acumulo de água sobre o pavimento;Colisão com objeto;Com Vítimas Feridas;Plena Noite;Decrescente;Chuva;Simples;Curva;Sim;1;0;1;0;0;0;1;1;-23,17426078;-45,82940111;SPRF-SP;DEL02-SP;UOP01-DEL02-SP;false
503604.0;2023-02-06;segunda-feira;20:00:00;SP;381.0;69;MAIRIPORA;Ausência de reação do condutor;Saída de leito carroçável;Sem Vítimas;Plena Noite;Crescente;Céu Claro;Múltipla;"Curva;Aclive                  ";Não;1;0;0;0;1;0;0;1;-23,34553108;-46,56787903;SPRF-SP;DEL03-SP;UOP01-DEL03-SP;false
503641.0;2023-02-07;terça-feira;08:00:00;SP;116.0;216;GUARULHOS;Acostamento em desnível;Eventos atípicos;Sem Vítimas;Plena Noite;Crescente;Céu Claro;Múltipla;Reta;Sim;1;0;0;0;0;1;0;1;-23,45056589;-46,46258105;SPRF-SP;DEL01-SP;UOP01-DEL01-SP;false
503643.0;2023-02-06;segunda-feira;23:00:00;SP;116.0;270;TABOAO DA SERRA;Ultrapassagem Indevida;Queda de ocupante de veículo;Sem Vítimas;Plena Noite;Decrescente;Céu Claro;Dupla;Reta;Não;2;0;0;0;2;0;0;2;-23,61799728;-46,79677694;SPRF-SP;DEL04-SP;UOP01-DEL04-SP;false
503658.0;2023-02-07;terça-feira;09:05:00;SP;381.0;85,7;SAO PAULO;Pedestre cruzava a pista fora da faixa;Atropelamento de Pedestre;Com Vítimas Feridas;Pleno dia;Crescente;Garoa/Chuvisco;Dupla;"Interseção de Vias;Reta;Decliv";Sim;2;0;2;0;0;0;2;2;-23,449343;-46,56983501;SPRF-SP;DEL03-SP;UOP01-DEL03-SP;false
503809.0;2023-02-08;quarta-feira;07:48:00;SP;116.0;209;GUARULHOS;Condutor deixou de manter distância do veículo da frente;Colisão lateral mesmo sentido;Com Vítimas Feridas;Pleno dia;Crescente;Céu Claro;Dupla;Reta;Sim;3;0;3;0;0;0;3;2;-23,42511799;-46,40221101;SPRF-SP;DEL01-SP;UOP01-DEL01-SP;false
503871.0;2023-02-08;quarta-feira;12:19:00;SP;381.0;64;MAIRIPORA;Demais falhas mecânicas ou elétricas;Queda de ocupante de veículo;Com Vítimas Feridas;Pleno dia;Crescente;Sol;Múltipla;Reta;Não;1;0;1;0;0;0;1;1;-23,3089645;-46,57924651;SPRF-SP;DEL03-SP;UOP01-DEL03-SP;false
503872.0;2023-02-08;quarta-feira;13:30:00;SP;381.0;82;SAO PAULO;Faixas de trânsito com largura insuficiente;Colisão lateral mesmo sentido;Sem Vítimas;Pleno dia;Crescente;Céu Claro;Simples;"Reta;Em Obras                 ";Sim;3;0;0;0;3;0;0;2;-23,42399;-46,575112;SPRF-SP;DEL03-SP;UOP01-DEL03-SP;false
503885.0;2023-02-08;quarta-feira;14:30:00;SP;116.0;287;ITAPECERICA DA SERRA;Acessar a via sem observar a presença dos outros veículos;Atropelamento de Pedestre;Com Vítimas Feridas;Pleno dia;Crescente;Céu Claro;Dupla;Reta;Sim;2;0;1;0;1;0;1;2;-23,71441779;-46,87929634;SPRF-SP;DEL04-SP;UOP01-DEL04-SP;false
503914.0;2023-02-08;quarta-feira;17:55:00;SP;116.0;296,1;ITAPECERICA DA SERRA;Ultrapassagem Indevida;Tombamento;Com Vítimas Feridas;Anoitecer;Crescente;Céu Claro;Dupla;Reta;Não;1;0;1;0;0;0;1;1;-23,775485;-46,914416;SPRF-SP;DEL04-SP;UOP01-DEL04-SP;false
503920.0;2023-02-08;quarta-feira;18:25:00;SP;116.0;227;SAO PAULO;Reação tardia ou ineficiente do condutor;Colisão lateral mesmo sentido;Com Vítimas Feridas;Plena Noite;Decrescente;Nublado;Dupla;Reta;Sim;3;0;2;0;1;0;2;2;-23,49659264;-46,55648754;SPRF-SP;DEL01-SP;UOP01-DEL01-SP;false
503994.0;2023-02-09;quinta-feira;07:40:00;SP;116.0;226,6;GUARULHOS;Manobra de mudança de faixa;Colisão lateral mesmo sentido;Com Vítimas Feridas;Pleno dia;Crescente;Nublado;Múltipla;Reta;Sim;3;0;2;0;1;0;2;2;-23,49102507;-46,54878195;SPRF-SP;DEL01-SP;UOP01-DEL01-SP;false
504059.0;2023-02-05;domingo;09:20:00;SP;116.0;178;SANTA ISABEL;Manobra de mudança de faixa;Colisão traseira;Com Vítimas Feridas;Pleno dia;Decrescente;Nublado;Dupla;"Interseção de Vias;Reta;Viadut";Não;10;0;2;0;8;0;2;3;-23,327667;-46,128108;SPRF-SP;DEL01-SP;UOP01-DEL01-SP;false
504079.0;2023-02-09;quinta-feira;16:30:00;SP;101.0;50,6;UBATUBA;Acessar a via sem observar a presença dos outros veículos;Colisão transversal;Com Vítimas Feridas;Pleno dia;Decrescente;Céu Claro;Simples;Reta;Sim;3;0;0;1;2;0;1;2;-23,45322707;-45,07432938;SPRF-SP;DEL06-SP;UOP01-DEL06-SP;false
504083.0;2023-02-09;quinta-feira;16:00:00;SP;153.0;3;ICEM;Transitar na contramão;Colisão frontal;Com Vítimas Fatais;Pleno dia;Crescente;Céu Claro;Simples;Reta;Não;6;2;4;0;0;0;4;3;-20,33042017;-49,2128492;SPRF-SP;DEL09-SP;UOP01-DEL09-SP;false
504097.0;2023-02-09;quinta-feira;19:00:00;SP;116.0;491;CAJATI;Reação tardia ou ineficiente do condutor;Tombamento;Com Vítimas Feridas;Anoitecer;Crescente;Céu Claro;Dupla;Reta;Não;2;0;1;0;1;0;1;2;-24,73981193;-48,12375607;SPRF-SP;DEL05-SP;UOP01-DEL05-SP;false
504098.0;2023-02-09;quinta-feira;19:00:00;SP;116.0;211;GUARULHOS;Ausência de reação do condutor;Colisão traseira;Com Vítimas Feridas;Plena Noite;Crescente;Nublado;Dupla;Reta;Sim;3;0;1;0;2;0;1;2;-23,4324306;-46,4194352;SPRF-SP;DEL01-SP;UOP01-DEL01-SP;false
504125.0;2023-02-09;quinta-feira;18:05:00;SP;116.0;155;SAO JOSE DOS CAMPOS;Manobra de mudança de faixa;Colisão lateral mesmo sentido;Com Vítimas Feridas;Anoitecer;Crescente;Chuva;Múltipla;"Reta;Declive                  ";Sim;2;0;1;0;1;0;1;2;-23,25044084;-45,93572909;SPRF-SP;DEL02-SP;UOP01-DEL02-SP;false
504146.0;2023-02-09;quinta-feira;23:20:00;SP;116.0;269,5;TABOAO DA SERRA;Condutor desrespeitou a iluminação vermelha do semáforo;Colisão transversal;Com Vítimas Feridas;Plena Noite;Decrescente;Nublado;Múltipla;"Interseção de Vias;Reta       ";Sim;3;0;1;1;1;0;2;2;-23,61593059;-46,78826044;SPRF-SP;DEL04-SP;UOP01-DEL04-SP;false
504165.0;2023-02-10;sexta-feira;03:50:00;SP;381.0;18,4;BRAGANCA PAULISTA;Reação tardia ou ineficiente do condutor;Saída de leito carroçável;Com Vítimas Feridas;Plena Noite;Crescente;Céu Claro;Dupla;"Declive;Curva                 ";Não;1;0;0;1;0;0;1;1;-22,97781786;-46,48995212;SPRF-SP;DEL03-SP;UOP02-DEL03-SP;false
504213.0;2023-02-10;sexta-feira;09:00:00;SP;381.0;89;SAO PAULO;Manobra de mudança de faixa;Colisão lateral mesmo sentido;Com Vítimas Feridas;Pleno dia;Crescente;Céu Claro;Múltipla;Reta;Não;2;0;1;0;1;0;1;2;-23,48469299;-46,55983288;SPRF-SP;DEL03-SP;UOP01-DEL03-SP;false
504261.0;2023-02-10;sexta-feira;11:50:00;SP;381.0;85;GUARULHOS;Transitar na contramão;Colisão transversal;Sem Vítimas;Pleno dia;Crescente;Sol;Múltipla;Interseção de Vias;Sim;4;0;0;0;3;1;0;3;-23,449343;-46,56983501;SPRF-SP;DEL03-SP;UOP01-DEL03-SP;false
504282.0;2023-02-10;sexta-feira;16:45:00;SP;116.0;3;GUARULHOS;Acessar a via sem observar a presença dos outros veículos;Atropelamento de Pedestre;Com Vítimas Feridas;Pleno dia;Crescente;Nublado;Dupla;Reta;Não;2;0;1;0;1;0;1;2;-23,463257;-46,53373;SPRF-SP;DEL01-SP;UOP01-DEL01-SP;false
504289.0;2023-02-10;sexta-feira;17:40:00;SP;116.0;220;GUARULHOS;Ausência de reação do condutor;Colisão lateral mesmo sentido;Com Vítimas Feridas;Pleno dia;Decrescente;Nublado;Múltipla;Reta;Sim;2;0;1;0;1;0;1;2;-23,46472809;-46,49793962;SPRF-SP;DEL01-SP;UOP01-DEL01-SP;false
504299.0;2023-02-10;sexta-feira;18:00:00;SP;116.0;279;EMBU DAS ARTES;Entrada inopinada do pedestre;Atropelamento de Pedestre;Com Vítimas Feridas;Pleno dia;Crescente;Céu Claro;Dupla;Reta;Sim;3;0;1;0;2;0;1;2;-23,66233697;-46,85292907;SPRF-SP;DEL04-SP;UOP01-DEL04-SP;false
504309.0;2023-02-10;sexta-feira;19:00:00;SP;116.0;214;GUARULHOS;Trafegar com motocicleta (ou similar) entre as faixas;Colisão lateral mesmo sentido;Com Vítimas Feridas;Plena Noite;Crescente;Garoa/Chuvisco;Simples;Em Obras;Sim;2;0;1;0;1;0;1;2;-23,44333014;-46,44531294;SPRF-SP;DEL01-SP;UOP01-DEL01-SP;false
504332.0;2023-02-10;sexta-feira;19:00:00;SP;381.0;89,3;GUARULHOS;Reação tardia ou ineficiente do condutor;Colisão lateral mesmo sentido;Com Vítimas Feridas;Plena Noite;Crescente;Chuva;Múltipla;Reta;Não;2;0;1;0;1;0;1;2;-23,48469299;-46,55983288;SPRF-SP;DEL03-SP;UOP01-DEL03-SP;false
504369.0;2023-02-10;sexta-feira;23:40:00;SP;116.0;109,8;TAUBATE;Ultrapassagem Indevida;Colisão lateral mesmo sentido;Com Vítimas Feridas;Plena Noite;Decrescente;Chuva;Dupla;Reta;Não;3;0;1;0;2;0;1;2;-23,02871304;-45,54517097;SPRF-SP;DEL02-SP;UOP02-DEL02-SP;false
504374.0;2023-02-11;sábado;03:30:00;SP;116.0;141,6;SAO JOSE DOS CAMPOS;Chuva;Queda de ocupante de veículo;Com Vítimas Feridas;Plena Noite;Decrescente;Chuva;Dupla;Reta;Sim;1;0;1;0;0;0;1;1;-23,17004717;-45,82091491;SPRF-SP;DEL02-SP;UOP01-DEL02-SP;false
504381.0;2023-02-11;sábado;05:10:00;SP;116.0;447;REGISTRO;Reação tardia ou ineficiente do condutor;Saída de leito carroçável;Com Vítimas Feridas;Plena Noite;Decrescente;Nublado;Dupla;"Declive;Reta                  ";Sim;4;0;2;0;2;0;2;1;-24,51285376;-47,85054871;SPRF-SP;DEL05-SP;UOP01-DEL05-SP;false
504390.0;2023-02-11;sábado;04:50:00;SP;116.0;269;TABOAO DA SERRA;Entrada inopinada do pedestre;Atropelamento de Pedestre;Com Vítimas Feridas;Amanhecer;Decrescente;Nublado;Dupla;Reta;Sim;2;0;0;1;1;0;1;2;-23,61593059;-46,78826044;SPRF-SP;DEL04-SP;UOP01-DEL04-SP;false
504400.0;2023-02-11;sábado;06:00:00;SP;116.0;128,3;CACAPAVA;Velocidade Incompatível;Colisão com objeto;Com Vítimas Feridas;Amanhecer;Crescente;Nublado;Dupla;Reta;Sim;1;0;0;1;0;0;1;1;-23,11454664;-45,71105567;SPRF-SP;DEL02-SP;UOP02-DEL02-SP;false
504415.0;2023-02-11;sábado;08:30:00;SP;116.0;511;CAJATI;Pista Escorregadia;Colisão com objeto;Com Vítimas Feridas;Pleno dia;Crescente;Garoa/Chuvisco;Simples;"Aclive;Ponte;Curva            ";Não;2;0;1;0;1;0;1;1;-24,83558399;-48,2223738;SPRF-SP;DEL05-SP;UOP02-DEL05-SP;false
504444.0;2023-02-11;sábado;11:20:00;SP;153.0;61,9;SAO JOSE DO RIO PRETO;Reação tardia ou ineficiente do condutor;Colisão traseira;Com Vítimas Feridas;Pleno dia;Crescente;Nublado;Dupla;Reta;Sim;3;0;1;0;2;0;1;2;-20,80502876;-49,35574909;SPRF-SP;DEL09-SP;UOP01-DEL09-SP;false
504467.0;2023-02-11;sábado;14:00:00;SP;116.0;161;JACAREI;Reação tardia ou ineficiente do condutor;Colisão traseira;Com Vítimas Feridas;Pleno dia;Decrescente;Nublado;Dupla;Reta;Não;3;0;2;0;1;0;2;2;-23,27617003;-45,97592098;SPRF-SP;DEL02-SP;UOP01-DEL02-SP;false
504485.0;2023-02-11;sábado;15:20:00;SP;381.0;61;MAIRIPORA;Ultrapassagem Indevida;Colisão lateral mesmo sentido;Com Vítimas Feridas;Pleno dia;Decrescente;Nublado;Dupla;"Aclive;Curva                  ";Não;3;0;1;0;0;2;1;3;-23,29011611;-46,5800681;SPRF-SP;DEL03-SP;UOP01-DEL03-SP;false
504508.0;2023-02-11;sábado;16:22:00;SP;381.0;52,1;ATIBAIA;Reação tardia ou ineficiente do condutor;Colisão com objeto;Com Vítimas Feridas;Pleno dia;Decrescente;Garoa/Chuvisco;Dupla;"Reta;Declive                  ";Não;2;0;2;0;0;0;2;1;-23,2300622;-46,59963076;SPRF-SP;DEL03-SP;UOP01-DEL03-SP;false
504525.0;2023-02-11;sábado;19:35:00;SP;101.0;42,1;UBATUBA;Condutor deixou de manter distância do veículo da frente;Colisão traseira;Com Vítimas Feridas;Plena Noite;Decrescente;Chuva;Simples;Reta;Não;2;0;1;0;1;0;1;2;-23,41271925;-45,04909808;SPRF-SP;DEL06-SP;UOP01-DEL06-SP;false
504538.0;2023-02-11;sábado;20:30:00;SP;116.0;149,9;SAO JOSE DOS CAMPOS;Ausência de reação do condutor;Colisão com objeto;Sem Vítimas;Plena Noite;Crescente;Nublado;Dupla;"Reta;Declive                  ";Sim;1;0;0;0;0;1;0;1;-23,20700047;-45,88626861;SPRF-SP;DEL02-SP;UOP01-DEL02-SP;false
504582.0;2023-02-11;sábado;23:00:00;SP;153.0;113,5;JOSE BONIFACIO;Transitar na contramão;Colisão frontal;Com Vítimas Feridas;Plena Noite;Decrescente;Céu Claro;Simples;Reta;Não;3;0;0;1;2;0;1;2;-21,11299309;-49,68678482;SPRF-SP;DEL09-SP;UOP01-DEL09-SP;false
504585.0;2023-02-11;sábado;23:50:00;SP;153.0;321,5;RIBEIRAO DO SUL;Pista esburacada;Queda de ocupante de veículo;Com Vítimas Feridas;Plena Noite;Decrescente;Céu Claro;Simples;Reta;Não;1;0;1;0;0;0;1;1;-22,770075;-49,889694;SPRF-SP;DEL07-SP;UOP03-DEL07-SP;false
504595.0;2023-02-12;domingo;00:30:00;SP;116.0;2;GUARULHOS;Reação tardia ou ineficiente do condutor;Colisão traseira;Com Vítimas Feridas;Plena Noite;Crescente;Céu Claro;Dupla;Reta;Não;3;0;1;0;2;0;1;2;-23,463257;-46,53373;SPRF-SP;DEL01-SP;UOP01-DEL01-SP;false
504599.0;2023-02-12;domingo;01:30:00;SP;116.0;273;TABOAO DA SERRA;Ingestão de álcool pelo condutor;Colisão frontal;Com Vítimas Feridas;Plena Noite;Crescente;Céu Claro;Simples;"Viaduto;Curva                 ";Sim;3;0;2;0;1;0;2;2;-23,62809795;-46,81870306;SPRF-SP;DEL04-SP;UOP01-DEL04-SP;false
504614.0;2023-02-12;domingo;04:00:00;SP;116.0;229;SAO PAULO;Condutor Dormindo;Colisão com objeto;Com Vítimas Feridas;Pleno dia;Crescente;Nublado;Múltipla;Reta;Sim;1;0;1;0;0;0;1;1;-23,50343484;-46,56638712;SPRF-SP;DEL01-SP;UOP01-DEL01-SP;false
504675.0;2023-02-12;domingo;11:13:00;SP;116.0;109;TAUBATE;Ausência de reação do condutor;Saída de leito carroçável;Com Vítimas Feridas;Pleno dia;Decrescente;Nublado;Dupla;Reta;Sim;2;0;2;0;0;0;2;1;-23,02871304;-45,54517097;SPRF-SP;DEL02-SP;UOP02-DEL02-SP;false
504710.0;2023-02-12;domingo;16:00:00;SP;116.0;203,5;ARUJA;Ingestão de álcool pelo condutor;Engavetamento;Sem Vítimas;Pleno dia;Crescente;Nublado;Múltipla;Reta;Sim;4;0;0;0;4;0;0;3;-23,41060827;-46,34763895;SPRF-SP;DEL01-SP;UOP01-DEL01-SP;false
504731.0;2023-02-12;domingo;16:30:00;SP;116.0;361;MIRACATU;Ausência de reação do condutor;Tombamento;Com Vítimas Feridas;Pleno dia;Decrescente;Céu Claro;Dupla;Curva;Não;1;0;1;0;0;0;1;1;-24,11717019;-47,26764709;SPRF-SP;DEL04-SP;UOP03-DEL04-SP;false
504736.0;2023-02-12;domingo;18:40:00;SP;116.0;208;GUARULHOS;Trafegar com motocicleta (ou similar) entre as faixas;Colisão lateral mesmo sentido;Com Vítimas Feridas;Anoitecer;Crescente;Chuva;Múltipla;Reta;Sim;3;0;2;0;1;0;2;2;-23,42222263;-46,3932771;SPRF-SP;DEL01-SP;UOP01-DEL01-SP;false
504786.0;2023-02-12;domingo;22:50:00;SP;116.0;227;GUARULHOS;Reação tardia ou ineficiente do condutor;Colisão com objeto;Sem Vítimas;Plena Noite;Decrescente;Garoa/Chuvisco;Múltipla;Reta;Não;1;0;0;0;0;1;0;1;-23,49659264;-46,55648754;SPRF-SP;DEL01-SP;UOP01-DEL01-SP;false
504808.0;2023-02-13;segunda-feira;03:20:00;SP;116.0;289;ITAPECERICA DA SERRA;Ausência de reação do condutor;Colisão traseira;Com Vítimas Feridas;Plena Noite;Crescente;Nublado;Dupla;Reta;Não;2;0;1;0;1;0;1;2;-23,72290969;-46,89096614;SPRF-SP;DEL04-SP;UOP01-DEL04-SP;false