id;data_inversa;dia_semana;horario;uf;br;km;municipio;causa_acidente;tipo_acidente;classificacao_acidente;fase_dia;sentido_via;condicao_metereologica;tipo_pista;tracado_via;uso_solo;pessoas;mortos;feridos_leves;feridos_graves;ilesos;ignorados;feridos;veiculos;latitude;longitude;regional;delegacia;uop;feriado
506358.0;2023-02-20;segunda-feira;16:00:00;SP;116.0;323,9;JUQUITIBA;Reação tardia ou ineficiente do condutor;Saída de leito carroçável;Com Vítimas Feridas;Pleno dia;Crescente;Céu Claro;Dupla;Reta;Não;1;0;1;0;0;0;1;1;-23,93663197;-47,03568002;SPRF-SP;DEL04-SP;UOP03-DEL04-SP;false
506360.0;2023-02-20;segunda-feira;17:45:00;SP;116.0;210;GUARULHOS;Reação tardia ou ineficiente do condutor;Colisão lateral mesmo sentido;Com Vítimas Feridas;Pleno dia;Decrescente;Céu Claro;Dupla;Reta;Sim;2;0;1;0;1;0;1;2;-23,42870023;-46,41085991;SPRF-SP;DEL01-SP;UOP01-DEL01-SP;false
506362.0;2023-02-20;segunda-feira;18:00:00;SP;116.0;202;ARUJA;Trafegar com motocicleta (ou similar) entre as faixas;Colisão lateral mesmo sentido;Com Vítimas Feridas;Anoitecer;Decrescente;Nublado;Dupla;Reta;Não;2;0;0;1;0;1;1;2;-23,40809408;-46,33859597;SPRF-SP;DEL01-SP;UOP01-DEL01-SP;false
506368.0;2023-02-20;segunda-feira;19:10:00;SP;101.0;36;UBATUBA;Acessar a via sem observar a presença dos outros veículos;Colisão transversal;Com Vítimas Feridas;Plena Noite;Decrescente;Nublado;Simples;Reta;Não;2;0;1;0;1;0;1;2;-23,40731379;-45,01849651;SPRF-SP;DEL06-SP;UOP01-DEL06-SP;false
506371.0;2023-02-20;segunda-feira;18:00:00;SP;116.0;384,7;MIRACATU;Demais falhas mecânicas ou elétricas;Saída de leito carroçável;Com Vítimas Feridas;Anoitecer;Crescente;Chuva;Dupla;"Curva;Retorno Regulamentado   ";Não;2;0;2;0;0;0;2;1;-24,25315884;-47,37493283;SPRF-SP;DEL04-SP;UOP02-DEL04-SP;false
506374.0;2023-02-20;segunda-feira;19:35:00;SP;381.0;41;ATIBAIA;Manobra de mudança de faixa;Colisão lateral mesmo sentido;Com Vítimas Feridas;Anoitecer;Crescente;Céu Claro;Dupla;Reta;Sim;2;0;1;0;1;0;1;2;-23,13863999;-46,57584088;SPRF-SP;DEL03-SP;UOP01-DEL03-SP;false
506408.0;2023-02-20;segunda-feira;23:27:00;SP;116.0;191;SANTA ISABEL;Acumulo de água sobre o pavimento;Saída de leito carroçável;Com Vítimas Feridas;Plena Noite;Decrescente;Chuva;Dupla;Reta;Não;1;0;1;0;0;0;1;1;-23,37124281;-46,2426022;SPRF-SP;DEL01-SP;UOP01-DEL01-SP;false
506418.0;2023-02-21;terça-feira;00:50:00;SP;381.0;89,2;GUARULHOS;Reação tardia ou ineficiente do condutor;Colisão traseira;Sem Vítimas;Plena Noite;Decrescente;Nublado;Múltipla;Reta;Sim;2;0;0;0;2;0;0;2;-23,48469299;-46,55983288;SPRF-SP;DEL03-SP;UOP01-DEL03-SP;false
506437.0;2023-02-21;terça-feira;06:59:00;SP;381.0;51;ATIBAIA;Velocidade Incompatível;Colisão com objeto;Com Vítimas Feridas;Amanhecer;Decrescente;Céu Claro;Dupla;"Declive;Curva                 ";Não;1;0;1;0;0;0;1;1;-23,23381423;-46,60181522;SPRF-SP;DEL03-SP;UOP01-DEL03-SP;false
506440.0;2023-02-21;terça-feira;06:00:00;SP;116.0;37;CACHOEIRA PAULISTA;Chuva;Colisão com objeto;Com Vítimas Feridas;Amanhecer;Decrescente;Chuva;Dupla;Curva;Não;2;0;1;0;1;0;1;1;-22,66497021;-44,98430985;SPRF-SP;DEL08-SP;UOP02-DEL08-SP;false
506443.0;2023-02-21;terça-feira;01:00:00;SP;116.0;72;APARECIDA;Ausência de reação do condutor;Saída de leito carroçável;Sem Vítimas;Plena Noite;Decrescente;Nublado;Múltipla;Curva;Não;1;0;0;0;0;1;0;1;-22,86354218;-45,23746093;SPRF-SP;DEL08-SP;UOP01-DEL08-SP;false
506479.0;2023-02-21;terça-feira;12:54:00;SP;116.0;139,7;SAO JOSE DOS CAMPOS;Condutor deixou de manter distância do veículo da frente;Engavetamento;Com Vítimas Feridas;Pleno dia;Crescente;Sol;Dupla;Reta;Sim;9;0;1;0;7;1;1;3;-23,16153216;-45,80400592;SPRF-SP;DEL02-SP;UOP01-DEL02-SP;false
506514.0;2023-02-21;terça-feira;18:20:00;SP;101.0;40;UBATUBA;Reação tardia ou ineficiente do condutor;Engavetamento;Sem Vítimas;Plena Noite;Crescente;Chuva;Simples;Reta;Não;3;0;0;0;3;0;0;3;-23,41495528;-45,03516778;SPRF-SP;DEL06-SP;UOP01-DEL06-SP;false
506518.0;2023-02-21;terça-feira;18:00:00;SP;116.0;429;REGISTRO;Demais falhas mecânicas ou elétricas;Tombamento;Com Vítimas Feridas;Pleno dia;Decrescente;Céu Claro;Dupla;Reta;Não;2;0;2;0;0;0;2;1;-24,40226511;-47,7383829;SPRF-SP;DEL05-SP;UOP01-DEL05-SP;false
506549.0;2023-02-21;terça-feira;21:40:00;SP;116.0;58;GUARATINGUETA;Pedestre andava na pista;Atropelamento de Pedestre;Com Vítimas Feridas;Plena Noite;Crescente;Chuva;Dupla;Reta;Sim;2;0;0;1;1;0;1;2;-22,78005511;-45,14572791;SPRF-SP;DEL08-SP;UOP01-DEL08-SP;false
506565.0;2023-02-22;quarta-feira;02:45:00;SP;116.0;269;TABOAO DA SERRA;Condutor desrespeitou a iluminação vermelha do semáforo;Colisão transversal;Com Vítimas Feridas;Plena Noite;Crescente;Céu Claro;Dupla;Reta;Sim;2;0;1;0;1;0;1;2;-23,61593059;-46,78826044;SPRF-SP;DEL04-SP;UOP01-DEL04-SP;false
506566.0;2023-02-22;quarta-feira;04:00:00;SP;116.0;562,1;BARRA DO TURVO;Reação tardia ou ineficiente do condutor;Capotamento;Com Vítimas Feridas;Plena Noite;Crescente;Garoa/Chuvisco;Dupla;Curva;Não;5;0;5;0;0;0;5;1;-25,02464023;-48,52213701;SPRF-SP;DEL05-SP;UOP02-DEL05-SP;false
506574.0;2023-02-22;quarta-feira;06:15:00;SP;116.0;160,4;JACAREI;Condutor deixou de manter distância do veículo da frente;Colisão traseira;Com Vítimas Feridas;Pleno dia;Crescente;Nublado;Dupla;Reta;Sim;2;0;1;0;0;1;1;2;-23,27617003;-45,97592098;SPRF-SP;DEL02-SP;UOP01-DEL02-SP;false
506595.0;2023-02-22;quarta-feira;08:05:00;SP;116.0;84;ROSEIRA;Manobra de mudança de faixa;Queda de ocupante de veículo;Com Vítimas Feridas;Pleno dia;Decrescente;Nublado;Dupla;Reta;Não;1;0;1;0;0;0;1;1;-22,91777173;-45,33596814;SPRF-SP;DEL08-SP;UOP01-DEL08-SP;false
506600.0;2023-02-22;quarta-feira;09:30:00;SP;116.0;219;GUARULHOS;Demais falhas mecânicas ou elétricas;Eventos atípicos;Com Vítimas Feridas;Pleno dia;Crescente;Céu Claro;Múltipla;Reta;Sim;2;0;1;0;1;0;1;1;-23,46143954;-46,48885316;SPRF-SP;DEL01-SP;UOP01-DEL01-SP;false
506627.0;2023-02-22;quarta-feira;11:50:00;SP;116.0;108,7;TAUBATE;Velocidade Incompatível;Colisão traseira;Com Vítimas Feridas;Pleno dia;Crescente;Sol;Dupla;Reta;Não;2;0;1;0;1;0;1;2;-23,0233097;-45,53763622;SPRF-SP;DEL02-SP;UOP02-DEL02-SP;false
506641.0;2023-02-22;quarta-feira;13:30:00;SP;101.0;47;UBATUBA;Acumulo de óleo sobre o pavimento;Tombamento;Com Vítimas Feridas;Pleno dia;Decrescente;Sol;Simples;Rotatória;Sim;1;0;1;0;0;0;1;1;-23,43401316;-45,0857234;SPRF-SP;DEL06-SP;UOP01-DEL06-SP;false
506703.0;2023-02-22;quarta-feira;18:15:00;SP;101.0;40;UBATUBA;Pista Escorregadia;Tombamento;Com Vítimas Feridas;Anoitecer;Decrescente;Céu Claro;Simples;Reta;Não;2;0;1;0;1;0;1;1;-23,41495528;-45,03516778;SPRF-SP;DEL06-SP;UOP01-DEL06-SP;false
506714.0;2023-02-22;quarta-feira;20:00:00;SP;116.0;215;GUARULHOS;Acumulo de areia ou detritos sobre o pavimento;Queda de ocupante de veículo;Com Vítimas Feridas;Plena Noite;Crescente;Céu Claro;Simples;Em Obras;Sim;1;0;1;0;0;0;1;1;-23,4469569252;-46,4539410308;SPRF-SP;DEL01-SP;UOP01-DEL01-SP;false
506762.0;2023-02-23;quinta-feira;07:00:00;SP;116.0;81;ROSEIRA;Avarias e/ou desgaste excessivo no pneu;Queda de ocupante de veículo;Com Vítimas Feridas;Pleno dia;Decrescente;Céu Claro;Dupla;Reta;Não;2;0;1;0;1;0;1;1;-22,90482177;-45,31030655;SPRF-SP;DEL08-SP;UOP01-DEL08-SP;false
506766.0;2023-02-23;quinta-feira;08:10:00;SP;116.0;279;EMBU DAS ARTES;Manobra de mudança de faixa;Colisão traseira;Com Vítimas Feridas;Pleno dia;Decrescente;Céu Claro;Dupla;Reta;Sim;2;0;1;0;1;0;1;2;-23,66233697;-46,85292907;SPRF-SP;DEL04-SP;UOP01-DEL04-SP;false
506770.0;2023-02-23;quinta-feira;07:40:00;SP;381.0;57;MAIRIPORA;Ultrapassagem Indevida;Colisão lateral mesmo sentido;Com Vítimas Feridas;Pleno dia;Decrescente;Sol;Dupla;Reta;Não;2;0;1;0;1;0;1;2;-23,2658219;-46,5839857;SPRF-SP;DEL03-SP;UOP01-DEL03-SP;false
506775.0;2023-02-23;quinta-feira;09:30:00;SP;116.0;38,4;CACHOEIRA PAULISTA;Velocidade Incompatível;Colisão traseira;Com Vítimas Feridas;Pleno dia;Crescente;Céu Claro;Múltipla;Curva;Não;4;0;2;0;2;0;2;2;-22,67026579;-44,99183604;SPRF-SP;DEL08-SP;UOP02-DEL08-SP;false
506820.0;2023-02-23;quinta-feira;14:30:00;SP;116.0;212,5;GUARULHOS;Reação tardia ou ineficiente do condutor;Eventos atípicos;Com Vítimas Feridas;Pleno dia;Decrescente;Nublado;Dupla;Reta;Sim;2;0;2;0;0;0;2;1;-23,43993906;-46,43543243;SPRF-SP;DEL01-SP;UOP01-DEL01-SP;false
506825.0;2023-02-23;quinta-feira;10:40:00;SP;116.0;67,5;GUARATINGUETA;Reação tardia ou ineficiente do condutor;Colisão traseira;Com Vítimas Feridas;Pleno dia;Crescente;Nublado;Dupla;"Reta;Aclive                   ";Sim;2;0;1;0;1;0;1;2;-22,82998471;-45,21234512;SPRF-SP;DEL08-SP;UOP01-DEL08-SP;false
506847.0;2023-02-23;quinta-feira;18:15:00;SP;381.0;71;MAIRIPORA;Chuva;Colisão com objeto;Com Vítimas Feridas;Pleno dia;Crescente;Chuva;Múltipla;Curva;Não;1;0;1;0;0;0;1;1;-23,35047979;-46,55267274;SPRF-SP;DEL03-SP;UOP01-DEL03-SP;false
506851.0;2023-02-23;quinta-feira;18:24:00;SP;381.0;35;ATIBAIA;Demais falhas mecânicas ou elétricas;Tombamento;Com Vítimas Feridas;Anoitecer;Decrescente;Céu Claro;Múltipla;"Reta;Aclive                   ";Não;1;0;1;0;0;0;1;1;-23,088586;-46,571798;SPRF-SP;DEL03-SP;UOP02-DEL03-SP;false
506862.0;2023-02-23;quinta-feira;20:20:00;SP;101.0;50,5;UBATUBA;Acessar a via sem observar a presença dos outros veículos;Colisão transversal;Com Vítimas Feridas;Plena Noite;Decrescente;Nublado;Simples;Reta;Não;2;0;1;0;1;0;1;2;-23,45018939;-45,07743735;SPRF-SP;DEL06-SP;UOP01-DEL06-SP;false
506897.0;2023-02-24;sexta-feira;02:30:00;SP;153.0;153,3;PROMISSAO;Deficiência do Sistema de Iluminação/Sinalização;Incêndio;Sem Vítimas;Plena Noite;Decrescente;Céu Claro;Simples;"Reta;Aclive                   ";Não;2;0;0;0;2;0;0;1;-21,44437099;-49,78452187;SPRF-SP;DEL07-SP;UOP01-DEL07-SP;false
506902.0;2023-02-24;sexta-feira;04:00:00;SP;116.0;70;APARECIDA;Acessar a via sem observar a presença dos outros veículos;Atropelamento de Pedestre;Com Vítimas Fatais;Plena Noite;Decrescente;Céu Claro;Dupla;Curva;Não;2;1;0;0;1;0;0;2;-22,84852898;-45,22705084;SPRF-SP;DEL08-SP;UOP01-DEL08-SP;false
506909.0;2023-02-24;sexta-feira;01:35:00;SP;116.0;390;MIRACATU;Objeto estático sobre o leito carroçável;Colisão com objeto;Sem Vítimas;Plena Noite;Decrescente;Nublado;Dupla;Reta;Não;2;0;0;0;2;0;0;1;-24,27643929;-47,41504088;SPRF-SP;DEL04-SP;UOP02-DEL04-SP;false
506931.0;2023-02-24;sexta-feira;08:50:00;SP;116.0;227;SAO PAULO;Velocidade Incompatível;Colisão com objeto;Com Vítimas Feridas;Pleno dia;Crescente;Nublado;Múltipla;Reta;Sim;4;0;2;0;2;0;2;4;-23,49659264;-46,55648754;SPRF-SP;DEL01-SP;UOP01-DEL01-SP;false
506939.0;2023-02-24;sexta-feira;08:45:00;SP;381.0;88;GUARULHOS;Condutor deixou de manter distância do veículo da frente;Colisão traseira;Com Vítimas Feridas;Pleno dia;Crescente;Nublado;Múltipla;Reta;Não;5;0;1;0;4;0;1;4;-23,47469314;-46,56112919;SPRF-SP;DEL03-SP;UOP01-DEL03-SP;false
506950.0;2023-02-24;sexta-feira;11:50:00;SP;116.0;148;SAO JOSE DOS CAMPOS;Acessar a via sem observar a presença dos outros veículos;Atropelamento de Pedestre;Com Vítimas Feridas;Pleno dia;Crescente;Céu Claro;Dupla;Reta;Sim;2;0;1;0;1;0;1;2;-23,20067421;-45,8795018;SPRF-SP;DEL02-SP;UOP01-DEL02-SP;false
506988.0;2023-02-24;sexta-feira;15:00:00;SP;116.0;330,9;JUQUITIBA;Afundamento ou ondulação no pavimento;Capotamento;Com Vítimas Feridas;Pleno dia;Decrescente;Sol;Dupla;Curva;Não;1;0;1;0;0;0;1;1;-23,9442931;-47,09668891;SPRF-SP;DEL04-SP;UOP03-DEL04-SP;false
506990.0;2023-02-24;sexta-feira;08:00:00;SP;116.0;273;TABOAO DA SERRA;Ausência de reação do condutor;Colisão traseira;Com Vítimas Feridas;Pleno dia;Decrescente;Céu Claro;Dupla;Reta;Sim;2;0;1;0;1;0;1;2;-23,62809795;-46,81870306;SPRF-SP;DEL04-SP;UOP01-DEL04-SP;false
507002.0;2023-02-24;sexta-feira;17:30:00;SP;116.0;144;SAO JOSE DOS CAMPOS;Ausência de reação do condutor;Tombamento;Com Vítimas Feridas;Pleno dia;Decrescente;Garoa/Chuvisco;Múltipla;Reta;Não;1;0;1;0;0;0;1;1;-23,18274416;-45,84633592;SPRF-SP;DEL02-SP;UOP01-DEL02-SP;false
507005.0;2023-02-24;sexta-feira;17:30:00;SP;381.0;54;MAIRIPORA;Ausência de reação do condutor;Colisão traseira;Com Vítimas Feridas;Pleno dia;Crescente;Céu Claro;Dupla;Reta;Não;1;0;1;0;0;0;1;1;-23,2449074;-46,59562343;SPRF-SP;DEL03-SP;UOP01-DEL03-SP;false
507009.0;2023-02-24;sexta-feira;18:10:00;SP;101.0;51;UBATUBA;Acessar a via sem observar a presença dos outros veículos;Colisão transversal;Com Vítimas Feridas;Anoitecer;Decrescente;Chuva;Simples;Reta;Sim;2;0;1;0;1;0;1;2;-23,45627795;-45,07111896;SPRF-SP;DEL06-SP;UOP01-DEL06-SP;false
507010.0;2023-02-24;sexta-feira;16:36:00;SP;116.0;546;BARRA DO TURVO;Reação tardia ou ineficiente do condutor;Colisão com objeto;Com Vítimas Feridas;Anoitecer;Crescente;Garoa/Chuvisco;Dupla;"Curva;Declive                 ";Não;5;0;1;1;3;0;2;1;-24,9470862;-48,43042095;SPRF-SP;DEL05-SP;UOP02-DEL05-SP;false
507062.0;2023-02-24;sexta-feira;23:00:00;SP;116.0;215;GUARULHOS;Ausência de sinalização;Colisão com objeto;Com Vítimas Feridas;Plena Noite;Crescente;Céu Claro;Simples;"Em Obras;Desvio Temporário;Cur";Sim;1;0;0;1;0;0;1;1;-23,44695693;-46,45394103;SPRF-SP;DEL01-SP;UOP01-DEL01-SP;false
507065.0;2023-02-24;sexta-feira;22:53:00;SP;116.0;225;SAO PAULO;Ausência de reação do condutor;Colisão com objeto;Sem Vítimas;Plena Noite;Decrescente;Céu Claro;Múltipla;Reta;Sim;1;0;0;0;0;1;0;1;-23,48586772;-46,54075317;SPRF-SP;DEL01-SP;UOP01-DEL01-SP;false
507074.0;2023-02-25;sábado;02:23:00;SP;116.0;209;GUARULHOS;Ausência de reação do condutor;Colisão com objeto;Com Vítimas Feridas;Plena Noite;Crescente;Ignorado;Dupla;Reta;Não;1;0;0;1;0;0;1;1;-23,42511799;-46,40221101;SPRF-SP;DEL01-SP;UOP01-DEL01-SP;false
507104.0;2023-02-24;sexta-feira;21:00:00;SP;116.0;367;MIRACATU;Velocidade Incompatível;Tombamento;Com Vítimas Feridas;Plena Noite;Crescente;Chuva;Dupla;Curva;Sim;1;0;1;0;0;0;1;1;-24,14628882;-47,29333804;SPRF-SP;DEL04-SP;UOP02-DEL04-SP;false
507116.0;2023-02-25;sábado;09:15:00;SP;381.0;46;ATIBAIA;Carga excessiva e/ou mal acondicionada;Colisão com objeto;Com Vítimas Feridas;Pleno dia;Decrescente;Sol;Dupla;Reta;Sim;4;0;1;0;3;0;1;2;-23,180897;-46,580777;SPRF-SP;DEL03-SP;UOP01-DEL03-SP;false
507147.0;2023-02-25;sábado;14:20:00;SP;116.0;64,2;GUARATINGUETA;Reação tardia ou ineficiente do condutor;Saída de leito carroçável;Com Vítimas Feridas;Pleno dia;Crescente;Céu Claro;Dupla;Curva;Não;1;0;1;0;0;0;1;1;-22,81942006;-45,18421298;SPRF-SP;DEL08-SP;UOP01-DEL08-SP;false
507150.0;2023-02-01;quarta-feira;07:10:00;SP;116.0;514,8;CAJATI;Reação tardia ou ineficiente do condutor;Capotamento;Sem Vítimas;Pleno dia;Crescente;Nublado;Simples;Curva;Não;1;0;0;0;1;0;0;1;-24,85154994;-48,21762085;SPRF-SP;DEL05-SP;UOP02-DEL05-SP;false
507210.0;2023-02-25;sábado;19:00:00;SP;381.0;64;MAIRIPORA;Ingestão de álcool pelo condutor;Saída de leito carroçável;Sem Vítimas;Anoitecer;Decrescente;Céu Claro;Dupla;Declive;Não;1;0;0;0;1;0;0;1;-23,3089645;-46,57924651;SPRF-SP;DEL03-SP;UOP01-DEL03-SP;false
507275.0;2023-02-26;domingo;09:00:00;SP;116.0;229;SAO PAULO;Ingestão de álcool pelo condutor;Colisão com objeto;Com Vítimas Feridas;Pleno dia;Decrescente;Céu Claro;Múltipla;Reta;Sim;1;0;1;0;0;0;1;1;-23,51291902;-46,57604698;SPRF-SP;DEL01-SP;UOP01-DEL01-SP;false
507283.0;2023-02-22;quarta-feira;18:50:00;SP;381.0;86,3;SAO PAULO;Reação tardia ou ineficiente do condutor;Tombamento;Com Vítimas Feridas;Plena Noite;Decrescente;Céu Claro;Múltipla;Reta;Sim;1;0;1;0;0;0;1;1;-23,45930499;-46,57161179;SPRF-SP;DEL03-SP;UOP01-DEL03-SP;false
507375.0;2023-02-26;domingo;20:30:00;SP;116.0;230;SAO PAULO;Condutor deixou de manter distância do veículo da frente;Colisão traseira;Com Vítimas Feridas;Plena Noite;Decrescente;Nublado;Múltipla;Reta;Sim;2;0;1;0;1;0;1;2;-23,52251783;-46,5855702;SPRF-SP;DEL01-SP;UOP01-DEL01-SP;false
507381.0;2023-02-26;domingo;21:30:00;SP;116.0;218;GUARULHOS;Condutor deixou de manter distância do veículo da frente;Colisão traseira;Com Vítimas Feridas;Plena Noite;Crescente;Céu Claro;Múltipla;Reta;Sim;1;0;1;0;0;0;1;1;-23,457972;-46,479927;SPRF-SP;DEL01-SP;UOP01-DEL01-SP;false
507408.0;2023-02-26;domingo;20:50:00;SP;116.0;395;MIRACATU;Reação tardia ou ineficiente do condutor;Queda de ocupante de veículo;Com Vítimas Feridas;Plena Noite;Crescente;Garoa/Chuvisco;Dupla;"Viaduto;Retorno Regulamentado ";Sim;1;0;1;0;0;0;1;1;-24,28894933;-47,46080025;SPRF-SP;DEL04-SP;UOP02-DEL04-SP;false
507411.0;2023-02-26;domingo;21:10:00;SP;381.0;37,7;ATIBAIA;Ingestão de álcool pelo condutor;Colisão lateral mesmo sentido;Sem Vítimas;Plena Noite;Crescente;Nublado;Dupla;Reta;Sim;2;0;0;0;2;0;0;2;-23,11114463;-46,57103419;SPRF-SP;DEL03-SP;UOP01-DEL03-SP;false
507419.0;2023-02-27;segunda-feira;02:23:00;SP;116.0;55,8;LORENA;Reação tardia ou ineficiente do condutor;Saída de leito carroçável;Com Vítimas Feridas;Plena Noite;Decrescente;Nublado;Dupla;Reta;Não;8;0;8;0;0;0;8;1;-22,76356421;-45,12272385;SPRF-SP;DEL08-SP;UOP02-DEL08-SP;false
507435.0;2023-02-27;segunda-feira;07:15:00;SP;153.0;61;SAO JOSE DO RIO PRETO;Reação tardia ou ineficiente do condutor;Colisão traseira;Com Vítimas Feridas;Pleno dia;Crescente;Céu Claro;Dupla;"Declive;Reta                  ";Não;2;0;0;1;0;1;1;2;-20,80502876;-49,35574909;SPRF-SP;DEL09-SP;UOP01-DEL09-SP;false
507446.0;2023-02-27;segunda-feira;07:57:00;SP;116.0;164,4;JACAREI;Afundamento ou ondulação no pavimento;Queda de ocupante de veículo;Com Vítimas Feridas;Pleno dia;Decrescente;Céu Claro;Dupla;Reta;Não;1;0;0;1;0;0;1;1;-23,29166028;-46,00002382;SPRF-SP;DEL02-SP;UOP01-DEL02-SP;false
507473.0;2023-02-27;segunda-feira;09:05:00;SP;116.0;101,8;PINDAMONHANGABA;Avarias e/ou desgaste excessivo no pneu;Queda de ocupante de veículo;Com Vítimas Feridas;Pleno dia;Crescente;Céu Claro;Dupla;Declive;Não;2;0;2;0;0;0;2;1;-22,99178017;-45,48365593;SPRF-SP;DEL08-SP;UOP01-DEL08-SP;false
507474.0;2023-02-27;segunda-feira;11:00:00;SP;116.0;130;CACAPAVA;Reação tardia ou ineficiente do condutor;Capotamento;Com Vítimas Feridas;Pleno dia;Decrescente;Céu Claro;Dupla;Reta;Não;2;0;0;1;1;0;1;1;-23,12313858;-45,72792271;SPRF-SP;DEL02-SP;UOP02-DEL02-SP;false
507581.0;2023-02-27;segunda-feira;22:10:00;SP;116.0;269,5;TABOAO DA SERRA;Mal súbito do condutor;Engavetamento;Com Vítimas Feridas;Plena Noite;Crescente;Nublado;Dupla;Reta;Sim;4;0;1;0;3;0;1;3;-23,61593059;-46,78826044;SPRF-SP;DEL04-SP;UOP01-DEL04-SP;false
507603.0;2023-02-28;terça-feira;06:30:00;SP;116.0;133;SAO JOSE DOS CAMPOS;Ausência de reação do condutor;Tombamento;Com Vítimas Feridas;Pleno dia;Decrescente;Céu Claro;Dupla;Reta;Sim;1;0;0;1;0;0;1;1;-23,1359564;-45,7532708;SPRF-SP;DEL02-SP;UOP02-DEL02-SP;false
507604.0;2023-02-28;terça-feira;06:40:00;SP;116.0;220;GUARULHOS;Condutor deixou de manter distância do veículo da frente;Queda de ocupante de veículo;Com Vítimas Feridas;Pleno dia;Crescente;Nublado;Múltipla;Reta;Não;2;0;2;0;0;0;2;1;-23,46472809;-46,49793962;SPRF-SP;DEL01-SP;UOP01-DEL01-SP;false
507613.0;2023-02-28;terça-feira;07:00:00;SP;116.0;220;GUARULHOS;Trafegar com motocicleta (ou similar) entre as faixas;Colisão lateral mesmo sentido;Com Vítimas Feridas;Pleno dia;Crescente;Céu Claro;Múltipla;Reta;Não;3;0;2;0;1;0;2;3;-23,46472809;-46,49793962;SPRF-SP;DEL01-SP;UOP01-DEL01-SP;false
507687.0;2023-02-28;terça-feira;15:25:00;SP;116.0;59;GUARATINGUETA;Reação tardia ou ineficiente do condutor;Colisão traseira;Com Vítimas Feridas;Pleno dia;Crescente;Nublado;Dupla;"Reta;Aclive                   ";Não;2;0;1;0;0;1;1;2;-22,78555649;-45,15339465;SPRF-SP;DEL08-SP;UOP01-DEL08-SP;false
507715.0;2023-02-28;terça-feira;18:20:00;SP;116.0;154;SAO JOSE DOS CAMPOS;Pista Escorregadia;Tombamento;Com Vítimas Feridas;Anoitecer;Crescente;Chuva;Dupla;Reta;Sim;2;0;1;0;0;1;1;2;-23,23903999;-45,92061901;SPRF-SP;DEL02-SP;UOP01-DEL02-SP;false
507718.0;2023-02-28;terça-feira;18:20:00;SP;116.0;289,2;ITAPECERICA DA SERRA;Pista esburacada;Tombamento;Com Vítimas Feridas;Anoitecer;Crescente;Céu Claro;Dupla;Reta;Não;2;0;1;1;0;0;2;1;-23,72290969;-46,89096614;SPRF-SP;DEL04-SP;UOP01-DEL04-SP;false
507722.0;2023-02-28;terça-feira;19:10:00;SP;116.0;123;CACAPAVA;Pedestre andava na pista;Colisão lateral mesmo sentido;Com Vítimas Feridas;Plena Noite;Decrescente;Chuva;Dupla;Reta;Sim;3;0;1;0;2;0;1;3;-23,08754228;-45,66969781;SPRF-SP;DEL02-SP;UOP02-DEL02-SP;false
507728.0;2023-02-28;terça-feira;20:10:00;SP;101.0;49,5;UBATUBA;Acumulo de água sobre o pavimento;Tombamento;Com Vítimas Feridas;Plena Noite;Crescente;Chuva;Simples;Reta;Sim;2;0;2;0;0;0;2;1;-23,45018939;-45,07743735;SPRF-SP;DEL06-SP;UOP01-DEL06-SP;false
507797.0;2023-03-01;quarta-feira;08:25:00;SP;116.0;228;SAO PAULO;Reação tardia ou ineficiente do condutor;Colisão lateral mesmo sentido;Com Vítimas Feridas;Pleno dia;Crescente;Céu Claro;Múltipla;Reta;Sim;2;0;1;0;1;0;1;2;-23,50343484;-46,56638712;SPRF-SP;DEL01-SP;UOP01-DEL01-SP;false
507834.0;2023-03-01;quarta-feira;13:20:00;SP;116.0;188;SANTA ISABEL;Velocidade Incompatível;Queda de ocupante de veículo;Com Vítimas Fatais;Pleno dia;Decrescente;Céu Claro;Dupla;Curva;Sim;3;1;0;1;1;0;1;2;-23,3594352;-46,21675791;SPRF-SP;DEL01-SP;UOP01-DEL01-SP;false
507913.0;2023-03-01;quarta-feira;21:20:00;SP;116.0;153,2;SAO JOSE DOS CAMPOS;Reação tardia ou ineficiente do condutor;Tombamento;Com Vítimas Feridas;Plena Noite;Crescente;Céu Claro;Simples;Reta;Sim;1;0;1;0;0;0;1;1;-23,23262274;-45,91372624;SPRF-SP;DEL02-SP;UOP01-DEL02-SP;false
507921.0;2023-03-01;quarta-feira;22:22:00;SP;116.0;446;REGISTRO;Objeto estático sobre o leito carroçável;Tombamento;Com Vítimas Feridas;Plena Noite;Decrescente;Céu Claro;Dupla;Reta;Sim;1;0;1;0;0;0;1;1;-24,50467087;-47,84772743;SPRF-SP;DEL05-SP;UOP01-DEL05-SP;false
507937.0;2023-03-02;quinta-feira;06:00:00;SP;116.0;228;SAO PAULO;Reação tardia ou ineficiente do condutor;Queda de ocupante de veículo;Com Vítimas Feridas;Pleno dia;Crescente;Céu Claro;Múltipla;Reta;Sim;2;0;2;0;0;0;2;1;-23,50343484;-46,56638712;SPRF-SP;DEL01-SP;UOP01-DEL01-SP;false