id;data_inversa;dia_semana;horario;uf;br;km;municipio;causa_acidente;tipo_acidente;classificacao_acidente;fase_dia;sentido_via;condicao_metereologica;tipo_pista;tracado_via;uso_solo;pessoas;mortos;feridos_leves;feridos_graves;ilesos;ignorados;feridos;veiculos;latitude;longitude;regional;delegacia;uop;feriado
507986.0;2023-01-25;quarta-feira;20:30:00;SP;116.0;209;GUARULHOS;Manobra de mudança de faixa;Colisão lateral mesmo sentido;Com Vítimas Feridas;Plena Noite;Decrescente;Céu Claro;Múltipla;Reta;Sim;3;0;2;0;1;0;2;2;-23,42511799;-46,40221101;SPRF-SP;DEL01-SP;UOP01-DEL01-SP;false
508020.0;2023-03-02;quinta-feira;14:15:00;SP;116.0;269;TABOAO DA SERRA;Ausência de reação do condutor;Atropelamento de Pedestre;Com Vítimas Feridas;Pleno dia;Crescente;Céu Claro;Múltipla;"Interseção de Vias;Reta       ";Sim;2;0;0;1;1;0;1;2;-23,61593059;-46,78826044;SPRF-SP;DEL04-SP;UOP01-DEL04-SP;false
508032.0;2023-03-02;quinta-feira;15:30:00;SP;101.0;35;UBATUBA;Acessar a via sem observar a presença dos outros veículos;Colisão transversal;Com Vítimas Feridas;Pleno dia;Crescente;Céu Claro;Dupla;Interseção de Vias;Não;3;0;2;0;1;0;2;2;-23,39244374;-45,00823311;SPRF-SP;DEL06-SP;UOP01-DEL06-SP;false
508037.0;2023-03-02;quinta-feira;17:30:00;SP;116.0;219;GUARULHOS;Trafegar com motocicleta (ou similar) entre as faixas;Colisão lateral mesmo sentido;Com Vítimas Feridas;Pleno dia;Crescente;Céu Claro;Múltipla;Reta;Sim;3;0;1;1;1;0;2;2;-23,46143954;-46,48885316;SPRF-SP;DEL01-SP;UOP01-DEL01-SP;false
508054.0;2023-03-02;quinta-feira;18:00:00;SP;116.0;157,5;SAO JOSE DOS CAMPOS;Condutor deixou de manter distância do veículo da frente;Colisão traseira;Com Vítimas Feridas;Plena Noite;Crescente;Nublado;Dupla;Declive;Sim;7;0;2;0;5;0;2;5;-23,25558031;-45,9437828;SPRF-SP;DEL02-SP;UOP01-DEL02-SP;false
508102.0;2023-03-02;quinta-feira;19:45:00;SP;116.0;270,5;TABOAO DA SERRA;Manobra de mudança de faixa;Tombamento;Com Vítimas Feridas;Plena Noite;Crescente;Nublado;Dupla;Reta;Sim;2;0;0;1;0;1;1;2;-23,61799728;-46,79677694;SPRF-SP;DEL04-SP;UOP01-DEL04-SP;false
508107.0;2023-03-02;quinta-feira;22:30:00;SP;116.0;270,5;TABOAO DA SERRA;Ausência de reação do condutor;Colisão traseira;Com Vítimas Feridas;Plena Noite;Crescente;Céu Claro;Dupla;Curva;Sim;3;0;0;1;2;0;1;3;-23,61799728;-46,79677694;SPRF-SP;DEL04-SP;UOP01-DEL04-SP;false
508119.0;2023-03-03;sexta-feira;02:30:00;SP;116.0;218;GUARULHOS;Reação tardia ou ineficiente do condutor;Capotamento;Com Vítimas Feridas;Plena Noite;Crescente;Nublado;Múltipla;Reta;Não;1;0;1;0;0;0;1;1;-23,457972;-46,479927;SPRF-SP;DEL01-SP;UOP01-DEL01-SP;false
508123.0;2023-03-03;sexta-feira;05:55:00;SP;116.0;5;GUARULHOS;Reação tardia ou ineficiente do condutor;Atropelamento de Pedestre;Com Vítimas Feridas;Amanhecer;Crescente;Ignorado;Dupla;Aclive;Sim;2;0;0;1;1;0;1;2;-23,463257;-46,53373;SPRF-SP;DEL01-SP;UOP01-DEL01-SP;false
508125.0;2023-03-03;sexta-feira;06:15:00;SP;116.0;217;GUARULHOS;Manobra de mudança de faixa;Colisão lateral mesmo sentido;Com Vítimas Fatais;Pleno dia;Crescente;Céu Claro;Dupla;Reta;Sim;6;1;1;0;4;0;1;2;-23,45423824;-46,47119028;SPRF-SP;DEL01-SP;UOP01-DEL01-SP;false
508129.0;2023-03-03;sexta-feira;06:40:00;SP;116.0;220;GUARULHOS;Ausência de reação do condutor;Colisão lateral mesmo sentido;Com Vítimas Feridas;Amanhecer;Crescente;Nublado;Múltipla;Reta;Não;2;0;1;0;1;0;1;2;-23,46472809;-46,49793962;SPRF-SP;DEL01-SP;UOP01-DEL01-SP;false
508160.0;2023-03-03;sexta-feira;08:10:00;SP;116.0;281,8;EMBU DAS ARTES;Manobra de mudança de faixa;Colisão lateral mesmo sentido;Com Vítimas Feridas;Pleno dia;Decrescente;Céu Claro;Dupla;Curva;Sim;3;0;2;0;1;0;2;2;-23,67784787;-46,85769227;SPRF-SP;DEL04-SP;UOP01-DEL04-SP;false
508171.0;2023-03-03;sexta-feira;07:35:00;SP;116.0;227;SAO PAULO;Reação tardia ou ineficiente do condutor;Colisão traseira;Com Vítimas Feridas;Pleno dia;Crescente;Céu Claro;Múltipla;Reta;Não;3;0;2;0;1;0;2;2;-23,49659264;-46,55648754;SPRF-SP;DEL01-SP;UOP01-DEL01-SP;false
508236.0;2023-03-03;sexta-feira;15:00:00;SP;153.0;60,7;SAO JOSE DO RIO PRETO;Reação tardia ou ineficiente do condutor;Saída de leito carroçável;Com Vítimas Feridas;Pleno dia;Decrescente;Céu Claro;Dupla;Aclive;Sim;1;0;1;0;0;0;1;1;-20,79627979;-49,35480206;SPRF-SP;DEL09-SP;UOP01-DEL09-SP;false
508249.0;2023-03-03;sexta-feira;16:15:00;SP;153.0;72,9;SAO JOSE DO RIO PRETO;Ausência de sinalização;Colisão com objeto;Com Vítimas Feridas;Pleno dia;Decrescente;Sol;Dupla;"Curva;Retorno Regulamentado   ";Não;1;0;1;0;0;0;1;1;-20,8658697;-49,41253424;SPRF-SP;DEL09-SP;UOP01-DEL09-SP;false
508323.0;2023-03-03;sexta-feira;22:34:00;SP;116.0;296;ITAPECERICA DA SERRA;Avarias e/ou desgaste excessivo no pneu;Queda de ocupante de veículo;Com Vítimas Feridas;Anoitecer;Decrescente;Céu Claro;Dupla;Reta;Não;2;0;0;1;1;0;1;1;-23,775485;-46,914416;SPRF-SP;DEL04-SP;UOP01-DEL04-SP;false
508324.0;2023-03-03;sexta-feira;22:10:00;SP;116.0;326;JUQUITIBA;Iluminação deficiente;Atropelamento de Pedestre;Com Vítimas Feridas;Plena Noite;Decrescente;Nublado;Dupla;Reta;Não;3;0;1;0;2;0;1;2;-23,93901304;-47,06241203;SPRF-SP;DEL04-SP;UOP03-DEL04-SP;false
508325.0;2023-03-03;sexta-feira;23:00:00;SP;153.0;7;ICEM;Velocidade Incompatível;Atropelamento de Animal;Com Vítimas Feridas;Plena Noite;Decrescente;Nublado;Simples;Reta;Não;1;0;1;0;0;0;1;1;-20,36460498;-49,22157203;SPRF-SP;DEL09-SP;UOP01-DEL09-SP;false
508326.0;2023-03-03;sexta-feira;22:30:00;SP;116.0;145,5;SAO JOSE DOS CAMPOS;Condutor deixou de manter distância do veículo da frente;Colisão lateral mesmo sentido;Com Vítimas Feridas;Plena Noite;Decrescente;Céu Claro;Simples;Aclive;Sim;1;0;0;1;0;0;1;1;-23,1869844;-45,8548078;SPRF-SP;DEL02-SP;UOP01-DEL02-SP;false
508335.0;2023-03-03;sexta-feira;20:50:00;SP;116.0;71;APARECIDA;Mal súbito do condutor;Colisão com objeto;Com Vítimas Feridas;Plena Noite;Crescente;Céu Claro;Dupla;Reta;Não;2;0;1;1;0;0;2;1;-22,85651665;-45,23114328;SPRF-SP;DEL08-SP;UOP01-DEL08-SP;false
508412.0;2023-03-04;sábado;11:10:00;SP;116.0;441;REGISTRO;Obras na pista;Eventos atípicos;Com Vítimas Feridas;Pleno dia;Decrescente;Céu Claro;Dupla;Reta;Não;2;0;1;0;1;0;1;2;-24,4688528;-47,82223728;SPRF-SP;DEL05-SP;UOP01-DEL05-SP;false
508416.0;2023-03-04;sábado;10:16:00;SP;153.0;59,2;SAO JOSE DO RIO PRETO;Ingestão de álcool pelo condutor;Saída de leito carroçável;Com Vítimas Feridas;Pleno dia;Crescente;Céu Claro;Dupla;Reta;Sim;1;0;1;0;0;0;1;1;-20,78753242;-49,35414791;SPRF-SP;DEL09-SP;UOP01-DEL09-SP;false
508445.0;2023-03-04;sábado;15:00:00;SP;116.0;205;ARUJA;Reação tardia ou ineficiente do condutor;Colisão traseira;Com Vítimas Feridas;Pleno dia;Decrescente;Céu Claro;Múltipla;Reta;Sim;2;0;1;0;1;0;1;2;-23,41475243;-46,36600788;SPRF-SP;DEL01-SP;UOP01-DEL01-SP;false
508447.0;2023-03-04;sábado;11:25:00;SP;381.0;60,5;MAIRIPORA;Velocidade Incompatível;Colisão com objeto;Com Vítimas Feridas;Pleno dia;Crescente;Nublado;Dupla;"Declive;Curva                 ";Não;2;0;1;0;1;0;1;2;-23,28957673;-46,58729853;SPRF-SP;DEL03-SP;UOP01-DEL03-SP;false
508476.0;2023-03-04;sábado;18:05:00;SP;116.0;229;GUARULHOS;Manobra de mudança de faixa;Colisão traseira;Com Vítimas Feridas;Pleno dia;Crescente;Céu Claro;Múltipla;Reta;Sim;3;0;3;0;0;0;3;2;-23,51291902;-46,57604698;SPRF-SP;DEL01-SP;UOP01-DEL01-SP;false
508531.0;2023-03-04;sábado;22:00:00;SP;153.0;59;SAO JOSE DO RIO PRETO;Ingestão de álcool pelo condutor;Capotamento;Sem Vítimas;Plena Noite;Crescente;Céu Claro;Dupla;Reta;Sim;2;0;0;0;2;0;0;1;-20,78733103;-49,35399276;SPRF-SP;DEL09-SP;UOP01-DEL09-SP;false
508549.0;2023-03-04;sábado;22:35:00;SP;153.0;1,2;ICEM;Acessar a via sem observar a presença dos outros veículos;Colisão traseira;Com Vítimas Fatais;Plena Noite;Decrescente;Chuva;Simples;Declive;Não;2;1;0;0;0;1;0;2;-20,31427991;-49,20946944;SPRF-SP;DEL09-SP;UOP01-DEL09-SP;false
508557.0;2023-03-05;domingo;00:15:00;SP;116.0;208;GUARULHOS;Reação tardia ou ineficiente do condutor;Colisão traseira;Com Vítimas Feridas;Plena Noite;Crescente;Nublado;Múltipla;Reta;Sim;5;0;2;0;3;0;2;2;-23,42222263;-46,3932771;SPRF-SP;DEL01-SP;UOP01-DEL01-SP;false
508592.0;2023-03-05;domingo;04:12:00;SP;116.0;322,5;JUQUITIBA;Ausência de reação do condutor;Saída de leito carroçável;Com Vítimas Fatais;Plena Noite;Decrescente;Chuva;Dupla;Reta;Não;1;1;0;0;0;0;0;1;-23,935106;-47,026682;SPRF-SP;DEL04-SP;UOP03-DEL04-SP;false
508616.0;2023-03-05;domingo;08:15:00;SP;381.0;37,4;ATIBAIA;Reação tardia ou ineficiente do condutor;Colisão traseira;Com Vítimas Feridas;Pleno dia;Decrescente;Sol;Dupla;Reta;Sim;2;0;0;1;1;0;1;2;-23,10506237;-46,56881577;SPRF-SP;DEL03-SP;UOP01-DEL03-SP;false
508700.0;2023-03-05;domingo;18:00:00;SP;116.0;3;GUARULHOS;Ultrapassagem Indevida;Colisão com objeto;Com Vítimas Feridas;Pleno dia;Crescente;Nublado;Dupla;Reta;Não;2;0;0;1;0;1;1;2;-23,463257;-46,53373;SPRF-SP;DEL01-SP;UOP01-DEL01-SP;false
508722.0;2023-03-05;domingo;18:30:00;SP;153.0;330,9;SALTO GRANDE;Ingestão de álcool e/ou substâncias psicoativas pelo pedestre;Saída de leito carroçável;Com Vítimas Feridas;Anoitecer;Crescente;Nublado;Simples;"Reta;Declive                  ";Sim;2;0;2;0;0;0;2;1;-22,853448;-49,88959919;SPRF-SP;DEL07-SP;UOP03-DEL07-SP;false
508735.0;2023-03-05;domingo;17:45:00;SP;101.0;49,9;UBATUBA;Acessar a via sem observar a presença dos outros veículos;Colisão transversal;Com Vítimas Feridas;Anoitecer;Decrescente;Chuva;Simples;Reta;Sim;2;0;1;0;1;0;1;2;-23,44887662;-45,07882476;SPRF-SP;DEL06-SP;UOP01-DEL06-SP;false
508736.0;2023-03-05;domingo;20:20:00;SP;116.0;216;GUARULHOS;Reação tardia ou ineficiente do condutor;Colisão traseira;Sem Vítimas;Plena Noite;Decrescente;Garoa/Chuvisco;Dupla;Aclive;Sim;2;0;0;0;2;0;0;2;-23,45056589;-46,46258105;SPRF-SP;DEL01-SP;UOP01-DEL01-SP;false
508764.0;2023-03-05;domingo;20:15:00;SP;116.0;7;QUELUZ;Acumulo de água sobre o pavimento;Capotamento;Com Vítimas Feridas;Plena Noite;Crescente;Chuva;Dupla;Curva;Não;2;0;1;0;1;0;1;1;-22,53531603;-44,76219097;SPRF-SP;DEL08-SP;UOP02-DEL08-SP;false
508769.0;2023-03-05;domingo;23:00:00;SP;116.0;121;CACAPAVA;Demais falhas mecânicas ou elétricas;Incêndio;Com Vítimas Feridas;Plena Noite;Decrescente;Céu Claro;Dupla;Reta;Não;1;0;1;0;0;0;1;1;-23,07631169;-45,65337222;SPRF-SP;DEL02-SP;UOP02-DEL02-SP;false
508794.0;2023-03-06;segunda-feira;05:45:00;SP;116.0;220;GUARULHOS;Demais falhas mecânicas ou elétricas;Tombamento;Com Vítimas Feridas;Pleno dia;Crescente;Céu Claro;Múltipla;Reta;Sim;2;0;1;0;1;0;1;1;-23,46472809;-46,49793962;SPRF-SP;DEL01-SP;UOP01-DEL01-SP;false
508820.0;2023-03-06;segunda-feira;07:59:00;SP;116.0;138,9;SAO JOSE DOS CAMPOS;Trafegar com motocicleta (ou similar) entre as faixas;Colisão lateral mesmo sentido;Com Vítimas Feridas;Pleno dia;Crescente;Céu Claro;Dupla;Reta;Sim;4;0;1;0;3;0;1;3;-23,159303;-45,800002;SPRF-SP;DEL02-SP;UOP01-DEL02-SP;false
508831.0;2023-03-06;segunda-feira;10:00:00;SP;116.0;285;ITAPECERICA DA SERRA;Trafegar com motocicleta (ou similar) entre as faixas;Colisão lateral mesmo sentido;Com Vítimas Feridas;Pleno dia;Decrescente;Céu Claro;Simples;Reta;Sim;3;0;1;0;2;0;1;2;-23,7040779431;-46,872497087;SPRF-SP;DEL04-SP;UOP01-DEL04-SP;false
508865.0;2023-03-06;segunda-feira;14:30:00;SP;116.0;222;GUARULHOS;Velocidade Incompatível;Colisão traseira;Com Vítimas Feridas;Pleno dia;Decrescente;Céu Claro;Dupla;Reta;Sim;2;0;1;0;1;0;1;2;-23,47093408;-46,51631097;SPRF-SP;DEL01-SP;UOP01-DEL01-SP;false
508878.0;2023-03-06;segunda-feira;16:15:00;SP;153.0;62;SAO JOSE DO RIO PRETO;Reação tardia ou ineficiente do condutor;Colisão traseira;Com Vítimas Feridas;Pleno dia;Crescente;Céu Claro;Dupla;"Aclive;Reta                   ";Sim;2;0;1;0;1;0;1;2;-20,81325404;-49,35675563;SPRF-SP;DEL09-SP;UOP01-DEL09-SP;false
508886.0;2023-03-06;segunda-feira;16:40:00;SP;116.0;67;GUARATINGUETA;Frear bruscamente;Tombamento;Com Vítimas Feridas;Pleno dia;Crescente;Céu Claro;Dupla;Reta;Sim;1;0;1;0;0;0;1;1;-22,82867578;-45,2088941;SPRF-SP;DEL08-SP;UOP01-DEL08-SP;false
508898.0;2023-03-06;segunda-feira;17:40:00;SP;116.0;271;TABOAO DA SERRA;Trafegar com motocicleta (ou similar) entre as faixas;Colisão lateral mesmo sentido;Com Vítimas Feridas;Pleno dia;Decrescente;Céu Claro;Múltipla;Reta;Sim;3;0;1;0;2;0;1;3;-23,61809286;-46,80556302;SPRF-SP;DEL04-SP;UOP01-DEL04-SP;false
508947.0;2023-03-06;segunda-feira;22:28:00;SP;116.0;161;SAO JOSE DOS CAMPOS;Ausência de reação do condutor;Tombamento;Com Vítimas Feridas;Plena Noite;Crescente;Céu Claro;Simples;Curva;Sim;1;0;1;0;0;0;1;1;-23,27617003;-45,97592098;SPRF-SP;DEL02-SP;UOP01-DEL02-SP;false
508955.0;2023-03-06;segunda-feira;23:15:00;SP;116.0;270,3;TABOAO DA SERRA;Acessar a via sem observar a presença dos outros veículos;Colisão traseira;Com Vítimas Feridas;Plena Noite;Crescente;Céu Claro;Dupla;Reta;Não;5;0;2;0;3;0;2;3;-23,61799728;-46,79677694;SPRF-SP;DEL04-SP;UOP01-DEL04-SP;false
508991.0;2023-03-07;terça-feira;07:50:00;SP;153.0;95,5;JACI;Avarias e/ou desgaste excessivo no pneu;Tombamento;Com Vítimas Feridas;Pleno dia;Crescente;Céu Claro;Simples;Reta;Não;2;0;2;0;0;0;2;1;-20,97062;-49,605372;SPRF-SP;DEL09-SP;UOP01-DEL09-SP;false
509001.0;2023-03-07;terça-feira;09:30:00;SP;116.0;292;ITAPECERICA DA SERRA;Reação tardia ou ineficiente do condutor;Queda de ocupante de veículo;Com Vítimas Feridas;Pleno dia;Crescente;Céu Claro;Simples;Curva;Não;1;0;1;0;0;0;1;1;-23,74581995;-46,90003027;SPRF-SP;DEL04-SP;UOP01-DEL04-SP;false
509016.0;2023-03-07;terça-feira;08:30:00;SP;459.0;24;LORENA;Manobra de mudança de faixa;Capotamento;Com Vítimas Feridas;Pleno dia;Crescente;Céu Claro;Simples;"Reta;Declive                  ";Não;1;0;0;1;0;0;1;1;-22,679707;-45,13483;SPRF-SP;DEL08-SP;UOP02-DEL08-SP;false
509036.0;2023-03-04;sábado;05:30:00;SP;116.0;227;GUARULHOS;Velocidade Incompatível;Queda de ocupante de veículo;Com Vítimas Fatais;Plena Noite;Crescente;Nublado;Dupla;Reta;Sim;1;1;0;0;0;0;0;1;-23,49659264;-46,55648754;SPRF-SP;DEL01-SP;UOP01-DEL01-SP;false
509092.0;2023-03-07;terça-feira;18:00:00;SP;116.0;278;EMBU DAS ARTES;Velocidade Incompatível;Colisão traseira;Com Vítimas Feridas;Pleno dia;Decrescente;Nublado;Dupla;Reta;Não;2;0;1;0;1;0;1;2;-23,65508497;-46,84918605;SPRF-SP;DEL04-SP;UOP01-DEL04-SP;false
509107.0;2023-03-07;terça-feira;16:50:00;SP;101.0;51;UBATUBA;Manobra de mudança de faixa;Colisão transversal;Com Vítimas Feridas;Pleno dia;Decrescente;Céu Claro;Simples;Reta;Sim;2;0;2;0;0;0;2;2;-23,45627795;-45,07111896;SPRF-SP;DEL06-SP;UOP01-DEL06-SP;false
509173.0;2023-03-08;quarta-feira;07:50:00;SP;116.0;222;GUARULHOS;Condutor deixou de manter distância do veículo da frente;Queda de ocupante de veículo;Com Vítimas Feridas;Pleno dia;Decrescente;Céu Claro;Múltipla;Reta;Sim;2;0;1;0;0;1;1;2;-23,47093408;-46,51631097;SPRF-SP;DEL01-SP;UOP01-DEL01-SP;false
509180.0;2023-03-07;terça-feira;18:30:00;SP;116.0;157;SAO JOSE DOS CAMPOS;Reação tardia ou ineficiente do condutor;Colisão traseira;Com Vítimas Feridas;Plena Noite;Crescente;Nublado;Dupla;Reta;Não;2;0;0;1;1;0;1;2;-23,25558031;-45,9437828;SPRF-SP;DEL02-SP;UOP01-DEL02-SP;false
509208.0;2023-03-08;quarta-feira;11:25:00;SP;116.0;85,1;PINDAMONHANGABA;Avarias e/ou desgaste excessivo no pneu;Tombamento;Com Vítimas Feridas;Pleno dia;Crescente;Sol;Dupla;Reta;Não;1;0;1;0;0;0;1;1;-22,92211829;-45,34450085;SPRF-SP;DEL08-SP;UOP01-DEL08-SP;false
509213.0;2023-03-08;quarta-feira;11:15:00;SP;101.0;45;UBATUBA;Reação tardia ou ineficiente do condutor;Colisão transversal;Com Vítimas Feridas;Pleno dia;Crescente;Céu Claro;Simples;"Declive;Reta                  ";Sim;2;0;1;0;1;0;1;2;-23,41779396;-45,06788408;SPRF-SP;DEL06-SP;UOP01-DEL06-SP;false
509218.0;2023-03-08;quarta-feira;10:30:00;SP;116.0;186;SANTA ISABEL;Objeto estático sobre o leito carroçável;Colisão com objeto;Sem Vítimas;Pleno dia;Crescente;Céu Claro;Dupla;Reta;Não;1;0;0;0;1;0;0;1;-23,35220682;-46,19934905;SPRF-SP;DEL01-SP;UOP01-DEL01-SP;false
509234.0;2023-03-08;quarta-feira;13:45:00;SP;116.0;194;ARUJA;Demais falhas mecânicas ou elétricas;Tombamento;Com Vítimas Feridas;Pleno dia;Crescente;Sol;Dupla;Reta;Não;1;0;1;0;0;0;1;1;-23,38497189;-46,26686105;SPRF-SP;DEL01-SP;UOP01-DEL01-SP;false
509235.0;2023-03-08;quarta-feira;14:00:00;SP;116.0;138;CACAPAVA;Ausência de reação do condutor;Colisão traseira;Com Vítimas Feridas;Pleno dia;Decrescente;Céu Claro;Múltipla;Reta;Não;3;0;1;0;2;0;1;3;-23,1572739;-45,79554605;SPRF-SP;DEL02-SP;UOP01-DEL02-SP;false
509254.0;2023-03-08;quarta-feira;15:30:00;SP;116.0;230;SAO PAULO;Trafegar com motocicleta (ou similar) entre as faixas;Colisão traseira;Com Vítimas Feridas;Pleno dia;Crescente;Sol;Múltipla;Reta;Sim;2;0;1;0;1;0;1;2;-23,52251783;-46,5855702;SPRF-SP;DEL01-SP;UOP01-DEL01-SP;false
509312.0;2023-03-08;quarta-feira;20:50:00;SP;116.0;272;TABOAO DA SERRA;Animais na Pista;Colisão lateral mesmo sentido;Com Vítimas Feridas;Plena Noite;Decrescente;Garoa/Chuvisco;Dupla;Reta;Sim;2;0;1;0;1;0;1;2;-23,621691;-46,813288;SPRF-SP;DEL04-SP;UOP01-DEL04-SP;false
509362.0;2023-03-09;quinta-feira;06:50:00;SP;101.0;48;UBATUBA;Acessar a via sem observar a presença dos outros veículos;Colisão traseira;Com Vítimas Feridas;Pleno dia;Crescente;Céu Claro;Simples;"Reta;Interseção de Vias       ";Sim;2;0;1;0;1;0;1;2;-23,43696329;-45,08768768;SPRF-SP;DEL06-SP;UOP01-DEL06-SP;false
509370.0;2023-03-09;quinta-feira;07:38:00;SP;116.0;220;GUARULHOS;Ausência de sinalização;Colisão traseira;Com Vítimas Feridas;Pleno dia;Crescente;Céu Claro;Múltipla;Reta;Sim;3;0;1;0;1;1;1;3;-23,46472809;-46,49793962;SPRF-SP;DEL01-SP;UOP01-DEL01-SP;false
509371.0;2023-03-09;quinta-feira;07:50:00;SP;116.0;229;SAO PAULO;Reação tardia ou ineficiente do condutor;Colisão traseira;Com Vítimas Feridas;Pleno dia;Crescente;Céu Claro;Dupla;Reta;Sim;3;0;2;0;1;0;2;2;-23,51291902;-46,57604698;SPRF-SP;DEL01-SP;UOP01-DEL01-SP;false
509404.0;2023-03-09;quinta-feira;09:38:00;SP;116.0;228;SAO PAULO;Reação tardia ou ineficiente do condutor;Colisão traseira;Com Vítimas Feridas;Pleno dia;Crescente;Céu Claro;Múltipla;"Aclive;Reta                   ";Sim;3;0;1;0;2;0;1;2;-23,50343484;-46,56638712;SPRF-SP;DEL01-SP;UOP01-DEL01-SP;false
509409.0;2023-03-09;quinta-feira;10:00:00;SP;381.0;63;MAIRIPORA;Reação tardia ou ineficiente do condutor;Colisão com objeto;Com Vítimas Feridas;Pleno dia;Decrescente;Sol;Dupla;"Aclive;Curva                  ";Não;2;0;2;0;0;0;2;1;-23,302805;-46,572767;SPRF-SP;DEL03-SP;UOP01-DEL03-SP;false
509422.0;2023-03-09;quinta-feira;12:10:00;SP;116.0;222;GUARULHOS;Reação tardia ou ineficiente do condutor;Colisão traseira;Com Vítimas Feridas;Pleno dia;Crescente;Céu Claro;Múltipla;Reta;Sim;2;0;1;0;0;1;1;2;-23,47103091;-46,51765823;SPRF-SP;DEL01-SP;UOP01-DEL01-SP;false
509430.0;2023-03-09;quinta-feira;11:00:00;SP;116.0;275,9;EMBU DAS ARTES;Entrada inopinada do pedestre;Atropelamento de Pedestre;Com Vítimas Feridas;Pleno dia;Decrescente;Nublado;Dupla;Reta;Sim;2;0;0;1;1;0;1;2;-23,63638826;-46,83251584;SPRF-SP;DEL04-SP;UOP01-DEL04-SP;false
509468.0;2023-03-09;quinta-feira;16:41:00;SP;101.0;50,5;UBATUBA;Acessar a via sem observar a presença dos outros veículos;Colisão transversal;Com Vítimas Feridas;Pleno dia;Decrescente;Céu Claro;Simples;Reta;Sim;4;0;0;1;2;1;1;4;-23,45161289;-45,07598162;SPRF-SP;DEL06-SP;UOP01-DEL06-SP;false
509511.0;2023-03-09;quinta-feira;13:10:00;SP;116.0;271;TABOAO DA SERRA;Transitar na contramão;Colisão frontal;Com Vítimas Fatais;Pleno dia;Crescente;Nublado;Dupla;Reta;Sim;3;1;1;0;1;0;1;3;-23,61809286;-46,80556302;SPRF-SP;DEL04-SP;UOP01-DEL04-SP;false
509517.0;2023-03-09;quinta-feira;20:15:00;SP;153.0;63,6;SAO JOSE DO RIO PRETO;Reação tardia ou ineficiente do condutor;Colisão com objeto;Com Vítimas Feridas;Plena Noite;Decrescente;Céu Claro;Dupla;Curva;Sim;1;0;1;0;0;0;1;1;-20,82149698;-49,35764818;SPRF-SP;DEL09-SP;UOP01-DEL09-SP;false
509531.0;2023-03-09;quinta-feira;22:30:00;SP;153.0;198;GETULINA;Animais na Pista;Queda de ocupante de veículo;Com Vítimas Feridas;Plena Noite;Decrescente;Céu Claro;Simples;Declive;Não;1;0;1;0;0;0;1;1;-21,80201297;-49,90050328;SPRF-SP;DEL07-SP;UOP01-DEL07-SP;false
509540.0;2023-03-10;sexta-feira;00:05:00;SP;153.0;107;JOSE BONIFACIO;Ingestão de álcool pelo condutor;Saída de leito carroçável;Sem Vítimas;Amanhecer;Crescente;Chuva;Dupla;"Reta;Retorno Regulamentado    ";Sim;1;0;0;0;1;0;0;1;-21,06388847;-49,66255104;SPRF-SP;DEL09-SP;UOP01-DEL09-SP;false
509545.0;2023-03-10;sexta-feira;02:55:00;SP;153.0;62,9;SAO JOSE DO RIO PRETO;Condutor Dormindo;Colisão traseira;Sem Vítimas;Plena Noite;Decrescente;Nublado;Dupla;Reta;Sim;2;0;0;0;2;0;0;2;-20,821268;-49,357638;SPRF-SP;DEL09-SP;UOP01-DEL09-SP;false
509566.0;2023-03-10;sexta-feira;07:20:00;SP;153.0;59;SAO JOSE DO RIO PRETO;Ingestão de álcool pelo condutor;Colisão traseira;Sem Vítimas;Pleno dia;Crescente;Nublado;Dupla;"Aclive;Reta                   ";Sim;5;0;0;0;5;0;0;2;-20,78733103;-49,35399276;SPRF-SP;DEL09-SP;UOP01-DEL09-SP;false
509569.0;2023-03-10;sexta-feira;08:00:00;SP;116.0;219;GUARULHOS;Manobra de mudança de faixa;Colisão traseira;Sem Vítimas;Pleno dia;Crescente;Céu Claro;Múltipla;Reta;Sim;2;0;0;0;2;0;0;2;-23,46143954;-46,48885316;SPRF-SP;DEL01-SP;UOP01-DEL01-SP;false
509570.0;2023-03-10;sexta-feira;07:35:00;SP;101.0;46,8;UBATUBA;Acessar a via sem observar a presença dos outros veículos;Colisão transversal;Com Vítimas Feridas;Pleno dia;Crescente;Céu Claro;Simples;Reta;Sim;2;0;1;0;1;0;1;2;-23,42403383;-45,07492113;SPRF-SP;DEL06-SP;UOP01-DEL06-SP;false
509571.0;2023-03-10;sexta-feira;08:11:00;SP;116.0;145;SAO JOSE DOS CAMPOS;Trafegar com motocicleta (ou similar) entre as faixas;Tombamento;Com Vítimas Feridas;Pleno dia;Crescente;Céu Claro;Dupla;Reta;Não;2;0;2;0;0;0;2;1;-23,1869844;-45,8548078;SPRF-SP;DEL02-SP;UOP01-DEL02-SP;false
509598.0;2023-03-10;sexta-feira;09:50:00;SP;116.0;221;GUARULHOS;Trafegar com motocicleta (ou similar) entre as faixas;Queda de ocupante de veículo;Com Vítimas Feridas;Pleno dia;Crescente;Céu Claro;Múltipla;Reta;Sim;2;0;1;0;1;0;1;2;-23,46802395;-46,50704901;SPRF-SP;DEL01-SP;UOP01-DEL01-SP;false
509624.0;2023-03-10;sexta-feira;12:15:00;SP;116.0;272;TABOAO DA SERRA;Manobra de mudança de faixa;Colisão lateral mesmo sentido;Com Vítimas Feridas;Pleno dia;Crescente;Céu Claro;Dupla;Reta;Sim;3;0;1;0;2;0;1;3;-23,621691;-46,813288;SPRF-SP;DEL04-SP;UOP01-DEL04-SP;false