id;data_inversa;dia_semana;horario;uf;br;km;municipio;causa_acidente;tipo_acidente;classificacao_acidente;fase_dia;sentido_via;condicao_metereologica;tipo_pista;tracado_via;uso_solo;pessoas;mortos;feridos_leves;feridos_graves;ilesos;ignorados;feridos;veiculos;latitude;longitude;regional;delegacia;uop;feriado
513128.0;2023-03-27;segunda-feira;06:15:00;SP;116.0;562;BARRA DO TURVO;Reação tardia ou ineficiente do condutor;Capotamento;Com Vítimas Feridas;Amanhecer;Decrescente;Garoa/Chuvisco;Dupla;Curva;Não;3;0;1;0;2;0;1;1;-25,02464023;-48,52213701;SPRF-SP;DEL05-SP;UOP02-DEL05-SP;false
513138.0;2023-03-27;segunda-feira;08:20:00;SP;381.0;69;MAIRIPORA;Ausência de reação do condutor;Tombamento;Com Vítimas Feridas;Pleno dia;Decrescente;Nublado;Dupla;"Curva;Declive                 ";Não;2;0;2;0;0;0;2;1;-23,34553108;-46,56787903;SPRF-SP;DEL03-SP;UOP01-DEL03-SP;false
513139.0;2023-03-27;segunda-feira;09:30:00;SP;101.0;39;UBATUBA;Acumulo de areia ou detritos sobre o pavimento;Tombamento;Com Vítimas Feridas;Pleno dia;Decrescente;Nublado;Simples;Curva;Não;1;0;1;0;0;0;1;1;-23,41370139;-45,02666492;SPRF-SP;DEL06-SP;UOP01-DEL06-SP;false
513147.0;2023-03-27;segunda-feira;10:10:00;SP;116.0;204;GUARULHOS;Reação tardia ou ineficiente do condutor;Queda de ocupante de veículo;Com Vítimas Feridas;Pleno dia;Crescente;Céu Claro;Múltipla;Reta;Sim;1;0;1;0;0;0;1;1;-23,41236123;-46,35692496;SPRF-SP;DEL01-SP;UOP01-DEL01-SP;false
513157.0;2023-03-27;segunda-feira;10:45:00;SP;116.0;204;ARUJA;Acessar a via sem observar a presença dos outros veículos;Colisão traseira;Com Vítimas Feridas;Pleno dia;Decrescente;Céu Claro;Múltipla;Reta;Não;3;0;2;0;1;0;2;2;-23,41236123;-46,35692496;SPRF-SP;DEL01-SP;UOP01-DEL01-SP;false
513161.0;2023-03-27;segunda-feira;10:40:00;SP;116.0;218,4;GUARULHOS;Reação tardia ou ineficiente do condutor;Colisão lateral mesmo sentido;Com Vítimas Feridas;Pleno dia;Crescente;Nublado;Múltipla;Reta;Sim;2;0;1;0;1;0;1;2;-23,457972;-46,479927;SPRF-SP;DEL01-SP;UOP01-DEL01-SP;false
513188.0;2023-03-27;segunda-feira;13:30:00;SP;101.0;51,5;UBATUBA;Acessar a via sem observar a presença dos outros veículos;Colisão lateral mesmo sentido;Com Vítimas Feridas;Pleno dia;Decrescente;Nublado;Simples;Reta;Sim;2;0;1;0;1;0;1;2;-23,45627795;-45,07111896;SPRF-SP;DEL06-SP;UOP01-DEL06-SP;false
513193.0;2023-03-27;segunda-feira;11:00:00;SP;116.0;91,7;PINDAMONHANGABA;Ausência de reação do condutor;Colisão com objeto;Com Vítimas Fatais;Pleno dia;Crescente;Sol;Dupla;Reta;Não;1;1;0;0;0;0;0;1;-22,94792286;-45,39587407;SPRF-SP;DEL08-SP;UOP01-DEL08-SP;false
513240.0;2023-03-27;segunda-feira;18:27:00;SP;116.0;148;SAO JOSE DOS CAMPOS;Manobra de mudança de faixa;Colisão lateral mesmo sentido;Com Vítimas Feridas;Anoitecer;Decrescente;Céu Claro;Dupla;Reta;Não;2;0;1;0;1;0;1;2;-23,20067421;-45,8795018;SPRF-SP;DEL02-SP;UOP01-DEL02-SP;false
513258.0;2023-03-27;segunda-feira;19:30:00;SP;381.0;44;ATIBAIA;Ausência de sinalização;Colisão traseira;Com Vítimas Feridas;Plena Noite;Decrescente;Céu Claro;Dupla;Declive;Sim;2;0;1;0;1;0;1;2;-23,16458615;-46,57418959;SPRF-SP;DEL03-SP;UOP01-DEL03-SP;false
513261.0;2023-02-16;quinta-feira;07:30:00;SP;116.0;145,8;SAO JOSE DOS CAMPOS;Reação tardia ou ineficiente do condutor;Colisão traseira;Com Vítimas Feridas;Pleno dia;Crescente;Ignorado;Dupla;Reta;Sim;2;0;1;0;0;1;1;2;-23,1869844;-45,8548078;SPRF-SP;DEL02-SP;UOP01-DEL02-SP;false
513282.0;2023-03-27;segunda-feira;23:50:00;SP;116.0;214;GUARULHOS;Demais falhas mecânicas ou elétricas;Incêndio;Sem Vítimas;Plena Noite;Decrescente;Nublado;Múltipla;Reta;Sim;1;0;0;0;1;0;0;1;-23,4433301365;-46,4453129406;SPRF-SP;DEL01-SP;UOP01-DEL01-SP;false
513298.0;2023-03-28;terça-feira;05:50:00;SP;116.0;224;GUARULHOS;Ausência de reação do condutor;Colisão traseira;Com Vítimas Feridas;Pleno dia;Crescente;Nublado;Múltipla;Reta;Sim;2;0;1;0;1;0;1;2;-23,48071896;-46,53271603;SPRF-SP;DEL01-SP;UOP01-DEL01-SP;false
513341.0;2023-03-28;terça-feira;08:15:00;SP;116.0;229,7;SAO PAULO;Trafegar com motocicleta (ou similar) entre as faixas;Colisão traseira;Com Vítimas Feridas;Pleno dia;Crescente;Céu Claro;Múltipla;Reta;Sim;3;0;2;0;1;0;2;2;-23,51291902;-46,57604698;SPRF-SP;DEL01-SP;UOP01-DEL01-SP;false
513342.0;2023-03-28;terça-feira;09:30:00;SP;381.0;44,8;ATIBAIA;Condutor deixou de manter distância do veículo da frente;Colisão traseira;Com Vítimas Feridas;Pleno dia;Crescente;Céu Claro;Dupla;Reta;Sim;3;0;3;0;0;0;3;2;-23,16458615;-46,57418959;SPRF-SP;DEL03-SP;UOP01-DEL03-SP;false
513343.0;2023-03-28;terça-feira;10:00:00;SP;381.0;58,5;MAIRIPORA;Condutor deixou de manter distância do veículo da frente;Engavetamento;Com Vítimas Feridas;Pleno dia;Crescente;Céu Claro;Dupla;Reta;Não;5;0;1;0;4;0;1;4;-23,27438497;-46,58530615;SPRF-SP;DEL03-SP;UOP01-DEL03-SP;false
513351.0;2023-03-28;terça-feira;12:00:00;SP;116.0;198;ARUJA;Ausência de reação do condutor;Colisão traseira;Com Vítimas Feridas;Pleno dia;Crescente;Nublado;Múltipla;Curva;Não;2;0;0;1;1;0;1;2;-23,399937;-46,302038;SPRF-SP;DEL01-SP;UOP01-DEL01-SP;false
513367.0;2023-03-28;terça-feira;13:30:00;SP;381.0;59;MAIRIPORA;Demais falhas mecânicas ou elétricas;Incêndio;Sem Vítimas;Pleno dia;Decrescente;Céu Claro;Dupla;"Aclive;Curva                  ";Não;1;0;0;0;1;0;0;1;-23,28270705;-46,58787791;SPRF-SP;DEL03-SP;UOP01-DEL03-SP;false
513396.0;2023-03-29;quarta-feira;06:40:00;SP;116.0;223;GUARULHOS;Manobra de mudança de faixa;Colisão lateral mesmo sentido;Sem Vítimas;Pleno dia;Crescente;Céu Claro;Múltipla;Reta;Sim;2;0;0;0;2;0;0;1;-23,47559815;-46,5246609;SPRF-SP;DEL01-SP;UOP01-DEL01-SP;false
513411.0;2023-03-28;terça-feira;17:40:00;SP;116.0;167,7;JACAREI;Ausência de reação do condutor;Colisão lateral mesmo sentido;Com Vítimas Feridas;Anoitecer;Decrescente;Nublado;Múltipla;Aclive;Não;3;0;1;2;0;0;3;2;-23,30513534;-46,033391;SPRF-SP;DEL02-SP;UOP01-DEL02-SP;false
513427.0;2023-03-28;terça-feira;18:30:00;SP;101.0;49,8;UBATUBA;Acessar a via sem observar a presença dos outros veículos;Colisão transversal;Com Vítimas Feridas;Anoitecer;Decrescente;Nublado;Simples;"Interseção de Vias;Curva      ";Sim;2;0;1;0;1;0;1;2;-23,44410908;-45,08375708;SPRF-SP;DEL06-SP;UOP01-DEL06-SP;false
513456.0;2023-03-28;terça-feira;21:40:00;SP;116.0;161;JACAREI;Curva acentuada;Colisão frontal;Com Vítimas Feridas;Plena Noite;Crescente;Céu Claro;Dupla;Retorno Regulamentado;Sim;1;0;1;0;0;0;1;1;-23,27617003;-45,97592098;SPRF-SP;DEL02-SP;UOP01-DEL02-SP;false
513459.0;2023-03-28;terça-feira;23:00:00;SP;116.0;186;SANTA ISABEL;Reação tardia ou ineficiente do condutor;Queda de ocupante de veículo;Com Vítimas Feridas;Plena Noite;Crescente;Céu Claro;Dupla;Reta;Não;1;0;1;0;0;0;1;1;-23,35220682;-46,19934905;SPRF-SP;DEL01-SP;UOP01-DEL01-SP;false
513477.0;2023-03-29;quarta-feira;06:50:00;SP;116.0;141,7;SAO JOSE DOS CAMPOS;Manobra de mudança de faixa;Colisão lateral mesmo sentido;Com Vítimas Feridas;Pleno dia;Decrescente;Céu Claro;Dupla;Reta;Não;3;0;1;0;2;0;1;2;-23,17004717;-45,82091491;SPRF-SP;DEL02-SP;UOP01-DEL02-SP;false
513488.0;2023-03-29;quarta-feira;08:20:00;SP;116.0;229;SAO PAULO;Ausência de reação do condutor;Colisão lateral mesmo sentido;Com Vítimas Feridas;Pleno dia;Crescente;Céu Claro;Múltipla;Reta;Sim;3;0;2;0;1;0;2;2;-23,51291902;-46,57604698;SPRF-SP;DEL01-SP;UOP01-DEL01-SP;false
513497.0;2023-03-06;segunda-feira;15:50:00;SP;101.0;51;UBATUBA;Acessar a via sem observar a presença dos outros veículos;Colisão transversal;Com Vítimas Feridas;Pleno dia;Crescente;Céu Claro;Simples;Reta;Sim;3;0;1;0;2;0;1;2;-23,45627795;-45,07111896;SPRF-SP;DEL06-SP;UOP01-DEL06-SP;false
513501.0;2023-03-29;quarta-feira;06:50:00;SP;381.0;73;SAO PAULO;Ausência de reação do condutor;Colisão com objeto;Sem Vítimas;Pleno dia;Decrescente;Céu Claro;Dupla;Curva;Não;1;0;0;0;0;1;0;1;-23,36553404;-46,55253934;SPRF-SP;DEL03-SP;UOP01-DEL03-SP;false
513514.0;2023-03-29;quarta-feira;10:10:00;SP;116.0;305;SAO LOURENCO DA SERRA;Reação tardia ou ineficiente do condutor;Colisão traseira;Com Vítimas Feridas;Pleno dia;Decrescente;Céu Claro;Múltipla;"Curva;Aclive                  ";Não;2;0;1;0;1;0;1;2;-23,84287313;-46,93238591;SPRF-SP;DEL04-SP;UOP01-DEL04-SP;false
513564.0;2023-03-29;quarta-feira;16:45:00;SP;116.0;201;ARUJA;Manobra de mudança de faixa;Colisão lateral mesmo sentido;Com Vítimas Feridas;Pleno dia;Crescente;Chuva;Múltipla;Reta;Sim;2;0;0;1;1;0;1;2;-23,40362877;-46,33050107;SPRF-SP;DEL01-SP;UOP01-DEL01-SP;false
513568.0;2023-03-29;quarta-feira;16:30:00;SP;153.0;61,7;SAO JOSE DO RIO PRETO;Manobra de mudança de faixa;Colisão lateral mesmo sentido;Com Vítimas Feridas;Pleno dia;Crescente;Céu Claro;Dupla;Reta;Sim;2;0;1;0;1;0;1;2;-20,80502876;-49,35574909;SPRF-SP;DEL09-SP;UOP01-DEL09-SP;false
513572.0;2023-03-29;quarta-feira;18:05:00;SP;116.0;227;GUARULHOS;Reação tardia ou ineficiente do condutor;Queda de ocupante de veículo;Com Vítimas Feridas;Anoitecer;Decrescente;Chuva;Múltipla;Reta;Sim;3;0;1;0;1;1;1;3;-23,49659264;-46,55648754;SPRF-SP;DEL01-SP;UOP01-DEL01-SP;false
513585.0;2023-03-29;quarta-feira;17:45:00;SP;116.0;220;GUARULHOS;Ultrapassagem Indevida;Colisão traseira;Com Vítimas Feridas;Pleno dia;Crescente;Céu Claro;Múltipla;Reta;Sim;3;0;0;1;2;0;1;3;-23,46472809;-46,49793962;SPRF-SP;DEL01-SP;UOP01-DEL01-SP;false
513592.0;2023-03-29;quarta-feira;18:10:00;SP;116.0;225;GUARULHOS;Trafegar com motocicleta (ou similar) entre as faixas;Colisão traseira;Com Vítimas Feridas;Plena Noite;Decrescente;Céu Claro;Múltipla;Reta;Não;5;0;1;0;4;0;1;3;-23,48586772;-46,54075317;SPRF-SP;DEL01-SP;UOP01-DEL01-SP;false
513625.0;2023-03-29;quarta-feira;22:15:00;SP;116.0;184;SANTA ISABEL;Ingestão de álcool pelo condutor;Colisão com objeto;Com Vítimas Feridas;Plena Noite;Decrescente;Garoa/Chuvisco;Dupla;Reta;Não;2;0;1;0;0;1;1;2;-23,3522394;-46,18650271;SPRF-SP;DEL01-SP;UOP01-DEL01-SP;false
513627.0;2023-03-29;quarta-feira;21:00:00;SP;116.0;271;TABOAO DA SERRA;Acumulo de óleo sobre o pavimento;Colisão transversal;Com Vítimas Feridas;Plena Noite;Crescente;Céu Claro;Dupla;Reta;Sim;3;0;1;0;2;0;1;2;-23,61809286;-46,80556302;SPRF-SP;DEL04-SP;UOP01-DEL04-SP;false
513638.0;2023-03-29;quarta-feira;23:10:00;SP;116.0;226;GUARULHOS;Reação tardia ou ineficiente do condutor;Colisão traseira;Com Vítimas Feridas;Plena Noite;Decrescente;Nublado;Dupla;"Aclive;Reta                   ";Sim;2;0;1;0;1;0;1;2;-23,49388008;-46,55298829;SPRF-SP;DEL01-SP;UOP01-DEL01-SP;false
513648.0;2023-03-30;quinta-feira;04:30:00;SP;381.0;52;ATIBAIA;Velocidade Incompatível;Queda de ocupante de veículo;Com Vítimas Feridas;Plena Noite;Crescente;Vento;Dupla;"Declive;Curva                 ";Não;2;0;2;0;0;0;2;1;-23,2300622;-46,59963076;SPRF-SP;DEL03-SP;UOP01-DEL03-SP;false
513656.0;2023-03-30;quinta-feira;05:30:00;SP;116.0;212;GUARULHOS;Transitar na contramão;Colisão frontal;Com Vítimas Fatais;Plena Noite;Decrescente;Nublado;Múltipla;Reta;Não;3;1;1;0;1;0;1;3;-23,43608315;-46,42805094;SPRF-SP;DEL01-SP;UOP01-DEL01-SP;false
513662.0;2023-03-30;quinta-feira;05:40:00;SP;116.0;212;GUARULHOS;Condutor deixou de manter distância do veículo da frente;Colisão traseira;Com Vítimas Feridas;Amanhecer;Decrescente;Nublado;Múltipla;Reta;Sim;3;0;1;1;1;0;2;2;-23,43608315;-46,42805094;SPRF-SP;DEL01-SP;UOP01-DEL01-SP;false
513690.0;2023-03-30;quinta-feira;08:55:00;SP;116.0;144;SAO JOSE DOS CAMPOS;Ausência de reação do condutor;Queda de ocupante de veículo;Com Vítimas Feridas;Pleno dia;Crescente;Céu Claro;Múltipla;Reta;Sim;3;0;2;0;0;1;2;2;-23,18274416;-45,84633592;SPRF-SP;DEL02-SP;UOP01-DEL02-SP;false
513710.0;2023-03-30;quinta-feira;12:00:00;SP;116.0;107;TAUBATE;Reação tardia ou ineficiente do condutor;Queda de ocupante de veículo;Com Vítimas Feridas;Pleno dia;Decrescente;Sol;Dupla;Reta;Sim;1;0;1;0;0;0;1;1;-23,01791287;-45,53009409;SPRF-SP;DEL02-SP;UOP02-DEL02-SP;false
513787.0;2023-03-30;quinta-feira;18:50:00;SP;116.0;225,1;GUARULHOS;Reação tardia ou ineficiente do condutor;Colisão traseira;Com Vítimas Feridas;Plena Noite;Decrescente;Céu Claro;Dupla;Reta;Sim;6;0;3;1;2;0;4;2;-23,48586772;-46,54075317;SPRF-SP;DEL01-SP;UOP01-DEL01-SP;false
513794.0;2023-03-30;quinta-feira;19:00:00;SP;116.0;404,5;MIRACATU;Transitar na contramão;Colisão lateral sentido oposto;Com Vítimas Feridas;Plena Noite;Decrescente;Céu Claro;Simples;"Declive;Reta;Retorno Regulamen";Não;2;0;1;0;0;1;1;2;-24,32141494;-47,53653401;SPRF-SP;DEL04-SP;UOP02-DEL04-SP;false
513795.0;2023-03-30;quinta-feira;16:11:00;SP;381.0;77,9;SAO PAULO;Reação tardia ou ineficiente do condutor;Saída de leito carroçável;Com Vítimas Feridas;Pleno dia;Crescente;Céu Claro;Múltipla;"Curva;Aclive                  ";Não;1;0;0;1;0;0;1;1;-23,388839;-46,5693478;SPRF-SP;DEL03-SP;UOP01-DEL03-SP;false
513814.0;2023-03-30;quinta-feira;22:30:00;SP;116.0;134;CACAPAVA;Condutor deixou de manter distância do veículo da frente;Colisão traseira;Com Vítimas Feridas;Plena Noite;Decrescente;Céu Claro;Dupla;Reta;Não;2;0;1;0;1;0;1;2;-23,1402216;-45,7617252;SPRF-SP;DEL02-SP;UOP02-DEL02-SP;false
513840.0;2023-03-31;sexta-feira;07:30:00;SP;116.0;139,8;SAO JOSE DOS CAMPOS;Condutor deixou de manter distância do veículo da frente;Colisão traseira;Com Vítimas Feridas;Pleno dia;Crescente;Céu Claro;Dupla;Reta;Sim;2;0;1;0;1;0;1;2;-23,16153216;-45,80400592;SPRF-SP;DEL02-SP;UOP01-DEL02-SP;false
513859.0;2023-03-14;terça-feira;12:15:00;SP;101.0;48;UBATUBA;Reação tardia ou ineficiente do condutor;Colisão traseira;Com Vítimas Feridas;Pleno dia;Decrescente;Nublado;Simples;Reta;Sim;2;0;1;0;1;0;1;2;-23,43696329;-45,08768768;SPRF-SP;DEL06-SP;UOP01-DEL06-SP;false
513877.0;2023-03-31;sexta-feira;11:10:00;SP;381.0;69;MAIRIPORA;Mal súbito do condutor;Colisão com objeto;Com Vítimas Feridas;Pleno dia;Crescente;Céu Claro;Dupla;Reta;Não;1;0;1;0;0;0;1;1;-23,34553108;-46,56787903;SPRF-SP;DEL03-SP;UOP01-DEL03-SP;false
513892.0;2023-03-31;sexta-feira;13:00:00;SP;116.0;182;GUARAREMA;Reação tardia ou ineficiente do condutor;Colisão traseira;Com Vítimas Feridas;Pleno dia;Decrescente;Céu Claro;Múltipla;Reta;Sim;3;0;2;0;0;1;2;2;-23,34505765;-46,16213519;SPRF-SP;DEL01-SP;UOP01-DEL01-SP;false
513895.0;2023-03-31;sexta-feira;11:30:00;SP;116.0;41;CACHOEIRA PAULISTA;Reação tardia ou ineficiente do condutor;Colisão traseira;Com Vítimas Feridas;Pleno dia;Decrescente;Sol;Dupla;"Declive;Reta                  ";Sim;2;0;1;0;0;1;1;2;-22,68631027;-45,0146498;SPRF-SP;DEL08-SP;UOP02-DEL08-SP;false
513940.0;2023-03-31;sexta-feira;16:20:00;SP;101.0;52;UBATUBA;Acessar a via sem observar a presença dos outros veículos;Colisão transversal;Com Vítimas Feridas;Pleno dia;Decrescente;Chuva;Simples;"Interseção de Vias;Rotatória  ";Sim;2;0;1;0;1;0;1;2;-23,46291171;-45,06385803;SPRF-SP;DEL06-SP;UOP01-DEL06-SP;false
513941.0;2023-03-31;sexta-feira;15:50:00;SP;116.0;108;TAUBATE;Manobra de mudança de faixa;Colisão lateral mesmo sentido;Com Vítimas Feridas;Pleno dia;Crescente;Nublado;Dupla;Reta;Sim;2;0;1;0;1;0;1;2;-23,0233097;-45,53763622;SPRF-SP;DEL02-SP;UOP02-DEL02-SP;false
513945.0;2023-03-31;sexta-feira;16:40:00;SP;101.0;35,4;UBATUBA;Manobra de mudança de faixa;Colisão lateral mesmo sentido;Com Vítimas Feridas;Pleno dia;Crescente;Chuva;Simples;Reta;Sim;3;0;1;0;2;0;1;2;-23,39419841;-45,01197338;SPRF-SP;DEL06-SP;UOP01-DEL06-SP;false
513956.0;2023-03-31;sexta-feira;18:03:00;SP;381.0;87,5;GUARULHOS;Reação tardia ou ineficiente do condutor;Colisão traseira;Com Vítimas Feridas;Plena Noite;Decrescente;Céu Claro;Múltipla;Reta;Sim;3;0;1;0;2;0;1;2;-23,46885001;-46,56996601;SPRF-SP;DEL03-SP;UOP01-DEL03-SP;false
514046.0;2023-04-01;sábado;01:10:00;SP;116.0;278;EMBU DAS ARTES;Ausência de reação do condutor;Colisão lateral mesmo sentido;Com Vítimas Feridas;Plena Noite;Crescente;Nevoeiro/Neblina;Dupla;"Interseção de Vias;Declive;Cur";Não;3;0;1;0;1;1;1;3;-23,65508497;-46,84918605;SPRF-SP;DEL04-SP;UOP01-DEL04-SP;false
514071.0;2023-02-23;quinta-feira;17:40:00;SP;381.0;57;MAIRIPORA;Carga excessiva e/ou mal acondicionada;Colisão com objeto;Com Vítimas Feridas;Pleno dia;Decrescente;Sol;Dupla;Reta;Não;1;0;1;0;0;0;1;1;-23,2658219;-46,5839857;SPRF-SP;DEL03-SP;UOP01-DEL03-SP;false
514076.0;2023-04-01;sábado;05:10:00;SP;116.0;56,2;LORENA;Reação tardia ou ineficiente do condutor;Colisão lateral mesmo sentido;Com Vítimas Feridas;Amanhecer;Crescente;Céu Claro;Dupla;Reta;Não;3;0;1;0;2;0;1;2;-22,76904403;-45,13040598;SPRF-SP;DEL08-SP;UOP02-DEL08-SP;false
514084.0;2023-04-01;sábado;07:00:00;SP;116.0;113;TAUBATE;Mal súbito do condutor;Tombamento;Com Vítimas Feridas;Pleno dia;Decrescente;Nublado;Dupla;Reta;Não;1;0;0;1;0;0;1;1;-23,0440828;-45,58041405;SPRF-SP;DEL02-SP;UOP02-DEL02-SP;false
514102.0;2023-04-01;sábado;09:50:00;SP;116.0;226;GUARULHOS;Reação tardia ou ineficiente do condutor;Colisão traseira;Sem Vítimas;Pleno dia;Crescente;Céu Claro;Dupla;Reta;Sim;3;0;0;0;2;1;0;3;-23,49102507;-46,54878195;SPRF-SP;DEL01-SP;UOP01-DEL01-SP;false
514104.0;2023-04-01;sábado;09:19:00;SP;116.0;230;SAO PAULO;Reação tardia ou ineficiente do condutor;Engavetamento;Com Vítimas Feridas;Pleno dia;Crescente;Céu Claro;Dupla;Reta;Sim;4;0;1;0;3;0;1;3;-23,52251783;-46,5855702;SPRF-SP;DEL01-SP;UOP01-DEL01-SP;false
514112.0;2023-04-01;sábado;10:06:00;SP;116.0;205;ARUJA;Demais falhas mecânicas ou elétricas;Queda de ocupante de veículo;Com Vítimas Feridas;Pleno dia;Decrescente;Sol;Múltipla;Reta;Sim;2;0;2;0;0;0;2;1;-23,41475243;-46,36600788;SPRF-SP;DEL01-SP;UOP01-DEL01-SP;false
514113.0;2023-04-01;sábado;10:35:00;SP;116.0;230;SAO PAULO;Reação tardia ou ineficiente do condutor;Colisão traseira;Com Vítimas Feridas;Pleno dia;Decrescente;Céu Claro;Dupla;Reta;Sim;2;0;1;0;1;0;1;2;-23,52251783;-46,5855702;SPRF-SP;DEL01-SP;UOP01-DEL01-SP;false
514130.0;2023-04-01;sábado;11:40:00;SP;381.0;41;ATIBAIA;Manobra de mudança de faixa;Colisão traseira;Com Vítimas Feridas;Pleno dia;Decrescente;Sol;Dupla;Reta;Sim;2;0;1;0;1;0;1;2;-23,13863999;-46,57584088;SPRF-SP;DEL03-SP;UOP01-DEL03-SP;false
514136.0;2023-04-01;sábado;11:30:00;SP;116.0;272,9;TABOAO DA SERRA;Acumulo de areia ou detritos sobre o pavimento;Queda de ocupante de veículo;Com Vítimas Feridas;Pleno dia;Crescente;Céu Claro;Simples;"Curva;Interseção de Vias      ";Sim;1;0;1;0;0;0;1;1;-23,621691;-46,813288;SPRF-SP;DEL04-SP;UOP01-DEL04-SP;false
514140.0;2023-03-13;segunda-feira;14:30:00;SP;101.0;49,9;UBATUBA;Acessar a via sem observar a presença dos outros veículos;Colisão transversal;Com Vítimas Feridas;Pleno dia;Crescente;Céu Claro;Simples;Reta;Sim;2;0;1;0;1;0;1;2;-23,44476227;-45,08314848;SPRF-SP;DEL06-SP;UOP01-DEL06-SP;false
514155.0;2023-04-01;sábado;17:55:00;SP;153.0;117,9;UBARANA;Velocidade Incompatível;Saída de leito carroçável;Com Vítimas Feridas;Anoitecer;Decrescente;Nublado;Simples;Reta;Não;1;0;0;1;0;0;1;1;-21,14572082;-49,70300934;SPRF-SP;DEL09-SP;UOP01-DEL09-SP;false
514157.0;2023-04-01;sábado;14:50:00;SP;116.0;134,8;SAO JOSE DOS CAMPOS;Condutor Dormindo;Saída de leito carroçável;Com Vítimas Feridas;Pleno dia;Decrescente;Céu Claro;Dupla;Reta;Sim;2;0;1;0;1;0;1;1;-23,1402216;-45,7617252;SPRF-SP;DEL02-SP;UOP01-DEL02-SP;false
514174.0;2023-04-01;sábado;16:45:00;SP;381.0;88;SAO PAULO;Demais falhas mecânicas ou elétricas;Colisão lateral mesmo sentido;Com Vítimas Feridas;Pleno dia;Decrescente;Céu Claro;Múltipla;Reta;Sim;3;0;1;0;2;0;1;3;-23,47469314;-46,56112919;SPRF-SP;DEL03-SP;UOP01-DEL03-SP;false
514208.0;2023-04-01;sábado;17:00:00;SP;116.0;207;ARUJA;Reação tardia ou ineficiente do condutor;Saída de leito carroçável;Com Vítimas Feridas;Pleno dia;Decrescente;Nublado;Dupla;Reta;Sim;1;0;1;0;0;0;1;1;-23,41972188;-46,38419203;SPRF-SP;DEL01-SP;UOP01-DEL01-SP;false
514213.0;2023-04-01;sábado;15:00:00;SP;381.0;22;BRAGANCA PAULISTA;Pista esburacada;Tombamento;Com Vítimas Feridas;Pleno dia;Decrescente;Sol;Simples;"Reta;Retorno Regulamentado    ";Não;1;0;1;0;0;0;1;1;-22,99697186;-46,5163051;SPRF-SP;DEL03-SP;UOP02-DEL03-SP;false
514224.0;2023-04-01;sábado;20:30:00;SP;116.0;282;EMBU DAS ARTES;Ausência de reação do condutor;Queda de ocupante de veículo;Com Vítimas Feridas;Plena Noite;Decrescente;Nublado;Dupla;Curva;Não;2;0;2;0;0;0;2;1;-23,68570216;-46,85970975;SPRF-SP;DEL04-SP;UOP01-DEL04-SP;false
514249.0;2023-04-01;sábado;12:47:00;SP;158.0;6;PAULICEIA;Reação tardia ou ineficiente do condutor;Colisão traseira;Com Vítimas Feridas;Pleno dia;Crescente;Céu Claro;Simples;Rotatória;Não;3;0;0;1;2;0;1;2;-21,30570803;-51,82929039;SPRF-MS;DEL07-MS;UOP01-DEL07-MS;false
514281.0;2023-04-02;domingo;03:40:00;SP;116.0;278,4;EMBU DAS ARTES;Velocidade Incompatível;Colisão com objeto;Com Vítimas Feridas;Plena Noite;Decrescente;Céu Claro;Dupla;Curva;Não;1;0;1;0;0;0;1;1;-23,65508497;-46,84918605;SPRF-SP;DEL04-SP;UOP01-DEL04-SP;false
514283.0;2023-04-02;domingo;05:20:00;SP;116.0;281,9;EMBU DAS ARTES;Ausência de reação do condutor;Colisão frontal;Sem Vítimas;Amanhecer;Decrescente;Céu Claro;Dupla;Curva;Sim;5;0;0;0;5;0;0;3;-23,67784787;-46,85769227;SPRF-SP;DEL04-SP;UOP01-DEL04-SP;false
514302.0;2023-04-02;domingo;03:30:00;SP;381.0;87,2;GUARULHOS;Ausência de reação do condutor;Colisão com objeto;Com Vítimas Feridas;Plena Noite;Decrescente;Céu Claro;Dupla;Reta;Sim;1;0;1;0;0;0;1;1;-23,46885001;-46,56996601;SPRF-SP;DEL03-SP;UOP01-DEL03-SP;false
514433.0;2023-04-02;domingo;18:10:00;SP;116.0;308;SAO LOURENCO DA SERRA;Reação tardia ou ineficiente do condutor;Capotamento;Com Vítimas Feridas;Plena Noite;Decrescente;Céu Claro;Dupla;"Reta;Viaduto                  ";Sim;1;0;1;0;0;0;1;1;-23,86213995;-46,94718508;SPRF-SP;DEL04-SP;UOP01-DEL04-SP;false
514486.0;2023-04-02;domingo;23:40:00;SP;116.0;223;GUARULHOS;Ausência de reação do condutor;Saída de leito carroçável;Sem Vítimas;Plena Noite;Crescente;Nublado;Múltipla;"Reta;Interseção de Vias       ";Sim;1;0;0;0;0;1;0;1;-23,47559815;-46,5246609;SPRF-SP;DEL01-SP;UOP01-DEL01-SP;false
514503.0;2023-04-03;segunda-feira;03:15:00;SP;116.0;157,7;SAO JOSE DOS CAMPOS;Ingestão de álcool pelo condutor;Colisão traseira;Com Vítimas Feridas;Plena Noite;Decrescente;Céu Claro;Dupla;Reta;Sim;5;0;2;0;2;1;2;3;-23,25558031;-45,9437828;SPRF-SP;DEL02-SP;UOP01-DEL02-SP;false