id;data_inversa;dia_semana;horario;uf;br;km;municipio;causa_acidente;tipo_acidente;classificacao_acidente;fase_dia;sentido_via;condicao_metereologica;tipo_pista;tracado_via;uso_solo;pessoas;mortos;feridos_leves;feridos_graves;ilesos;ignorados;feridos;veiculos;latitude;longitude;regional;delegacia;uop;feriado
514512.0;2023-04-03;segunda-feira;05:50:00;SP;116.0;223;GUARULHOS;Manobra de mudança de faixa;Colisão lateral mesmo sentido;Com Vítimas Feridas;Pleno dia;Crescente;Céu Claro;Múltipla;Reta;Sim;2;0;1;0;1;0;1;2;-23,47559815;-46,5246609;SPRF-SP;DEL01-SP;UOP01-DEL01-SP;false
514524.0;2023-04-03;segunda-feira;08:09:00;SP;116.0;225;GUARULHOS;Ausência de reação do condutor;Colisão traseira;Com Vítimas Feridas;Pleno dia;Crescente;Céu Claro;Dupla;Reta;Sim;2;0;1;0;1;0;1;2;-23,48586772;-46,54075317;SPRF-SP;DEL01-SP;UOP01-DEL01-SP;false
514534.0;2023-04-03;segunda-feira;08:20:00;SP;116.0;225;GUARULHOS;Ausência de reação do condutor;Colisão traseira;Com Vítimas Feridas;Pleno dia;Crescente;Céu Claro;Dupla;Reta;Não;3;0;1;0;2;0;1;3;-23,48586772;-46,54075317;SPRF-SP;DEL01-SP;UOP01-DEL01-SP;false
514644.0;2023-04-03;segunda-feira;19:40:00;SP;116.0;272;TABOAO DA SERRA;Manobra de mudança de faixa;Colisão traseira;Com Vítimas Feridas;Plena Noite;Crescente;Céu Claro;Múltipla;Reta;Sim;2;0;0;1;0;1;1;2;-23,621691;-46,813288;SPRF-SP;DEL04-SP;UOP01-DEL04-SP;false
514701.0;2023-04-04;terça-feira;07:00:00;SP;116.0;221;GUARULHOS;Reação tardia ou ineficiente do condutor;Colisão traseira;Com Vítimas Feridas;Pleno dia;Crescente;Céu Claro;Dupla;Reta;Não;2;0;1;0;1;0;1;2;-23,46802395;-46,50704901;SPRF-SP;DEL01-SP;UOP01-DEL01-SP;false
514777.0;2023-04-04;terça-feira;14:20:00;SP;116.0;145;SAO JOSE DOS CAMPOS;Acessar a via sem observar a presença dos outros veículos;Atropelamento de Pedestre;Com Vítimas Feridas;Pleno dia;Decrescente;Céu Claro;Múltipla;Reta;Não;2;0;2;0;0;0;2;2;-23,1869844;-45,8548078;SPRF-SP;DEL02-SP;UOP01-DEL02-SP;false
514828.0;2023-04-04;terça-feira;19:00:00;SP;116.0;276;EMBU DAS ARTES;Manobra de mudança de faixa;Colisão lateral mesmo sentido;Com Vítimas Feridas;Anoitecer;Decrescente;Nublado;Dupla;Reta;Sim;2;0;2;0;0;0;2;2;-23,64262417;-46,83811382;SPRF-SP;DEL04-SP;UOP01-DEL04-SP;false
514829.0;2023-04-04;terça-feira;19:21:00;SP;116.0;280,7;EMBU DAS ARTES;Reação tardia ou ineficiente do condutor;Colisão lateral mesmo sentido;Com Vítimas Feridas;Plena Noite;Decrescente;Nublado;Dupla;"Curva;Declive                 ";Não;2;0;1;0;1;0;1;2;-23,66996108;-46,85590758;SPRF-SP;DEL04-SP;UOP01-DEL04-SP;false
514876.0;2023-04-05;quarta-feira;03:30:00;SP;116.0;273;TABOAO DA SERRA;Reação tardia ou ineficiente do condutor;Colisão lateral sentido oposto;Com Vítimas Feridas;Plena Noite;Crescente;Nublado;Dupla;"Curva;Retorno Regulamentado   ";Sim;2;0;1;0;1;0;1;2;-23,6147513;-46,78799272;SPRF-SP;DEL04-SP;UOP01-DEL04-SP;false
514913.0;2023-04-05;quarta-feira;07:55:00;SP;116.0;219;GUARULHOS;Manobra de mudança de faixa;Queda de ocupante de veículo;Com Vítimas Feridas;Pleno dia;Decrescente;Nublado;Múltipla;Reta;Não;2;0;1;0;0;1;1;2;-23,46143954;-46,48885316;SPRF-SP;DEL01-SP;UOP01-DEL01-SP;false
514990.0;2023-04-05;quarta-feira;16:15:00;SP;459.0;31;LORENA;Reação tardia ou ineficiente do condutor;Colisão traseira;Com Vítimas Feridas;Pleno dia;Decrescente;Nublado;Simples;Rotatória;Sim;2;0;1;0;1;0;1;2;-22,732813;-45,098679;SPRF-SP;DEL08-SP;UOP02-DEL08-SP;false
514993.0;2023-04-05;quarta-feira;15:40:00;SP;116.0;532;BARRA DO TURVO;Reação tardia ou ineficiente do condutor;Saída de leito carroçável;Com Vítimas Feridas;Pleno dia;Crescente;Céu Claro;Dupla;Declive;Não;1;0;1;0;0;0;1;1;-24,953383;-48,324095;SPRF-SP;DEL05-SP;UOP02-DEL05-SP;false
515039.0;2023-04-05;quarta-feira;20:20:00;SP;381.0;45;ATIBAIA;Objeto estático sobre o leito carroçável;Colisão com objeto;Com Vítimas Feridas;Plena Noite;Decrescente;Céu Claro;Dupla;"Reta;Aclive                   ";Sim;1;0;1;0;0;0;1;1;-23,17274184;-46,57748439;SPRF-SP;DEL03-SP;UOP01-DEL03-SP;false
515044.0;2023-04-05;quarta-feira;20:20:00;SP;116.0;445;REGISTRO;Reação tardia ou ineficiente do condutor;Tombamento;Com Vítimas Feridas;Plena Noite;Crescente;Garoa/Chuvisco;Simples;Reta;Sim;1;0;1;0;0;0;1;1;-24,49790715;-47,84208686;SPRF-SP;DEL05-SP;UOP01-DEL05-SP;false
515051.0;2023-04-05;quarta-feira;21:38:00;SP;116.0;450;REGISTRO;Ausência de reação do condutor;Colisão traseira;Com Vítimas Feridas;Plena Noite;Crescente;Garoa/Chuvisco;Dupla;Reta;Não;3;0;1;0;2;0;1;2;-24,53728295;-47,85899314;SPRF-SP;DEL05-SP;UOP01-DEL05-SP;false
515087.0;2023-04-06;quinta-feira;07:15:00;SP;116.0;221;GUARULHOS;Ausência de reação do condutor;Colisão frontal;Com Vítimas Feridas;Pleno dia;Decrescente;Céu Claro;Dupla;Reta;Sim;2;0;1;0;1;0;1;2;-23,46802395;-46,50704901;SPRF-SP;DEL01-SP;UOP01-DEL01-SP;false
515088.0;2023-04-06;quinta-feira;06:32:00;SP;116.0;219;GUARULHOS;Ingestão de álcool pelo condutor;Colisão traseira;Sem Vítimas;Pleno dia;Crescente;Céu Claro;Simples;Curva;Sim;2;0;0;0;2;0;0;2;-23,46143954;-46,48885316;SPRF-SP;DEL01-SP;UOP01-DEL01-SP;false
515092.0;2023-04-06;quinta-feira;07:15:00;SP;153.0;61,4;SAO JOSE DO RIO PRETO;Reação tardia ou ineficiente do condutor;Tombamento;Com Vítimas Feridas;Pleno dia;Decrescente;Céu Claro;Dupla;"Reta;Aclive                   ";Sim;1;0;1;0;0;0;1;1;-20,808361;-49,356212;SPRF-SP;DEL09-SP;UOP01-DEL09-SP;false
515101.0;2023-04-06;quinta-feira;07:00:00;SP;116.0;221;GUARULHOS;Manobra de mudança de faixa;Colisão lateral mesmo sentido;Com Vítimas Feridas;Pleno dia;Decrescente;Nublado;Múltipla;Reta;Sim;3;0;1;0;2;0;1;2;-23,46802395;-46,50704901;SPRF-SP;DEL01-SP;UOP01-DEL01-SP;false
515176.0;2023-04-06;quinta-feira;15:00:00;SP;381.0;51;ATIBAIA;Condutor deixou de manter distância do veículo da frente;Colisão traseira;Com Vítimas Feridas;Pleno dia;Decrescente;Céu Claro;Dupla;Reta;Não;2;0;1;0;1;0;1;2;-23,221911;-46,59644;SPRF-SP;DEL03-SP;UOP01-DEL03-SP;false
515183.0;2023-04-06;quinta-feira;14:20:00;SP;116.0;464,5;PARIQUERA-ACU;Reação tardia ou ineficiente do condutor;Queda de ocupante de veículo;Com Vítimas Feridas;Pleno dia;Crescente;Céu Claro;Dupla;Reta;Não;1;0;1;0;0;0;1;1;-24,64131463;-47,91527636;SPRF-SP;DEL05-SP;UOP01-DEL05-SP;false
515208.0;2023-04-06;quinta-feira;14:10:00;SP;116.0;271,9;TABOAO DA SERRA;Ausência de reação do condutor;Colisão traseira;Com Vítimas Feridas;Pleno dia;Crescente;Céu Claro;Dupla;Reta;Sim;4;0;1;0;3;0;1;2;-23,61809286;-46,80556302;SPRF-SP;DEL04-SP;UOP01-DEL04-SP;false
515214.0;2023-04-06;quinta-feira;17:25:00;SP;101.0;49;UBATUBA;Reação tardia ou ineficiente do condutor;Colisão traseira;Sem Vítimas;Anoitecer;Crescente;Nublado;Simples;Reta;Sim;2;0;0;0;2;0;0;2;-23,44410908;-45,08375708;SPRF-SP;DEL06-SP;UOP01-DEL06-SP;false
515220.0;2023-04-06;quinta-feira;17:30:00;SP;153.0;60,1;SAO JOSE DO RIO PRETO;Reação tardia ou ineficiente do condutor;Colisão traseira;Com Vítimas Feridas;Pleno dia;Crescente;Nublado;Dupla;Reta;Sim;2;0;1;0;1;0;1;2;-20,79627979;-49,35480206;SPRF-SP;DEL09-SP;UOP01-DEL09-SP;false
515227.0;2023-04-06;quinta-feira;17:40:00;SP;116.0;147,8;SAO JOSE DOS CAMPOS;Reação tardia ou ineficiente do condutor;Tombamento;Com Vítimas Feridas;Anoitecer;Crescente;Nublado;Múltipla;Reta;Sim;1;0;1;0;0;0;1;1;-23,19542994;-45,87176303;SPRF-SP;DEL02-SP;UOP01-DEL02-SP;false
515231.0;2023-04-06;quinta-feira;19:10:00;SP;116.0;205;ARUJA;Frear bruscamente;Eventos atípicos;Com Vítimas Fatais;Plena Noite;Decrescente;Nublado;Múltipla;Reta;Sim;2;1;1;0;0;0;1;1;-23,415666;-46,369123;SPRF-SP;DEL01-SP;UOP01-DEL01-SP;false
515241.0;2023-04-06;quinta-feira;19:00:00;SP;153.0;14,7;ICEM;Ausência de reação do condutor;Colisão com objeto;Com Vítimas Feridas;Plena Noite;Crescente;Nublado;Simples;"Reta;Ponte                    ";Não;1;0;1;0;0;0;1;1;-20,41481389;-49,26025307;SPRF-SP;DEL09-SP;UOP01-DEL09-SP;false
515297.0;2023-04-07;sexta-feira;01:10:00;SP;488.0;2;APARECIDA;Ausência de reação do condutor;Colisão traseira;Sem Vítimas;Plena Noite;Decrescente;Nublado;Dupla;Rotatória;Sim;2;0;0;0;2;0;0;2;-22,849216;-45,236801;SPRF-SP;DEL08-SP;UOP01-DEL08-SP;true
515310.0;2023-04-07;sexta-feira;04:30:00;SP;116.0;230;SAO PAULO;Manobra de mudança de faixa;Colisão traseira;Com Vítimas Feridas;Plena Noite;Decrescente;Chuva;Múltipla;Reta;Sim;2;0;0;2;0;0;2;2;-23,52251783;-46,5855702;SPRF-SP;DEL01-SP;UOP01-DEL01-SP;true
515320.0;2023-04-07;sexta-feira;05:55:00;SP;116.0;516,6;CAJATI;Pista Escorregadia;Saída de leito carroçável;Com Vítimas Feridas;Amanhecer;Decrescente;Chuva;Simples;Curva;Não;2;0;1;0;1;0;1;1;-24,87423036;-48,2190838;SPRF-SP;DEL05-SP;UOP02-DEL05-SP;true
515322.0;2023-04-07;sexta-feira;05:40:00;SP;116.0;273,9;TABOAO DA SERRA;Ausência de reação do condutor;Colisão traseira;Com Vítimas Feridas;Amanhecer;Crescente;Chuva;Múltipla;Reta;Sim;2;0;1;0;0;1;1;2;-23,62809795;-46,81870306;SPRF-SP;DEL04-SP;UOP01-DEL04-SP;true
515369.0;2023-04-07;sexta-feira;09:15:00;SP;116.0;143;SAO JOSE DOS CAMPOS;Condutor deixou de manter distância do veículo da frente;Colisão traseira;Com Vítimas Feridas;Pleno dia;Crescente;Chuva;Dupla;Reta;Não;10;0;3;0;7;0;3;7;-23,17849879;-45,83787411;SPRF-SP;DEL02-SP;UOP01-DEL02-SP;true
515372.0;2023-04-07;sexta-feira;08:30:00;SP;116.0;110;TAUBATE;Ingestão de álcool pelo condutor;Colisão lateral mesmo sentido;Com Vítimas Feridas;Pleno dia;Crescente;Sol;Dupla;"Reta;Declive                  ";Sim;3;0;2;0;0;1;2;2;-23,03412614;-45,5526999;SPRF-SP;DEL02-SP;UOP02-DEL02-SP;true
515378.0;2023-04-07;sexta-feira;10:17:00;SP;116.0;500;CAJATI;Reação tardia ou ineficiente do condutor;Saída de leito carroçável;Com Vítimas Feridas;Pleno dia;Crescente;Chuva;Dupla;Curva;Não;3;0;1;0;2;0;1;1;-24,78162109;-48,18342711;SPRF-SP;DEL05-SP;UOP02-DEL05-SP;true
515382.0;2023-04-07;sexta-feira;11:20:00;SP;101.0;44,6;UBATUBA;Condutor deixou de manter distância do veículo da frente;Colisão traseira;Com Vítimas Feridas;Pleno dia;Crescente;Garoa/Chuvisco;Simples;Reta;Sim;2;0;1;0;1;0;1;2;-23,41146869;-45,06665826;SPRF-SP;DEL06-SP;UOP01-DEL06-SP;true
515402.0;2023-04-07;sexta-feira;13:50:00;SP;101.0;52;UBATUBA;Retorno proibido;Colisão transversal;Com Vítimas Feridas;Pleno dia;Crescente;Chuva;Simples;Reta;Não;3;0;1;0;2;0;1;2;-23,4639943;-45,06330013;SPRF-SP;DEL06-SP;UOP01-DEL06-SP;true
515426.0;2023-04-07;sexta-feira;15:00:00;SP;381.0;60,2;MAIRIPORA;Reação tardia ou ineficiente do condutor;Tombamento;Com Vítimas Feridas;Pleno dia;Decrescente;Chuva;Dupla;"Aclive;Curva                  ";Não;1;0;1;0;0;0;1;1;-23,29106;-46,58574;SPRF-SP;DEL03-SP;UOP01-DEL03-SP;true
515439.0;2023-04-07;sexta-feira;16:40:00;SP;116.0;415;JUQUIA;Acumulo de óleo sobre o pavimento;Saída de leito carroçável;Com Vítimas Feridas;Pleno dia;Decrescente;Chuva;Dupla;Curva;Não;1;0;1;0;0;0;1;1;-24,334489;-47,641203;SPRF-SP;DEL05-SP;UOP01-DEL05-SP;true
515502.0;2023-04-07;sexta-feira;23:00:00;SP;116.0;202;ARUJA;Ingestão de álcool pelo condutor;Colisão com objeto;Sem Vítimas;Plena Noite;Crescente;Céu Claro;Múltipla;Interseção de Vias;Sim;1;0;0;0;1;0;0;1;-23,40809408;-46,33859597;SPRF-SP;DEL01-SP;UOP01-DEL01-SP;true
515503.0;2023-04-07;sexta-feira;20:00:00;SP;381.0;73;SAO PAULO;Ausência de reação do condutor;Saída de leito carroçável;Sem Vítimas;Plena Noite;Decrescente;Garoa/Chuvisco;Múltipla;Curva;Não;2;0;0;0;2;0;0;1;-23,36553404;-46,55253934;SPRF-SP;DEL03-SP;UOP01-DEL03-SP;true
515505.0;2023-04-07;sexta-feira;22:50:00;SP;116.0;158;JACAREI;Ausência de reação do condutor;Colisão transversal;Com Vítimas Feridas;Plena Noite;Crescente;Garoa/Chuvisco;Dupla;Reta;Sim;2;0;1;0;1;0;1;2;-23,26072137;-45,95179176;SPRF-SP;DEL02-SP;UOP01-DEL02-SP;true
515508.0;2023-04-07;sexta-feira;22:30:00;SP;116.0;301,8;SAO LOURENCO DA SERRA;Ausência de reação do condutor;Colisão traseira;Com Vítimas Feridas;Plena Noite;Decrescente;Chuva;Dupla;"Curva;Aclive                  ";Não;6;0;3;3;0;0;6;2;-23,81147602;-46,92298208;SPRF-SP;DEL04-SP;UOP01-DEL04-SP;true
515529.0;2023-04-08;sábado;03:10:00;SP;116.0;515;CAJATI;Reação tardia ou ineficiente do condutor;Saída de leito carroçável;Com Vítimas Feridas;Plena Noite;Decrescente;Garoa/Chuvisco;Dupla;"Curva;Declive                 ";Não;2;0;2;0;0;0;2;1;-24,86704083;-48,21738184;SPRF-SP;DEL05-SP;UOP02-DEL05-SP;false
515532.0;2023-04-08;sábado;04:57:00;SP;116.0;36,7;CACHOEIRA PAULISTA;Reação tardia ou ineficiente do condutor;Colisão com objeto;Com Vítimas Feridas;Amanhecer;Crescente;Nublado;Dupla;"Declive;Curva                 ";Não;4;0;2;0;2;0;2;1;-22,662732;-44,981522;SPRF-SP;DEL08-SP;UOP02-DEL08-SP;false
515551.0;2023-04-08;sábado;08:15:00;SP;116.0;562,5;BARRA DO TURVO;Reação tardia ou ineficiente do condutor;Saída de leito carroçável;Com Vítimas Fatais;Amanhecer;Decrescente;Garoa/Chuvisco;Dupla;"Curva;Aclive                  ";Não;4;1;3;0;0;0;3;1;-25,02464023;-48,52213701;SPRF-SP;DEL05-SP;UOP02-DEL05-SP;false
515592.0;2023-04-08;sábado;13:20:00;SP;101.0;36;UBATUBA;Acessar a via sem observar a presença dos outros veículos;Colisão transversal;Com Vítimas Feridas;Pleno dia;Decrescente;Chuva;Simples;Interseção de Vias;Sim;2;0;1;0;1;0;1;2;-23,39663126;-45,01695985;SPRF-SP;DEL06-SP;UOP01-DEL06-SP;false
515615.0;2023-04-08;sábado;15:00:00;SP;381.0;77;MAIRIPORA;Reação tardia ou ineficiente do condutor;Colisão com objeto;Com Vítimas Feridas;Pleno dia;Decrescente;Chuva;Dupla;"Curva;Aclive                  ";Não;1;0;0;1;0;0;1;1;-23,388839;-46,5693478;SPRF-SP;DEL03-SP;UOP01-DEL03-SP;false
515616.0;2023-04-08;sábado;15:40:00;SP;116.0;326,1;JUQUITIBA;Reação tardia ou ineficiente do condutor;Colisão com objeto;Com Vítimas Feridas;Pleno dia;Crescente;Nublado;Dupla;Curva;Sim;2;0;2;0;0;0;2;1;-23,93901304;-47,06241203;SPRF-SP;DEL04-SP;UOP03-DEL04-SP;false
515675.0;2023-04-08;sábado;20:55:00;SP;116.0;272;TABOAO DA SERRA;Ingestão de álcool pelo condutor;Colisão traseira;Sem Vítimas;Plena Noite;Crescente;Nublado;Dupla;Reta;Sim;2;0;0;0;2;0;0;2;-23,621691;-46,813288;SPRF-SP;DEL04-SP;UOP01-DEL04-SP;false
515693.0;2023-04-08;sábado;23:20:00;SP;116.0;157;SAO JOSE DOS CAMPOS;Reação tardia ou ineficiente do condutor;Tombamento;Com Vítimas Feridas;Plena Noite;Decrescente;Chuva;Dupla;Aclive;Sim;1;0;1;0;0;0;1;1;-23,25558031;-45,9437828;SPRF-SP;DEL02-SP;UOP01-DEL02-SP;false
515700.0;2023-04-09;domingo;01:30:00;SP;116.0;105;TAUBATE;Reação tardia ou ineficiente do condutor;Colisão traseira;Com Vítimas Feridas;Plena Noite;Crescente;Garoa/Chuvisco;Dupla;Reta;Não;3;0;3;0;0;0;3;2;-23,00757973;-45,51466613;SPRF-SP;DEL02-SP;UOP02-DEL02-SP;false
515711.0;2023-04-09;domingo;02:50:00;SP;116.0;557,9;BARRA DO TURVO;Ausência de reação do condutor;Saída de leito carroçável;Com Vítimas Fatais;Plena Noite;Crescente;Garoa/Chuvisco;Dupla;"Reta;Aclive                   ";Não;3;1;2;0;0;0;2;1;-24,99089107;-48,50734616;SPRF-SP;DEL05-SP;UOP02-DEL05-SP;false
515731.0;2023-04-09;domingo;06:30:00;SP;116.0;224;GUARULHOS;Reação tardia ou ineficiente do condutor;Colisão com objeto;Sem Vítimas;Pleno dia;Decrescente;Céu Claro;Múltipla;Reta;Não;1;0;0;0;0;1;0;1;-23,48071896;-46,53271603;SPRF-SP;DEL01-SP;UOP01-DEL01-SP;false
515757.0;2023-04-09;domingo;08:50:00;SP;116.0;504;CAJATI;Reação tardia ou ineficiente do condutor;Saída de leito carroçável;Com Vítimas Feridas;Pleno dia;Crescente;Nublado;Simples;"Curva;Aclive                  ";Não;2;0;1;0;1;0;1;1;-24,77541893;-48,20947907;SPRF-SP;DEL05-SP;UOP02-DEL05-SP;false
515771.0;2023-04-09;domingo;11:45:00;SP;116.0;26,3;SILVEIRAS;Avarias e/ou desgaste excessivo no pneu;Saída de leito carroçável;Com Vítimas Feridas;Pleno dia;Crescente;Chuva;Múltipla;Curva;Não;2;0;1;0;1;0;1;1;-22,61419397;-44,90005302;SPRF-SP;DEL08-SP;UOP02-DEL08-SP;false
515808.0;2023-04-09;domingo;15:40:00;SP;101.0;48,4;UBATUBA;Trafegar com motocicleta (ou similar) entre as faixas;Colisão transversal;Com Vítimas Feridas;Pleno dia;Decrescente;Chuva;Simples;Reta;Não;2;0;2;0;0;0;2;2;-23,44083034;-45,08696795;SPRF-SP;DEL06-SP;UOP01-DEL06-SP;false
515809.0;2023-04-09;domingo;14:30:00;SP;381.0;59,6;MAIRIPORA;Manobra de mudança de faixa;Colisão lateral mesmo sentido;Com Vítimas Feridas;Pleno dia;Crescente;Nublado;Dupla;"Declive;Curva                 ";Não;2;0;1;0;1;0;1;2;-23,28270705;-46,58787791;SPRF-SP;DEL03-SP;UOP01-DEL03-SP;false
515829.0;2023-04-09;domingo;16:11:00;SP;116.0;550;BARRA DO TURVO;Reação tardia ou ineficiente do condutor;Saída de leito carroçável;Com Vítimas Feridas;Pleno dia;Decrescente;Céu Claro;Simples;Curva;Não;3;0;1;0;2;0;1;1;-24,95749618;-48,46440871;SPRF-SP;DEL05-SP;UOP02-DEL05-SP;false
515877.0;2023-04-09;domingo;17:40:00;SP;381.0;66;MAIRIPORA;Ausência de reação do condutor;Tombamento;Com Vítimas Feridas;Anoitecer;Crescente;Céu Claro;Simples;Reta;Sim;1;0;1;0;0;0;1;1;-23,32451103;-46,58021504;SPRF-SP;DEL03-SP;UOP01-DEL03-SP;false
515915.0;2023-04-09;domingo;23:00:00;SP;116.0;145;SAO JOSE DOS CAMPOS;Ausência de sinalização;Colisão lateral mesmo sentido;Com Vítimas Feridas;Plena Noite;Decrescente;Céu Claro;Dupla;"Reta;Aclive                   ";Não;3;0;1;0;2;0;1;2;-23,1869844;-45,8548078;SPRF-SP;DEL02-SP;UOP01-DEL02-SP;false
515928.0;2023-04-10;segunda-feira;00:32:00;SP;116.0;230;SAO PAULO;Ingestão de álcool pelo condutor;Atropelamento de Pedestre;Com Vítimas Feridas;Plena Noite;Decrescente;Céu Claro;Dupla;Reta;Não;2;0;0;1;1;0;1;2;-23,52251783;-46,5855702;SPRF-SP;DEL01-SP;UOP01-DEL01-SP;false
515930.0;2023-04-10;segunda-feira;00:40:00;SP;116.0;82,5;PINDAMONHANGABA;Ingestão de álcool pelo condutor;Colisão traseira;Com Vítimas Feridas;Plena Noite;Decrescente;Céu Claro;Dupla;Reta;Não;3;0;2;0;1;0;2;2;-22,90918532;-45,31883185;SPRF-SP;DEL08-SP;UOP01-DEL08-SP;false
515938.0;2023-04-09;domingo;20:00:00;SP;488.0;2;APARECIDA;Entrada inopinada do pedestre;Atropelamento de Pedestre;Com Vítimas Feridas;Plena Noite;Crescente;Nublado;Dupla;Reta;Sim;2;0;1;0;1;0;1;2;-22,849216;-45,236801;SPRF-SP;DEL08-SP;UOP01-DEL08-SP;false
515954.0;2023-04-10;segunda-feira;06:30:00;SP;116.0;224;GUARULHOS;Trafegar com motocicleta (ou similar) entre as faixas;Colisão lateral mesmo sentido;Com Vítimas Feridas;Pleno dia;Crescente;Céu Claro;Múltipla;Reta;Sim;2;0;1;0;1;0;1;2;-23,48071896;-46,53271603;SPRF-SP;DEL01-SP;UOP01-DEL01-SP;false
515961.0;2023-04-10;segunda-feira;07:00:00;SP;153.0;59,4;SAO JOSE DO RIO PRETO;Ausência de reação do condutor;Tombamento;Com Vítimas Feridas;Pleno dia;Crescente;Céu Claro;Dupla;"Reta;Aclive                   ";Sim;3;0;1;0;2;0;1;2;-20,78733103;-49,35399276;SPRF-SP;DEL09-SP;UOP01-DEL09-SP;false
515966.0;2023-04-10;segunda-feira;07:00:00;SP;116.0;282;EMBU DAS ARTES;Trafegar com motocicleta (ou similar) entre as faixas;Colisão traseira;Com Vítimas Feridas;Pleno dia;Decrescente;Céu Claro;Dupla;Reta;Sim;2;0;1;0;1;0;1;2;-23,68570216;-46,85970975;SPRF-SP;DEL04-SP;UOP01-DEL04-SP;false
515968.0;2023-04-10;segunda-feira;07:30:00;SP;116.0;210;GUARULHOS;Reação tardia ou ineficiente do condutor;Colisão traseira;Com Vítimas Feridas;Pleno dia;Crescente;Céu Claro;Múltipla;Reta;Sim;2;0;1;0;0;1;1;2;-23,42870023;-46,41085991;SPRF-SP;DEL01-SP;UOP01-DEL01-SP;false
515979.0;2023-04-10;segunda-feira;07:40:00;SP;153.0;67,6;SAO JOSE DO RIO PRETO;Avarias e/ou desgaste excessivo no pneu;Tombamento;Com Vítimas Feridas;Pleno dia;Decrescente;Céu Claro;Dupla;Reta;Sim;2;0;2;0;0;0;2;1;-20,84853593;-49,37585608;SPRF-SP;DEL09-SP;UOP01-DEL09-SP;false
515994.0;2023-04-10;segunda-feira;08:00:00;SP;116.0;215;GUARULHOS;Manobra de mudança de faixa;Colisão traseira;Com Vítimas Feridas;Pleno dia;Crescente;Céu Claro;Dupla;Reta;Sim;3;0;1;0;2;0;1;2;-23,44695693;-46,45394103;SPRF-SP;DEL01-SP;UOP01-DEL01-SP;false
516038.0;2023-04-10;segunda-feira;13:30:00;SP;153.0;66,8;SAO JOSE DO RIO PRETO;Avarias e/ou desgaste excessivo no pneu;Tombamento;Com Vítimas Feridas;Pleno dia;Decrescente;Céu Claro;Dupla;Curva;Sim;1;0;0;1;0;0;1;1;-20,84208514;-49,37074279;SPRF-SP;DEL09-SP;UOP01-DEL09-SP;false
516060.0;2023-04-10;segunda-feira;11:10:00;SP;116.0;53,2;LORENA;Acessar a via sem observar a presença dos outros veículos;Colisão traseira;Com Vítimas Feridas;Pleno dia;Crescente;Sol;Dupla;Reta;Sim;2;0;1;0;1;0;1;2;-22,75255433;-45,10741076;SPRF-SP;DEL08-SP;UOP02-DEL08-SP;false
516066.0;2023-04-10;segunda-feira;16:15:00;SP;116.0;380;MIRACATU;Demais falhas mecânicas ou elétricas;Saída de leito carroçável;Com Vítimas Feridas;Pleno dia;Crescente;Céu Claro;Dupla;Reta;Não;2;0;1;0;1;0;1;1;-24,21753686;-47,36651776;SPRF-SP;DEL04-SP;UOP02-DEL04-SP;false
516069.0;2023-04-10;segunda-feira;16:15:00;SP;116.0;271;TABOAO DA SERRA;Reação tardia ou ineficiente do condutor;Colisão traseira;Com Vítimas Feridas;Pleno dia;Crescente;Céu Claro;Múltipla;Reta;Sim;2;0;1;0;0;1;1;2;-23,61809286;-46,80556302;SPRF-SP;DEL04-SP;UOP01-DEL04-SP;false
516083.0;2023-04-10;segunda-feira;18:00:00;SP;381.0;54,3;MAIRIPORA;Velocidade Incompatível;Colisão com objeto;Com Vítimas Feridas;Anoitecer;Crescente;Nublado;Dupla;"Declive;Curva                 ";Não;1;0;1;0;0;0;1;1;-23,2449074;-46,59562343;SPRF-SP;DEL03-SP;UOP01-DEL03-SP;false
516139.0;2023-04-10;segunda-feira;22:30:00;SP;116.0;217;GUARULHOS;Ausência de reação do condutor;Queda de ocupante de veículo;Com Vítimas Feridas;Plena Noite;Crescente;Céu Claro;Múltipla;"Retorno Regulamentado;Curva   ";Não;1;0;1;0;0;0;1;1;-23,45423824;-46,47119028;SPRF-SP;DEL01-SP;UOP01-DEL01-SP;false
516179.0;2023-04-11;terça-feira;08:10:00;SP;153.0;58;SAO JOSE DO RIO PRETO;Reação tardia ou ineficiente do condutor;Queda de ocupante de veículo;Com Vítimas Feridas;Pleno dia;Crescente;Céu Claro;Simples;Reta;Não;2;0;1;0;0;1;1;2;-20,77838195;-49,35300538;SPRF-SP;DEL09-SP;UOP01-DEL09-SP;false
516275.0;2023-04-11;terça-feira;18:00:00;SP;116.0;155,3;SAO JOSE DOS CAMPOS;Frear bruscamente;Tombamento;Com Vítimas Feridas;Plena Noite;Decrescente;Céu Claro;Dupla;"Declive;Reta                  ";Sim;2;0;1;0;0;1;1;2;-23,24524337;-45,92772774;SPRF-SP;DEL02-SP;UOP01-DEL02-SP;false