id;data_inversa;dia_semana;horario;uf;br;km;municipio;causa_acidente;tipo_acidente;classificacao_acidente;fase_dia;sentido_via;condicao_metereologica;tipo_pista;tracado_via;uso_solo;pessoas;mortos;feridos_leves;feridos_graves;ilesos;ignorados;feridos;veiculos;latitude;longitude;regional;delegacia;uop;feriado
516307.0;2023-04-11;terça-feira;21:30:00;SP;116.0;114,9;TAUBATE;Manobra de mudança de faixa;Colisão traseira;Com Vítimas Feridas;Plena Noite;Crescente;Céu Claro;Dupla;Reta;Sim;3;0;0;1;2;0;1;3;-23,04654177;-45,59018006;SPRF-SP;DEL02-SP;UOP02-DEL02-SP;false
516316.0;2023-04-12;quarta-feira;00:01:00;SP;101.0;51;UBATUBA;Reação tardia ou ineficiente do condutor;Queda de ocupante de veículo;Com Vítimas Feridas;Plena Noite;Crescente;Céu Claro;Simples;Reta;Sim;1;0;1;0;0;0;1;1;-23,45627795;-45,07111896;SPRF-SP;DEL06-SP;UOP01-DEL06-SP;false
516323.0;2023-04-12;quarta-feira;03:30:00;SP;381.0;50;ATIBAIA;Reação tardia ou ineficiente do condutor;Tombamento;Com Vítimas Feridas;Plena Noite;Crescente;Nublado;Simples;Reta;Não;1;0;1;0;0;0;1;1;-23,21359807;-46,59367981;SPRF-SP;DEL03-SP;UOP01-DEL03-SP;false
516333.0;2023-04-12;quarta-feira;06:50:00;SP;116.0;283;EMBU DAS ARTES;Trafegar com motocicleta (ou similar) entre as faixas;Tombamento;Com Vítimas Feridas;Pleno dia;Decrescente;Céu Claro;Dupla;Reta;Sim;1;0;1;0;0;0;1;1;-23,69297005;-46,86352786;SPRF-SP;DEL04-SP;UOP01-DEL04-SP;false
516343.0;2023-04-12;quarta-feira;07:50:00;SP;116.0;273;TABOAO DA SERRA;Acessar a via sem observar a presença dos outros veículos;Colisão frontal;Com Vítimas Feridas;Pleno dia;Crescente;Céu Claro;Dupla;Reta;Sim;2;0;1;0;1;0;1;2;-23,62809795;-46,81870306;SPRF-SP;DEL04-SP;UOP01-DEL04-SP;false
516375.0;2023-04-12;quarta-feira;12:10:00;SP;381.0;43,6;ATIBAIA;Manobra de mudança de faixa;Colisão lateral mesmo sentido;Com Vítimas Feridas;Pleno dia;Crescente;Céu Claro;Múltipla;Reta;Sim;2;0;2;0;0;0;2;1;-23,15597105;-46,5740155;SPRF-SP;DEL03-SP;UOP01-DEL03-SP;false
516380.0;2023-03-27;segunda-feira;04:35:00;SP;459.0;31,7;LORENA;Animais na Pista;Atropelamento de Animal;Com Vítimas Feridas;Plena Noite;Decrescente;Nublado;Simples;Reta;Sim;1;0;0;1;0;0;1;1;-22,732813;-45,098679;SPRF-SP;DEL08-SP;UOP02-DEL08-SP;false
516384.0;2023-04-12;quarta-feira;13:00:00;SP;116.0;280;EMBU DAS ARTES;Condutor deixou de manter distância do veículo da frente;Colisão lateral mesmo sentido;Com Vítimas Feridas;Pleno dia;Crescente;Sol;Dupla;Reta;Não;3;0;1;0;2;0;1;2;-23,66996108;-46,85590758;SPRF-SP;DEL04-SP;UOP01-DEL04-SP;false
516429.0;2023-04-12;quarta-feira;17:45:00;SP;116.0;221;GUARULHOS;Manobra de mudança de faixa;Colisão lateral mesmo sentido;Com Vítimas Feridas;Anoitecer;Decrescente;Nublado;Múltipla;Reta;Sim;2;0;1;0;1;0;1;2;-23,46802395;-46,50704901;SPRF-SP;DEL01-SP;UOP01-DEL01-SP;false
516430.0;2023-04-12;quarta-feira;18:00:00;SP;116.0;110;TAUBATE;Ausência de reação do condutor;Queda de ocupante de veículo;Com Vítimas Feridas;Anoitecer;Decrescente;Céu Claro;Dupla;Declive;Sim;2;0;0;1;0;1;1;2;-23,03412614;-45,5526999;SPRF-SP;DEL02-SP;UOP02-DEL02-SP;false
516492.0;2023-04-13;quinta-feira;00:55:00;SP;116.0;336;JUQUITIBA;Velocidade Incompatível;Saída de leito carroçável;Com Vítimas Feridas;Plena Noite;Crescente;Nublado;Dupla;Reta;Sim;1;0;1;0;0;0;1;1;-23,975182;-47,140694;SPRF-SP;DEL04-SP;UOP03-DEL04-SP;false
516503.0;2023-04-10;segunda-feira;08:50:00;SP;116.0;37,3;CACHOEIRA PAULISTA;Mal súbito do condutor;Saída de leito carroçável;Com Vítimas Feridas;Pleno dia;Crescente;Sol;Dupla;Reta;Não;1;0;1;0;0;0;1;1;-22,66497021;-44,98430985;SPRF-SP;DEL08-SP;UOP02-DEL08-SP;false
516560.0;2023-04-13;quinta-feira;11:15:00;SP;381.0;16;BRAGANCA PAULISTA;Reação tardia ou ineficiente do condutor;Colisão com objeto;Com Vítimas Feridas;Pleno dia;Decrescente;Sol;Dupla;"Declive;Reta                  ";Não;1;0;1;0;0;0;1;1;-22,95797408;-46,48078972;SPRF-SP;DEL03-SP;UOP02-DEL03-SP;false
516587.0;2023-04-13;quinta-feira;14:55:00;SP;153.0;57;SAO JOSE DO RIO PRETO;Avarias e/ou desgaste excessivo no pneu;Saída de leito carroçável;Com Vítimas Feridas;Pleno dia;Crescente;Chuva;Dupla;"Declive;Reta                  ";Sim;4;0;4;0;0;0;4;1;-20,76991095;-49,34982212;SPRF-SP;DEL09-SP;UOP01-DEL09-SP;false
516611.0;2023-04-13;quinta-feira;17:40:00;SP;101.0;45;UBATUBA;Acessar a via sem observar a presença dos outros veículos;Colisão transversal;Com Vítimas Feridas;Anoitecer;Crescente;Céu Claro;Simples;Reta;Sim;3;0;3;0;0;0;3;2;-23,42111701;-45,07072449;SPRF-SP;DEL06-SP;UOP01-DEL06-SP;false
516622.0;2023-04-13;quinta-feira;18:20:00;SP;116.0;36,5;CACHOEIRA PAULISTA;Ausência de reação do condutor;Colisão frontal;Com Vítimas Feridas;Anoitecer;Decrescente;Nublado;Dupla;Curva;Não;2;0;0;1;1;0;1;2;-22,66104604;-44,97604019;SPRF-SP;DEL08-SP;UOP02-DEL08-SP;false
516629.0;2023-04-13;quinta-feira;19:00:00;SP;116.0;219;GUARULHOS;Reação tardia ou ineficiente do condutor;Colisão traseira;Com Vítimas Feridas;Anoitecer;Decrescente;Nublado;Múltipla;Reta;Sim;3;0;2;0;1;0;2;2;-23,46143954;-46,48885316;SPRF-SP;DEL01-SP;UOP01-DEL01-SP;false
516639.0;2023-04-13;quinta-feira;20:10:00;SP;116.0;124;CACAPAVA;Condutor deixou de manter distância do veículo da frente;Engavetamento;Com Vítimas Feridas;Plena Noite;Decrescente;Céu Claro;Dupla;"Reta;Aclive                   ";Não;10;0;5;0;4;1;5;5;-23,0917024;-45,67505544;SPRF-SP;DEL02-SP;UOP02-DEL02-SP;false
516690.0;2023-04-14;sexta-feira;05:30:00;SP;116.0;269,3;TABOAO DA SERRA;Condutor desrespeitou a iluminação vermelha do semáforo;Colisão transversal;Com Vítimas Feridas;Amanhecer;Decrescente;Céu Claro;Múltipla;"Interseção de Vias;Reta       ";Sim;4;0;2;0;2;0;2;2;-23,61593059;-46,78826044;SPRF-SP;DEL04-SP;UOP01-DEL04-SP;false
516691.0;2023-04-14;sexta-feira;07:20:00;SP;116.0;217;GUARULHOS;Manobra de mudança de faixa;Colisão traseira;Com Vítimas Feridas;Pleno dia;Crescente;Nublado;Múltipla;Reta;Sim;2;0;1;0;1;0;1;2;-23,45423824;-46,47119028;SPRF-SP;DEL01-SP;UOP01-DEL01-SP;false
516728.0;2023-04-14;sexta-feira;09:10:00;SP;116.0;145,4;SAO JOSE DOS CAMPOS;Condutor deixou de manter distância do veículo da frente;Engavetamento;Com Vítimas Feridas;Pleno dia;Crescente;Nublado;Dupla;"Reta;Declive                  ";Sim;5;0;3;0;2;0;3;3;-23,1869844;-45,8548078;SPRF-SP;DEL02-SP;UOP01-DEL02-SP;false
516738.0;2023-04-14;sexta-feira;10:20:00;SP;116.0;415,8;JUQUIA;Ausência de reação do condutor;Colisão traseira;Com Vítimas Feridas;Pleno dia;Decrescente;Nublado;Múltipla;Reta;Sim;4;0;1;0;2;1;1;3;-24,334489;-47,641203;SPRF-SP;DEL05-SP;UOP01-DEL05-SP;false
516777.0;2023-04-14;sexta-feira;14:00:00;SP;116.0;375;MIRACATU;Avarias e/ou desgaste excessivo no pneu;Saída de leito carroçável;Com Vítimas Feridas;Pleno dia;Decrescente;Chuva;Dupla;Reta;Não;2;0;2;0;0;0;2;1;-24,18239098;-47,35448801;SPRF-SP;DEL04-SP;UOP02-DEL04-SP;false
516807.0;2023-04-14;sexta-feira;16:30:00;SP;381.0;54;MAIRIPORA;Condutor deixou de manter distância do veículo da frente;Colisão traseira;Com Vítimas Feridas;Pleno dia;Decrescente;Garoa/Chuvisco;Dupla;"Reta;Declive                  ";Sim;2;0;1;0;1;0;1;2;-23,2449074;-46,59562343;SPRF-SP;DEL03-SP;UOP01-DEL03-SP;false
516814.0;2023-04-14;sexta-feira;15:55:00;SP;116.0;147,3;SAO JOSE DOS CAMPOS;Ausência de reação do condutor;Colisão com objeto;Com Vítimas Feridas;Pleno dia;Crescente;Céu Claro;Dupla;"Curva;Aclive                  ";Sim;1;0;0;1;0;0;1;1;-23,19542994;-45,87176303;SPRF-SP;DEL02-SP;UOP01-DEL02-SP;false
516817.0;2023-04-14;sexta-feira;17:30:00;SP;116.0;541,5;BARRA DO TURVO;Reação tardia ou ineficiente do condutor;Colisão com objeto;Com Vítimas Feridas;Anoitecer;Decrescente;Garoa/Chuvisco;Dupla;Curva;Não;2;0;1;0;1;0;1;1;-24,97245688;-48,39976606;SPRF-SP;DEL05-SP;UOP02-DEL05-SP;false
516850.0;2023-04-14;sexta-feira;19:30:00;SP;153.0;61,6;SAO JOSE DO RIO PRETO;Manobra de mudança de faixa;Colisão lateral mesmo sentido;Com Vítimas Feridas;Plena Noite;Crescente;Garoa/Chuvisco;Dupla;Reta;Não;2;0;1;0;1;0;1;2;-20,80502876;-49,35574909;SPRF-SP;DEL09-SP;UOP01-DEL09-SP;false
516867.0;2023-04-14;sexta-feira;20:30:00;SP;153.0;57;SAO JOSE DO RIO PRETO;Reação tardia ou ineficiente do condutor;Queda de ocupante de veículo;Com Vítimas Fatais;Plena Noite;Crescente;Chuva;Dupla;"Declive;Reta                  ";Não;3;1;0;0;1;1;0;3;-20,76991095;-49,34982212;SPRF-SP;DEL09-SP;UOP01-DEL09-SP;false
516880.0;2023-04-14;sexta-feira;19:00:00;SP;381.0;15,5;BRAGANCA PAULISTA;Reação tardia ou ineficiente do condutor;Tombamento;Com Vítimas Feridas;Plena Noite;Crescente;Céu Claro;Dupla;Reta;Não;1;0;1;0;0;0;1;1;-22,953434;-46,480043;SPRF-SP;DEL03-SP;UOP02-DEL03-SP;false
516941.0;2023-04-15;sábado;06:50:00;SP;116.0;269;TABOAO DA SERRA;Condutor deixou de manter distância do veículo da frente;Colisão traseira;Sem Vítimas;Pleno dia;Decrescente;Céu Claro;Múltipla;Reta;Sim;4;0;0;0;4;0;0;2;-23,61593059;-46,78826044;SPRF-SP;DEL04-SP;UOP01-DEL04-SP;false
517035.0;2023-04-15;sábado;18:30:00;SP;116.0;275,8;EMBU DAS ARTES;Trafegar com motocicleta (ou similar) entre as faixas;Tombamento;Com Vítimas Feridas;Plena Noite;Crescente;Nublado;Simples;Reta;Sim;1;0;1;0;0;0;1;1;-23,62216067;-46,81393009;SPRF-SP;DEL04-SP;UOP01-DEL04-SP;false
517050.0;2023-04-15;sábado;20:27:00;SP;153.0;66;SAO JOSE DO RIO PRETO;Velocidade Incompatível;Colisão lateral mesmo sentido;Com Vítimas Feridas;Plena Noite;Crescente;Nublado;Dupla;"Curva;Declive                 ";Sim;4;0;2;0;1;1;2;3;-20,84208514;-49,37074279;SPRF-SP;DEL09-SP;UOP01-DEL09-SP;false
517099.0;2023-04-16;domingo;02:35:00;SP;116.0;205;GUARULHOS;Ingestão de álcool pelo condutor;Saída de leito carroçável;Sem Vítimas;Plena Noite;Decrescente;Ignorado;Múltipla;Reta;Sim;2;0;0;0;2;0;0;1;-23,41475243;-46,36600788;SPRF-SP;DEL01-SP;UOP01-DEL01-SP;false
517131.0;2023-04-16;domingo;07:00:00;SP;116.0;166,5;JACAREI;Obstrução na via;Colisão traseira;Com Vítimas Feridas;Pleno dia;Decrescente;Céu Claro;Simples;Curva;Sim;2;0;0;1;0;1;1;2;-23,30055667;-46,01686506;SPRF-SP;DEL02-SP;UOP01-DEL02-SP;false
517137.0;2023-04-16;domingo;08:10:00;SP;101.0;48;UBATUBA;Retorno proibido;Colisão transversal;Com Vítimas Feridas;Pleno dia;Crescente;Céu Claro;Simples;Reta;Sim;5;0;1;0;4;0;1;2;-23,43696329;-45,08768768;SPRF-SP;DEL06-SP;UOP01-DEL06-SP;false
517148.0;2023-03-19;domingo;11:30:00;SP;116.0;219;GUARULHOS;Condutor Dormindo;Colisão com objeto;Sem Vítimas;Pleno dia;Crescente;Nublado;Dupla;Reta;Não;1;0;0;0;1;0;0;1;-23,46143954;-46,48885316;SPRF-SP;DEL01-SP;UOP01-DEL01-SP;false
517154.0;2023-04-16;domingo;09:30:00;SP;381.0;40,9;ATIBAIA;Condutor Dormindo;Saída de leito carroçável;Com Vítimas Feridas;Pleno dia;Crescente;Céu Claro;Múltipla;"Reta;Aclive                   ";Sim;2;0;1;0;1;0;1;1;-23,12997498;-46,5767598;SPRF-SP;DEL03-SP;UOP01-DEL03-SP;false
517161.0;2023-04-16;domingo;10:13:00;SP;153.0;263;MARILIA;Demais falhas mecânicas ou elétricas;Tombamento;Com Vítimas Feridas;Pleno dia;Decrescente;Céu Claro;Simples;Aclive;Não;1;0;1;0;0;0;1;1;-22,29139897;-49,91452691;SPRF-SP;DEL07-SP;UOP02-DEL07-SP;false
517168.0;2023-04-16;domingo;11:30:00;SP;116.0;207;GUARULHOS;Reação tardia ou ineficiente do condutor;Colisão traseira;Com Vítimas Feridas;Pleno dia;Crescente;Céu Claro;Múltipla;"Reta;Interseção de Vias       ";Sim;2;0;1;0;1;0;1;2;-23,41972188;-46,38419203;SPRF-SP;DEL01-SP;UOP01-DEL01-SP;false
517170.0;2023-04-16;domingo;11:30:00;SP;381.0;72;SAO PAULO;Demais falhas mecânicas ou elétricas;Colisão traseira;Com Vítimas Feridas;Pleno dia;Crescente;Céu Claro;Múltipla;Curva;Não;2;0;1;0;1;0;1;2;-23,35761806;-46,54970281;SPRF-SP;DEL03-SP;UOP01-DEL03-SP;false
517174.0;2023-04-16;domingo;11:15:00;SP;381.0;90;GUARULHOS;Ausência de reação do condutor;Tombamento;Com Vítimas Feridas;Pleno dia;Decrescente;Céu Claro;Dupla;"Curva;Declive                 ";Não;2;0;2;0;0;0;2;1;-23,49479479;-46,55959864;SPRF-SP;DEL03-SP;UOP01-DEL03-SP;false
517216.0;2023-04-16;domingo;16:45:00;SP;153.0;3;ICEM;Avarias e/ou desgaste excessivo no pneu;Tombamento;Com Vítimas Feridas;Pleno dia;Crescente;Sol;Simples;Reta;Não;2;0;2;0;0;0;2;1;-20,33042017;-49,2128492;SPRF-SP;DEL09-SP;UOP01-DEL09-SP;false
517245.0;2023-04-16;domingo;19:40:00;SP;116.0;285;ITAPECERICA DA SERRA;Manobra de mudança de faixa;Colisão lateral mesmo sentido;Sem Vítimas;Plena Noite;Decrescente;Céu Claro;Dupla;Reta;Não;2;0;0;0;2;0;0;2;-23,70407794;-46,87249709;SPRF-SP;DEL04-SP;UOP01-DEL04-SP;false
517253.0;2023-04-16;domingo;20:00:00;SP;116.0;222;GUARULHOS;Manobra de mudança de faixa;Colisão lateral mesmo sentido;Com Vítimas Feridas;Plena Noite;Decrescente;Céu Claro;Dupla;Reta;Sim;3;0;2;0;0;1;2;2;-23,47093408;-46,51631097;SPRF-SP;DEL01-SP;UOP01-DEL01-SP;false
517259.0;2023-04-16;domingo;20:00:00;SP;381.0;25;ATIBAIA;Entrada inopinada do pedestre;Atropelamento de Pedestre;Com Vítimas Fatais;Plena Noite;Crescente;Céu Claro;Dupla;Reta;Sim;2;1;1;0;0;0;1;2;-23,02018004;-46,52966596;SPRF-SP;DEL03-SP;UOP02-DEL03-SP;false
517298.0;2023-04-16;domingo;21:10:00;SP;116.0;437;REGISTRO;Demais falhas mecânicas ou elétricas;Incêndio;Sem Vítimas;Plena Noite;Crescente;Céu Claro;Dupla;Reta;Não;1;0;0;0;1;0;0;1;-24,44201718;-47,79888683;SPRF-SP;DEL05-SP;UOP01-DEL05-SP;false
517333.0;2023-04-17;segunda-feira;06:30:00;SP;116.0;205;ARUJA;Manobra de mudança de faixa;Queda de ocupante de veículo;Com Vítimas Feridas;Pleno dia;Crescente;Céu Claro;Dupla;Reta;Sim;1;0;1;0;0;0;1;1;-23,41475243;-46,36600788;SPRF-SP;DEL01-SP;UOP01-DEL01-SP;false
517352.0;2023-04-17;segunda-feira;07:25:00;SP;116.0;204,5;ARUJA;Acessar a via sem observar a presença dos outros veículos;Colisão lateral mesmo sentido;Com Vítimas Feridas;Pleno dia;Crescente;Céu Claro;Múltipla;Reta;Sim;2;0;1;0;1;0;1;2;-23,41236123;-46,35692496;SPRF-SP;DEL01-SP;UOP01-DEL01-SP;false
517376.0;2023-04-17;segunda-feira;09:20:00;SP;116.0;222;GUARULHOS;Reação tardia ou ineficiente do condutor;Colisão traseira;Com Vítimas Feridas;Pleno dia;Crescente;Céu Claro;Dupla;Reta;Sim;2;0;1;0;1;0;1;2;-23,47093408;-46,51631097;SPRF-SP;DEL01-SP;UOP01-DEL01-SP;false
517381.0;2023-04-17;segunda-feira;07:40:00;SP;116.0;145,5;SAO JOSE DOS CAMPOS;Reação tardia ou ineficiente do condutor;Tombamento;Com Vítimas Feridas;Pleno dia;Crescente;Sol;Múltipla;Reta;Sim;1;0;1;0;0;0;1;1;-23,1869844;-45,8548078;SPRF-SP;DEL02-SP;UOP01-DEL02-SP;false
517459.0;2023-04-17;segunda-feira;17:40:00;SP;116.0;54,9;LORENA;Reação tardia ou ineficiente do condutor;Queda de ocupante de veículo;Com Vítimas Feridas;Anoitecer;Decrescente;Nublado;Dupla;Reta;Não;2;0;1;0;1;0;1;1;-22,75803895;-45,11508003;SPRF-SP;DEL08-SP;UOP02-DEL08-SP;false
517487.0;2023-04-17;segunda-feira;19:00:00;SP;116.0;215,2;GUARULHOS;Ausência de reação do condutor;Colisão traseira;Com Vítimas Feridas;Plena Noite;Crescente;Nublado;Dupla;Reta;Sim;1;0;1;0;0;0;1;1;-23,44695693;-46,45394103;SPRF-SP;DEL01-SP;UOP01-DEL01-SP;false
517527.0;2023-04-17;segunda-feira;22:50:00;SP;101.0;45;UBATUBA;Transitar na contramão;Colisão frontal;Sem Vítimas;Plena Noite;Decrescente;Nublado;Simples;Curva;Sim;2;0;0;0;2;0;0;2;-23,41779396;-45,06788408;SPRF-SP;DEL06-SP;UOP01-DEL06-SP;false
517530.0;2023-04-17;segunda-feira;22:55:00;SP;116.0;271;TABOAO DA SERRA;Ausência de reação do condutor;Colisão traseira;Com Vítimas Feridas;Plena Noite;Crescente;Céu Claro;Dupla;Reta;Sim;3;0;0;2;1;0;2;2;-23,61809286;-46,80556302;SPRF-SP;DEL04-SP;UOP01-DEL04-SP;false
517564.0;2023-04-18;terça-feira;08:05:00;SP;116.0;405,9;MIRACATU;Ausência de reação do condutor;Saída de leito carroçável;Sem Vítimas;Pleno dia;Crescente;Chuva;Dupla;Reta;Não;1;0;0;0;1;0;0;1;-24,3250391;-47,55598398;SPRF-SP;DEL04-SP;UOP02-DEL04-SP;false
517568.0;2023-04-18;terça-feira;08:22:00;SP;116.0;229;SAO PAULO;Manobra de mudança de faixa;Colisão traseira;Com Vítimas Feridas;Pleno dia;Crescente;Chuva;Múltipla;"Reta;Aclive                   ";Sim;3;0;1;0;2;0;1;2;-23,51291902;-46,57604698;SPRF-SP;DEL01-SP;UOP01-DEL01-SP;false
517612.0;2023-04-18;terça-feira;13:10:00;SP;116.0;108;TAUBATE;Velocidade Incompatível;Colisão com objeto;Com Vítimas Feridas;Pleno dia;Decrescente;Nublado;Dupla;"Declive;Reta                  ";Sim;1;0;1;0;0;0;1;1;-23,02845533;-45,54446624;SPRF-SP;DEL02-SP;UOP02-DEL02-SP;false
517613.0;2023-04-18;terça-feira;13:40:00;SP;116.0;228;SAO PAULO;Reação tardia ou ineficiente do condutor;Colisão lateral mesmo sentido;Com Vítimas Feridas;Pleno dia;Crescente;Garoa/Chuvisco;Múltipla;Reta;Sim;2;0;1;0;1;0;1;2;-23,50343484;-46,56638712;SPRF-SP;DEL01-SP;UOP01-DEL01-SP;false
517615.0;2023-04-18;terça-feira;13:15:00;SP;381.0;23;BRAGANCA PAULISTA;Reação tardia ou ineficiente do condutor;Engavetamento;Sem Vítimas;Pleno dia;Decrescente;Chuva;Dupla;Reta;Não;5;0;0;0;5;0;0;3;-23,007338;-46,521393;SPRF-SP;DEL03-SP;UOP02-DEL03-SP;false
517633.0;2023-04-18;terça-feira;15:10:00;SP;116.0;511;CAJATI;Reação tardia ou ineficiente do condutor;Tombamento;Com Vítimas Feridas;Pleno dia;Decrescente;Chuva;Dupla;Curva;Não;1;0;1;0;0;0;1;1;-24,83558399;-48,2223738;SPRF-SP;DEL05-SP;UOP02-DEL05-SP;false
517636.0;2023-04-18;terça-feira;16:45:00;SP;116.0;435;REGISTRO;Acumulo de água sobre o pavimento;Saída de leito carroçável;Com Vítimas Feridas;Anoitecer;Decrescente;Chuva;Dupla;Reta;Não;2;0;2;0;0;0;2;1;-24,42978592;-47,78559107;SPRF-SP;DEL05-SP;UOP01-DEL05-SP;false
517655.0;2023-04-18;terça-feira;18:35:00;SP;116.0;148,8;SAO JOSE DOS CAMPOS;Condutor deixou de manter distância do veículo da frente;Colisão lateral mesmo sentido;Com Vítimas Feridas;Plena Noite;Decrescente;Céu Claro;Múltipla;Reta;Sim;3;0;0;1;2;0;1;3;-23,206596;-45,886026;SPRF-SP;DEL02-SP;UOP01-DEL02-SP;false
517657.0;2023-04-18;terça-feira;18:20:00;SP;116.0;79;ROSEIRA;Chuva;Tombamento;Com Vítimas Feridas;Plena Noite;Decrescente;Chuva;Dupla;Reta;Não;1;0;1;0;0;0;1;1;-22,89420903;-45,29471098;SPRF-SP;DEL08-SP;UOP01-DEL08-SP;false
517667.0;2023-04-18;terça-feira;18:35:00;SP;101.0;51;UBATUBA;Acessar a via sem observar a presença dos outros veículos;Colisão transversal;Com Vítimas Feridas;Plena Noite;Decrescente;Chuva;Simples;Reta;Não;2;0;1;0;0;1;1;2;-23,45627795;-45,07111896;SPRF-SP;DEL06-SP;UOP01-DEL06-SP;false
517683.0;2023-04-18;terça-feira;20:00:00;SP;381.0;41;ATIBAIA;Reação tardia ou ineficiente do condutor;Colisão traseira;Com Vítimas Feridas;Plena Noite;Crescente;Chuva;Dupla;Reta;Sim;2;0;1;0;1;0;1;2;-23,13863999;-46,57584088;SPRF-SP;DEL03-SP;UOP01-DEL03-SP;false
517686.0;2023-04-18;terça-feira;19:30:00;SP;381.0;71;MAIRIPORA;Pedestre cruzava a pista fora da faixa;Atropelamento de Pedestre;Com Vítimas Feridas;Plena Noite;Decrescente;Chuva;Dupla;"Curva;Declive                 ";Não;2;0;1;0;1;0;1;2;-23,35047979;-46,55267274;SPRF-SP;DEL03-SP;UOP01-DEL03-SP;false
517693.0;2023-04-18;terça-feira;20:00:00;SP;116.0;278,5;EMBU DAS ARTES;Pista Escorregadia;Engavetamento;Sem Vítimas;Plena Noite;Crescente;Chuva;Dupla;Reta;Não;3;0;0;0;3;0;0;3;-23,65508497;-46,84918605;SPRF-SP;DEL04-SP;UOP01-DEL04-SP;false
517715.0;2023-04-18;terça-feira;23:30:00;SP;0.0;0;FRANCO DA ROCHA;Chuva;Saída de leito carroçável;Sem Vítimas;Plena Noite;Não Informado;Chuva;Dupla;Curva;Não;1;0;0;0;1;0;0;1;-23,293265;-46,8430811;SPRF-SP;DEL09-SP;UOP01-DEL09-SP;false
517716.0;2023-04-19;quarta-feira;00:30:00;SP;116.0;211;GUARULHOS;Reação tardia ou ineficiente do condutor;Colisão com objeto;Sem Vítimas;Plena Noite;Decrescente;Garoa/Chuvisco;Múltipla;Reta;Sim;1;0;0;0;0;1;0;1;-23,4324306;-46,4194352;SPRF-SP;DEL01-SP;UOP01-DEL01-SP;false
517720.0;2023-04-19;quarta-feira;00:15:00;SP;116.0;90,4;PINDAMONHANGABA;Ingestão de álcool pelo condutor;Saída de leito carroçável;Com Vítimas Feridas;Plena Noite;Decrescente;Chuva;Dupla;Reta;Não;1;0;1;0;0;0;1;1;-22,94361839;-45,3873088;SPRF-SP;DEL08-SP;UOP01-DEL08-SP;false
517727.0;2023-04-19;quarta-feira;04:00:00;SP;116.0;223,2;GUARULHOS;Ausência de reação do condutor;Colisão traseira;Com Vítimas Feridas;Plena Noite;Crescente;Nublado;Múltipla;Reta;Não;2;0;1;0;1;0;1;2;-23,47559815;-46,5246609;SPRF-SP;DEL01-SP;UOP01-DEL01-SP;false
517729.0;2023-04-19;quarta-feira;01:15:00;SP;153.0;108;JOSE BONIFACIO;Reação tardia ou ineficiente do condutor;Colisão com objeto;Sem Vítimas;Plena Noite;Crescente;Chuva;Dupla;Curva;Sim;2;0;0;0;0;2;0;1;-21,07208391;-49,66656517;SPRF-SP;DEL09-SP;UOP01-DEL09-SP;false
517734.0;2023-04-19;quarta-feira;05:39:00;SP;116.0;131;CACAPAVA;Ultrapassagem Indevida;Colisão lateral mesmo sentido;Com Vítimas Feridas;Amanhecer;Crescente;Chuva;Dupla;Reta;Sim;2;0;2;0;0;0;2;2;-23,12742083;-45,73636609;SPRF-SP;DEL02-SP;UOP02-DEL02-SP;false
517750.0;2023-04-19;quarta-feira;07:00:00;SP;153.0;70;SAO JOSE DO RIO PRETO;Reação tardia ou ineficiente do condutor;Tombamento;Com Vítimas Feridas;Pleno dia;Crescente;Garoa/Chuvisco;Dupla;"Curva;Declive                 ";Sim;1;0;1;0;0;0;1;1;-20,85197874;-49,40070263;SPRF-SP;DEL09-SP;UOP01-DEL09-SP;false
517756.0;2023-04-19;quarta-feira;07:50:00;SP;116.0;145,4;SAO JOSE DOS CAMPOS;Reação tardia ou ineficiente do condutor;Saída de leito carroçável;Com Vítimas Feridas;Pleno dia;Decrescente;Céu Claro;Dupla;"Reta;Aclive                   ";Sim;2;0;2;0;0;0;2;1;-23,18816038;-45,85693359;SPRF-SP;DEL02-SP;UOP01-DEL02-SP;false
517785.0;2023-04-19;quarta-feira;08:00:00;SP;381.0;89;GUARULHOS;Reação tardia ou ineficiente do condutor;Colisão lateral mesmo sentido;Com Vítimas Feridas;Pleno dia;Crescente;Céu Claro;Múltipla;Reta;Não;3;0;1;0;2;0;1;2;-23,48469299;-46,55983288;SPRF-SP;DEL03-SP;UOP01-DEL03-SP;false
517851.0;2023-04-19;quarta-feira;08:30:00;SP;381.0;86;SAO PAULO;Reação tardia ou ineficiente do condutor;Colisão traseira;Com Vítimas Feridas;Pleno dia;Crescente;Céu Claro;Múltipla;Curva;Sim;3;0;1;0;2;0;1;2;-23,45930499;-46,57161179;SPRF-SP;DEL03-SP;UOP01-DEL03-SP;false
517908.0;2023-04-19;quarta-feira;20:10:00;SP;116.0;315;SAO LOURENCO DA SERRA;Avarias e/ou desgaste excessivo no pneu;Queda de ocupante de veículo;Com Vítimas Feridas;Plena Noite;Crescente;Céu Claro;Dupla;Reta;Sim;2;0;1;0;1;0;1;1;-23,90251888;-46,99049317;SPRF-SP;DEL04-SP;UOP03-DEL04-SP;false
517927.0;2023-04-19;quarta-feira;22:00:00;SP;116.0;144;SAO JOSE DOS CAMPOS;Ausência de reação do condutor;Tombamento;Com Vítimas Feridas;Plena Noite;Crescente;Nublado;Dupla;"Reta;Aclive                   ";Sim;1;0;1;0;0;0;1;1;-23,18274416;-45,84633592;SPRF-SP;DEL02-SP;UOP01-DEL02-SP;false