id;data_inversa;dia_semana;horario;uf;br;km;municipio;causa_acidente;tipo_acidente;classificacao_acidente;fase_dia;sentido_via;condicao_metereologica;tipo_pista;tracado_via;uso_solo;pessoas;mortos;feridos_leves;feridos_graves;ilesos;ignorados;feridos;veiculos;latitude;longitude;regional;delegacia;uop;feriado
517979.0;2023-02-11;sábado;23:50:00;SP;116.0;77,3;ROSEIRA;Reação tardia ou ineficiente do condutor;Colisão traseira;Com Vítimas Feridas;Plena Noite;Decrescente;Nublado;Dupla;Reta;Não;2;0;1;0;1;0;1;2;-22,88334222;-45,27934983;SPRF-SP;DEL08-SP;UOP01-DEL08-SP;false
518011.0;2023-04-20;quinta-feira;12:55:00;SP;116.0;274;EMBU DAS ARTES;Animais na Pista;Atropelamento de Animal;Com Vítimas Feridas;Pleno dia;Decrescente;Céu Claro;Dupla;Reta;Sim;1;0;1;0;0;0;1;1;-23,63445084;-46,82418514;SPRF-SP;DEL04-SP;UOP01-DEL04-SP;false
518021.0;2023-04-20;quinta-feira;14:45:00;SP;116.0;227,8;SAO PAULO;Condutor deixou de manter distância do veículo da frente;Colisão traseira;Com Vítimas Feridas;Pleno dia;Crescente;Céu Claro;Simples;"Reta;Declive                  ";Não;3;0;1;0;2;0;1;3;-23,49659264;-46,55648754;SPRF-SP;DEL01-SP;UOP01-DEL01-SP;false
518033.0;2023-04-20;quinta-feira;15:00:00;SP;116.0;227,5;GUARULHOS;Reação tardia ou ineficiente do condutor;Tombamento;Com Vítimas Feridas;Pleno dia;Crescente;Céu Claro;Múltipla;Reta;Sim;1;0;1;0;0;0;1;1;-23,49659264;-46,55648754;SPRF-SP;DEL01-SP;UOP01-DEL01-SP;false
518038.0;2023-04-20;quinta-feira;15:30:00;SP;116.0;229;SAO PAULO;Manobra de mudança de faixa;Colisão traseira;Com Vítimas Feridas;Pleno dia;Decrescente;Nublado;Múltipla;Reta;Sim;2;0;1;0;1;0;1;2;-23,51291902;-46,57604698;SPRF-SP;DEL01-SP;UOP01-DEL01-SP;false
518041.0;2023-04-20;quinta-feira;16:05:00;SP;116.0;273;TABOAO DA SERRA;Manobra de mudança de faixa;Atropelamento de Pedestre;Com Vítimas Feridas;Pleno dia;Decrescente;Céu Claro;Dupla;Curva;Sim;2;0;1;0;1;0;1;2;-23,621691;-46,813288;SPRF-SP;DEL04-SP;UOP01-DEL04-SP;false
518049.0;2023-04-20;quinta-feira;16:20:00;SP;116.0;205;ARUJA;Reação tardia ou ineficiente do condutor;Colisão com objeto;Com Vítimas Feridas;Pleno dia;Decrescente;Céu Claro;Múltipla;Reta;Sim;1;0;1;0;0;0;1;1;-23,41475243;-46,36600788;SPRF-SP;DEL01-SP;UOP01-DEL01-SP;false
518051.0;2023-04-20;quinta-feira;06:40:00;SP;381.0;80;SAO PAULO;Ausência de reação do condutor;Tombamento;Com Vítimas Feridas;Amanhecer;Crescente;Céu Claro;Múltipla;Reta;Não;1;0;1;0;0;0;1;1;-23,40889686;-46,58095945;SPRF-SP;DEL03-SP;UOP01-DEL03-SP;false
518062.0;2023-04-20;quinta-feira;17:15:00;SP;116.0;189,2;SANTA ISABEL;Reação tardia ou ineficiente do condutor;Colisão com objeto;Com Vítimas Feridas;Anoitecer;Decrescente;Céu Claro;Dupla;"Curva;Declive                 ";Não;1;0;1;0;0;0;1;1;-23,36435234;-46,22488684;SPRF-SP;DEL01-SP;UOP01-DEL01-SP;false
518085.0;2023-04-20;quinta-feira;19:00:00;SP;116.0;220;GUARULHOS;Condutor deixou de manter distância do veículo da frente;Tombamento;Com Vítimas Feridas;Plena Noite;Crescente;Céu Claro;Múltipla;Reta;Sim;1;0;1;0;0;0;1;1;-23,46472809;-46,49793962;SPRF-SP;DEL01-SP;UOP01-DEL01-SP;false
518091.0;2023-04-20;quinta-feira;18:00:00;SP;116.0;169;JACAREI;Reação tardia ou ineficiente do condutor;Tombamento;Com Vítimas Feridas;Plena Noite;Decrescente;Céu Claro;Múltipla;Curva;Não;1;0;0;1;0;0;1;1;-23,307652;-46,045128;SPRF-SP;DEL02-SP;UOP01-DEL02-SP;false
518105.0;2023-04-20;quinta-feira;19:45:00;SP;116.0;205;ARUJA;Manobra de mudança de faixa;Colisão lateral mesmo sentido;Com Vítimas Feridas;Plena Noite;Decrescente;Céu Claro;Múltipla;Reta;Não;2;0;1;0;1;0;1;2;-23,41475243;-46,36600788;SPRF-SP;DEL01-SP;UOP01-DEL01-SP;false
518131.0;2023-04-20;quinta-feira;18:45:00;SP;153.0;280;OCAUCU;Acessar a via sem observar a presença dos outros veículos;Colisão transversal;Sem Vítimas;Plena Noite;Crescente;Céu Claro;Simples;"Interseção de Vias;Reta       ";Não;2;0;0;0;2;0;0;2;-22,41321412;-49,86091715;SPRF-SP;DEL07-SP;UOP02-DEL07-SP;false
518136.0;2023-04-20;quinta-feira;21:00:00;SP;116.0;271;TABOAO DA SERRA;Demais falhas na via;Eventos atípicos;Com Vítimas Feridas;Plena Noite;Crescente;Céu Claro;Simples;Reta;Sim;3;0;1;0;1;1;1;2;-23,61783801;-46,80016994;SPRF-SP;DEL04-SP;UOP01-DEL04-SP;false
518158.0;2023-04-20;quinta-feira;23:55:00;SP;116.0;273;TABOAO DA SERRA;Transitar na contramão;Colisão lateral sentido oposto;Com Vítimas Feridas;Plena Noite;Crescente;Céu Claro;Dupla;Viaduto;Não;2;0;0;1;1;0;1;2;-23,62809795;-46,81870306;SPRF-SP;DEL04-SP;UOP01-DEL04-SP;false
518162.0;2023-04-20;quinta-feira;13:00:00;SP;116.0;66;GUARATINGUETA;Reação tardia ou ineficiente do condutor;Colisão com objeto;Com Vítimas Feridas;Pleno dia;Crescente;Céu Claro;Dupla;Curva;Não;1;0;1;0;0;0;1;1;-22,82270215;-45,20193286;SPRF-SP;DEL08-SP;UOP01-DEL08-SP;false
518183.0;2023-04-21;sexta-feira;02:35:00;SP;116.0;304;SAO LOURENCO DA SERRA;Reação tardia ou ineficiente do condutor;Saída de leito carroçável;Com Vítimas Feridas;Plena Noite;Crescente;Nublado;Dupla;"Declive;Curva                 ";Não;3;0;0;3;0;0;3;1;-23,83389338;-46,92986012;SPRF-SP;DEL04-SP;UOP01-DEL04-SP;true
518184.0;2023-04-21;sexta-feira;00:30:00;SP;153.0;39,7;ONDA VERDE;Ausência de reação do condutor;Saída de leito carroçável;Sem Vítimas;Plena Noite;Crescente;Céu Claro;Simples;"Rotatória;Curva               ";Não;2;0;0;0;1;1;0;1;-20,61635683;-49,33294773;SPRF-SP;DEL09-SP;UOP01-DEL09-SP;true
518186.0;2023-04-21;sexta-feira;02:10:00;SP;381.0;47;ATIBAIA;Ausência de reação do condutor;Capotamento;Com Vítimas Feridas;Plena Noite;Decrescente;Céu Claro;Múltipla;Reta;Não;2;0;0;1;1;0;1;1;-23,18904617;-46,58407757;SPRF-SP;DEL03-SP;UOP01-DEL03-SP;true
518206.0;2023-04-21;sexta-feira;07:40:00;SP;116.0;363;MIRACATU;Velocidade Incompatível;Tombamento;Com Vítimas Feridas;Pleno dia;Crescente;Céu Claro;Dupla;Curva;Não;2;0;2;0;0;0;2;1;-24,13038097;-47,27114281;SPRF-SP;DEL04-SP;UOP02-DEL04-SP;true
518211.0;2023-04-21;sexta-feira;07:20:00;SP;116.0;146;SAO JOSE DOS CAMPOS;Manobra de mudança de faixa;Colisão lateral mesmo sentido;Com Vítimas Feridas;Pleno dia;Decrescente;Céu Claro;Múltipla;Reta;Não;6;0;2;0;4;0;2;5;-23,19122919;-45,86327591;SPRF-SP;DEL02-SP;UOP01-DEL02-SP;true
518261.0;2023-04-21;sexta-feira;11:15:00;SP;116.0;46,8;CANAS;Ausência de reação do condutor;Colisão traseira;Com Vítimas Feridas;Pleno dia;Crescente;Céu Claro;Dupla;Reta;Não;4;0;1;0;3;0;1;3;-22,71393589;-45,05335608;SPRF-SP;DEL08-SP;UOP02-DEL08-SP;true
518264.0;2023-04-21;sexta-feira;12:30:00;SP;101.0;50;UBATUBA;Reação tardia ou ineficiente do condutor;Queda de ocupante de veículo;Com Vítimas Feridas;Pleno dia;Crescente;Céu Claro;Simples;Reta;Sim;1;0;1;0;0;0;1;1;-23,4623355;-45,06476561;SPRF-SP;DEL06-SP;UOP01-DEL06-SP;true
518270.0;2023-04-21;sexta-feira;12:30:00;SP;381.0;59;MAIRIPORA;Transitar na contramão;Colisão frontal;Sem Vítimas;Pleno dia;Crescente;Céu Claro;Simples;Reta;Sim;4;0;0;0;2;2;0;3;-23,28270705;-46,58787791;SPRF-SP;DEL03-SP;UOP01-DEL03-SP;true
518275.0;2023-04-21;sexta-feira;14:00:00;SP;153.0;61,2;SAO JOSE DO RIO PRETO;Ultrapassagem Indevida;Colisão lateral mesmo sentido;Com Vítimas Feridas;Pleno dia;Crescente;Céu Claro;Dupla;"Reta;Declive                  ";Sim;2;0;1;0;1;0;1;2;-20,79627979;-49,35480206;SPRF-SP;DEL09-SP;UOP01-DEL09-SP;true
518306.0;2023-04-21;sexta-feira;16:45:00;SP;116.0;280;EMBU DAS ARTES;Ausência de reação do condutor;Engavetamento;Sem Vítimas;Pleno dia;Decrescente;Céu Claro;Dupla;"Declive;Reta                  ";Sim;7;0;0;0;7;0;0;4;-23,66996108;-46,85590758;SPRF-SP;DEL04-SP;UOP01-DEL04-SP;true
518324.0;2023-04-21;sexta-feira;18:55:00;SP;153.0;257,3;MARILIA;Ingestão de álcool pelo condutor;Colisão com objeto;Com Vítimas Feridas;Plena Noite;Decrescente;Céu Claro;Dupla;Reta;Sim;1;0;1;0;0;0;1;1;-22,246024;-49,920281;SPRF-SP;DEL07-SP;UOP02-DEL07-SP;true
518353.0;2023-02-04;sábado;15:20:00;SP;381.0;30;ATIBAIA;Reação tardia ou ineficiente do condutor;Queda de ocupante de veículo;Com Vítimas Feridas;Pleno dia;Crescente;Céu Claro;Dupla;Reta;Sim;2;0;2;0;0;0;2;1;-23,04885102;-46,56482797;SPRF-SP;DEL03-SP;UOP02-DEL03-SP;false
518397.0;2023-04-22;sábado;01:58:00;SP;116.0;230;SAO PAULO;Ingestão de álcool pelo condutor;Saída de leito carroçável;Com Vítimas Feridas;Plena Noite;Decrescente;Céu Claro;Múltipla;Reta;Sim;1;0;1;0;0;0;1;1;-23,52251783;-46,5855702;SPRF-SP;DEL01-SP;UOP01-DEL01-SP;false
518400.0;2023-04-22;sábado;02:30:00;SP;116.0;145;SAO JOSE DOS CAMPOS;Ausência de reação do condutor;Colisão com objeto;Com Vítimas Feridas;Plena Noite;Decrescente;Céu Claro;Dupla;Reta;Não;1;0;0;1;0;0;1;1;-23,1869844;-45,8548078;SPRF-SP;DEL02-SP;UOP01-DEL02-SP;false
518421.0;2023-04-22;sábado;07:50:00;SP;116.0;197;ARUJA;Demais falhas mecânicas ou elétricas;Queda de ocupante de veículo;Com Vítimas Feridas;Amanhecer;Decrescente;Nublado;Dupla;Reta;Não;2;0;2;0;0;0;2;1;-23,39721625;-46,29284287;SPRF-SP;DEL01-SP;UOP01-DEL01-SP;false
518426.0;2023-04-21;sexta-feira;22:00:00;SP;381.0;62;MAIRIPORA;Demais falhas mecânicas ou elétricas;Colisão lateral mesmo sentido;Com Vítimas Feridas;Plena Noite;Decrescente;Céu Claro;Dupla;Curva;Não;2;0;1;0;1;0;1;2;-23,29437896;-46,57254696;SPRF-SP;DEL03-SP;UOP01-DEL03-SP;true
518437.0;2023-04-22;sábado;09:30:00;SP;381.0;33;ATIBAIA;Animais na Pista;Saída de leito carroçável;Com Vítimas Feridas;Pleno dia;Crescente;Céu Claro;Dupla;Reta;Não;4;0;1;0;3;0;1;1;-23,0728028;-46,56673562;SPRF-SP;DEL03-SP;UOP02-DEL03-SP;false
518439.0;2023-04-22;sábado;10:10:00;SP;101.0;50,3;UBATUBA;Acessar a via sem observar a presença dos outros veículos;Colisão transversal;Com Vítimas Feridas;Pleno dia;Decrescente;Céu Claro;Simples;Reta;Sim;2;0;1;0;1;0;1;2;-23,44410908;-45,08375708;SPRF-SP;DEL06-SP;UOP01-DEL06-SP;false
518479.0;2023-04-22;sábado;14:00:00;SP;116.0;67,1;GUARATINGUETA;Reação tardia ou ineficiente do condutor;Tombamento;Com Vítimas Feridas;Pleno dia;Crescente;Céu Claro;Dupla;"Declive;Interseção de Vias    ";Não;1;0;1;0;0;0;1;1;-22,82867578;-45,2088941;SPRF-SP;DEL08-SP;UOP01-DEL08-SP;false
518481.0;2023-04-22;sábado;15:20:00;SP;381.0;46,3;ATIBAIA;Velocidade Incompatível;Colisão com objeto;Com Vítimas Feridas;Pleno dia;Decrescente;Sol;Dupla;"Aclive;Reta                   ";Não;1;0;0;1;0;0;1;1;-23,180897;-46,580777;SPRF-SP;DEL03-SP;UOP01-DEL03-SP;false
518538.0;2023-04-22;sábado;19:30:00;SP;116.0;120,5;CACAPAVA;Ingestão de álcool pelo condutor;Tombamento;Com Vítimas Feridas;Plena Noite;Crescente;Céu Claro;Dupla;Reta;Não;5;0;0;1;4;0;1;3;-23,07631169;-45,65337222;SPRF-SP;DEL02-SP;UOP02-DEL02-SP;false
518551.0;2023-04-22;sábado;21:55:00;SP;116.0;77,8;ROSEIRA;Ausência de reação do condutor;Colisão traseira;Com Vítimas Feridas;Plena Noite;Crescente;Céu Claro;Múltipla;Reta;Não;3;0;2;0;1;0;2;2;-22,88334222;-45,27934983;SPRF-SP;DEL08-SP;UOP01-DEL08-SP;false
518579.0;2023-04-23;domingo;03:00:00;SP;116.0;225;GUARULHOS;Ingestão de álcool pelo condutor;Colisão com objeto;Sem Vítimas;Plena Noite;Decrescente;Céu Claro;Múltipla;Reta;Não;1;0;0;0;1;0;0;1;-23,48586772;-46,54075317;SPRF-SP;DEL01-SP;UOP01-DEL01-SP;false
518598.0;2023-04-23;domingo;06:00:00;SP;381.0;83;SAO PAULO;Reação tardia ou ineficiente do condutor;Tombamento;Com Vítimas Feridas;Amanhecer;Crescente;Céu Claro;Dupla;"Reta;Declive                  ";Sim;1;0;1;0;0;0;1;1;-23,4309671;-46,56998022;SPRF-SP;DEL03-SP;UOP01-DEL03-SP;false
518606.0;2023-04-23;domingo;07:00:00;SP;116.0;95;PINDAMONHANGABA;Ausência de reação do condutor;Saída de leito carroçável;Sem Vítimas;Pleno dia;Decrescente;Céu Claro;Dupla;Reta;Não;1;0;0;0;0;1;0;1;-22,96514512;-45,43013094;SPRF-SP;DEL08-SP;UOP01-DEL08-SP;false
518609.0;2023-04-23;domingo;05:30:00;SP;153.0;57,5;SAO JOSE DO RIO PRETO;Reação tardia ou ineficiente do condutor;Saída de leito carroçável;Com Vítimas Fatais;Plena Noite;Decrescente;Céu Claro;Dupla;Reta;Não;2;1;0;0;1;0;0;2;-20,774595;-49,351774;SPRF-SP;DEL09-SP;UOP01-DEL09-SP;false
518617.0;2023-04-23;domingo;06:30:00;SP;116.0;169;JACAREI;Velocidade Incompatível;Saída de leito carroçável;Com Vítimas Fatais;Amanhecer;Crescente;Nublado;Dupla;Curva;Sim;2;1;0;0;0;1;0;2;-23,307652;-46,045128;SPRF-SP;DEL02-SP;UOP01-DEL02-SP;false
518644.0;2023-04-23;domingo;10:55:00;SP;116.0;225;GUARULHOS;Avarias e/ou desgaste excessivo no pneu;Queda de ocupante de veículo;Com Vítimas Feridas;Pleno dia;Decrescente;Céu Claro;Múltipla;Reta;Sim;1;0;1;0;0;0;1;1;-23,48586772;-46,54075317;SPRF-SP;DEL01-SP;UOP01-DEL01-SP;false
518648.0;2023-04-23;domingo;12:25:00;SP;116.0;37,7;CACHOEIRA PAULISTA;Mal súbito do condutor;Tombamento;Com Vítimas Feridas;Pleno dia;Crescente;Céu Claro;Dupla;Ponte;Sim;2;0;2;0;0;0;2;1;-22,66497021;-44,98430985;SPRF-SP;DEL08-SP;UOP02-DEL08-SP;false
518659.0;2023-04-23;domingo;09:30:00;SP;116.0;392;MIRACATU;Reação tardia ou ineficiente do condutor;Queda de ocupante de veículo;Com Vítimas Feridas;Pleno dia;Decrescente;Céu Claro;Dupla;Reta;Não;1;0;1;0;0;0;1;1;-24,2823606;-47,4330272;SPRF-SP;DEL04-SP;UOP02-DEL04-SP;false
518663.0;2023-04-23;domingo;12:50:00;SP;116.0;308;SAO LOURENCO DA SERRA;Velocidade Incompatível;Colisão com objeto;Sem Vítimas;Pleno dia;Crescente;Céu Claro;Dupla;"Curva;Viaduto                 ";Não;4;0;0;0;4;0;0;1;-23,86213995;-46,94718508;SPRF-SP;DEL04-SP;UOP01-DEL04-SP;false
518670.0;2023-04-23;domingo;14:40:00;SP;116.0;76;ROSEIRA;Condutor deixou de manter distância do veículo da frente;Colisão traseira;Com Vítimas Feridas;Pleno dia;Crescente;Céu Claro;Dupla;Reta;Não;4;0;0;2;1;1;2;3;-22,87747687;-45,27203908;SPRF-SP;DEL08-SP;UOP01-DEL08-SP;false
518673.0;2023-04-23;domingo;14:30:00;SP;116.0;154;SAO JOSE DOS CAMPOS;Ausência de reação do condutor;Tombamento;Com Vítimas Feridas;Pleno dia;Decrescente;Céu Claro;Múltipla;Aclive;Sim;4;0;3;0;1;0;3;2;-23,23903999;-45,92061901;SPRF-SP;DEL02-SP;UOP01-DEL02-SP;false
518676.0;2023-04-23;domingo;14:40:00;SP;116.0;103,8;TAUBATE;Ausência de reação do condutor;Colisão traseira;Com Vítimas Feridas;Pleno dia;Crescente;Céu Claro;Dupla;Reta;Não;2;0;1;0;1;0;1;2;-22,99919465;-45,49788917;SPRF-SP;DEL02-SP;UOP02-DEL02-SP;false
518681.0;2023-04-23;domingo;13:55:00;SP;116.0;100,9;PINDAMONHANGABA;Condutor deixou de manter distância do veículo da frente;Colisão traseira;Com Vítimas Feridas;Pleno dia;Crescente;Céu Claro;Dupla;Reta;Não;2;0;1;0;1;0;1;2;-22,986552;-45,47276;SPRF-SP;DEL08-SP;UOP01-DEL08-SP;false
518743.0;2023-04-23;domingo;20:30:00;SP;116.0;285;ITAPECERICA DA SERRA;Trafegar com motocicleta (ou similar) entre as faixas;Colisão lateral mesmo sentido;Com Vítimas Feridas;Plena Noite;Decrescente;Céu Claro;Dupla;Reta;Sim;4;0;0;2;2;0;2;3;-23,67769987;-46,8573761;SPRF-SP;DEL04-SP;UOP01-DEL04-SP;false
518752.0;2023-04-23;domingo;17:20:00;SP;116.0;517;CAJATI;Reação tardia ou ineficiente do condutor;Colisão traseira;Com Vítimas Feridas;Pleno dia;Decrescente;Garoa/Chuvisco;Dupla;Curva;Não;7;0;2;0;5;0;2;2;-24,8768469;-48,22732309;SPRF-SP;DEL05-SP;UOP02-DEL05-SP;false
518770.0;2023-04-23;domingo;23:15:00;SP;116.0;219;GUARULHOS;Reação tardia ou ineficiente do condutor;Colisão traseira;Sem Vítimas;Plena Noite;Decrescente;Céu Claro;Múltipla;Reta;Sim;3;0;0;0;2;1;0;3;-23,46143954;-46,48885316;SPRF-SP;DEL01-SP;UOP01-DEL01-SP;false
518771.0;2023-04-23;domingo;23:00:00;SP;116.0;218;GUARULHOS;Velocidade Incompatível;Colisão traseira;Com Vítimas Feridas;Plena Noite;Decrescente;Nublado;Múltipla;Aclive;Sim;4;0;3;0;1;0;3;2;-23,457972;-46,479927;SPRF-SP;DEL01-SP;UOP01-DEL01-SP;false
518787.0;2023-04-23;domingo;18:50:00;SP;381.0;46,8;ATIBAIA;Pedestre andava na pista;Atropelamento de Pedestre;Com Vítimas Feridas;Plena Noite;Crescente;Céu Claro;Dupla;Reta;Não;2;0;2;0;0;0;2;2;-23,17495;-46,57835;SPRF-SP;DEL03-SP;UOP01-DEL03-SP;false
518799.0;2023-04-24;segunda-feira;04:00:00;SP;381.0;42;ATIBAIA;Ingestão de álcool pelo condutor;Colisão com objeto;Sem Vítimas;Plena Noite;Crescente;Céu Claro;Múltipla;Reta;Não;1;0;0;0;0;1;0;1;-23,147306;-46,57493202;SPRF-SP;DEL03-SP;UOP01-DEL03-SP;false
518810.0;2023-04-24;segunda-feira;05:30:00;SP;116.0;214;GUARULHOS;Reação tardia ou ineficiente do condutor;Colisão com objeto;Com Vítimas Feridas;Plena Noite;Crescente;Céu Claro;Dupla;Reta;Sim;4;0;4;0;0;0;4;1;-23,44333014;-46,44531294;SPRF-SP;DEL01-SP;UOP01-DEL01-SP;false
518830.0;2023-04-24;segunda-feira;07:19:00;SP;381.0;90;GUARULHOS;Ausência de reação do condutor;Tombamento;Com Vítimas Feridas;Pleno dia;Crescente;Céu Claro;Dupla;Reta;Não;1;0;1;0;0;0;1;1;-23,49479479;-46,55959864;SPRF-SP;DEL03-SP;UOP01-DEL03-SP;false
518843.0;2023-04-24;segunda-feira;08:00:00;SP;116.0;219;GUARULHOS;Trafegar com motocicleta (ou similar) entre as faixas;Colisão traseira;Com Vítimas Feridas;Pleno dia;Crescente;Céu Claro;Múltipla;Reta;Sim;2;0;1;0;1;0;1;2;-23,46143954;-46,48885316;SPRF-SP;DEL01-SP;UOP01-DEL01-SP;false
518918.0;2023-04-24;segunda-feira;14:30:00;SP;381.0;88;GUARULHOS;Ausência de reação do condutor;Colisão traseira;Com Vítimas Feridas;Pleno dia;Crescente;Céu Claro;Múltipla;Reta;Sim;2;0;0;1;1;0;1;2;-23,47469314;-46,56112919;SPRF-SP;DEL03-SP;UOP01-DEL03-SP;false
518986.0;2023-04-24;segunda-feira;20:50:00;SP;116.0;270,4;TABOAO DA SERRA;Manobra de mudança de faixa;Colisão lateral mesmo sentido;Com Vítimas Feridas;Plena Noite;Crescente;Céu Claro;Múltipla;Reta;Sim;2;0;1;0;1;0;1;2;-23,61799728;-46,79677694;SPRF-SP;DEL04-SP;UOP01-DEL04-SP;false
519022.0;2023-04-25;terça-feira;06:15:00;SP;116.0;5;GUARULHOS;Acessar a via sem observar a presença dos outros veículos;Colisão lateral mesmo sentido;Com Vítimas Feridas;Amanhecer;Crescente;Nublado;Dupla;Curva;Sim;2;0;1;0;1;0;1;2;-23,43211035;-46,492998;SPRF-SP;DEL01-SP;UOP01-DEL01-SP;false
519029.0;2023-04-25;terça-feira;07:00:00;SP;116.0;226;GUARULHOS;Ausência de reação do condutor;Engavetamento;Com Vítimas Feridas;Pleno dia;Crescente;Céu Claro;Dupla;Reta;Sim;3;0;1;0;1;1;1;3;-23,49102507;-46,54878195;SPRF-SP;DEL01-SP;UOP01-DEL01-SP;false
519036.0;2023-04-25;terça-feira;07:10:00;SP;381.0;83;SAO PAULO;Ausência de reação do condutor;Colisão lateral mesmo sentido;Com Vítimas Feridas;Pleno dia;Crescente;Céu Claro;Múltipla;Reta;Sim;2;0;1;0;1;0;1;2;-23,4309671;-46,56998022;SPRF-SP;DEL03-SP;UOP01-DEL03-SP;false
519041.0;2023-04-25;terça-feira;08:20:00;SP;101.0;46,1;UBATUBA;Ausência de reação do condutor;Tombamento;Com Vítimas Feridas;Pleno dia;Crescente;Céu Claro;Simples;Reta;Não;2;0;2;0;0;0;2;1;-23,42403383;-45,07492113;SPRF-SP;DEL06-SP;UOP01-DEL06-SP;false
519063.0;2023-04-25;terça-feira;08:00:00;SP;381.0;90;SAO PAULO;Acessar a via sem observar a presença dos outros veículos;Colisão transversal;Com Vítimas Feridas;Pleno dia;Crescente;Céu Claro;Simples;Curva;Sim;3;0;1;1;1;0;2;3;-23,49479479;-46,55959864;SPRF-SP;DEL03-SP;UOP01-DEL03-SP;false
519072.0;2023-04-25;terça-feira;10:10:00;SP;116.0;432;REGISTRO;Ausência de reação do condutor;Colisão traseira;Com Vítimas Feridas;Pleno dia;Decrescente;Céu Claro;Dupla;Reta;Não;2;0;1;0;1;0;1;2;-24,416593;-47,76187;SPRF-SP;DEL05-SP;UOP01-DEL05-SP;false
519075.0;2023-04-25;terça-feira;10:05:00;SP;101.0;49,5;UBATUBA;Acessar a via sem observar a presença dos outros veículos;Colisão lateral mesmo sentido;Com Vítimas Feridas;Pleno dia;Decrescente;Sol;Simples;"Curva;Interseção de Vias      ";Sim;2;0;1;0;1;0;1;2;-23,44410908;-45,08375708;SPRF-SP;DEL06-SP;UOP01-DEL06-SP;false
519097.0;2023-04-25;terça-feira;12:15:00;SP;116.0;214;GUARULHOS;Acessar a via sem observar a presença dos outros veículos;Capotamento;Com Vítimas Feridas;Pleno dia;Decrescente;Céu Claro;Múltipla;Reta;Sim;2;0;1;0;1;0;1;2;-23,44333014;-46,44531294;SPRF-SP;DEL01-SP;UOP01-DEL01-SP;false
519112.0;2023-04-25;terça-feira;13:30:00;SP;116.0;214;GUARULHOS;Ausência de reação do condutor;Colisão frontal;Com Vítimas Feridas;Pleno dia;Decrescente;Céu Claro;Múltipla;Reta;Não;2;0;1;0;1;0;1;2;-23,44333014;-46,44531294;SPRF-SP;DEL01-SP;UOP01-DEL01-SP;false
519116.0;2023-04-25;terça-feira;13:50:00;SP;101.0;50;UBATUBA;Reação tardia ou ineficiente do condutor;Colisão traseira;Com Vítimas Feridas;Pleno dia;Decrescente;Céu Claro;Dupla;Reta;Sim;2;0;1;0;1;0;1;2;-23,45018939;-45,07743735;SPRF-SP;DEL06-SP;UOP01-DEL06-SP;false
519127.0;2023-04-25;terça-feira;13:30:00;SP;101.0;48;UBATUBA;Transitar na contramão;Colisão frontal;Com Vítimas Feridas;Pleno dia;Crescente;Sol;Simples;"Interseção de Vias;Reta       ";Sim;2;0;1;0;0;1;1;2;-23,43696329;-45,08768768;SPRF-SP;DEL06-SP;UOP01-DEL06-SP;false
519176.0;2023-04-25;terça-feira;18:00:00;SP;116.0;280;EMBU DAS ARTES;Ausência de reação do condutor;Saída de leito carroçável;Com Vítimas Feridas;Plena Noite;Decrescente;Céu Claro;Dupla;Reta;Sim;2;0;1;0;1;0;1;1;-23,66996108;-46,85590758;SPRF-SP;DEL04-SP;UOP01-DEL04-SP;false
519181.0;2023-04-25;terça-feira;18:55:00;SP;116.0;142,9;SAO JOSE DOS CAMPOS;Manobra de mudança de faixa;Colisão transversal;Com Vítimas Feridas;Plena Noite;Decrescente;Céu Claro;Dupla;Reta;Não;2;0;1;0;1;0;1;2;-23,17426078;-45,82940111;SPRF-SP;DEL02-SP;UOP01-DEL02-SP;false
519183.0;2023-04-25;terça-feira;17:50:00;SP;381.0;55;MAIRIPORA;Ausência de reação do condutor;Colisão lateral mesmo sentido;Com Vítimas Feridas;Anoitecer;Crescente;Céu Claro;Dupla;"Reta;Aclive                   ";Sim;2;0;1;0;1;0;1;2;-23,25207404;-46,59480386;SPRF-SP;DEL03-SP;UOP01-DEL03-SP;false
519191.0;2023-04-25;terça-feira;19:10:00;SP;153.0;64;SAO JOSE DO RIO PRETO;Frear bruscamente;Saída de leito carroçável;Com Vítimas Feridas;Plena Noite;Decrescente;Céu Claro;Dupla;Reta;Sim;1;0;1;0;0;0;1;1;-20,82919401;-49,36046325;SPRF-SP;DEL09-SP;UOP01-DEL09-SP;false
519194.0;2023-04-25;terça-feira;13:32:00;SP;116.0;155;SAO JOSE DOS CAMPOS;Avarias e/ou desgaste excessivo no pneu;Tombamento;Com Vítimas Feridas;Pleno dia;Decrescente;Céu Claro;Dupla;"Reta;Aclive                   ";Não;1;0;1;0;0;0;1;1;-23,24524337;-45,92772774;SPRF-SP;DEL02-SP;UOP01-DEL02-SP;false
519200.0;2023-04-25;terça-feira;20:20:00;SP;116.0;207;GUARULHOS;Manobra de mudança de faixa;Colisão traseira;Sem Vítimas;Plena Noite;Crescente;Nublado;Dupla;Reta;Sim;2;0;0;0;2;0;0;2;-23,41972188;-46,38419203;SPRF-SP;DEL01-SP;UOP01-DEL01-SP;false