id;data_inversa;dia_semana;horario;uf;br;km;municipio;causa_acidente;tipo_acidente;classificacao_acidente;fase_dia;sentido_via;condicao_metereologica;tipo_pista;tracado_via;uso_solo;pessoas;mortos;feridos_leves;feridos_graves;ilesos;ignorados;feridos;veiculos;latitude;longitude;regional;delegacia;uop;feriado
520661.0;2023-05-02;terça-feira;18:15:00;SP;116.0;211;GUARULHOS;Reação tardia ou ineficiente do condutor;Colisão lateral mesmo sentido;Com Vítimas Feridas;Anoitecer;Decrescente;Céu Claro;Múltipla;Reta;Sim;2;0;1;0;0;1;1;2;-23,4324306;-46,4194352;SPRF-SP;DEL01-SP;UOP01-DEL01-SP;false
520663.0;2023-05-02;terça-feira;18:20:00;SP;116.0;216;GUARULHOS;Condutor deixou de manter distância do veículo da frente;Queda de ocupante de veículo;Com Vítimas Feridas;Plena Noite;Decrescente;Nublado;Múltipla;"Reta;Aclive                   ";Não;1;0;0;1;0;0;1;1;-23,45056589;-46,46258105;SPRF-SP;DEL01-SP;UOP01-DEL01-SP;false
520668.0;2023-05-02;terça-feira;18:00:00;SP;116.0;146;SAO JOSE DOS CAMPOS;Reação tardia ou ineficiente do condutor;Engavetamento;Com Vítimas Feridas;Plena Noite;Crescente;Céu Claro;Dupla;Reta;Não;4;0;1;0;3;0;1;3;-23,19122919;-45,86327591;SPRF-SP;DEL02-SP;UOP01-DEL02-SP;false
520677.0;2023-05-02;terça-feira;19:00:00;SP;116.0;199;ARUJA;Reação tardia ou ineficiente do condutor;Atropelamento de Pedestre;Com Vítimas Fatais;Plena Noite;Decrescente;Céu Claro;Dupla;Reta;Não;2;1;0;0;1;0;0;2;-23,40185327;-46,31154312;SPRF-SP;DEL01-SP;UOP01-DEL01-SP;false
520680.0;2023-05-02;terça-feira;19:40:00;SP;116.0;146;SAO JOSE DOS CAMPOS;Reação tardia ou ineficiente do condutor;Colisão traseira;Com Vítimas Feridas;Plena Noite;Decrescente;Céu Claro;Dupla;"Reta;Declive                  ";Sim;2;0;1;0;1;0;1;2;-23,1869844;-45,8548078;SPRF-SP;DEL02-SP;UOP01-DEL02-SP;false
520689.0;2023-05-02;terça-feira;19:40:00;SP;116.0;276,8;EMBU DAS ARTES;Reação tardia ou ineficiente do condutor;Colisão traseira;Com Vítimas Feridas;Plena Noite;Crescente;Nublado;Dupla;Curva;Sim;2;0;0;1;1;0;1;2;-23,64262417;-46,83811382;SPRF-SP;DEL04-SP;UOP01-DEL04-SP;false
520716.0;2023-05-03;quarta-feira;00:00:00;SP;116.0;275;TABOAO DA SERRA;Pedestre cruzava a pista fora da faixa;Atropelamento de Pedestre;Com Vítimas Feridas;Plena Noite;Crescente;Céu Claro;Dupla;Curva;Sim;2;0;0;1;1;0;1;2;-23,63638826;-46,83251584;SPRF-SP;DEL04-SP;UOP01-DEL04-SP;false
520728.0;2023-05-03;quarta-feira;06:40:00;SP;116.0;82,7;PINDAMONHANGABA;Ultrapassagem Indevida;Colisão com objeto;Com Vítimas Feridas;Pleno dia;Crescente;Nublado;Dupla;Reta;Não;1;0;1;0;0;0;1;1;-22,90918532;-45,31883185;SPRF-SP;DEL08-SP;UOP01-DEL08-SP;false
520778.0;2023-05-03;quarta-feira;12:20:00;SP;116.0;230,5;SAO PAULO;Manobra de mudança de faixa;Colisão lateral mesmo sentido;Com Vítimas Feridas;Pleno dia;Crescente;Céu Claro;Dupla;Reta;Sim;3;0;2;0;1;0;2;2;-23,52251783;-46,5855702;SPRF-SP;DEL01-SP;UOP01-DEL01-SP;false
520787.0;2023-05-03;quarta-feira;12:30:00;SP;116.0;495;CAJATI;Ausência de reação do condutor;Colisão traseira;Sem Vítimas;Pleno dia;Decrescente;Céu Claro;Dupla;Reta;Não;3;0;0;0;3;0;0;2;-24,7531624;-48,1580848;SPRF-SP;DEL05-SP;UOP01-DEL05-SP;false
520838.0;2023-05-03;quarta-feira;17:30:00;SP;116.0;476;JACUPIRANGA;Trafegar com motocicleta (ou similar) entre as faixas;Colisão lateral mesmo sentido;Com Vítimas Feridas;Pleno dia;Decrescente;Céu Claro;Simples;"Reta;Viaduto                  ";Sim;3;0;1;0;2;0;1;2;-24,6928255;-47,99567352;SPRF-SP;DEL05-SP;UOP01-DEL05-SP;false
520842.0;2023-04-01;sábado;13:15:00;SP;116.0;230;SAO PAULO;Reação tardia ou ineficiente do condutor;Queda de ocupante de veículo;Com Vítimas Feridas;Pleno dia;Crescente;Céu Claro;Múltipla;Reta;Sim;1;0;1;0;0;0;1;1;-23,52251783;-46,5855702;SPRF-SP;DEL01-SP;UOP01-DEL01-SP;false
520851.0;2023-05-03;quarta-feira;18:30:00;SP;153.0;61,7;SAO JOSE DO RIO PRETO;Manobra de mudança de faixa;Colisão lateral mesmo sentido;Com Vítimas Feridas;Anoitecer;Crescente;Céu Claro;Dupla;Reta;Sim;2;0;1;0;1;0;1;2;-20,80502876;-49,35574909;SPRF-SP;DEL09-SP;UOP01-DEL09-SP;false
520858.0;2023-05-03;quarta-feira;19:10:00;SP;116.0;153,5;SAO JOSE DOS CAMPOS;Ausência de reação do condutor;Colisão traseira;Com Vítimas Feridas;Plena Noite;Crescente;Céu Claro;Múltipla;Reta;Sim;4;0;4;0;0;0;4;2;-23,23262274;-45,91372624;SPRF-SP;DEL02-SP;UOP01-DEL02-SP;false
520864.0;2023-05-03;quarta-feira;19:00:00;SP;116.0;149;SAO JOSE DOS CAMPOS;Reação tardia ou ineficiente do condutor;Colisão lateral mesmo sentido;Com Vítimas Feridas;Plena Noite;Crescente;Céu Claro;Dupla;Reta;Sim;2;0;1;0;1;0;1;2;-23,20700047;-45,88626861;SPRF-SP;DEL02-SP;UOP01-DEL02-SP;false
520885.0;2023-05-03;quarta-feira;22:12:00;SP;153.0;73;SAO JOSE DO RIO PRETO;Ingestão de álcool pelo condutor;Colisão com objeto;Com Vítimas Feridas;Plena Noite;Decrescente;Céu Claro;Dupla;Reta;Não;1;0;0;1;0;0;1;1;-20,87627206;-49,42004692;SPRF-SP;DEL09-SP;UOP01-DEL09-SP;false
520905.0;2023-05-04;quinta-feira;03:30:00;SP;116.0;145;SAO JOSE DOS CAMPOS;Manobra de mudança de faixa;Capotamento;Com Vítimas Feridas;Plena Noite;Decrescente;Céu Claro;Dupla;"Reta;Aclive                   ";Sim;3;0;2;0;0;1;2;2;-23,1869844;-45,8548078;SPRF-SP;DEL02-SP;UOP01-DEL02-SP;false
520942.0;2023-05-04;quinta-feira;10:15:00;SP;116.0;227;SAO PAULO;Trafegar com motocicleta (ou similar) entre as faixas;Colisão traseira;Com Vítimas Feridas;Pleno dia;Crescente;Céu Claro;Múltipla;"Reta;Declive                  ";Sim;2;0;1;0;1;0;1;2;-23,49659264;-46,55648754;SPRF-SP;DEL01-SP;UOP01-DEL01-SP;false
520955.0;2023-05-04;quinta-feira;12:00:00;SP;153.0;158;PROMISSAO;Reação tardia ou ineficiente do condutor;Saída de leito carroçável;Com Vítimas Feridas;Pleno dia;Decrescente;Céu Claro;Simples;Reta;Não;2;0;2;0;0;0;2;1;-21,48929697;-49,77999964;SPRF-SP;DEL07-SP;UOP01-DEL07-SP;false
520957.0;2023-05-04;quinta-feira;11:50:00;SP;116.0;158;JACAREI;Reação tardia ou ineficiente do condutor;Colisão com objeto;Com Vítimas Feridas;Pleno dia;Decrescente;Céu Claro;Simples;"Curva;Declive;Retorno Regulame";Sim;1;0;0;1;0;0;1;1;-23,26072137;-45,95179176;SPRF-SP;DEL02-SP;UOP01-DEL02-SP;false
520977.0;2023-05-04;quinta-feira;13:40:00;SP;116.0;283;EMBU DAS ARTES;Transitar na contramão;Colisão frontal;Com Vítimas Feridas;Pleno dia;Decrescente;Céu Claro;Dupla;Reta;Sim;2;0;1;0;1;0;1;2;-23,67558442;-46,85656255;SPRF-SP;DEL04-SP;UOP01-DEL04-SP;false
521007.0;2023-05-04;quinta-feira;18:00:00;SP;116.0;209;GUARULHOS;Ausência de reação do condutor;Colisão lateral mesmo sentido;Com Vítimas Feridas;Pleno dia;Crescente;Céu Claro;Múltipla;"Reta;Aclive                   ";Sim;2;0;1;0;1;0;1;2;-23,42511799;-46,40221101;SPRF-SP;DEL01-SP;UOP01-DEL01-SP;false
521066.0;2023-05-04;quinta-feira;23:30:00;SP;116.0;220;GUARULHOS;Ingestão de álcool pelo condutor;Colisão com objeto;Sem Vítimas;Plena Noite;Decrescente;Céu Claro;Múltipla;Reta;Não;1;0;0;0;1;0;0;1;-23,46472809;-46,49793962;SPRF-SP;DEL01-SP;UOP01-DEL01-SP;false
521072.0;2023-05-05;sexta-feira;01:10:00;SP;153.0;40,3;ONDA VERDE;Reação tardia ou ineficiente do condutor;Tombamento;Com Vítimas Feridas;Plena Noite;Crescente;Céu Claro;Simples;Reta;Não;1;0;1;0;0;0;1;1;-20,61969606;-49,33411078;SPRF-SP;DEL09-SP;UOP01-DEL09-SP;false
521075.0;2023-05-05;sexta-feira;03:59:00;SP;116.0;156,6;SAO JOSE DOS CAMPOS;Ingestão de álcool e/ou substâncias psicoativas pelo pedestre;Atropelamento de Pedestre;Com Vítimas Feridas;Plena Noite;Crescente;Nublado;Múltipla;Reta;Não;2;0;0;1;0;1;1;2;-23,25044084;-45,93572909;SPRF-SP;DEL02-SP;UOP01-DEL02-SP;false
521086.0;2023-05-05;sexta-feira;06:45:00;SP;381.0;58;ATIBAIA;Condutor Dormindo;Colisão traseira;Com Vítimas Feridas;Pleno dia;Crescente;Céu Claro;Dupla;"Reta;Aclive                   ";Não;2;0;1;0;1;0;1;2;-23,27438497;-46,58530615;SPRF-SP;DEL03-SP;UOP01-DEL03-SP;false
521101.0;2023-05-05;sexta-feira;07:00:00;SP;116.0;294;ITAPECERICA DA SERRA;Entrada inopinada do pedestre;Queda de ocupante de veículo;Com Vítimas Feridas;Pleno dia;Decrescente;Céu Claro;Dupla;Reta;Sim;1;0;1;0;0;0;1;1;-23,76154691;-46,90483412;SPRF-SP;DEL04-SP;UOP01-DEL04-SP;false
521122.0;2023-05-05;sexta-feira;09:00:00;SP;116.0;228,9;SAO PAULO;Condutor deixou de manter distância do veículo da frente;Colisão traseira;Com Vítimas Feridas;Pleno dia;Crescente;Sol;Múltipla;Reta;Sim;2;0;1;0;1;0;1;2;-23,50343484;-46,56638712;SPRF-SP;DEL01-SP;UOP01-DEL01-SP;false
521123.0;2023-03-21;terça-feira;11:00:00;SP;116.0;219;GUARULHOS;Reação tardia ou ineficiente do condutor;Colisão traseira;Com Vítimas Feridas;Pleno dia;Crescente;Céu Claro;Múltipla;Reta;Sim;3;0;0;1;2;0;1;3;-23,46143954;-46,48885316;SPRF-SP;DEL01-SP;UOP01-DEL01-SP;false
521130.0;2023-05-05;sexta-feira;10:20:00;SP;116.0;227,8;SAO PAULO;Reação tardia ou ineficiente do condutor;Engavetamento;Com Vítimas Feridas;Pleno dia;Crescente;Céu Claro;Múltipla;Reta;Sim;4;0;1;0;3;0;1;3;-23,50283075;-46,56603992;SPRF-SP;DEL01-SP;UOP01-DEL01-SP;false
521131.0;2023-05-05;sexta-feira;07:40:00;SP;116.0;272;TABOAO DA SERRA;Ausência de reação do condutor;Colisão traseira;Com Vítimas Feridas;Pleno dia;Crescente;Céu Claro;Dupla;Reta;Não;2;0;1;0;1;0;1;2;-23,621691;-46,813288;SPRF-SP;DEL04-SP;UOP01-DEL04-SP;false
521132.0;2023-05-05;sexta-feira;10:20:00;SP;116.0;272;TABOAO DA SERRA;Trafegar com motocicleta (ou similar) entre as faixas;Colisão traseira;Com Vítimas Feridas;Pleno dia;Decrescente;Céu Claro;Dupla;Reta;Sim;3;0;1;0;2;0;1;2;-23,621691;-46,813288;SPRF-SP;DEL04-SP;UOP01-DEL04-SP;false
521135.0;2023-05-05;sexta-feira;10:45:00;SP;101.0;52;UBATUBA;Transitar na contramão;Colisão transversal;Com Vítimas Feridas;Pleno dia;Crescente;Céu Claro;Simples;"Curva;Interseção de Vias;Rotat";Sim;2;0;2;0;0;0;2;2;-23,4623355;-45,06476561;SPRF-SP;DEL06-SP;UOP01-DEL06-SP;false
521167.0;2023-05-05;sexta-feira;14:15:00;SP;153.0;62,6;SAO JOSE DO RIO PRETO;Reação tardia ou ineficiente do condutor;Colisão traseira;Com Vítimas Feridas;Pleno dia;Crescente;Céu Claro;Múltipla;"Reta;Aclive                   ";Sim;2;0;0;1;1;0;1;2;-20,81325404;-49,35675563;SPRF-SP;DEL09-SP;UOP01-DEL09-SP;false
521220.0;2023-05-05;sexta-feira;19:00:00;SP;116.0;229;SAO PAULO;Reação tardia ou ineficiente do condutor;Colisão traseira;Com Vítimas Feridas;Plena Noite;Crescente;Nublado;Múltipla;Reta;Não;3;0;2;0;1;0;2;2;-23,51291902;-46,57604698;SPRF-SP;DEL01-SP;UOP01-DEL01-SP;false
521236.0;2023-05-05;sexta-feira;20:40:00;SP;116.0;226;GUARULHOS;Manobra de mudança de faixa;Colisão com objeto;Com Vítimas Feridas;Anoitecer;Decrescente;Nublado;Múltipla;"Reta;Declive                  ";Sim;2;0;1;0;0;1;1;2;-23,49102507;-46,54878195;SPRF-SP;DEL01-SP;UOP01-DEL01-SP;false
521240.0;2023-05-05;sexta-feira;18:19:00;SP;381.0;82;GUARULHOS;Manobra de mudança de faixa;Colisão traseira;Com Vítimas Feridas;Anoitecer;Decrescente;Céu Claro;Múltipla;Reta;Não;3;0;0;2;1;0;2;2;-23,42399;-46,575112;SPRF-SP;DEL03-SP;UOP01-DEL03-SP;false
521327.0;2023-05-05;sexta-feira;13:30:00;SP;116.0;132,6;CACAPAVA;Avarias e/ou desgaste excessivo no pneu;Queda de ocupante de veículo;Com Vítimas Feridas;Pleno dia;Crescente;Céu Claro;Dupla;Reta;Não;1;0;1;0;0;0;1;1;-23,13169757;-45,74481322;SPRF-SP;DEL02-SP;UOP02-DEL02-SP;false
521351.0;2023-05-06;sábado;10:08:00;SP;116.0;283,7;EMBU DAS ARTES;Manobra de mudança de faixa;Queda de ocupante de veículo;Com Vítimas Feridas;Pleno dia;Decrescente;Nublado;Dupla;Reta;Sim;2;0;1;1;0;0;2;1;-23,674738;-46,856449;SPRF-SP;DEL04-SP;UOP01-DEL04-SP;false
521419.0;2023-05-06;sábado;15:00:00;SP;153.0;256;MARILIA;Ingestão de álcool pelo condutor;Queda de ocupante de veículo;Com Vítimas Feridas;Pleno dia;Crescente;Céu Claro;Simples;Reta;Sim;1;0;1;0;0;0;1;1;-22,231552;-49,91968;SPRF-SP;DEL07-SP;UOP02-DEL07-SP;false
521425.0;2023-05-06;sábado;17:45:00;SP;116.0;215;GUARULHOS;Ausência de sinalização;Atropelamento de Pedestre;Com Vítimas Feridas;Anoitecer;Crescente;Nublado;Dupla;"Reta;Em Obras                 ";Sim;2;0;0;1;1;0;1;2;-23,44695693;-46,45394103;SPRF-SP;DEL01-SP;UOP01-DEL01-SP;false
521456.0;2023-05-06;sábado;19:30:00;SP;116.0;215;GUARULHOS;Pedestre cruzava a pista fora da faixa;Colisão com objeto;Com Vítimas Feridas;Plena Noite;Decrescente;Céu Claro;Dupla;Reta;Não;3;0;1;0;1;1;1;2;-23,44695693;-46,45394103;SPRF-SP;DEL01-SP;UOP01-DEL01-SP;false
521464.0;2023-05-06;sábado;20:30:00;SP;116.0;117,5;TAUBATE;Reação tardia ou ineficiente do condutor;Colisão traseira;Com Vítimas Feridas;Plena Noite;Crescente;Céu Claro;Simples;Reta;Não;2;0;1;0;1;0;1;2;-23,0582298;-45,6176951;SPRF-SP;DEL02-SP;UOP02-DEL02-SP;false
521484.0;2023-05-06;sábado;22:25:00;SP;381.0;62;MAIRIPORA;Entrada inopinada do pedestre;Atropelamento de Pedestre;Com Vítimas Feridas;Plena Noite;Decrescente;Céu Claro;Múltipla;"Aclive;Curva                  ";Sim;3;0;1;0;2;0;1;2;-23,29437896;-46,57254696;SPRF-SP;DEL03-SP;UOP01-DEL03-SP;false
521500.0;2023-05-06;sábado;20:55:00;SP;116.0;215;GUARULHOS;Velocidade Incompatível;Queda de ocupante de veículo;Com Vítimas Feridas;Pleno dia;Crescente;Céu Claro;Múltipla;Reta;Não;1;0;0;1;0;0;1;1;-23,44695693;-46,45394103;SPRF-SP;DEL01-SP;UOP01-DEL01-SP;false
521503.0;2023-05-06;sábado;23:40:00;SP;116.0;133,5;CACAPAVA;Ausência de reação do condutor;Saída de leito carroçável;Com Vítimas Feridas;Plena Noite;Decrescente;Céu Claro;Dupla;Reta;Não;1;0;1;0;0;0;1;1;-23,1359564;-45,7532708;SPRF-SP;DEL02-SP;UOP02-DEL02-SP;false
521518.0;2023-05-07;domingo;02:00:00;SP;116.0;207;GUARULHOS;Reação tardia ou ineficiente do condutor;Saída de leito carroçável;Com Vítimas Feridas;Plena Noite;Crescente;Céu Claro;Simples;Reta;Sim;5;0;5;0;0;0;5;1;-23,41972188;-46,38419203;SPRF-SP;DEL01-SP;UOP01-DEL01-SP;false
521522.0;2023-05-06;sábado;21:00:00;SP;116.0;455;REGISTRO;Pedestre andava na pista;Atropelamento de Pedestre;Com Vítimas Feridas;Plena Noite;Crescente;Céu Claro;Dupla;Reta;Não;2;0;0;1;0;1;1;2;-24,57253407;-47,88134891;SPRF-SP;DEL05-SP;UOP01-DEL05-SP;false
521540.0;2023-05-07;domingo;05:10:00;SP;381.0;51;ATIBAIA;Ultrapassagem Indevida;Colisão com objeto;Com Vítimas Feridas;Plena Noite;Crescente;Céu Claro;Múltipla;Reta;Não;2;0;1;0;1;0;1;1;-23,221911;-46,59644;SPRF-SP;DEL03-SP;UOP01-DEL03-SP;false
521544.0;2023-05-07;domingo;05:30:00;SP;116.0;428;REGISTRO;Avarias e/ou desgaste excessivo no pneu;Colisão com objeto;Com Vítimas Feridas;Plena Noite;Decrescente;Nevoeiro/Neblina;Dupla;Reta;Não;3;0;1;0;2;0;1;1;-24,39812738;-47,73037075;SPRF-SP;DEL05-SP;UOP01-DEL05-SP;false
521572.0;2023-05-07;domingo;10:20:00;SP;116.0;107;TAUBATE;Avarias e/ou desgaste excessivo no pneu;Tombamento;Com Vítimas Feridas;Pleno dia;Crescente;Céu Claro;Dupla;Reta;Sim;2;0;2;0;0;0;2;1;-23,01791287;-45,53009409;SPRF-SP;DEL02-SP;UOP02-DEL02-SP;false
521582.0;2023-05-07;domingo;11:22:00;SP;153.0;183,1;LINS;Reação tardia ou ineficiente do condutor;Tombamento;Com Vítimas Feridas;Pleno dia;Decrescente;Céu Claro;Simples;Reta;Não;1;0;1;0;0;0;1;1;-21,70725279;-49,80257014;SPRF-SP;DEL07-SP;UOP01-DEL07-SP;false
521614.0;2023-05-07;domingo;16:40:00;SP;116.0;144;SAO JOSE DOS CAMPOS;Demais falhas mecânicas ou elétricas;Tombamento;Com Vítimas Feridas;Pleno dia;Crescente;Céu Claro;Dupla;"Reta;Aclive                   ";Não;1;0;1;0;0;0;1;1;-23,18274416;-45,84633592;SPRF-SP;DEL02-SP;UOP01-DEL02-SP;false
521646.0;2023-05-07;domingo;19:20:00;SP;116.0;203;ARUJA;Reação tardia ou ineficiente do condutor;Engavetamento;Com Vítimas Feridas;Plena Noite;Crescente;Vento;Dupla;Reta;Não;8;0;2;0;6;0;2;3;-23,41060827;-46,34763895;SPRF-SP;DEL01-SP;UOP01-DEL01-SP;false
521659.0;2023-05-07;domingo;21:30:00;SP;153.0;67,4;SAO JOSE DO RIO PRETO;Manobra de mudança de faixa;Colisão lateral mesmo sentido;Sem Vítimas;Plena Noite;Crescente;Céu Claro;Dupla;Reta;Sim;4;0;0;0;3;1;0;2;-20,85059051;-49,3832016;SPRF-SP;DEL09-SP;UOP01-DEL09-SP;false
521722.0;2023-05-08;segunda-feira;06:50:00;SP;116.0;228;GUARULHOS;Manobra de mudança de faixa;Colisão traseira;Com Vítimas Feridas;Pleno dia;Crescente;Céu Claro;Múltipla;Reta;Sim;2;0;1;0;1;0;1;2;-23,50343484;-46,56638712;SPRF-SP;DEL01-SP;UOP01-DEL01-SP;false
521725.0;2023-05-08;segunda-feira;07:00:00;SP;116.0;227;GUARULHOS;Ausência de reação do condutor;Colisão frontal;Com Vítimas Feridas;Pleno dia;Crescente;Nevoeiro/Neblina;Dupla;Reta;Sim;2;0;0;1;1;0;1;2;-23,49659264;-46,55648754;SPRF-SP;DEL01-SP;UOP01-DEL01-SP;false
521732.0;2023-05-08;segunda-feira;06:20:00;SP;116.0;128;CACAPAVA;Ausência de reação do condutor;Colisão traseira;Com Vítimas Feridas;Pleno dia;Decrescente;Céu Claro;Dupla;Reta;Sim;2;0;1;0;1;0;1;2;-23,11454664;-45,71105567;SPRF-SP;DEL02-SP;UOP02-DEL02-SP;false
521741.0;2023-05-08;segunda-feira;07:00:00;SP;116.0;285,5;ITAPECERICA DA SERRA;Trafegar com motocicleta (ou similar) entre as faixas;Tombamento;Com Vítimas Feridas;Pleno dia;Decrescente;Céu Claro;Dupla;Reta;Sim;2;0;2;0;0;0;2;1;-23,68894822;-46,86185535;SPRF-SP;DEL04-SP;UOP01-DEL04-SP;false
521783.0;2023-05-08;segunda-feira;12:20:00;SP;116.0;227;SAO PAULO;Ausência de reação do condutor;Capotamento;Com Vítimas Feridas;Pleno dia;Decrescente;Céu Claro;Múltipla;Reta;Sim;1;0;1;0;0;0;1;1;-23,49659264;-46,55648754;SPRF-SP;DEL01-SP;UOP01-DEL01-SP;false
521850.0;2023-05-08;segunda-feira;18:00:00;SP;116.0;279;EMBU DAS ARTES;Reação tardia ou ineficiente do condutor;Colisão traseira;Com Vítimas Feridas;Plena Noite;Crescente;Céu Claro;Dupla;Reta;Sim;2;0;1;0;1;0;1;2;-23,63746447;-46,83393544;SPRF-SP;DEL04-SP;UOP01-DEL04-SP;false
521861.0;2023-05-08;segunda-feira;18:49:00;SP;116.0;136;SAO JOSE DOS CAMPOS;Reação tardia ou ineficiente do condutor;Colisão traseira;Com Vítimas Feridas;Anoitecer;Crescente;Céu Claro;Dupla;Reta;Não;4;0;1;0;2;1;1;3;-23,14874471;-45,77863714;SPRF-SP;DEL02-SP;UOP01-DEL02-SP;false
521872.0;2023-05-08;segunda-feira;19:00:00;SP;116.0;53;LORENA;Desrespeitar a preferência no cruzamento;Colisão transversal;Com Vítimas Feridas;Plena Noite;Decrescente;Céu Claro;Simples;"Retorno Regulamentado;Interseç";Sim;2;0;1;0;1;0;1;2;-22,75255433;-45,10741076;SPRF-SP;DEL08-SP;UOP02-DEL08-SP;false
521880.0;2023-05-08;segunda-feira;20:00:00;SP;116.0;113;TAUBATE;Demais falhas mecânicas ou elétricas;Tombamento;Com Vítimas Feridas;Anoitecer;Crescente;Céu Claro;Dupla;Reta;Sim;2;0;1;0;1;0;1;1;-23,0440828;-45,58041405;SPRF-SP;DEL02-SP;UOP02-DEL02-SP;false
521932.0;2023-05-09;terça-feira;07:50:00;SP;116.0;208;GUARULHOS;Reação tardia ou ineficiente do condutor;Colisão traseira;Com Vítimas Feridas;Pleno dia;Crescente;Céu Claro;Múltipla;Reta;Sim;2;0;1;0;1;0;1;2;-23,42222263;-46,3932771;SPRF-SP;DEL01-SP;UOP01-DEL01-SP;false
521965.0;2023-04-11;terça-feira;14:00:00;SP;116.0;283;ITAPECERICA DA SERRA;Velocidade Incompatível;Queda de ocupante de veículo;Sem Vítimas;Pleno dia;Decrescente;Céu Claro;Dupla;Reta;Não;1;0;0;0;0;1;0;1;-23,69297005;-46,86352786;SPRF-SP;DEL04-SP;UOP01-DEL04-SP;false
521986.0;2023-05-09;terça-feira;13:00:00;SP;116.0;230,5;SAO PAULO;Trafegar com motocicleta (ou similar) entre as faixas;Colisão lateral mesmo sentido;Com Vítimas Feridas;Pleno dia;Crescente;Céu Claro;Múltipla;Reta;Não;2;0;1;0;1;0;1;2;-23,5225178336;-46,5855701972;SPRF-SP;DEL01-SP;UOP01-DEL01-SP;false
522010.0;2023-05-09;terça-feira;15:30:00;SP;153.0;61,6;SAO JOSE DO RIO PRETO;Ausência de reação do condutor;Colisão traseira;Com Vítimas Feridas;Pleno dia;Crescente;Céu Claro;Dupla;"Reta;Declive                  ";Não;2;0;1;0;1;0;1;2;-20,80502876;-49,35574909;SPRF-SP;DEL09-SP;UOP01-DEL09-SP;false
522016.0;2023-05-09;terça-feira;16:30:00;SP;116.0;214;GUARULHOS;Condutor deixou de manter distância do veículo da frente;Tombamento;Com Vítimas Feridas;Pleno dia;Decrescente;Céu Claro;Múltipla;Reta;Não;1;0;1;0;0;0;1;1;-23,44333014;-46,44531294;SPRF-SP;DEL01-SP;UOP01-DEL01-SP;false
522017.0;2023-05-09;terça-feira;16:10:00;SP;116.0;320;JUQUITIBA;Reação tardia ou ineficiente do condutor;Saída de leito carroçável;Com Vítimas Feridas;Pleno dia;Decrescente;Garoa/Chuvisco;Dupla;Reta;Não;1;0;1;0;0;0;1;1;-23,93226;-47,00835;SPRF-SP;DEL04-SP;UOP03-DEL04-SP;false
522023.0;2023-04-27;quinta-feira;10:45:00;SP;101.0;46;UBATUBA;Acessar a via sem observar a presença dos outros veículos;Colisão transversal;Com Vítimas Feridas;Pleno dia;Decrescente;Céu Claro;Simples;Reta;Sim;4;0;1;0;2;1;1;3;-23,42403383;-45,07492113;SPRF-SP;DEL06-SP;UOP01-DEL06-SP;false
522024.0;2023-05-09;terça-feira;17:50:00;SP;116.0;149,5;SAO JOSE DOS CAMPOS;Trafegar com motocicleta (ou similar) entre as faixas;Colisão traseira;Com Vítimas Feridas;Plena Noite;Crescente;Céu Claro;Dupla;Declive;Sim;4;0;1;1;2;0;2;4;-23,20700047;-45,88626861;SPRF-SP;DEL02-SP;UOP01-DEL02-SP;false
522043.0;2023-05-09;terça-feira;19:30:00;SP;116.0;217;GUARULHOS;Reação tardia ou ineficiente do condutor;Colisão transversal;Com Vítimas Feridas;Plena Noite;Crescente;Céu Claro;Dupla;Reta;Sim;2;0;0;2;0;0;2;1;-23,45423824;-46,47119028;SPRF-SP;DEL01-SP;UOP01-DEL01-SP;false
522051.0;2023-05-09;terça-feira;20:30:00;SP;116.0;221;GUARULHOS;Condutor deixou de manter distância do veículo da frente;Colisão traseira;Com Vítimas Feridas;Plena Noite;Decrescente;Céu Claro;Simples;Reta;Sim;2;0;1;0;1;0;1;2;-23,46802395;-46,50704901;SPRF-SP;DEL01-SP;UOP01-DEL01-SP;false
522061.0;2023-05-09;terça-feira;07:20:00;SP;116.0;442;REGISTRO;Reação tardia ou ineficiente do condutor;Saída de leito carroçável;Com Vítimas Feridas;Plena Noite;Crescente;Garoa/Chuvisco;Dupla;Reta;Sim;2;0;1;0;1;0;1;1;-24,47609886;-47,8273532;SPRF-SP;DEL05-SP;UOP01-DEL05-SP;false
522083.0;2023-05-10;quarta-feira;06:00:00;SP;116.0;210;GUARULHOS;Acesso irregular;Colisão transversal;Com Vítimas Feridas;Pleno dia;Decrescente;Céu Claro;Simples;Reta;Sim;3;0;0;1;1;1;1;3;-23,42870023;-46,41085991;SPRF-SP;DEL01-SP;UOP01-DEL01-SP;false
522109.0;2023-05-10;quarta-feira;09:00:00;SP;116.0;227;GUARULHOS;Manobra de mudança de faixa;Colisão lateral mesmo sentido;Sem Vítimas;Pleno dia;Crescente;Garoa/Chuvisco;Múltipla;Reta;Sim;2;0;0;0;2;0;0;2;-23,49775803;-46,55901165;SPRF-SP;DEL01-SP;UOP01-DEL01-SP;false
522194.0;2023-05-10;quarta-feira;16:26:00;SP;116.0;157;SAO JOSE DOS CAMPOS;Ausência de reação do condutor;Queda de ocupante de veículo;Com Vítimas Feridas;Pleno dia;Crescente;Céu Claro;Dupla;Reta;Sim;1;0;1;0;0;0;1;1;-23,25558031;-45,9437828;SPRF-SP;DEL02-SP;UOP01-DEL02-SP;false