id;data_inversa;dia_semana;horario;uf;br;km;municipio;causa_acidente;tipo_acidente;classificacao_acidente;fase_dia;sentido_via;condicao_metereologica;tipo_pista;tracado_via;uso_solo;pessoas;mortos;feridos_leves;feridos_graves;ilesos;ignorados;feridos;veiculos;latitude;longitude;regional;delegacia;uop;feriado
524051.0;2023-05-19;sexta-feira;18:25:00;SP;116.0;176;GUARAREMA;Ingestão de álcool pelo condutor;Colisão traseira;Com Vítimas Feridas;Plena Noite;Crescente;Nublado;Dupla;Reta;Sim;2;0;1;0;1;0;1;2;-23,32188281;-46,110083;SPRF-SP;DEL01-SP;UOP01-DEL01-SP;false
524100.0;2023-05-19;sexta-feira;21:15:00;SP;116.0;271;TABOAO DA SERRA;Ausência de reação do condutor;Colisão traseira;Com Vítimas Feridas;Plena Noite;Crescente;Céu Claro;Dupla;Reta;Sim;2;0;1;0;1;0;1;2;-23,61809286;-46,80556302;SPRF-SP;DEL04-SP;UOP01-DEL04-SP;false
524105.0;2023-05-19;sexta-feira;21:50:00;SP;116.0;219;GUARULHOS;Demais falhas mecânicas ou elétricas;Eventos atípicos;Sem Vítimas;Plena Noite;Decrescente;Céu Claro;Múltipla;Reta;Não;1;0;0;0;1;0;0;1;-23,46143954;-46,48885316;SPRF-SP;DEL01-SP;UOP01-DEL01-SP;false
524107.0;2023-05-19;sexta-feira;21:50:00;SP;116.0;219;GUARULHOS;Ausência de reação do condutor;Queda de ocupante de veículo;Com Vítimas Feridas;Plena Noite;Decrescente;Céu Claro;Simples;Curva;Sim;1;0;1;0;0;0;1;1;-23,46143954;-46,48885316;SPRF-SP;DEL01-SP;UOP01-DEL01-SP;false
524111.0;2023-05-19;sexta-feira;21:50:00;SP;116.0;205;ARUJA;Condutor Dormindo;Colisão traseira;Com Vítimas Feridas;Plena Noite;Decrescente;Céu Claro;Múltipla;Reta;Sim;2;0;1;0;1;0;1;2;-23,41475243;-46,36600788;SPRF-SP;DEL01-SP;UOP01-DEL01-SP;false
524156.0;2023-05-20;sábado;05:00:00;SP;116.0;269,9;TABOAO DA SERRA;Velocidade Incompatível;Colisão transversal;Com Vítimas Feridas;Amanhecer;Crescente;Céu Claro;Dupla;Reta;Sim;3;0;1;0;2;0;1;2;-23,61593059;-46,78826044;SPRF-SP;DEL04-SP;UOP01-DEL04-SP;false
524226.0;2023-05-20;sábado;12:35:00;SP;116.0;230;SAO PAULO;Reação tardia ou ineficiente do condutor;Colisão traseira;Com Vítimas Feridas;Pleno dia;Crescente;Céu Claro;Múltipla;Reta;Sim;3;0;1;0;2;0;1;2;-23,51395102;-46,57768607;SPRF-SP;DEL01-SP;UOP01-DEL01-SP;false
524244.0;2023-05-20;sábado;14:22:00;SP;116.0;115;TAUBATE;Condutor deixou de manter distância do veículo da frente;Colisão lateral mesmo sentido;Com Vítimas Feridas;Pleno dia;Crescente;Céu Claro;Dupla;Reta;Sim;2;0;1;0;1;0;1;2;-23,0496047;-45,59973712;SPRF-SP;DEL02-SP;UOP02-DEL02-SP;false
524263.0;2023-05-20;sábado;16:40:00;SP;153.0;60,8;SAO JOSE DO RIO PRETO;Ingestão de álcool pelo condutor;Colisão traseira;Sem Vítimas;Pleno dia;Crescente;Céu Claro;Dupla;Reta;Sim;2;0;0;0;2;0;0;2;-20,79627979;-49,35480206;SPRF-SP;DEL09-SP;UOP01-DEL09-SP;false
524273.0;2023-05-20;sábado;17:50:00;SP;116.0;230;SAO PAULO;Manobra de mudança de faixa;Colisão com objeto;Com Vítimas Feridas;Plena Noite;Decrescente;Céu Claro;Múltipla;Reta;Sim;5;0;1;0;4;0;1;2;-23,52251783;-46,5855702;SPRF-SP;DEL01-SP;UOP01-DEL01-SP;false
524275.0;2023-05-20;sábado;18:00:00;SP;116.0;147;SAO JOSE DOS CAMPOS;Ausência de reação do condutor;Colisão traseira;Sem Vítimas;Anoitecer;Decrescente;Nublado;Múltipla;Reta;Sim;2;0;0;0;2;0;0;2;-23,19542994;-45,87176303;SPRF-SP;DEL02-SP;UOP01-DEL02-SP;false
524282.0;2023-05-20;sábado;18:15:00;SP;153.0;119;UBARANA;Reação tardia ou ineficiente do condutor;Colisão traseira;Com Vítimas Feridas;Plena Noite;Crescente;Céu Claro;Simples;Reta;Não;2;0;1;0;1;0;1;2;-21,16208007;-49,71112986;SPRF-SP;DEL09-SP;UOP01-DEL09-SP;false
524296.0;2023-05-20;sábado;19:30:00;SP;116.0;223;GUARULHOS;Reação tardia ou ineficiente do condutor;Engavetamento;Com Vítimas Feridas;Plena Noite;Crescente;Céu Claro;Múltipla;Reta;Sim;5;0;2;0;3;0;2;3;-23,48040627;-46,5327698;SPRF-SP;DEL01-SP;UOP01-DEL01-SP;false
524329.0;2023-05-20;sábado;20:00:00;SP;116.0;320;JUQUITIBA;Avarias e/ou desgaste excessivo no pneu;Saída de leito carroçável;Com Vítimas Feridas;Plena Noite;Decrescente;Nublado;Dupla;Reta;Não;1;0;0;1;0;0;1;1;-23,93226;-47,00835;SPRF-SP;DEL04-SP;UOP03-DEL04-SP;false
524346.0;2023-05-20;sábado;21:40:00;SP;116.0;338,5;JUQUITIBA;Iluminação deficiente;Atropelamento de Pedestre;Com Vítimas Feridas;Plena Noite;Decrescente;Céu Claro;Dupla;Reta;Não;2;0;1;0;1;0;1;2;-23,990126;-47,147995;SPRF-SP;DEL04-SP;UOP03-DEL04-SP;false
524374.0;2023-05-21;domingo;03:00:00;SP;116.0;208;GUARULHOS;Ingestão de álcool pelo condutor;Capotamento;Sem Vítimas;Plena Noite;Decrescente;Céu Claro;Múltipla;Reta;Sim;2;0;0;0;2;0;0;1;-23,42222263;-46,3932771;SPRF-SP;DEL01-SP;UOP01-DEL01-SP;false
524387.0;2023-05-21;domingo;04:00:00;SP;116.0;113;TAUBATE;Reação tardia ou ineficiente do condutor;Saída de leito carroçável;Com Vítimas Fatais;Plena Noite;Decrescente;Céu Claro;Dupla;Reta;Sim;1;1;0;0;0;0;0;1;-23,0440828;-45,58041405;SPRF-SP;DEL02-SP;UOP02-DEL02-SP;false
524389.0;2023-05-21;domingo;05:00:00;SP;381.0;56;MAIRIPORA;Velocidade Incompatível;Colisão com objeto;Sem Vítimas;Plena Noite;Decrescente;Nublado;Dupla;Reta;Não;1;0;0;0;0;1;0;1;-23,25907163;-46,58982662;SPRF-SP;DEL03-SP;UOP01-DEL03-SP;false
524410.0;2023-05-21;domingo;03:00:00;SP;116.0;431;REGISTRO;Ausência de reação do condutor;Saída de leito carroçável;Sem Vítimas;Plena Noite;Decrescente;Nevoeiro/Neblina;Dupla;Reta;Não;1;0;0;0;0;1;0;1;-24,41182744;-47,75350213;SPRF-SP;DEL05-SP;UOP01-DEL05-SP;false
524427.0;2023-05-21;domingo;09:00:00;SP;116.0;103,7;TAUBATE;Condutor deixou de manter distância do veículo da frente;Colisão traseira;Com Vítimas Feridas;Pleno dia;Decrescente;Sol;Dupla;Reta;Não;3;0;1;1;0;1;2;2;-22,99919465;-45,49788917;SPRF-SP;DEL02-SP;UOP02-DEL02-SP;false
524449.0;2023-05-21;domingo;13:30:00;SP;116.0;214;GUARULHOS;Deficiência do Sistema de Iluminação/Sinalização;Queda de ocupante de veículo;Com Vítimas Feridas;Pleno dia;Crescente;Sol;Múltipla;Reta;Não;2;0;2;0;0;0;2;1;-23,44333014;-46,44531294;SPRF-SP;DEL01-SP;UOP01-DEL01-SP;false
524478.0;2023-05-21;domingo;16:30:00;SP;116.0;205;ARUJA;Trafegar com motocicleta (ou similar) entre as faixas;Colisão traseira;Com Vítimas Feridas;Pleno dia;Crescente;Céu Claro;Múltipla;Reta;Sim;4;0;2;0;2;0;2;3;-23,41475243;-46,36600788;SPRF-SP;DEL01-SP;UOP01-DEL01-SP;false
524483.0;2023-05-21;domingo;15:50:00;SP;116.0;347;MIRACATU;Velocidade Incompatível;Tombamento;Com Vítimas Feridas;Pleno dia;Crescente;Céu Claro;Dupla;"Curva;Ponte;Declive           ";Não;1;0;1;0;0;0;1;1;-24,04699491;-47,19706111;SPRF-SP;DEL04-SP;UOP03-DEL04-SP;false
524496.0;2023-05-21;domingo;17:40:00;SP;116.0;284;ITAPECERICA DA SERRA;Manobra de mudança de faixa;Colisão frontal;Com Vítimas Feridas;Plena Noite;Decrescente;Céu Claro;Dupla;Reta;Não;3;0;1;0;2;0;1;3;-23,69998;-46,867767;SPRF-SP;DEL04-SP;UOP01-DEL04-SP;false
524553.0;2023-05-21;domingo;22:15:00;SP;116.0;148;SAO JOSE DOS CAMPOS;Ausência de reação do condutor;Colisão com objeto;Com Vítimas Feridas;Plena Noite;Decrescente;Céu Claro;Dupla;Reta;Não;3;0;1;1;1;0;2;1;-23,20067421;-45,8795018;SPRF-SP;DEL02-SP;UOP01-DEL02-SP;false
524563.0;2023-05-21;domingo;23:16:00;SP;116.0;209;GUARULHOS;Ingestão de álcool pelo condutor;Colisão com objeto;Com Vítimas Feridas;Plena Noite;Crescente;Nublado;Dupla;"Reta;Aclive                   ";Não;3;0;1;0;2;0;1;1;-23,42511799;-46,40221101;SPRF-SP;DEL01-SP;UOP01-DEL01-SP;false
524564.0;2023-05-21;domingo;23:00:00;SP;101.0;48;UBATUBA;Acessar a via sem observar a presença dos outros veículos;Colisão transversal;Com Vítimas Feridas;Plena Noite;Decrescente;Céu Claro;Simples;Rotatória;Sim;2;0;1;0;1;0;1;2;-23,43696329;-45,08768768;SPRF-SP;DEL06-SP;UOP01-DEL06-SP;false
524585.0;2023-05-21;domingo;23:37:00;SP;116.0;49,9;LORENA;Ausência de reação do condutor;Tombamento;Com Vítimas Feridas;Plena Noite;Crescente;Céu Claro;Dupla;Reta;Não;3;0;1;1;1;0;2;2;-22,73051614;-45,0765859;SPRF-SP;DEL08-SP;UOP02-DEL08-SP;false
524621.0;2023-05-21;domingo;19:40:00;SP;116.0;271;TABOAO DA SERRA;Avarias e/ou desgaste excessivo no pneu;Queda de ocupante de veículo;Com Vítimas Feridas;Plena Noite;Crescente;Céu Claro;Dupla;Reta;Não;1;0;1;0;0;0;1;1;-23,57144511;-46,77647248;SPRF-SP;DEL04-SP;UOP01-DEL04-SP;false
524660.0;2023-05-22;segunda-feira;12:00:00;SP;116.0;219;GUARULHOS;Ausência de reação do condutor;Queda de ocupante de veículo;Com Vítimas Feridas;Pleno dia;Decrescente;Céu Claro;Múltipla;Reta;Sim;1;0;0;1;0;0;1;1;-23,46143954;-46,48885316;SPRF-SP;DEL01-SP;UOP01-DEL01-SP;false
524665.0;2023-05-22;segunda-feira;12:20:00;SP;381.0;60;MAIRIPORA;Condutor deixou de manter distância do veículo da frente;Colisão lateral mesmo sentido;Com Vítimas Feridas;Pleno dia;Crescente;Céu Claro;Dupla;"Reta;Declive                  ";Não;2;0;0;1;1;0;1;2;-23,28957673;-46,58729853;SPRF-SP;DEL03-SP;UOP01-DEL03-SP;false
524672.0;2023-05-22;segunda-feira;12:40:00;SP;381.0;69;MAIRIPORA;Reação tardia ou ineficiente do condutor;Saída de leito carroçável;Sem Vítimas;Pleno dia;Decrescente;Céu Claro;Múltipla;Curva;Não;1;0;0;0;1;0;0;1;-23,34553108;-46,56787903;SPRF-SP;DEL03-SP;UOP01-DEL03-SP;false
524714.0;2023-05-22;segunda-feira;17:20:00;SP;116.0;105;TAUBATE;Avarias e/ou desgaste excessivo no pneu;Tombamento;Com Vítimas Feridas;Anoitecer;Decrescente;Céu Claro;Dupla;Reta;Não;2;0;2;0;0;0;2;1;-23,00757973;-45,51466613;SPRF-SP;DEL02-SP;UOP02-DEL02-SP;false
524716.0;2023-05-22;segunda-feira;18:00:00;SP;116.0;222;GUARULHOS;Trafegar com motocicleta (ou similar) entre as faixas;Colisão lateral mesmo sentido;Com Vítimas Feridas;Anoitecer;Decrescente;Ignorado;Múltipla;Reta;Sim;2;0;1;0;1;0;1;2;-23,4730004;-46,52061315;SPRF-SP;DEL01-SP;UOP01-DEL01-SP;false
524771.0;2023-05-22;segunda-feira;23:09:00;SP;116.0;39,8;CACHOEIRA PAULISTA;Ausência de reação do condutor;Colisão traseira;Com Vítimas Feridas;Plena Noite;Crescente;Céu Claro;Dupla;Declive;Sim;2;0;1;0;1;0;1;2;-22,67527958;-44,99918431;SPRF-SP;DEL08-SP;UOP02-DEL08-SP;false
524817.0;2023-05-23;terça-feira;08:10:00;SP;116.0;201;ARUJA;Reação tardia ou ineficiente do condutor;Tombamento;Com Vítimas Feridas;Pleno dia;Decrescente;Céu Claro;Dupla;Reta;Não;2;0;1;0;1;0;1;1;-23,40362877;-46,33050107;SPRF-SP;DEL01-SP;UOP01-DEL01-SP;false
524840.0;2023-05-23;terça-feira;11:00:00;SP;116.0;145,8;SAO JOSE DOS CAMPOS;Condutor Dormindo;Colisão traseira;Com Vítimas Feridas;Pleno dia;Crescente;Céu Claro;Dupla;"Declive;Reta                  ";Sim;3;0;1;0;2;0;1;2;-23,19122919;-45,86327591;SPRF-SP;DEL02-SP;UOP01-DEL02-SP;false
524865.0;2023-05-23;terça-feira;14:10:00;SP;116.0;230;SAO PAULO;Ausência de reação do condutor;Colisão lateral mesmo sentido;Com Vítimas Feridas;Pleno dia;Crescente;Sol;Múltipla;Reta;Não;2;0;1;0;0;1;1;2;-23,52251783;-46,5855702;SPRF-SP;DEL01-SP;UOP01-DEL01-SP;false
524889.0;2023-05-23;terça-feira;17:18:00;SP;116.0;284;ITAPECERICA DA SERRA;Ausência de reação do condutor;Queda de ocupante de veículo;Com Vítimas Feridas;Anoitecer;Crescente;Céu Claro;Dupla;Retorno Regulamentado;Sim;1;0;1;0;0;0;1;1;-23,69998;-46,867767;SPRF-SP;DEL04-SP;UOP01-DEL04-SP;false
524908.0;2023-05-23;terça-feira;18:00:00;SP;116.0;270,3;TABOAO DA SERRA;Manobra de mudança de faixa;Colisão lateral mesmo sentido;Com Vítimas Feridas;Pleno dia;Crescente;Céu Claro;Múltipla;Reta;Sim;2;0;1;0;1;0;1;2;-23,61799728;-46,79677694;SPRF-SP;DEL04-SP;UOP01-DEL04-SP;false
524946.0;2023-05-23;terça-feira;21:40:00;SP;101.0;48;UBATUBA;Retorno proibido;Colisão transversal;Com Vítimas Feridas;Pleno dia;Decrescente;Céu Claro;Dupla;Reta;Sim;3;0;2;0;1;0;2;2;-23,43696329;-45,08768768;SPRF-SP;DEL06-SP;UOP01-DEL06-SP;false
524955.0;2023-05-24;quarta-feira;06:01:00;SP;116.0;230;SAO PAULO;Objeto estático sobre o leito carroçável;Queda de ocupante de veículo;Com Vítimas Feridas;Amanhecer;Crescente;Céu Claro;Dupla;Reta;Sim;1;0;1;0;0;0;1;1;-23,52251783;-46,5855702;SPRF-SP;DEL01-SP;UOP01-DEL01-SP;false
524979.0;2023-05-24;quarta-feira;08:20:00;SP;116.0;276;EMBU DAS ARTES;Reação tardia ou ineficiente do condutor;Engavetamento;Com Vítimas Feridas;Pleno dia;Crescente;Céu Claro;Dupla;Reta;Sim;5;0;0;1;3;1;1;5;-23,64262417;-46,83811382;SPRF-SP;DEL04-SP;UOP01-DEL04-SP;false
525019.0;2023-05-24;quarta-feira;13:45:00;SP;381.0;51;ATIBAIA;Trafegar com motocicleta (ou similar) entre as faixas;Colisão traseira;Com Vítimas Feridas;Pleno dia;Decrescente;Céu Claro;Dupla;Reta;Não;1;0;1;0;0;0;1;1;-23,221911;-46,59644;SPRF-SP;DEL03-SP;UOP01-DEL03-SP;false
525046.0;2023-05-24;quarta-feira;16:45:00;SP;153.0;31,4;NOVA GRANADA;Desrespeitar a preferência no cruzamento;Colisão transversal;Sem Vítimas;Pleno dia;Decrescente;Sol;Simples;Interseção de Vias;Sim;2;0;0;0;2;0;0;2;-20,54746171;-49,32959617;SPRF-SP;DEL09-SP;UOP01-DEL09-SP;false
525080.0;2023-05-24;quarta-feira;17:30:00;SP;116.0;273;TABOAO DA SERRA;Trafegar com motocicleta (ou similar) entre as faixas;Colisão traseira;Com Vítimas Feridas;Plena Noite;Crescente;Céu Claro;Dupla;Reta;Sim;2;0;1;0;1;0;1;2;-23,62809795;-46,81870306;SPRF-SP;DEL04-SP;UOP01-DEL04-SP;false
525111.0;2023-05-24;quarta-feira;20:23:00;SP;116.0;39,3;CACHOEIRA PAULISTA;Reação tardia ou ineficiente do condutor;Capotamento;Com Vítimas Feridas;Plena Noite;Crescente;Céu Claro;Dupla;"Reta;Viaduto                  ";Não;1;0;1;0;0;0;1;1;-22,67527958;-44,99918431;SPRF-SP;DEL08-SP;UOP02-DEL08-SP;false
525140.0;2023-05-25;quinta-feira;06:50:00;SP;116.0;223;GUARULHOS;Reação tardia ou ineficiente do condutor;Colisão traseira;Com Vítimas Feridas;Pleno dia;Crescente;Céu Claro;Múltipla;Reta;Sim;3;0;2;0;1;0;2;2;-23,47559815;-46,5246609;SPRF-SP;DEL01-SP;UOP01-DEL01-SP;false
525142.0;2023-05-25;quinta-feira;05:50:00;SP;116.0;210;GUARULHOS;Reação tardia ou ineficiente do condutor;Colisão lateral mesmo sentido;Com Vítimas Feridas;Pleno dia;Crescente;Nublado;Múltipla;Reta;Sim;2;0;1;0;1;0;1;2;-23,42870023;-46,41085991;SPRF-SP;DEL01-SP;UOP01-DEL01-SP;false
525144.0;2023-05-25;quinta-feira;05:30:00;SP;116.0;145;SAO JOSE DOS CAMPOS;Ausência de sinalização;Atropelamento de Pedestre;Com Vítimas Feridas;Amanhecer;Decrescente;Nevoeiro/Neblina;Dupla;Reta;Sim;2;0;0;1;1;0;1;2;-23,1869844;-45,8548078;SPRF-SP;DEL02-SP;UOP01-DEL02-SP;false
525146.0;2023-05-25;quinta-feira;07:15:00;SP;153.0;58,1;SAO JOSE DO RIO PRETO;Manobra de mudança de faixa;Colisão traseira;Com Vítimas Feridas;Pleno dia;Crescente;Céu Claro;Dupla;Aclive;Sim;2;0;1;0;1;0;1;2;-20,77838195;-49,35300538;SPRF-SP;DEL09-SP;UOP01-DEL09-SP;false
525149.0;2023-05-25;quinta-feira;07:25:00;SP;153.0;58;SAO JOSE DO RIO PRETO;Ausência de reação do condutor;Colisão traseira;Com Vítimas Feridas;Pleno dia;Crescente;Sol;Dupla;Reta;Sim;3;0;2;0;1;0;2;2;-20,77838195;-49,35300538;SPRF-SP;DEL09-SP;UOP01-DEL09-SP;false
525151.0;2023-05-25;quinta-feira;07:30:00;SP;153.0;53,2;SAO JOSE DO RIO PRETO;Acessar a via sem observar a presença dos outros veículos;Colisão traseira;Com Vítimas Feridas;Pleno dia;Decrescente;Céu Claro;Dupla;Retorno Regulamentado;Não;3;0;1;0;2;0;1;2;-20,73603199;-49,33803779;SPRF-SP;DEL09-SP;UOP01-DEL09-SP;false
525152.0;2023-05-25;quinta-feira;07:20:00;SP;116.0;138,2;SAO JOSE DOS CAMPOS;Velocidade Incompatível;Colisão traseira;Com Vítimas Feridas;Pleno dia;Crescente;Sol;Dupla;Reta;Sim;2;0;1;0;1;0;1;2;-23,1572739;-45,79554605;SPRF-SP;DEL02-SP;UOP01-DEL02-SP;false
525155.0;2023-05-25;quinta-feira;05:20:00;SP;116.0;142,9;SAO JOSE DOS CAMPOS;Frear bruscamente;Tombamento;Com Vítimas Feridas;Plena Noite;Decrescente;Nevoeiro/Neblina;Múltipla;Reta;Sim;1;0;1;0;0;0;1;1;-23,17426078;-45,82940111;SPRF-SP;DEL02-SP;UOP01-DEL02-SP;false
525163.0;2023-05-25;quinta-feira;08:00:00;SP;116.0;147;SAO JOSE DOS CAMPOS;Ausência de reação do condutor;Colisão traseira;Com Vítimas Feridas;Pleno dia;Decrescente;Céu Claro;Múltipla;Reta;Não;2;0;1;0;1;0;1;2;-23,19542994;-45,87176303;SPRF-SP;DEL02-SP;UOP01-DEL02-SP;false
525183.0;2023-05-25;quinta-feira;11:00:00;SP;116.0;188;SANTA ISABEL;Manobra de mudança de faixa;Colisão traseira;Com Vítimas Feridas;Pleno dia;Crescente;Céu Claro;Dupla;Reta;Não;2;0;1;0;1;0;1;2;-23,3594352;-46,21675791;SPRF-SP;DEL01-SP;UOP01-DEL01-SP;false
525247.0;2023-05-25;quinta-feira;16:40:00;SP;153.0;25,9;NOVA GRANADA;Ausência de reação do condutor;Saída de leito carroçável;Sem Vítimas;Pleno dia;Crescente;Céu Claro;Simples;Reta;Não;2;0;0;0;2;0;0;1;-20,496851;-49,315945;SPRF-SP;DEL09-SP;UOP01-DEL09-SP;false
525251.0;2023-05-25;quinta-feira;16:00:00;SP;116.0;149;SAO JOSE DOS CAMPOS;Falta de acostamento;Colisão lateral mesmo sentido;Com Vítimas Feridas;Pleno dia;Decrescente;Céu Claro;Múltipla;Reta;Sim;2;0;0;1;1;0;1;2;-23,20700047;-45,88626861;SPRF-SP;DEL02-SP;UOP01-DEL02-SP;false
525264.0;2023-05-25;quinta-feira;18:00:00;SP;116.0;220;GUARULHOS;Reação tardia ou ineficiente do condutor;Queda de ocupante de veículo;Com Vítimas Feridas;Anoitecer;Decrescente;Céu Claro;Múltipla;Reta;Sim;2;0;2;0;0;0;2;1;-23,46472809;-46,49793962;SPRF-SP;DEL01-SP;UOP01-DEL01-SP;false
525293.0;2023-05-25;quinta-feira;20:45:00;SP;116.0;219;GUARULHOS;Ausência de reação do condutor;Atropelamento de Pedestre;Com Vítimas Feridas;Plena Noite;Crescente;Céu Claro;Simples;Reta;Sim;3;0;2;0;0;1;2;2;-23,46143954;-46,48885316;SPRF-SP;DEL01-SP;UOP01-DEL01-SP;false
525315.0;2023-05-25;quinta-feira;18:35:00;SP;116.0;155,6;SAO JOSE DOS CAMPOS;Reação tardia ou ineficiente do condutor;Tombamento;Com Vítimas Feridas;Plena Noite;Crescente;Céu Claro;Dupla;Aclive;Sim;1;0;1;0;0;0;1;1;-23,24524337;-45,92772774;SPRF-SP;DEL02-SP;UOP01-DEL02-SP;false
525335.0;2023-05-26;sexta-feira;05:30:00;SP;101.0;49,7;UBATUBA;Condutor deixou de manter distância do veículo da frente;Colisão lateral mesmo sentido;Com Vítimas Feridas;Amanhecer;Crescente;Nublado;Simples;Reta;Sim;4;0;1;2;0;1;3;2;-23,44730177;-45,08057356;SPRF-SP;DEL06-SP;UOP01-DEL06-SP;false
525347.0;2023-05-26;sexta-feira;07:30:00;SP;116.0;223;GUARULHOS;Reação tardia ou ineficiente do condutor;Colisão traseira;Com Vítimas Feridas;Pleno dia;Crescente;Céu Claro;Múltipla;Reta;Não;2;0;1;0;1;0;1;2;-23,47559815;-46,5246609;SPRF-SP;DEL01-SP;UOP01-DEL01-SP;false
525360.0;2023-05-26;sexta-feira;08:00:00;SP;116.0;230;SAO PAULO;Trafegar com motocicleta (ou similar) entre as faixas;Colisão transversal;Com Vítimas Feridas;Pleno dia;Crescente;Céu Claro;Dupla;Reta;Sim;2;0;1;0;1;0;1;2;-23,52251783;-46,5855702;SPRF-SP;DEL01-SP;UOP01-DEL01-SP;false
525362.0;2023-05-26;sexta-feira;07:50:00;SP;153.0;60;SAO JOSE DO RIO PRETO;Manobra de mudança de faixa;Colisão traseira;Com Vítimas Feridas;Pleno dia;Crescente;Sol;Dupla;Reta;Sim;2;0;1;0;1;0;1;2;-20,79627979;-49,35480206;SPRF-SP;DEL09-SP;UOP01-DEL09-SP;false
525391.0;2023-05-26;sexta-feira;11:20:00;SP;116.0;276;EMBU DAS ARTES;Acumulo de areia ou detritos sobre o pavimento;Queda de ocupante de veículo;Com Vítimas Feridas;Pleno dia;Decrescente;Céu Claro;Dupla;"Interseção de Vias;Reta       ";Sim;1;0;1;0;0;0;1;1;-23,64262417;-46,83811382;SPRF-SP;DEL04-SP;UOP01-DEL04-SP;false
525470.0;2023-05-26;sexta-feira;18:45:00;SP;116.0;216;GUARULHOS;Demais falhas mecânicas ou elétricas;Queda de ocupante de veículo;Com Vítimas Feridas;Plena Noite;Crescente;Nublado;Múltipla;Reta;Sim;2;0;2;0;0;0;2;1;-23,45056589;-46,46258105;SPRF-SP;DEL01-SP;UOP01-DEL01-SP;false
525480.0;2023-05-26;sexta-feira;18:55:00;SP;116.0;285;ITAPECERICA DA SERRA;Conversão proibida;Colisão transversal;Com Vítimas Feridas;Plena Noite;Crescente;Nublado;Simples;"Retorno Regulamentado;Aclive;V";Sim;3;0;2;0;1;0;2;2;-23,6840078;-46,8576014;SPRF-SP;DEL04-SP;UOP01-DEL04-SP;false
525483.0;2023-05-26;sexta-feira;18:40:00;SP;381.0;43;ATIBAIA;Reação tardia ou ineficiente do condutor;Engavetamento;Com Vítimas Feridas;Plena Noite;Crescente;Céu Claro;Múltipla;"Interseção de Vias;Reta       ";Não;7;0;1;0;5;1;1;4;-23,15597105;-46,5740155;SPRF-SP;DEL03-SP;UOP01-DEL03-SP;false
525507.0;2023-05-26;sexta-feira;19:50:00;SP;116.0;271;TABOAO DA SERRA;Condutor deixou de manter distância do veículo da frente;Colisão traseira;Com Vítimas Feridas;Plena Noite;Crescente;Céu Claro;Dupla;Reta;Não;2;0;0;1;1;0;1;2;-23,61809286;-46,80556302;SPRF-SP;DEL04-SP;UOP01-DEL04-SP;false
525511.0;2023-05-26;sexta-feira;19:45:00;SP;381.0;28;ATIBAIA;Ausência de reação do condutor;Tombamento;Com Vítimas Feridas;Plena Noite;Crescente;Céu Claro;Dupla;Reta;Não;1;0;0;1;0;0;1;1;-23,03614495;-46,55183601;SPRF-SP;DEL03-SP;UOP02-DEL03-SP;false
525512.0;2023-05-26;sexta-feira;20:00:00;SP;153.0;128,8;UBARANA;Reação tardia ou ineficiente do condutor;Colisão com objeto;Sem Vítimas;Plena Noite;Decrescente;Céu Claro;Simples;Reta;Não;1;0;0;0;1;0;0;1;-21,23566912;-49,74777875;SPRF-SP;DEL09-SP;UOP01-DEL09-SP;false
525536.0;2023-05-26;sexta-feira;23:30:00;SP;116.0;283;ITAPECERICA DA SERRA;Acesso irregular;Colisão transversal;Com Vítimas Fatais;Plena Noite;Crescente;Céu Claro;Dupla;Reta;Sim;2;1;0;0;1;0;0;2;-23,69297005;-46,86352786;SPRF-SP;DEL04-SP;UOP01-DEL04-SP;false
525542.0;2023-05-27;sábado;00:00:00;SP;116.0;54;LORENA;Condutor Dormindo;Colisão com objeto;Sem Vítimas;Plena Noite;Decrescente;Céu Claro;Dupla;Reta;Não;2;0;0;0;2;0;0;2;-22,75803895;-45,11508003;SPRF-SP;DEL08-SP;UOP02-DEL08-SP;false
525544.0;2023-05-27;sábado;00:30:00;SP;381.0;59;MAIRIPORA;Velocidade Incompatível;Saída de leito carroçável;Com Vítimas Feridas;Plena Noite;Decrescente;Céu Claro;Simples;"Retorno Regulamentado;Rotatóri";Sim;2;0;1;0;1;0;1;1;-23,28270705;-46,58787791;SPRF-SP;DEL03-SP;UOP01-DEL03-SP;false
525636.0;2023-05-27;sábado;11:40:00;SP;381.0;90;GUARULHOS;Demais Fenômenos da natureza;Queda de ocupante de veículo;Com Vítimas Feridas;Pleno dia;Decrescente;Céu Claro;Múltipla;Curva;Não;1;0;1;0;0;0;1;1;-23,49479479;-46,55959864;SPRF-SP;DEL03-SP;UOP01-DEL03-SP;false
525647.0;2023-04-14;sexta-feira;07:00:00;SP;116.0;207;GUARULHOS;Manobra de mudança de faixa;Colisão lateral mesmo sentido;Com Vítimas Feridas;Pleno dia;Crescente;Céu Claro;Múltipla;Reta;Sim;3;0;1;2;0;0;3;2;-23,41972188;-46,38419203;SPRF-SP;DEL01-SP;UOP01-DEL01-SP;false
525668.0;2023-05-27;sábado;16:15:00;SP;116.0;204;ARUJA;Manobra de mudança de faixa;Colisão lateral mesmo sentido;Com Vítimas Feridas;Pleno dia;Decrescente;Céu Claro;Dupla;"Reta;Declive                  ";Sim;2;0;0;1;1;0;1;2;-23,41236123;-46,35692496;SPRF-SP;DEL01-SP;UOP01-DEL01-SP;false