id;data_inversa;dia_semana;horario;uf;br;km;municipio;causa_acidente;tipo_acidente;classificacao_acidente;fase_dia;sentido_via;condicao_metereologica;tipo_pista;tracado_via;uso_solo;pessoas;mortos;feridos_leves;feridos_graves;ilesos;ignorados;feridos;veiculos;latitude;longitude;regional;delegacia;uop;feriado
525695.0;2023-05-27;sábado;18:00:00;SP;116.0;455;REGISTRO;Acessar a via sem observar a presença dos outros veículos;Colisão traseira;Com Vítimas Fatais;Plena Noite;Decrescente;Céu Claro;Dupla;Reta;Não;8;2;3;1;0;2;4;4;-24,57253407;-47,88134891;SPRF-SP;DEL05-SP;UOP01-DEL05-SP;false
525707.0;2023-05-27;sábado;16:55:00;SP;101.0;47;UBATUBA;Desrespeitar a preferência no cruzamento;Colisão transversal;Com Vítimas Feridas;Anoitecer;Crescente;Céu Claro;Simples;Rotatória;Sim;3;0;2;0;0;1;2;2;-23,43358003;-45,08602381;SPRF-SP;DEL06-SP;UOP01-DEL06-SP;false
525757.0;2023-05-27;sábado;22:40:00;SP;116.0;210;GUARULHOS;Entrada inopinada do pedestre;Atropelamento de Pedestre;Com Vítimas Feridas;Plena Noite;Crescente;Vento;Múltipla;Reta;Sim;5;0;1;0;3;1;1;2;-23,42870023;-46,41085991;SPRF-SP;DEL01-SP;UOP01-DEL01-SP;false
525772.0;2023-05-28;domingo;00:30:00;SP;116.0;224;GUARULHOS;Demais falhas mecânicas ou elétricas;Colisão traseira;Com Vítimas Feridas;Plena Noite;Crescente;Ignorado;Múltipla;Reta;Não;2;0;1;0;1;0;1;2;-23,48071896;-46,53271603;SPRF-SP;DEL01-SP;UOP01-DEL01-SP;false
525775.0;2023-05-28;domingo;00:30:00;SP;116.0;290;ITAPECERICA DA SERRA;Condutor Dormindo;Colisão traseira;Sem Vítimas;Plena Noite;Crescente;Céu Claro;Dupla;Reta;Não;3;0;0;0;3;0;0;2;-23,7303281;-46,89425963;SPRF-SP;DEL04-SP;UOP01-DEL04-SP;false
525783.0;2023-05-28;domingo;01:40:00;SP;116.0;201;ARUJA;Manobra de mudança de faixa;Colisão lateral mesmo sentido;Com Vítimas Feridas;Plena Noite;Decrescente;Céu Claro;Dupla;Reta;Sim;5;0;3;0;2;0;3;2;-23,40362877;-46,33050107;SPRF-SP;DEL01-SP;UOP01-DEL01-SP;false
525792.0;2023-05-28;domingo;02:30:00;SP;116.0;208;GUARULHOS;Reação tardia ou ineficiente do condutor;Saída de leito carroçável;Sem Vítimas;Plena Noite;Decrescente;Vento;Múltipla;Reta;Sim;2;0;0;0;2;0;0;1;-23,42222263;-46,3932771;SPRF-SP;DEL01-SP;UOP01-DEL01-SP;false
525797.0;2023-05-28;domingo;02:15:00;SP;101.0;52;UBATUBA;Ausência de reação do condutor;Tombamento;Com Vítimas Feridas;Plena Noite;Crescente;Céu Claro;Simples;Rotatória;Sim;1;0;1;0;0;0;1;1;-23,4623355;-45,06476561;SPRF-SP;DEL06-SP;UOP01-DEL06-SP;false
525798.0;2023-05-28;domingo;03:15:00;SP;381.0;18;BRAGANCA PAULISTA;Entrada inopinada do pedestre;Atropelamento de Pedestre;Com Vítimas Feridas;Plena Noite;Decrescente;Céu Claro;Dupla;"Aclive;Reta                   ";Não;2;0;0;1;1;0;1;2;-22,9746091;-46,48838277;SPRF-SP;DEL03-SP;UOP02-DEL03-SP;false
525804.0;2023-05-28;domingo;03:40:00;SP;381.0;84;SAO PAULO;Condutor Dormindo;Capotamento;Com Vítimas Feridas;Plena Noite;Crescente;Céu Claro;Dupla;Reta;Sim;1;0;0;1;0;0;1;1;-23,43937;-46,56807;SPRF-SP;DEL03-SP;UOP01-DEL03-SP;false
525808.0;2023-05-28;domingo;03:50:00;SP;116.0;206;ARUJA;Condutor deixou de manter distância do veículo da frente;Colisão traseira;Com Vítimas Feridas;Plena Noite;Decrescente;Ignorado;Múltipla;Reta;Não;3;0;2;0;0;1;2;3;-23,41722629;-46,37510292;SPRF-SP;DEL01-SP;UOP01-DEL01-SP;false
525811.0;2023-05-28;domingo;05:00:00;SP;116.0;42,8;CACHOEIRA PAULISTA;Reação tardia ou ineficiente do condutor;Colisão traseira;Sem Vítimas;Amanhecer;Decrescente;Céu Claro;Dupla;"Reta;Aclive                   ";Não;2;0;0;0;2;0;0;2;-22,69182132;-45,02240378;SPRF-SP;DEL08-SP;UOP02-DEL08-SP;false
525822.0;2023-05-28;domingo;06:35:00;SP;116.0;444;REGISTRO;Ausência de reação do condutor;Queda de ocupante de veículo;Com Vítimas Feridas;Pleno dia;Decrescente;Céu Claro;Dupla;Reta;Sim;1;0;1;0;0;0;1;1;-24,49129421;-47,83614553;SPRF-SP;DEL05-SP;UOP01-DEL05-SP;false
525841.0;2023-05-28;domingo;08:10:00;SP;153.0;150;PROMISSAO;Ausência de reação do condutor;Tombamento;Com Vítimas Feridas;Pleno dia;Crescente;Nublado;Simples;Reta;Não;1;0;1;0;0;0;1;1;-21,41741598;-49,78723082;SPRF-SP;DEL07-SP;UOP01-DEL07-SP;false
525872.0;2023-05-28;domingo;14:30:00;SP;381.0;71,5;MAIRIPORA;Reação tardia ou ineficiente do condutor;Colisão traseira;Com Vítimas Feridas;Pleno dia;Crescente;Chuva;Dupla;"Curva;Aclive                  ";Não;4;0;1;0;3;0;1;2;-23,35047979;-46,55267274;SPRF-SP;DEL03-SP;UOP01-DEL03-SP;false
525874.0;2023-05-28;domingo;14:50:00;SP;459.0;24;LORENA;Transitar na contramão;Colisão lateral sentido oposto;Com Vítimas Feridas;Pleno dia;Decrescente;Céu Claro;Simples;Reta;Não;5;0;2;0;3;0;2;2;-22,679707;-45,13483;SPRF-SP;DEL08-SP;UOP02-DEL08-SP;false
525880.0;2023-05-28;domingo;15:10:00;SP;116.0;339,4;MIRACATU;Reação tardia ou ineficiente do condutor;Colisão com objeto;Com Vítimas Fatais;Pleno dia;Decrescente;Garoa/Chuvisco;Múltipla;"Curva;Aclive                  ";Não;2;1;1;0;0;0;1;1;-23,9983939;-47,14927316;SPRF-SP;DEL04-SP;UOP03-DEL04-SP;false
525883.0;2023-05-28;domingo;17:00:00;SP;381.0;54,2;ATIBAIA;Velocidade Incompatível;Colisão com objeto;Sem Vítimas;Pleno dia;Decrescente;Chuva;Dupla;Curva;Não;1;0;0;0;1;0;0;1;-23,2449074;-46,59562343;SPRF-SP;DEL03-SP;UOP01-DEL03-SP;false
525899.0;2023-05-28;domingo;17:00:00;SP;116.0;398;MIRACATU;Chuva;Tombamento;Com Vítimas Feridas;Plena Noite;Decrescente;Chuva;Dupla;Reta;Não;1;0;0;1;0;0;1;1;-24,30085222;-47,48456072;SPRF-SP;DEL04-SP;UOP02-DEL04-SP;false
525904.0;2023-05-28;domingo;16:20:00;SP;116.0;562;BARRA DO TURVO;Ausência de reação do condutor;Saída de leito carroçável;Com Vítimas Feridas;Pleno dia;Crescente;Chuva;Dupla;Curva;Não;2;0;1;0;1;0;1;1;-25,02464023;-48,52213701;SPRF-SP;DEL05-SP;UOP02-DEL05-SP;false
525912.0;2023-05-28;domingo;15:50:00;SP;116.0;213;GUARULHOS;Reação tardia ou ineficiente do condutor;Colisão com objeto;Com Vítimas Feridas;Pleno dia;Decrescente;Garoa/Chuvisco;Dupla;Reta;Não;2;0;1;0;0;1;1;2;-23,45056589;-46,46258105;SPRF-SP;DEL01-SP;UOP01-DEL01-SP;false
525913.0;2023-05-28;domingo;17:50:00;SP;116.0;215;GUARULHOS;Ingestão de álcool pelo condutor;Colisão traseira;Com Vítimas Feridas;Plena Noite;Decrescente;Nublado;Múltipla;"Aclive;Reta                   ";Sim;5;0;2;1;2;0;3;2;-23,4531188;-46,46849871;SPRF-SP;DEL01-SP;UOP01-DEL01-SP;false
525914.0;2023-05-28;domingo;19:40:00;SP;116.0;221;GUARULHOS;Entrada inopinada do pedestre;Atropelamento de Pedestre;Com Vítimas Fatais;Plena Noite;Crescente;Garoa/Chuvisco;Múltipla;Interseção de Vias;Sim;3;1;0;0;1;1;0;2;-23,46802395;-46,50704901;SPRF-SP;DEL01-SP;UOP01-DEL01-SP;false
525916.0;2023-05-28;domingo;18:30:00;SP;381.0;73;SAO PAULO;Chuva;Capotamento;Com Vítimas Feridas;Plena Noite;Decrescente;Chuva;Dupla;Reta;Não;2;0;1;0;1;0;1;1;-23,36553404;-46,55253934;SPRF-SP;DEL03-SP;UOP01-DEL03-SP;false
525927.0;2023-05-28;domingo;16:30:00;SP;116.0;67;GUARATINGUETA;Demais falhas mecânicas ou elétricas;Incêndio;Sem Vítimas;Pleno dia;Decrescente;Nublado;Dupla;Aclive;Não;1;0;0;0;1;0;0;1;-22,82866955;-45,20897627;SPRF-SP;DEL08-SP;UOP01-DEL08-SP;false
525942.0;2023-05-28;domingo;20:50:00;SP;381.0;89;GUARULHOS;Reação tardia ou ineficiente do condutor;Colisão traseira;Sem Vítimas;Plena Noite;Crescente;Chuva;Dupla;Reta;Não;3;0;0;0;3;0;0;3;-23,48469299;-46,55983288;SPRF-SP;DEL03-SP;UOP01-DEL03-SP;false
525943.0;2023-05-28;domingo;19:20:00;SP;116.0;560,5;BARRA DO TURVO;Ausência de reação do condutor;Saída de leito carroçável;Com Vítimas Feridas;Plena Noite;Crescente;Chuva;Dupla;Curva;Não;2;0;1;0;1;0;1;1;-25,01571198;-48,50929106;SPRF-SP;DEL05-SP;UOP02-DEL05-SP;false
525974.0;2023-05-28;domingo;21:50:00;SP;116.0;364,1;MIRACATU;Ausência de reação do condutor;Colisão com objeto;Com Vítimas Feridas;Plena Noite;Decrescente;Garoa/Chuvisco;Dupla;Curva;Não;2;0;1;0;1;0;1;1;-24,13881806;-47,27310246;SPRF-SP;DEL04-SP;UOP02-DEL04-SP;false
525976.0;2023-05-28;domingo;22:00:00;SP;381.0;78;SAO PAULO;Chuva;Colisão com objeto;Com Vítimas Feridas;Plena Noite;Decrescente;Nublado;Dupla;Curva;Sim;2;0;1;0;1;0;1;1;-23,39620774;-46,57355227;SPRF-SP;DEL03-SP;UOP01-DEL03-SP;false
525991.0;2023-05-29;segunda-feira;00:30:00;SP;116.0;216;GUARULHOS;Velocidade Incompatível;Colisão com objeto;Com Vítimas Feridas;Plena Noite;Decrescente;Céu Claro;Múltipla;Reta;Sim;2;0;2;0;0;0;2;1;-23,45056589;-46,46258105;SPRF-SP;DEL01-SP;UOP01-DEL01-SP;false
526011.0;2023-05-28;domingo;17:30:00;SP;116.0;74;APARECIDA;Ausência de reação do condutor;Tombamento;Com Vítimas Feridas;Pleno dia;Crescente;Garoa/Chuvisco;Dupla;Reta;Sim;2;0;2;0;0;0;2;1;-22,87353809;-45,25320023;SPRF-SP;DEL08-SP;UOP01-DEL08-SP;false
526013.0;2023-05-29;segunda-feira;05:57:00;SP;116.0;167;JACAREI;Falta de acostamento;Colisão lateral mesmo sentido;Com Vítimas Feridas;Pleno dia;Decrescente;Céu Claro;Simples;Viaduto;Sim;2;0;2;0;0;0;2;2;-23,30254924;-46,02640493;SPRF-SP;DEL02-SP;UOP01-DEL02-SP;false
526028.0;2023-05-29;segunda-feira;07:40:00;SP;116.0;446;REGISTRO;Reação tardia ou ineficiente do condutor;Colisão com objeto;Com Vítimas Feridas;Pleno dia;Decrescente;Chuva;Múltipla;Curva;Sim;1;0;1;0;0;0;1;1;-24,50467087;-47,84772743;SPRF-SP;DEL05-SP;UOP01-DEL05-SP;false
526032.0;2023-05-29;segunda-feira;07:00:00;SP;116.0;326;JUQUITIBA;Pista Escorregadia;Saída de leito carroçável;Com Vítimas Feridas;Pleno dia;Decrescente;Garoa/Chuvisco;Dupla;Reta;Não;1;0;1;0;0;0;1;1;-23,93901304;-47,06241203;SPRF-SP;DEL04-SP;UOP03-DEL04-SP;false
526033.0;2023-05-29;segunda-feira;06:30:00;SP;381.0;74;SAO PAULO;Chuva;Colisão com objeto;Com Vítimas Feridas;Pleno dia;Decrescente;Chuva;Dupla;Aclive;Não;3;0;1;0;1;1;1;1;-23,37208014;-46,55700294;SPRF-SP;DEL03-SP;UOP01-DEL03-SP;false
526035.0;2023-05-29;segunda-feira;07:00:00;SP;116.0;306;SAO LOURENCO DA SERRA;Mal súbito do condutor;Colisão com objeto;Com Vítimas Fatais;Pleno dia;Crescente;Garoa/Chuvisco;Dupla;Reta;Não;1;1;0;0;0;0;0;1;-23,8486091;-46,93801566;SPRF-SP;DEL04-SP;UOP01-DEL04-SP;false
526036.0;2023-05-29;segunda-feira;07:35:00;SP;116.0;138;SAO JOSE DOS CAMPOS;Ausência de reação do condutor;Colisão traseira;Com Vítimas Feridas;Pleno dia;Crescente;Nublado;Dupla;Reta;Sim;3;0;1;0;2;0;1;2;-23,1572739;-45,79554605;SPRF-SP;DEL02-SP;UOP01-DEL02-SP;false
526038.0;2023-05-29;segunda-feira;08:04:00;SP;116.0;108;TAUBATE;Reação tardia ou ineficiente do condutor;Tombamento;Com Vítimas Feridas;Pleno dia;Crescente;Céu Claro;Dupla;Reta;Sim;1;0;1;0;0;0;1;1;-23,0233097;-45,53763622;SPRF-SP;DEL02-SP;UOP02-DEL02-SP;false
526066.0;2023-05-29;segunda-feira;08:30:00;SP;116.0;58,2;GUARATINGUETA;Velocidade Incompatível;Queda de ocupante de veículo;Com Vítimas Feridas;Pleno dia;Decrescente;Nublado;Simples;Retorno Regulamentado;Sim;3;0;1;1;1;0;2;2;-22,78005511;-45,14572791;SPRF-SP;DEL08-SP;UOP01-DEL08-SP;false
526071.0;2023-05-29;segunda-feira;10:40:00;SP;116.0;223;GUARULHOS;Reação tardia ou ineficiente do condutor;Colisão traseira;Com Vítimas Feridas;Pleno dia;Decrescente;Céu Claro;Múltipla;Reta;Sim;2;0;1;0;1;0;1;2;-23,47559815;-46,5246609;SPRF-SP;DEL01-SP;UOP01-DEL01-SP;false
526080.0;2023-05-29;segunda-feira;09:55:00;SP;116.0;546;BARRA DO TURVO;Chuva;Queda de ocupante de veículo;Com Vítimas Feridas;Pleno dia;Crescente;Garoa/Chuvisco;Múltipla;Curva;Não;1;0;1;0;0;0;1;1;-24,9470862;-48,43042095;SPRF-SP;DEL05-SP;UOP02-DEL05-SP;false
526107.0;2023-05-29;segunda-feira;11:00:00;SP;116.0;541;BARRA DO TURVO;Reação tardia ou ineficiente do condutor;Saída de leito carroçável;Com Vítimas Feridas;Pleno dia;Crescente;Garoa/Chuvisco;Dupla;"Aclive;Curva                  ";Não;3;0;1;0;2;0;1;1;-24,97245688;-48,39976606;SPRF-SP;DEL05-SP;UOP02-DEL05-SP;false
526112.0;2023-05-29;segunda-feira;14:05:00;SP;116.0;347;MIRACATU;Pista Escorregadia;Saída de leito carroçável;Com Vítimas Feridas;Pleno dia;Decrescente;Garoa/Chuvisco;Múltipla;"Aclive;Curva                  ";Não;2;0;1;0;1;0;1;1;-24,04699491;-47,19706111;SPRF-SP;DEL04-SP;UOP03-DEL04-SP;false
526132.0;2023-05-29;segunda-feira;13:40:00;SP;116.0;514;CAJATI;Reação tardia ou ineficiente do condutor;Saída de leito carroçável;Sem Vítimas;Pleno dia;Crescente;Garoa/Chuvisco;Múltipla;Curva;Não;1;0;0;0;1;0;0;1;-24,85874304;-48,21731282;SPRF-SP;DEL05-SP;UOP02-DEL05-SP;false
526157.0;2023-05-29;segunda-feira;18:15:00;SP;381.0;61;MAIRIPORA;Pedestre cruzava a pista fora da faixa;Atropelamento de Pedestre;Com Vítimas Feridas;Plena Noite;Decrescente;Céu Claro;Dupla;Curva;Não;3;0;0;1;2;0;1;2;-23,2916;-46,579377;SPRF-SP;DEL03-SP;UOP01-DEL03-SP;false
526160.0;2023-05-29;segunda-feira;18:20:00;SP;116.0;132,3;CACAPAVA;Entrada inopinada do pedestre;Atropelamento de Pedestre;Com Vítimas Fatais;Anoitecer;Decrescente;Céu Claro;Dupla;Reta;Não;4;1;0;0;0;3;0;3;-23,13169757;-45,74481322;SPRF-SP;DEL02-SP;UOP02-DEL02-SP;false
526218.0;2023-05-30;terça-feira;06:40:00;SP;153.0;62,3;SAO JOSE DO RIO PRETO;Manobra de mudança de faixa;Colisão lateral mesmo sentido;Com Vítimas Feridas;Amanhecer;Crescente;Céu Claro;Dupla;"Aclive;Reta                   ";Sim;2;0;1;0;1;0;1;2;-20,81325404;-49,35675563;SPRF-SP;DEL09-SP;UOP01-DEL09-SP;false
526219.0;2023-05-30;terça-feira;08:00:00;SP;116.0;186;SANTA ISABEL;Manobra de mudança de faixa;Colisão lateral mesmo sentido;Com Vítimas Feridas;Pleno dia;Decrescente;Nublado;Dupla;Reta;Sim;3;0;3;0;0;0;3;2;-23,35220682;-46,19934905;SPRF-SP;DEL01-SP;UOP01-DEL01-SP;false
526221.0;2023-05-30;terça-feira;07:00:00;SP;116.0;279,2;EMBU DAS ARTES;Trafegar com motocicleta (ou similar) entre as faixas;Tombamento;Com Vítimas Feridas;Pleno dia;Decrescente;Nublado;Dupla;Aclive;Sim;2;0;1;0;0;1;1;2;-23,66233697;-46,85292907;SPRF-SP;DEL04-SP;UOP01-DEL04-SP;false
526258.0;2023-05-30;terça-feira;10:40:00;SP;381.0;88,9;GUARULHOS;Manobra de mudança de faixa;Colisão lateral mesmo sentido;Com Vítimas Feridas;Pleno dia;Crescente;Nublado;Múltipla;Reta;Sim;3;0;1;0;2;0;1;3;-23,47469314;-46,56112919;SPRF-SP;DEL03-SP;UOP01-DEL03-SP;false
526285.0;2023-05-30;terça-feira;14:20:00;SP;116.0;121;CACAPAVA;Entrada inopinada do pedestre;Atropelamento de Pedestre;Com Vítimas Feridas;Pleno dia;Decrescente;Céu Claro;Dupla;Reta;Não;2;0;1;0;1;0;1;2;-23,07631169;-45,65337222;SPRF-SP;DEL02-SP;UOP02-DEL02-SP;false
526302.0;2023-05-30;terça-feira;16:10:00;SP;116.0;201;ARUJA;Avarias e/ou desgaste excessivo no pneu;Tombamento;Com Vítimas Feridas;Pleno dia;Decrescente;Céu Claro;Múltipla;"Reta;Declive                  ";Sim;1;0;1;0;0;0;1;1;-23,40362877;-46,33050107;SPRF-SP;DEL01-SP;UOP01-DEL01-SP;false
526313.0;2023-05-30;terça-feira;12:30:00;SP;459.0;10,6;PIQUETE;Objeto estático sobre o leito carroçável;Colisão com objeto;Com Vítimas Feridas;Pleno dia;Crescente;Sol;Simples;Curva;Não;1;0;1;0;0;0;1;1;-22,580744;-45,196285;SPRF-SP;DEL08-SP;UOP02-DEL08-SP;false
526326.0;2023-05-30;terça-feira;18:40:00;SP;381.0;57;MAIRIPORA;Acumulo de água sobre o pavimento;Queda de ocupante de veículo;Com Vítimas Feridas;Plena Noite;Decrescente;Chuva;Dupla;Reta;Não;1;0;1;0;0;0;1;1;-23,2658219;-46,5839857;SPRF-SP;DEL03-SP;UOP01-DEL03-SP;false
526347.0;2023-05-30;terça-feira;20:00:00;SP;116.0;230,5;SAO PAULO;Reação tardia ou ineficiente do condutor;Colisão traseira;Com Vítimas Feridas;Plena Noite;Crescente;Nublado;Múltipla;Reta;Sim;3;0;1;0;2;0;1;3;-23,52251783;-46,5855702;SPRF-SP;DEL01-SP;UOP01-DEL01-SP;false
526360.0;2023-05-30;terça-feira;20:56:00;SP;381.0;70;MAIRIPORA;Ausência de reação do condutor;Colisão frontal;Com Vítimas Feridas;Plena Noite;Crescente;Chuva;Múltipla;"Curva;Aclive                  ";Não;2;0;2;0;0;0;2;1;-23,34972978;-46,56070474;SPRF-SP;DEL03-SP;UOP01-DEL03-SP;false
526371.0;2023-05-30;terça-feira;19:55:00;SP;116.0;99;PINDAMONHANGABA;Avarias e/ou desgaste excessivo no pneu;Colisão lateral sentido oposto;Com Vítimas Feridas;Plena Noite;Crescente;Chuva;Simples;Curva;Não;4;0;1;2;1;0;3;2;-22,98236971;-45,46436617;SPRF-SP;DEL08-SP;UOP01-DEL08-SP;false
526393.0;2023-05-31;quarta-feira;05:00:00;SP;116.0;58;GUARATINGUETA;Ausência de reação do condutor;Colisão com objeto;Com Vítimas Feridas;Amanhecer;Crescente;Chuva;Dupla;Reta;Não;1;0;1;0;0;0;1;1;-22,78005511;-45,14572791;SPRF-SP;DEL08-SP;UOP01-DEL08-SP;false
526412.0;2023-05-31;quarta-feira;07:20:00;SP;381.0;37,3;ATIBAIA;Reação tardia ou ineficiente do condutor;Engavetamento;Com Vítimas Feridas;Amanhecer;Decrescente;Chuva;Dupla;Reta;Sim;4;0;3;0;1;0;3;3;-23,10787542;-46,56954825;SPRF-SP;DEL03-SP;UOP01-DEL03-SP;false
526429.0;2023-05-31;quarta-feira;08:50:00;SP;116.0;221;GUARULHOS;Reação tardia ou ineficiente do condutor;Tombamento;Com Vítimas Feridas;Pleno dia;Crescente;Chuva;Múltipla;Reta;Sim;1;0;1;0;0;0;1;1;-23,46802395;-46,50704901;SPRF-SP;DEL01-SP;UOP01-DEL01-SP;false
526433.0;2023-05-31;quarta-feira;08:45:00;SP;116.0;155;SAO JOSE DOS CAMPOS;Condutor deixou de manter distância do veículo da frente;Engavetamento;Com Vítimas Feridas;Pleno dia;Decrescente;Chuva;Múltipla;Reta;Sim;4;0;1;0;3;0;1;3;-23,24524337;-45,92772774;SPRF-SP;DEL02-SP;UOP01-DEL02-SP;false
526434.0;2023-05-31;quarta-feira;09:45:00;SP;116.0;216;GUARULHOS;Reação tardia ou ineficiente do condutor;Colisão lateral mesmo sentido;Com Vítimas Feridas;Pleno dia;Crescente;Garoa/Chuvisco;Simples;"Reta;Aclive                   ";Não;2;0;2;0;0;0;2;2;-23,45056589;-46,46258105;SPRF-SP;DEL01-SP;UOP01-DEL01-SP;false
526446.0;2023-05-31;quarta-feira;11:10:00;SP;153.0;72,8;SAO JOSE DO RIO PRETO;Manobra de mudança de faixa;Saída de leito carroçável;Com Vítimas Feridas;Pleno dia;Crescente;Céu Claro;Dupla;"Reta;Aclive                   ";Sim;3;0;1;0;1;1;1;2;-20,86715501;-49,41334398;SPRF-SP;DEL09-SP;UOP01-DEL09-SP;false
526498.0;2023-05-31;quarta-feira;15:10:00;SP;381.0;59;MAIRIPORA;Velocidade Incompatível;Colisão com objeto;Com Vítimas Feridas;Pleno dia;Decrescente;Garoa/Chuvisco;Dupla;"Curva;Aclive                  ";Sim;1;0;1;0;0;0;1;1;-23,28270705;-46,58787791;SPRF-SP;DEL03-SP;UOP01-DEL03-SP;false
526514.0;2023-05-31;quarta-feira;17:05:00;SP;381.0;71,5;MAIRIPORA;Velocidade Incompatível;Colisão com objeto;Sem Vítimas;Anoitecer;Crescente;Chuva;Dupla;"Curva;Aclive                  ";Não;1;0;0;0;1;0;0;1;-23,35047979;-46,55267274;SPRF-SP;DEL03-SP;UOP01-DEL03-SP;false
526516.0;2023-05-31;quarta-feira;17:30:00;SP;116.0;148,3;SAO JOSE DOS CAMPOS;Avarias e/ou desgaste excessivo no pneu;Engavetamento;Com Vítimas Feridas;Anoitecer;Decrescente;Chuva;Múltipla;Reta;Sim;8;0;1;0;7;0;1;3;-23,20067421;-45,8795018;SPRF-SP;DEL02-SP;UOP01-DEL02-SP;false
526521.0;2023-05-31;quarta-feira;18:20:00;SP;116.0;106;TAUBATE;Ausência de reação do condutor;Engavetamento;Com Vítimas Feridas;Plena Noite;Crescente;Céu Claro;Dupla;Reta;Sim;6;0;3;0;3;0;3;3;-23,01250593;-45,52256005;SPRF-SP;DEL02-SP;UOP02-DEL02-SP;false
526546.0;2023-05-31;quarta-feira;20:45:00;SP;101.0;48;UBATUBA;Conversão proibida;Tombamento;Com Vítimas Feridas;Plena Noite;Crescente;Chuva;Simples;Reta;Sim;3;0;1;0;2;0;1;2;-23,43451228;-45,0863797;SPRF-SP;DEL06-SP;UOP01-DEL06-SP;false
526556.0;2023-05-31;quarta-feira;20:00:00;SP;381.0;86;SAO PAULO;Pedestre cruzava a pista fora da faixa;Atropelamento de Pedestre;Com Vítimas Fatais;Plena Noite;Crescente;Céu Claro;Múltipla;Curva;Sim;2;1;0;0;1;0;0;2;-23,45930499;-46,57161179;SPRF-SP;DEL03-SP;UOP01-DEL03-SP;false
526561.0;2023-05-31;quarta-feira;23:50:00;SP;116.0;134;CACAPAVA;Demais falhas mecânicas ou elétricas;Incêndio;Sem Vítimas;Plena Noite;Crescente;Garoa/Chuvisco;Dupla;Reta;Não;1;0;0;0;1;0;0;1;-23,1402216;-45,7617252;SPRF-SP;DEL02-SP;UOP02-DEL02-SP;false
526586.0;2023-06-01;quinta-feira;07:05:00;SP;101.0;48;UBATUBA;Acessar a via sem observar a presença dos outros veículos;Colisão transversal;Com Vítimas Feridas;Pleno dia;Crescente;Céu Claro;Dupla;Ponte;Sim;2;0;1;0;1;0;1;2;-23,43696329;-45,08768768;SPRF-SP;DEL06-SP;UOP01-DEL06-SP;false
526590.0;2023-06-01;quinta-feira;06:30:00;SP;116.0;275;EMBU DAS ARTES;Acessar a via sem observar a presença dos outros veículos;Colisão traseira;Com Vítimas Feridas;Pleno dia;Decrescente;Céu Claro;Dupla;Reta;Sim;2;0;1;0;1;0;1;2;-23,63638826;-46,83251584;SPRF-SP;DEL04-SP;UOP01-DEL04-SP;false
526625.0;2023-06-01;quinta-feira;09:30:00;SP;116.0;61,6;GUARATINGUETA;Demais falhas mecânicas ou elétricas;Incêndio;Sem Vítimas;Pleno dia;Decrescente;Céu Claro;Dupla;Reta;Não;1;0;0;0;1;0;0;1;-22,79763613;-45,1674588;SPRF-SP;DEL08-SP;UOP01-DEL08-SP;false
526719.0;2023-06-01;quinta-feira;19:00:00;SP;116.0;209;GUARULHOS;Manobra de mudança de faixa;Colisão lateral mesmo sentido;Com Vítimas Feridas;Plena Noite;Decrescente;Céu Claro;Múltipla;"Aclive;Reta                   ";Sim;2;0;2;0;0;0;2;1;-23,42511799;-46,40221101;SPRF-SP;DEL01-SP;UOP01-DEL01-SP;false
526724.0;2023-02-17;sexta-feira;21:45:00;SP;116.0;99,8;PINDAMONHANGABA;Condutor deixou de manter distância do veículo da frente;Colisão traseira;Com Vítimas Feridas;Plena Noite;Crescente;Céu Claro;Dupla;Reta;Não;3;0;0;2;1;0;2;3;-22,98236971;-45,46436617;SPRF-SP;DEL08-SP;UOP01-DEL08-SP;false
526742.0;2023-06-01;quinta-feira;19:00:00;SP;116.0;270;TABOAO DA SERRA;Trafegar com motocicleta (ou similar) entre as faixas;Colisão traseira;Com Vítimas Feridas;Plena Noite;Crescente;Nublado;Múltipla;Reta;Sim;3;0;0;1;2;0;1;2;-23,60755525;-46,76615953;SPRF-SP;DEL04-SP;UOP01-DEL04-SP;false
526837.0;2023-06-02;sexta-feira;08:30:00;SP;116.0;223;GUARULHOS;Trafegar com motocicleta (ou similar) entre as faixas;Colisão lateral mesmo sentido;Com Vítimas Feridas;Pleno dia;Decrescente;Céu Claro;Dupla;Reta;Sim;2;0;1;0;1;0;1;2;-23,47559815;-46,5246609;SPRF-SP;DEL01-SP;UOP01-DEL01-SP;false
526850.0;2023-06-02;sexta-feira;08:40:00;SP;381.0;90,4;GUARULHOS;Ingestão de álcool pelo condutor;Colisão lateral mesmo sentido;Sem Vítimas;Pleno dia;Crescente;Céu Claro;Múltipla;Reta;Não;4;0;0;0;3;1;0;2;-23,499535;-46,559508;SPRF-SP;DEL01-SP;UOP01-DEL01-SP;false
526907.0;2023-04-08;sábado;00:00:00;SP;116.0;229;SAO PAULO;Pedestre cruzava a pista fora da faixa;Atropelamento de Pedestre;Com Vítimas Fatais;Plena Noite;Crescente;Garoa/Chuvisco;Múltipla;Reta;Não;3;1;1;0;1;0;1;2;-23,51291902;-46,57604698;SPRF-SP;DEL01-SP;UOP01-DEL01-SP;false
526915.0;2023-06-02;sexta-feira;17:00:00;SP;381.0;55;MAIRIPORA;Manobra de mudança de faixa;Capotamento;Com Vítimas Feridas;Pleno dia;Crescente;Céu Claro;Dupla;Curva;Sim;2;0;1;0;1;0;1;2;-23,25207404;-46,59480386;SPRF-SP;DEL03-SP;UOP01-DEL03-SP;false