id;data_inversa;dia_semana;horario;uf;br;km;municipio;causa_acidente;tipo_acidente;classificacao_acidente;fase_dia;sentido_via;condicao_metereologica;tipo_pista;tracado_via;uso_solo;pessoas;mortos;feridos_leves;feridos_graves;ilesos;ignorados;feridos;veiculos;latitude;longitude;regional;delegacia;uop;feriado
528606.0;2023-06-10;sábado;17:40:00;SP;116.0;285,2;ITAPECERICA DA SERRA;Manobra de mudança de faixa;Queda de ocupante de veículo;Com Vítimas Feridas;Anoitecer;Crescente;Céu Claro;Dupla;Reta;Sim;2;0;1;0;1;0;1;1;-23,70407794;-46,87249709;SPRF-SP;DEL04-SP;UOP01-DEL04-SP;false
528630.0;2023-06-10;sábado;18:44:00;SP;116.0;137,4;SAO JOSE DOS CAMPOS;Condutor deixou de manter distância do veículo da frente;Engavetamento;Com Vítimas Feridas;Plena Noite;Crescente;Céu Claro;Dupla;Reta;Sim;7;0;1;2;3;1;3;5;-23,15300766;-45,78709317;SPRF-SP;DEL02-SP;UOP01-DEL02-SP;false
528633.0;2023-06-10;sábado;20:00:00;SP;101.0;51;UBATUBA;Trafegar com motocicleta (ou similar) entre as faixas;Colisão frontal;Com Vítimas Feridas;Plena Noite;Decrescente;Céu Claro;Dupla;Reta;Sim;2;0;1;1;0;0;2;2;-23,45627795;-45,07111896;SPRF-SP;DEL06-SP;UOP01-DEL06-SP;false
528640.0;2023-06-10;sábado;20:31:00;SP;116.0;148;SAO JOSE DOS CAMPOS;Ausência de reação do condutor;Capotamento;Com Vítimas Feridas;Plena Noite;Crescente;Céu Claro;Dupla;Reta;Sim;2;0;2;0;0;0;2;1;-23,20067421;-45,8795018;SPRF-SP;DEL02-SP;UOP01-DEL02-SP;false
528642.0;2023-06-10;sábado;19:54:00;SP;116.0;282;EMBU DAS ARTES;Velocidade Incompatível;Colisão traseira;Com Vítimas Feridas;Plena Noite;Decrescente;Céu Claro;Dupla;Reta;Sim;3;0;2;0;0;1;2;3;-23,68570216;-46,85970975;SPRF-SP;DEL04-SP;UOP01-DEL04-SP;false
528644.0;2023-06-10;sábado;21:20:00;SP;153.0;25,6;NOVA GRANADA;Acessar a via sem observar a presença dos outros veículos;Colisão transversal;Com Vítimas Feridas;Plena Noite;Crescente;Céu Claro;Simples;Interseção de Vias;Não;2;0;1;0;1;0;1;2;-20,50139574;-49,32063103;SPRF-SP;DEL09-SP;UOP01-DEL09-SP;false
528665.0;2023-06-10;sábado;23:15:00;SP;116.0;229;SAO PAULO;Ausência de reação do condutor;Colisão com objeto;Com Vítimas Fatais;Plena Noite;Decrescente;Céu Claro;Dupla;Reta;Sim;1;1;0;0;0;0;0;1;-23,51291902;-46,57604698;SPRF-SP;DEL01-SP;UOP01-DEL01-SP;false
528669.0;2023-06-10;sábado;23:50:00;SP;116.0;215;GUARULHOS;Reação tardia ou ineficiente do condutor;Colisão traseira;Com Vítimas Feridas;Plena Noite;Crescente;Céu Claro;Múltipla;Reta;Não;2;0;0;1;1;0;1;2;-23,44695693;-46,45394103;SPRF-SP;DEL01-SP;UOP01-DEL01-SP;false
528695.0;2023-06-11;domingo;03:00:00;SP;116.0;190;SANTA ISABEL;Ingestão de álcool pelo condutor;Colisão frontal;Com Vítimas Feridas;Plena Noite;Decrescente;Vento;Múltipla;Reta;Sim;2;0;1;0;1;0;1;2;-23,36821879;-46,23367409;SPRF-SP;DEL01-SP;UOP01-DEL01-SP;false
528751.0;2023-06-11;domingo;09:10:00;SP;381.0;61;MAIRIPORA;Reação tardia ou ineficiente do condutor;Colisão com objeto;Com Vítimas Feridas;Pleno dia;Crescente;Céu Claro;Dupla;"Declive;Em Obras              ";Não;3;0;3;0;0;0;3;1;-23,29011611;-46,5800681;SPRF-SP;DEL03-SP;UOP01-DEL03-SP;false
528760.0;2023-06-11;domingo;10:15:00;SP;381.0;25;BRAGANCA PAULISTA;Ausência de reação do condutor;Tombamento;Com Vítimas Feridas;Pleno dia;Decrescente;Céu Claro;Dupla;"Reta;Declive                  ";Não;2;0;2;0;0;0;2;1;-23,02018004;-46,52966596;SPRF-SP;DEL03-SP;UOP02-DEL03-SP;false
528767.0;2023-06-11;domingo;08:45:00;SP;116.0;95,7;PINDAMONHANGABA;Demais falhas mecânicas ou elétricas;Incêndio;Sem Vítimas;Pleno dia;Decrescente;Sol;Dupla;Reta;Não;1;0;0;0;1;0;0;1;-22,96514512;-45,43013094;SPRF-SP;DEL08-SP;UOP01-DEL08-SP;false
528771.0;2023-06-11;domingo;12:00:00;SP;381.0;58;MAIRIPORA;Reação tardia ou ineficiente do condutor;Colisão traseira;Com Vítimas Feridas;Pleno dia;Crescente;Céu Claro;Dupla;Reta;Não;3;0;1;0;2;0;1;2;-23,27438497;-46,58530615;SPRF-SP;DEL03-SP;UOP01-DEL03-SP;false
528783.0;2023-06-11;domingo;12:30:00;SP;116.0;61;GUARATINGUETA;Ausência de reação do condutor;Colisão traseira;Com Vítimas Feridas;Pleno dia;Crescente;Sol;Dupla;Reta;Não;5;0;1;0;4;0;1;4;-22,79763613;-45,1674588;SPRF-SP;DEL08-SP;UOP01-DEL08-SP;false
528797.0;2023-06-11;domingo;12:20:00;SP;116.0;67;GUARATINGUETA;Condutor deixou de manter distância do veículo da frente;Engavetamento;Com Vítimas Feridas;Pleno dia;Crescente;Céu Claro;Dupla;Reta;Sim;6;0;1;0;5;0;1;5;-22,82867578;-45,2088941;SPRF-SP;DEL08-SP;UOP01-DEL08-SP;false
528803.0;2023-06-11;domingo;13:30:00;SP;116.0;54;LORENA;Manobra de mudança de faixa;Colisão lateral mesmo sentido;Com Vítimas Feridas;Pleno dia;Crescente;Céu Claro;Dupla;Reta;Não;1;0;1;0;0;0;1;1;-22,75803895;-45,11508003;SPRF-SP;DEL08-SP;UOP02-DEL08-SP;false
528816.0;2023-06-11;domingo;15:16:00;SP;116.0;301;SAO LOURENCO DA SERRA;Reação tardia ou ineficiente do condutor;Queda de ocupante de veículo;Com Vítimas Feridas;Pleno dia;Crescente;Céu Claro;Dupla;Reta;Não;2;0;1;1;0;0;2;1;-23,81147602;-46,92298208;SPRF-SP;DEL04-SP;UOP01-DEL04-SP;false
528831.0;2023-06-11;domingo;15:10:00;SP;116.0;92;PINDAMONHANGABA;Reação tardia ou ineficiente do condutor;Colisão lateral mesmo sentido;Com Vítimas Feridas;Pleno dia;Crescente;Nublado;Dupla;"Reta;Retorno Regulamentado    ";Não;2;0;1;0;0;1;1;2;-22,95222732;-45,40443885;SPRF-SP;DEL08-SP;UOP01-DEL08-SP;false
528848.0;2023-06-11;domingo;18:00:00;SP;116.0;230;SAO PAULO;Acessar a via sem observar a presença dos outros veículos;Colisão lateral mesmo sentido;Com Vítimas Feridas;Anoitecer;Crescente;Céu Claro;Múltipla;Reta;Sim;3;0;2;0;1;0;2;2;-23,52251783;-46,5855702;SPRF-SP;DEL01-SP;UOP01-DEL01-SP;false
528854.0;2023-06-11;domingo;17:30:00;SP;116.0;68;APARECIDA;Demais falhas mecânicas ou elétricas;Tombamento;Com Vítimas Feridas;Anoitecer;Decrescente;Céu Claro;Dupla;Reta;Não;1;0;1;0;0;0;1;1;-22,83354783;-45,21713313;SPRF-SP;DEL08-SP;UOP01-DEL08-SP;false
528855.0;2023-06-11;domingo;18:00:00;SP;101.0;50;UBATUBA;Ultrapassagem Indevida;Colisão lateral mesmo sentido;Sem Vítimas;Plena Noite;Crescente;Céu Claro;Simples;Rotatória;Sim;3;0;0;0;3;0;0;2;-23,45018939;-45,07743735;SPRF-SP;DEL06-SP;UOP01-DEL06-SP;false
528884.0;2023-06-11;domingo;19:50:00;SP;116.0;154;SAO JOSE DOS CAMPOS;Trafegar com motocicleta (ou similar) entre as faixas;Colisão lateral mesmo sentido;Com Vítimas Feridas;Plena Noite;Crescente;Céu Claro;Múltipla;Reta;Sim;3;0;2;0;1;0;2;2;-23,23903999;-45,92061901;SPRF-SP;DEL02-SP;UOP01-DEL02-SP;false
528915.0;2023-06-11;domingo;22:10:00;SP;153.0;48,4;SAO JOSE DO RIO PRETO;Ingestão de álcool pelo condutor;Saída de leito carroçável;Com Vítimas Feridas;Plena Noite;Crescente;Céu Claro;Simples;"Reta;Aclive                   ";Não;2;0;1;0;1;0;1;1;-20,694845;-49,339625;SPRF-SP;DEL09-SP;UOP01-DEL09-SP;false
528927.0;2023-06-08;quinta-feira;04:40:00;SP;116.0;154;SAO JOSE DOS CAMPOS;Reação tardia ou ineficiente do condutor;Colisão com objeto;Sem Vítimas;Plena Noite;Decrescente;Nevoeiro/Neblina;Dupla;Reta;Sim;1;0;0;0;0;1;0;1;-23,23903999;-45,92061901;SPRF-SP;DEL02-SP;UOP01-DEL02-SP;false
528954.0;2023-06-12;segunda-feira;04:55:00;SP;116.0;284;EMBU DAS ARTES;Reação tardia ou ineficiente do condutor;Queda de ocupante de veículo;Com Vítimas Feridas;Plena Noite;Crescente;Ignorado;Múltipla;Reta;Não;1;0;0;1;0;0;1;1;-23,69998;-46,867767;SPRF-SP;DEL04-SP;UOP01-DEL04-SP;false
528969.0;2023-06-12;segunda-feira;06:45:00;SP;116.0;226;GUARULHOS;Avarias e/ou desgaste excessivo no pneu;Queda de ocupante de veículo;Com Vítimas Feridas;Pleno dia;Decrescente;Céu Claro;Múltipla;Reta;Não;2;0;1;0;1;0;1;1;-23,49102507;-46,54878195;SPRF-SP;DEL01-SP;UOP01-DEL01-SP;false
528999.0;2023-06-12;segunda-feira;08:00:00;SP;116.0;139;SAO JOSE DOS CAMPOS;Ausência de reação do condutor;Colisão traseira;Com Vítimas Feridas;Pleno dia;Crescente;Céu Claro;Dupla;Reta;Não;2;0;1;0;1;0;1;2;-23,16153216;-45,80400592;SPRF-SP;DEL02-SP;UOP01-DEL02-SP;false
529008.0;2023-06-12;segunda-feira;08:00:00;SP;116.0;279;EMBU DAS ARTES;Reação tardia ou ineficiente do condutor;Colisão lateral mesmo sentido;Com Vítimas Feridas;Pleno dia;Crescente;Céu Claro;Dupla;Curva;Sim;3;0;1;0;2;0;1;2;-23,66233697;-46,85292907;SPRF-SP;DEL04-SP;UOP01-DEL04-SP;false
529019.0;2023-06-12;segunda-feira;09:20:00;SP;101.0;29,6;UBATUBA;Conversão proibida;Colisão traseira;Com Vítimas Feridas;Pleno dia;Crescente;Sol;Simples;Reta;Não;3;0;2;0;1;0;2;2;-23,37341522;-44,96219491;SPRF-SP;DEL06-SP;UOP01-DEL06-SP;false
529021.0;2023-06-12;segunda-feira;08:00:00;SP;459.0;27,5;LORENA;Avarias e/ou desgaste excessivo no pneu;Queda de ocupante de veículo;Com Vítimas Feridas;Pleno dia;Crescente;Céu Claro;Simples;Reta;Não;2;0;2;0;0;0;2;1;-22,701632;-45,118095;SPRF-SP;DEL08-SP;UOP02-DEL08-SP;false
529039.0;2023-06-12;segunda-feira;11:15:00;SP;116.0;221;GUARULHOS;Trafegar com motocicleta (ou similar) entre as faixas;Colisão traseira;Com Vítimas Feridas;Pleno dia;Crescente;Céu Claro;Múltipla;Reta;Sim;3;0;0;1;2;0;1;2;-23,46802395;-46,50704901;SPRF-SP;DEL01-SP;UOP01-DEL01-SP;false
529070.0;2023-06-12;segunda-feira;14:03:00;SP;381.0;3;VARGEM;Reação tardia ou ineficiente do condutor;Saída de leito carroçável;Com Vítimas Feridas;Pleno dia;Crescente;Céu Claro;Dupla;"Reta;Declive                  ";Não;1;0;1;0;0;0;1;1;-22,87841483;-46,39917107;SPRF-SP;DEL03-SP;UOP02-DEL03-SP;false
529072.0;2023-06-12;segunda-feira;14:40:00;SP;116.0;223;GUARULHOS;Reação tardia ou ineficiente do condutor;Queda de ocupante de veículo;Com Vítimas Feridas;Pleno dia;Crescente;Céu Claro;Múltipla;Reta;Sim;2;0;1;0;1;0;1;2;-23,47559815;-46,5246609;SPRF-SP;DEL01-SP;UOP01-DEL01-SP;false
529080.0;2023-06-12;segunda-feira;15:30:00;SP;116.0;157;JACAREI;Objeto estático sobre o leito carroçável;Tombamento;Com Vítimas Feridas;Pleno dia;Decrescente;Céu Claro;Dupla;"Reta;Aclive                   ";Não;1;0;1;0;0;0;1;1;-23,25558031;-45,9437828;SPRF-SP;DEL02-SP;UOP01-DEL02-SP;false
529091.0;2023-06-12;segunda-feira;15:40:00;SP;381.0;65;MAIRIPORA;Mal súbito do condutor;Colisão com objeto;Sem Vítimas;Pleno dia;Decrescente;Sol;Múltipla;Reta;Não;1;0;0;0;1;0;0;1;-23,316547;-46,58251;SPRF-SP;DEL03-SP;UOP01-DEL03-SP;false
529127.0;2023-06-12;segunda-feira;18:45:00;SP;101.0;11;UBATUBA;Avarias e/ou desgaste excessivo no pneu;Tombamento;Com Vítimas Feridas;Plena Noite;Decrescente;Céu Claro;Dupla;Reta;Não;2;0;2;0;0;0;2;1;-23,35410133;-44,84918112;SPRF-SP;DEL06-SP;UOP01-DEL06-SP;false
529135.0;2023-06-12;segunda-feira;19:30:00;SP;116.0;226;GUARULHOS;Ausência de reação do condutor;Engavetamento;Com Vítimas Feridas;Plena Noite;Decrescente;Vento;Dupla;Declive;Sim;5;0;1;0;2;2;1;5;-23,49102507;-46,54878195;SPRF-SP;DEL01-SP;UOP01-DEL01-SP;false
529167.0;2023-06-13;terça-feira;03:40:00;SP;116.0;506;CAJATI;Condutor Dormindo;Capotamento;Com Vítimas Feridas;Plena Noite;Decrescente;Garoa/Chuvisco;Dupla;Reta;Não;1;0;1;0;0;0;1;1;-24,79704815;-48,2145174;SPRF-SP;DEL05-SP;UOP02-DEL05-SP;false
529171.0;2023-06-13;terça-feira;06:30:00;SP;116.0;382;MIRACATU;Demais falhas mecânicas ou elétricas;Incêndio;Sem Vítimas;Amanhecer;Decrescente;Garoa/Chuvisco;Dupla;Curva;Não;1;0;0;0;1;0;0;1;-24,233543;-47,36028094;SPRF-SP;DEL04-SP;UOP02-DEL04-SP;false
529185.0;2023-06-13;terça-feira;07:00:00;SP;153.0;25,5;NOVA GRANADA;Ausência de reação do condutor;Tombamento;Com Vítimas Feridas;Amanhecer;Crescente;Nublado;Simples;Curva;Não;1;0;1;0;0;0;1;1;-20,5009771;-49,32004582;SPRF-SP;DEL09-SP;UOP01-DEL09-SP;false
529201.0;2023-06-13;terça-feira;08:30:00;SP;153.0;62;SAO JOSE DO RIO PRETO;Condutor deixou de manter distância do veículo da frente;Colisão lateral mesmo sentido;Com Vítimas Feridas;Pleno dia;Crescente;Céu Claro;Dupla;Reta;Sim;2;0;2;0;0;0;2;2;-20,81325404;-49,35675563;SPRF-SP;DEL09-SP;UOP01-DEL09-SP;false
529221.0;2023-06-13;terça-feira;09:30:00;SP;116.0;488;CAJATI;Reação tardia ou ineficiente do condutor;Saída de leito carroçável;Com Vítimas Feridas;Pleno dia;Crescente;Chuva;Dupla;Curva;Sim;2;0;1;1;0;0;2;1;-24,73097634;-48,09815591;SPRF-SP;DEL05-SP;UOP01-DEL05-SP;false
529225.0;2023-06-13;terça-feira;08:50:00;SP;116.0;326;JUQUITIBA;Chuva;Colisão com objeto;Com Vítimas Feridas;Pleno dia;Decrescente;Chuva;Dupla;Curva;Não;1;0;1;0;0;0;1;1;-23,93901304;-47,06241203;SPRF-SP;DEL04-SP;UOP03-DEL04-SP;false
529305.0;2023-06-13;terça-feira;19:18:00;SP;116.0;230;SAO PAULO;Reação tardia ou ineficiente do condutor;Colisão traseira;Sem Vítimas;Plena Noite;Decrescente;Garoa/Chuvisco;Múltipla;Reta;Sim;2;0;0;0;2;0;0;2;-23,52251783;-46,5855702;SPRF-SP;DEL01-SP;UOP01-DEL01-SP;false
529362.0;2023-06-14;quarta-feira;06:30:00;SP;116.0;143;SAO JOSE DOS CAMPOS;Ausência de reação do condutor;Colisão traseira;Com Vítimas Feridas;Amanhecer;Crescente;Garoa/Chuvisco;Dupla;Reta;Sim;5;0;2;0;3;0;2;3;-23,17849879;-45,83787411;SPRF-SP;DEL02-SP;UOP01-DEL02-SP;false
529371.0;2023-06-14;quarta-feira;06:20:00;SP;381.0;88;GUARULHOS;Acumulo de água sobre o pavimento;Colisão com objeto;Sem Vítimas;Pleno dia;Decrescente;Chuva;Múltipla;Reta;Sim;1;0;0;0;1;0;0;1;-23,47469314;-46,56112919;SPRF-SP;DEL03-SP;UOP01-DEL03-SP;false
529394.0;2023-06-14;quarta-feira;08:50:00;SP;116.0;155;SAO JOSE DOS CAMPOS;Condutor deixou de manter distância do veículo da frente;Colisão traseira;Com Vítimas Feridas;Pleno dia;Decrescente;Chuva;Múltipla;Aclive;Não;6;0;2;0;3;1;2;5;-23,24524337;-45,92772774;SPRF-SP;DEL02-SP;UOP01-DEL02-SP;false
529411.0;2023-06-14;quarta-feira;11:00:00;SP;116.0;227;GUARULHOS;Ausência de reação do condutor;Colisão lateral mesmo sentido;Com Vítimas Feridas;Pleno dia;Crescente;Nublado;Múltipla;Reta;Sim;3;0;1;0;2;0;1;3;-23,49659264;-46,55648754;SPRF-SP;DEL01-SP;UOP01-DEL01-SP;false
529428.0;2023-06-14;quarta-feira;12:45:00;SP;381.0;82;SAO PAULO;Ausência de reação do condutor;Engavetamento;Com Vítimas Feridas;Pleno dia;Crescente;Chuva;Múltipla;Reta;Sim;3;0;1;0;2;0;1;3;-23,42399;-46,575112;SPRF-SP;DEL03-SP;UOP01-DEL03-SP;false
529437.0;2023-06-14;quarta-feira;13:20:00;SP;101.0;50;UBATUBA;Acessar a via sem observar a presença dos outros veículos;Colisão transversal;Com Vítimas Feridas;Pleno dia;Decrescente;Garoa/Chuvisco;Simples;Reta;Sim;2;0;1;0;1;0;1;2;-23,45018939;-45,07743735;SPRF-SP;DEL06-SP;UOP01-DEL06-SP;false
529456.0;2023-06-14;quarta-feira;15:30:00;SP;116.0;514;CAJATI;Ausência de reação do condutor;Colisão com objeto;Com Vítimas Feridas;Pleno dia;Decrescente;Garoa/Chuvisco;Dupla;"Declive;Curva                 ";Não;2;0;2;0;0;0;2;1;-24,85874304;-48,21731282;SPRF-SP;DEL05-SP;UOP02-DEL05-SP;false
529473.0;2023-06-14;quarta-feira;16:10:00;SP;381.0;74;SAO PAULO;Velocidade Incompatível;Capotamento;Com Vítimas Feridas;Pleno dia;Decrescente;Chuva;Múltipla;"Aclive;Curva                  ";Não;1;0;1;0;0;0;1;1;-23,37208014;-46,55700294;SPRF-SP;DEL03-SP;UOP01-DEL03-SP;false
529474.0;2023-06-14;quarta-feira;12:30:00;SP;381.0;54;MAIRIPORA;Reação tardia ou ineficiente do condutor;Colisão com objeto;Com Vítimas Feridas;Pleno dia;Decrescente;Garoa/Chuvisco;Dupla;Reta;Não;2;0;1;0;1;0;1;1;-23,2449074;-46,59562343;SPRF-SP;DEL03-SP;UOP01-DEL03-SP;false
529550.0;2023-06-15;quinta-feira;02:40:00;SP;116.0;440;REGISTRO;Velocidade Incompatível;Saída de leito carroçável;Sem Vítimas;Plena Noite;Decrescente;Céu Claro;Dupla;Reta;Sim;4;0;0;0;3;1;0;2;-24,46159507;-47,81713991;SPRF-SP;DEL05-SP;UOP01-DEL05-SP;false
529558.0;2023-06-15;quinta-feira;07:20:00;SP;116.0;209;GUARULHOS;Reação tardia ou ineficiente do condutor;Colisão lateral mesmo sentido;Com Vítimas Feridas;Pleno dia;Decrescente;Garoa/Chuvisco;Múltipla;Reta;Sim;3;0;2;0;1;0;2;2;-23,42511799;-46,40221101;SPRF-SP;DEL01-SP;UOP01-DEL01-SP;false
529564.0;2023-06-15;quinta-feira;07:30:00;SP;116.0;158;JACAREI;Mal súbito do condutor;Capotamento;Com Vítimas Fatais;Pleno dia;Decrescente;Céu Claro;Simples;Aclive;Não;2;1;0;0;0;1;0;2;-23,26072137;-45,95179176;SPRF-SP;DEL02-SP;UOP01-DEL02-SP;false
529568.0;2023-06-15;quinta-feira;08:00:00;SP;116.0;424;JUQUIA;Pista Escorregadia;Queda de ocupante de veículo;Com Vítimas Feridas;Pleno dia;Decrescente;Chuva;Dupla;Reta;Não;2;0;1;0;1;0;1;1;-24,3736589;-47,70692922;SPRF-SP;DEL05-SP;UOP01-DEL05-SP;false
529611.0;2023-06-15;quinta-feira;10:42:00;SP;381.0;71;MAIRIPORA;Pista Escorregadia;Queda de ocupante de veículo;Com Vítimas Feridas;Pleno dia;Decrescente;Chuva;Múltipla;"Curva;Declive                 ";Não;1;0;1;0;0;0;1;1;-23,35047979;-46,55267274;SPRF-SP;DEL03-SP;UOP01-DEL03-SP;false
529622.0;2023-06-15;quinta-feira;11:30:00;SP;381.0;76;SAO PAULO;Pista Escorregadia;Colisão frontal;Com Vítimas Feridas;Pleno dia;Crescente;Chuva;Múltipla;"Curva;Declive                 ";Não;2;0;2;0;0;0;2;1;-23,38372401;-46,56502116;SPRF-SP;DEL03-SP;UOP01-DEL03-SP;false
529635.0;2023-06-15;quinta-feira;14:50:00;SP;116.0;448;REGISTRO;Reação tardia ou ineficiente do condutor;Colisão traseira;Com Vítimas Feridas;Pleno dia;Decrescente;Chuva;Dupla;Reta;Não;3;0;1;0;2;0;1;2;-24,52099699;-47,85336602;SPRF-SP;DEL05-SP;UOP01-DEL05-SP;false
529646.0;2023-06-15;quinta-feira;16:00:00;SP;116.0;220;GUARULHOS;Reação tardia ou ineficiente do condutor;Queda de ocupante de veículo;Com Vítimas Feridas;Anoitecer;Decrescente;Chuva;Múltipla;Reta;Não;1;0;1;0;0;0;1;1;-23,46472809;-46,49793962;SPRF-SP;DEL01-SP;UOP01-DEL01-SP;false
529652.0;2023-06-15;quinta-feira;14:45:00;SP;116.0;561;BARRA DO TURVO;Reação tardia ou ineficiente do condutor;Capotamento;Com Vítimas Feridas;Pleno dia;Crescente;Nublado;Simples;Curva;Não;2;0;1;0;1;0;1;1;-25,02045097;-48,51586004;SPRF-SP;DEL05-SP;UOP02-DEL05-SP;false
529668.0;2023-06-15;quinta-feira;18:50:00;SP;153.0;60,7;SAO JOSE DO RIO PRETO;Condutor deixou de manter distância do veículo da frente;Colisão traseira;Com Vítimas Feridas;Anoitecer;Crescente;Garoa/Chuvisco;Dupla;"Declive;Reta                  ";Sim;2;0;1;0;1;0;1;2;-20,79637899;-49,35504913;SPRF-SP;DEL09-SP;UOP01-DEL09-SP;false
529678.0;2023-06-15;quinta-feira;19:00:00;SP;153.0;66;SAO JOSE DO RIO PRETO;Demais falhas mecânicas ou elétricas;Incêndio;Sem Vítimas;Plena Noite;Crescente;Garoa/Chuvisco;Dupla;Curva;Não;1;0;0;0;1;0;0;1;-20,84208514;-49,37074279;SPRF-SP;DEL09-SP;UOP01-DEL09-SP;false
529692.0;2023-06-15;quinta-feira;20:30:00;SP;116.0;227,2;SAO PAULO;Pista Escorregadia;Tombamento;Com Vítimas Feridas;Plena Noite;Decrescente;Garoa/Chuvisco;Múltipla;Reta;Sim;1;0;1;0;0;0;1;1;-23,49659264;-46,55648754;SPRF-SP;DEL01-SP;UOP01-DEL01-SP;false
529699.0;2023-06-15;quinta-feira;19:30:00;SP;116.0;211;GUARULHOS;Trafegar com motocicleta (ou similar) entre as faixas;Colisão lateral mesmo sentido;Com Vítimas Feridas;Plena Noite;Decrescente;Chuva;Múltipla;Reta;Sim;2;0;1;0;1;0;1;2;-23,42870023;-46,41085991;SPRF-SP;DEL01-SP;UOP01-DEL01-SP;false
529727.0;2023-06-16;sexta-feira;02:30:00;SP;116.0;211;GUARULHOS;Reação tardia ou ineficiente do condutor;Colisão traseira;Com Vítimas Feridas;Plena Noite;Crescente;Garoa/Chuvisco;Dupla;Reta;Sim;3;0;2;0;1;0;2;2;-23,4324306;-46,4194352;SPRF-SP;DEL01-SP;UOP01-DEL01-SP;false
529732.0;2023-06-16;sexta-feira;04:40:00;SP;381.0;85,5;GUARULHOS;Pista esburacada;Queda de ocupante de veículo;Com Vítimas Feridas;Plena Noite;Crescente;Chuva;Dupla;Reta;Sim;1;0;1;0;0;0;1;1;-23,449343;-46,56983501;SPRF-SP;DEL03-SP;UOP01-DEL03-SP;false
529763.0;2023-06-16;sexta-feira;07:00:00;SP;116.0;270,8;TABOAO DA SERRA;Ingestão de álcool pelo condutor;Colisão traseira;Sem Vítimas;Amanhecer;Decrescente;Céu Claro;Múltipla;Reta;Sim;2;0;0;0;2;0;0;2;-23,61799728;-46,79677694;SPRF-SP;DEL04-SP;UOP01-DEL04-SP;false
529778.0;2023-06-16;sexta-feira;08:46:00;SP;116.0;53,2;LORENA;Trafegar com motocicleta (ou similar) entre as faixas;Tombamento;Com Vítimas Feridas;Pleno dia;Crescente;Nublado;Dupla;Reta;Não;1;0;0;1;0;0;1;1;-22,75255433;-45,10741076;SPRF-SP;DEL08-SP;UOP02-DEL08-SP;false
529782.0;2023-06-16;sexta-feira;09:00:00;SP;116.0;158;SAO JOSE DOS CAMPOS;Reação tardia ou ineficiente do condutor;Colisão traseira;Com Vítimas Feridas;Pleno dia;Decrescente;Nublado;Dupla;"Aclive;Reta                   ";Não;2;0;0;1;1;0;1;2;-23,26072137;-45,95179176;SPRF-SP;DEL02-SP;UOP01-DEL02-SP;false
529831.0;2023-05-15;segunda-feira;19:00:00;SP;116.0;104,2;TAUBATE;Entrada inopinada do pedestre;Atropelamento de Pedestre;Com Vítimas Feridas;Plena Noite;Crescente;Céu Claro;Dupla;"Reta;Aclive                   ";Não;2;0;0;1;0;1;1;2;-23,00340176;-45,50626912;SPRF-SP;DEL02-SP;UOP02-DEL02-SP;false
529874.0;2023-06-16;sexta-feira;17:40:00;SP;116.0;157,5;SAO JOSE DOS CAMPOS;Ausência de reação do condutor;Tombamento;Com Vítimas Feridas;Anoitecer;Decrescente;Nublado;Simples;Reta;Não;1;0;1;0;0;0;1;1;-23,25558031;-45,9437828;SPRF-SP;DEL02-SP;UOP01-DEL02-SP;false
529890.0;2023-06-16;sexta-feira;18:30:00;SP;116.0;94,7;PINDAMONHANGABA;Ausência de reação do condutor;Colisão lateral mesmo sentido;Com Vítimas Feridas;Plena Noite;Crescente;Céu Claro;Dupla;Reta;Não;2;0;1;0;1;0;1;2;-23,00774236;-45,39152527;SPRF-SP;DEL08-SP;UOP01-DEL08-SP;false
529931.0;2023-06-16;sexta-feira;21:10:00;SP;116.0;403;MIRACATU;Reação tardia ou ineficiente do condutor;Tombamento;Com Vítimas Feridas;Plena Noite;Crescente;Nublado;Dupla;Reta;Não;3;0;1;1;0;1;2;2;-24,31697929;-47,52798687;SPRF-SP;DEL04-SP;UOP02-DEL04-SP;false
529945.0;2023-06-17;sábado;00:05:00;SP;116.0;18,5;LAVRINHAS;Ingestão de álcool pelo condutor;Capotamento;Com Vítimas Feridas;Plena Noite;Decrescente;Nublado;Dupla;Reta;Não;2;0;1;0;1;0;1;1;-22,5584158;-44,85667011;SPRF-SP;DEL08-SP;UOP02-DEL08-SP;false
529949.0;2023-06-17;sábado;00:10:00;SP;381.0;37;ATIBAIA;Ausência de reação do condutor;Colisão lateral mesmo sentido;Com Vítimas Feridas;Plena Noite;Decrescente;Nevoeiro/Neblina;Dupla;"Aclive;Reta                   ";Sim;2;0;1;0;1;0;1;2;-23,10506237;-46,56881577;SPRF-SP;DEL03-SP;UOP01-DEL03-SP;false
529958.0;2023-06-17;sábado;02:50:00;SP;116.0;210;GUARULHOS;Reação tardia ou ineficiente do condutor;Colisão com objeto;Com Vítimas Feridas;Plena Noite;Decrescente;Céu Claro;Múltipla;Reta;Sim;1;0;1;0;0;0;1;1;-23,42870023;-46,41085991;SPRF-SP;DEL01-SP;UOP01-DEL01-SP;false