id;data_inversa;dia_semana;horario;uf;br;km;municipio;causa_acidente;tipo_acidente;classificacao_acidente;fase_dia;sentido_via;condicao_metereologica;tipo_pista;tracado_via;uso_solo;pessoas;mortos;feridos_leves;feridos_graves;ilesos;ignorados;feridos;veiculos;latitude;longitude;regional;delegacia;uop;feriado
536624.0;2023-07-18;terça-feira;08:46:00;SP;153.0;211,5;GUAIMBE;Ultrapassagem Indevida;Colisão lateral mesmo sentido;Sem Vítimas;Pleno dia;Crescente;Céu Claro;Simples;Reta;Não;3;0;0;0;2;1;0;2;-21,9203084;-49,9165739;SPRF-SP;DEL07-SP;UOP02-DEL07-SP;false
536633.0;2023-07-18;terça-feira;12:00:00;SP;116.0;219;GUARULHOS;Reação tardia ou ineficiente do condutor;Colisão traseira;Com Vítimas Feridas;Pleno dia;Crescente;Nublado;Dupla;Interseção de Vias;Não;2;0;1;0;1;0;1;2;-23,45808916;-46,4907074;SPRF-SP;DEL01-SP;UOP01-DEL01-SP;false
536651.0;2023-07-18;terça-feira;13:30:00;SP;116.0;107;TAUBATE;Reação tardia ou ineficiente do condutor;Queda de ocupante de veículo;Com Vítimas Feridas;Pleno dia;Crescente;Garoa/Chuvisco;Dupla;Reta;Não;1;0;1;0;0;0;1;1;-23,01791287;-45,53009409;SPRF-SP;DEL02-SP;UOP02-DEL02-SP;false
536658.0;2023-07-18;terça-feira;13:35:00;SP;381.0;68;SAO PAULO;Condutor Dormindo;Saída de leito carroçável;Sem Vítimas;Pleno dia;Decrescente;Garoa/Chuvisco;Múltipla;"Declive;Reta                  ";Não;1;0;0;0;1;0;0;1;-23,34043796;-46,57433588;SPRF-SP;DEL03-SP;UOP01-DEL03-SP;false
536665.0;2023-07-18;terça-feira;13:30:00;SP;116.0;362;MIRACATU;Velocidade Incompatível;Colisão com objeto;Com Vítimas Feridas;Pleno dia;Crescente;Chuva;Dupla;Curva;Não;2;0;1;0;1;0;1;1;-24,1220177;-47,27047772;SPRF-SP;DEL04-SP;UOP03-DEL04-SP;false
536673.0;2023-07-18;terça-feira;15:30:00;SP;116.0;200;ARUJA;Reação tardia ou ineficiente do condutor;Colisão lateral mesmo sentido;Com Vítimas Feridas;Pleno dia;Crescente;Nublado;Múltipla;Reta;Não;4;0;0;1;3;0;1;2;-23,40281294;-46,3211;SPRF-SP;DEL01-SP;UOP01-DEL01-SP;false
536688.0;2023-07-18;terça-feira;17:00:00;SP;116.0;215;GUARULHOS;Reação tardia ou ineficiente do condutor;Colisão traseira;Com Vítimas Feridas;Anoitecer;Decrescente;Céu Claro;Dupla;Reta;Sim;4;0;3;0;1;0;3;3;-23,44695693;-46,45394103;SPRF-SP;DEL01-SP;UOP01-DEL01-SP;false
536695.0;2023-07-18;terça-feira;18:30:00;SP;116.0;228;SAO PAULO;Pedestre andava na pista;Atropelamento de Pedestre;Com Vítimas Feridas;Plena Noite;Crescente;Céu Claro;Simples;Reta;Sim;2;0;1;0;1;0;1;2;-23,50343484;-46,56638712;SPRF-SP;DEL01-SP;UOP01-DEL01-SP;false
536698.0;2023-07-18;terça-feira;18:00:00;SP;116.0;157;SAO JOSE DOS CAMPOS;Ingestão de álcool pelo condutor;Colisão traseira;Com Vítimas Feridas;Plena Noite;Crescente;Nublado;Múltipla;Reta;Sim;2;0;1;0;1;0;1;2;-23,25558031;-45,9437828;SPRF-SP;DEL02-SP;UOP01-DEL02-SP;false
536705.0;2023-07-18;terça-feira;17:50:00;SP;116.0;270,6;TABOAO DA SERRA;Ausência de reação do condutor;Engavetamento;Com Vítimas Feridas;Plena Noite;Crescente;Céu Claro;Dupla;Reta;Sim;4;0;2;0;2;0;2;3;-23,61789535;-46,79701746;SPRF-SP;DEL04-SP;UOP01-DEL04-SP;false
536713.0;2023-07-18;terça-feira;19:40:00;SP;116.0;219;GUARULHOS;Trafegar com motocicleta (ou similar) entre as faixas;Colisão lateral mesmo sentido;Com Vítimas Feridas;Plena Noite;Decrescente;Céu Claro;Simples;Reta;Sim;3;0;1;0;1;1;1;3;-23,46143954;-46,48885316;SPRF-SP;DEL01-SP;UOP01-DEL01-SP;false
536723.0;2023-07-18;terça-feira;19:52:00;SP;116.0;538;BARRA DO TURVO;Reação tardia ou ineficiente do condutor;Colisão com objeto;Com Vítimas Feridas;Plena Noite;Crescente;Chuva;Simples;"Declive;Curva                 ";Não;1;0;1;0;0;0;1;1;-24,97172153;-48,37309592;SPRF-SP;DEL05-SP;UOP02-DEL05-SP;false
536762.0;2023-07-19;quarta-feira;08:00:00;SP;116.0;226;GUARULHOS;Reação tardia ou ineficiente do condutor;Colisão traseira;Com Vítimas Feridas;Pleno dia;Crescente;Céu Claro;Múltipla;Aclive;Sim;2;0;1;0;0;1;1;2;-23,49102507;-46,54878195;SPRF-SP;DEL01-SP;UOP01-DEL01-SP;false
536777.0;2023-07-19;quarta-feira;09:00:00;SP;153.0;280;LUPERCIO;Ausência de reação do condutor;Colisão lateral mesmo sentido;Sem Vítimas;Pleno dia;Decrescente;Céu Claro;Simples;Reta;Não;4;0;0;0;4;0;0;2;-22,41321412;-49,86091715;SPRF-SP;DEL07-SP;UOP02-DEL07-SP;false
536796.0;2023-07-19;quarta-feira;11:40:00;SP;116.0;279;EMBU DAS ARTES;Ausência de reação do condutor;Tombamento;Com Vítimas Feridas;Pleno dia;Crescente;Nublado;Dupla;Reta;Sim;1;0;1;0;0;0;1;1;-23,66233697;-46,85292907;SPRF-SP;DEL04-SP;UOP01-DEL04-SP;false
536858.0;2023-07-19;quarta-feira;18:25:00;SP;381.0;23;BRAGANCA PAULISTA;Reação tardia ou ineficiente do condutor;Engavetamento;Com Vítimas Feridas;Plena Noite;Crescente;Céu Claro;Dupla;"Reta;Declive;Em Obras         ";Não;9;0;2;0;7;0;2;6;-23,005493;-46,520937;SPRF-SP;DEL03-SP;UOP02-DEL03-SP;false
536939.0;2023-07-20;quinta-feira;08:00:00;SP;116.0;273;TABOAO DA SERRA;Objeto estático sobre o leito carroçável;Colisão com objeto;Com Vítimas Feridas;Pleno dia;Crescente;Nublado;Simples;Curva;Sim;2;0;2;0;0;0;2;1;-23,62809795;-46,81870306;SPRF-SP;DEL04-SP;UOP01-DEL04-SP;false
536957.0;2023-07-20;quinta-feira;10:10:00;SP;116.0;225;GUARULHOS;Velocidade Incompatível;Colisão lateral mesmo sentido;Com Vítimas Feridas;Pleno dia;Crescente;Céu Claro;Múltipla;Reta;Sim;2;0;1;0;1;0;1;2;-23,48586772;-46,54075317;SPRF-SP;DEL01-SP;UOP01-DEL01-SP;false
537017.0;2023-07-20;quinta-feira;16:47:00;SP;116.0;105,8;TAUBATE;Trafegar com motocicleta (ou similar) entre as faixas;Colisão traseira;Com Vítimas Feridas;Pleno dia;Decrescente;Céu Claro;Dupla;Reta;Não;3;0;1;0;2;0;1;2;-23,00757973;-45,51466613;SPRF-SP;DEL08-SP;UOP01-DEL08-SP;false
537018.0;2023-07-20;quinta-feira;13:55:00;SP;116.0;515;CAJATI;Pista Escorregadia;Saída de leito carroçável;Com Vítimas Feridas;Pleno dia;Decrescente;Chuva;Simples;"Curva;Declive                 ";Não;5;0;1;0;4;0;1;2;-24,86704083;-48,21738184;SPRF-SP;DEL05-SP;UOP02-DEL05-SP;false
537045.0;2023-07-20;quinta-feira;17:30:00;SP;381.0;58;MAIRIPORA;Manobra de mudança de faixa;Queda de ocupante de veículo;Com Vítimas Feridas;Anoitecer;Crescente;Céu Claro;Dupla;Reta;Não;2;0;1;0;1;0;1;2;-23,27438497;-46,58530615;SPRF-SP;DEL03-SP;UOP01-DEL03-SP;false
537060.0;2023-07-20;quinta-feira;21:00:00;SP;381.0;43;ATIBAIA;Transitar no Acostamento;Atropelamento de Pedestre;Com Vítimas Feridas;Plena Noite;Decrescente;Céu Claro;Múltipla;Reta;Sim;3;0;0;2;1;0;2;2;-23,15597105;-46,5740155;SPRF-SP;DEL03-SP;UOP01-DEL03-SP;false
537065.0;2023-07-20;quinta-feira;21:30:00;SP;116.0;34,7;CACHOEIRA PAULISTA;Reação tardia ou ineficiente do condutor;Colisão traseira;Com Vítimas Feridas;Plena Noite;Decrescente;Céu Claro;Dupla;Curva;Não;3;0;2;0;1;0;2;2;-22,65447396;-44,95940103;SPRF-SP;DEL08-SP;UOP02-DEL08-SP;false
537079.0;2023-07-20;quinta-feira;19:40:00;SP;116.0;521;CAJATI;Pista Escorregadia;Saída de leito carroçável;Com Vítimas Feridas;Plena Noite;Decrescente;Chuva;Simples;"Curva;Declive                 ";Não;2;0;1;1;0;0;2;1;-24,8997218;-48,24745938;SPRF-SP;DEL05-SP;UOP02-DEL05-SP;false
537083.0;2023-07-21;sexta-feira;05:00:00;SP;116.0;158;SAO JOSE DOS CAMPOS;Ausência de reação do condutor;Colisão traseira;Sem Vítimas;Amanhecer;Crescente;Céu Claro;Dupla;Declive;Sim;2;0;0;0;2;0;0;2;-23,26072137;-45,95179176;SPRF-SP;DEL02-SP;UOP01-DEL02-SP;false
537098.0;2023-07-21;sexta-feira;06:30:00;SP;116.0;448;REGISTRO;Ausência de reação do condutor;Colisão traseira;Com Vítimas Feridas;Amanhecer;Decrescente;Céu Claro;Múltipla;Reta;Não;2;0;0;1;0;1;1;2;-24,52099699;-47,85336602;SPRF-SP;DEL05-SP;UOP01-DEL05-SP;false
537101.0;2023-07-21;sexta-feira;07:40:00;SP;116.0;274;TABOAO DA SERRA;Frear bruscamente;Colisão traseira;Com Vítimas Feridas;Pleno dia;Crescente;Céu Claro;Dupla;Reta;Sim;3;0;2;0;1;0;2;2;-23,63445084;-46,82418514;SPRF-SP;DEL04-SP;UOP01-DEL04-SP;false
537104.0;2023-07-21;sexta-feira;08:00:00;SP;116.0;112;TAUBATE;Condutor deixou de manter distância do veículo da frente;Colisão traseira;Com Vítimas Feridas;Pleno dia;Decrescente;Sol;Dupla;Reta;Sim;2;0;1;0;1;0;1;2;-23,04159343;-45,57065616;SPRF-SP;DEL02-SP;UOP02-DEL02-SP;false
537132.0;2023-07-21;sexta-feira;10:20:00;SP;381.0;81;SAO PAULO;Demais falhas mecânicas ou elétricas;Incêndio;Sem Vítimas;Pleno dia;Decrescente;Sol;Dupla;Reta;Não;2;0;0;0;2;0;0;1;-23,41704481;-46,58022057;SPRF-SP;DEL03-SP;UOP01-DEL03-SP;false
537143.0;2023-07-21;sexta-feira;10:10:00;SP;116.0;218;GUARULHOS;Manobra de mudança de faixa;Colisão lateral mesmo sentido;Com Vítimas Feridas;Pleno dia;Crescente;Céu Claro;Múltipla;Declive;Sim;2;0;0;1;1;0;1;2;-23,457972;-46,479927;SPRF-SP;DEL01-SP;UOP01-DEL01-SP;false
537221.0;2023-07-21;sexta-feira;17:20:00;SP;116.0;148;SAO JOSE DOS CAMPOS;Condutor deixou de manter distância do veículo da frente;Colisão lateral mesmo sentido;Com Vítimas Feridas;Anoitecer;Decrescente;Céu Claro;Dupla;Reta;Sim;1;0;1;0;0;0;1;1;-23,20067421;-45,8795018;SPRF-SP;DEL02-SP;UOP01-DEL02-SP;false
537227.0;2023-07-21;sexta-feira;18:20:00;SP;116.0;214;GUARULHOS;Ausência de reação do condutor;Colisão com objeto;Com Vítimas Feridas;Plena Noite;Crescente;Céu Claro;Dupla;Reta;Não;2;0;0;1;0;1;1;2;-23,44333014;-46,44531294;SPRF-SP;DEL01-SP;UOP01-DEL01-SP;false
537233.0;2023-07-21;sexta-feira;18:00:00;SP;116.0;105;TAUBATE;Reação tardia ou ineficiente do condutor;Colisão traseira;Com Vítimas Feridas;Anoitecer;Decrescente;Céu Claro;Dupla;Reta;Não;2;0;1;0;1;0;1;2;-23,00757973;-45,51466613;SPRF-SP;DEL02-SP;UOP02-DEL02-SP;false
537234.0;2023-07-21;sexta-feira;18:10:00;SP;381.0;57;MAIRIPORA;Condutor deixou de manter distância do veículo da frente;Colisão traseira;Com Vítimas Feridas;Anoitecer;Crescente;Céu Claro;Dupla;"Aclive;Reta                   ";Sim;2;0;1;0;0;1;1;2;-23,27074694;-46,58454716;SPRF-SP;DEL03-SP;UOP01-DEL03-SP;false
537244.0;2023-07-21;sexta-feira;18:25:00;SP;101.0;50,7;UBATUBA;Conversão proibida;Colisão transversal;Com Vítimas Feridas;Plena Noite;Crescente;Nublado;Simples;Reta;Sim;2;0;0;1;1;0;1;2;-23,45018939;-45,07743735;SPRF-SP;DEL06-SP;UOP01-DEL06-SP;false
537248.0;2023-07-21;sexta-feira;19:00:00;SP;116.0;142;SAO JOSE DOS CAMPOS;Manobra de mudança de faixa;Colisão traseira;Com Vítimas Feridas;Plena Noite;Crescente;Céu Claro;Dupla;Reta;Sim;3;0;2;0;1;0;2;2;-23,17426078;-45,82940111;SPRF-SP;DEL02-SP;UOP01-DEL02-SP;false
537261.0;2023-07-21;sexta-feira;18:30:00;SP;101.0;48,5;UBATUBA;Trafegar com motocicleta (ou similar) entre as faixas;Tombamento;Com Vítimas Feridas;Plena Noite;Crescente;Nublado;Simples;Reta;Sim;1;0;1;0;0;0;1;1;-23,43696329;-45,08768768;SPRF-SP;DEL06-SP;UOP01-DEL06-SP;false
537266.0;2023-07-21;sexta-feira;19:00:00;SP;381.0;52;ATIBAIA;Trafegar com motocicleta (ou similar) entre as faixas;Colisão traseira;Com Vítimas Feridas;Plena Noite;Crescente;Céu Claro;Múltipla;"Curva;Aclive                  ";Não;5;0;3;0;2;0;3;4;-23,2300622;-46,59963076;SPRF-SP;DEL03-SP;UOP01-DEL03-SP;false
537290.0;2023-07-21;sexta-feira;22:30:00;SP;116.0;219;GUARULHOS;Condutor deixou de manter distância do veículo da frente;Colisão lateral mesmo sentido;Com Vítimas Feridas;Plena Noite;Decrescente;Céu Claro;Múltipla;Reta;Não;3;0;0;1;2;0;1;2;-23,46143954;-46,48885316;SPRF-SP;DEL01-SP;UOP01-DEL01-SP;false
537335.0;2023-07-22;sábado;06:00:00;SP;116.0;116;TAUBATE;Demais falhas mecânicas ou elétricas;Colisão frontal;Com Vítimas Feridas;Amanhecer;Crescente;Céu Claro;Dupla;Reta;Sim;2;0;1;0;1;0;1;2;-23,05376319;-45,6088049;SPRF-SP;DEL02-SP;UOP02-DEL02-SP;false
537357.0;2023-07-22;sábado;07:50:00;SP;116.0;230;SAO PAULO;Manobra de mudança de faixa;Colisão traseira;Sem Vítimas;Pleno dia;Crescente;Nublado;Múltipla;Reta;Sim;5;0;0;0;3;2;0;3;-23,52251783;-46,5855702;SPRF-SP;DEL01-SP;UOP01-DEL01-SP;false
537369.0;2023-07-22;sábado;09:20:00;SP;153.0;60,3;SAO JOSE DO RIO PRETO;Reação tardia ou ineficiente do condutor;Saída de leito carroçável;Sem Vítimas;Pleno dia;Decrescente;Céu Claro;Dupla;Reta;Sim;1;0;0;0;1;0;0;1;-20,79627979;-49,35480206;SPRF-SP;DEL09-SP;UOP01-DEL09-SP;false
537371.0;2023-07-22;sábado;08:57:00;SP;116.0;47;CANAS;Ultrapassagem Indevida;Colisão lateral mesmo sentido;Com Vítimas Feridas;Pleno dia;Decrescente;Céu Claro;Dupla;"Aclive;Reta                   ";Não;5;0;4;1;0;0;5;2;-22,71946606;-45,06109596;SPRF-SP;DEL08-SP;UOP02-DEL08-SP;false
537422.0;2023-07-22;sábado;14:40:00;SP;116.0;137,7;CACAPAVA;Demais falhas mecânicas ou elétricas;Tombamento;Com Vítimas Feridas;Pleno dia;Decrescente;Céu Claro;Dupla;Reta;Sim;2;0;2;0;0;0;2;1;-23,15300766;-45,78709317;SPRF-SP;DEL02-SP;UOP01-DEL02-SP;false
537522.0;2023-07-22;sábado;23:30:00;SP;116.0;201;ARUJA;Reação tardia ou ineficiente do condutor;Queda de ocupante de veículo;Com Vítimas Feridas;Plena Noite;Crescente;Céu Claro;Múltipla;"Curva;Aclive                  ";Sim;1;0;1;0;0;0;1;1;-23,40362877;-46,33050107;SPRF-SP;DEL01-SP;UOP01-DEL01-SP;false
537530.0;2023-07-22;sábado;23:20:00;SP;116.0;275;EMBU DAS ARTES;Ultrapassagem Indevida;Colisão traseira;Sem Vítimas;Plena Noite;Crescente;Céu Claro;Dupla;Reta;Não;2;0;0;0;2;0;0;2;-23,63638826;-46,83251584;SPRF-SP;DEL04-SP;UOP01-DEL04-SP;false
537573.0;2023-07-23;domingo;06:00:00;SP;116.0;210,8;GUARULHOS;Ausência de reação do condutor;Colisão traseira;Com Vítimas Feridas;Amanhecer;Crescente;Céu Claro;Múltipla;Reta;Sim;2;0;1;0;1;0;1;2;-23,42870023;-46,41085991;SPRF-SP;DEL01-SP;UOP01-DEL01-SP;false
537575.0;2023-07-23;domingo;05:10:00;SP;116.0;121,9;CACAPAVA;Reação tardia ou ineficiente do condutor;Colisão com objeto;Com Vítimas Feridas;Amanhecer;Crescente;Céu Claro;Dupla;Reta;Não;1;0;1;0;0;0;1;1;-23,07631169;-45,65337222;SPRF-SP;DEL02-SP;UOP02-DEL02-SP;false
537613.0;2023-07-23;domingo;10:00:00;SP;116.0;276;EMBU DAS ARTES;Ultrapassagem Indevida;Colisão traseira;Com Vítimas Feridas;Pleno dia;Decrescente;Céu Claro;Dupla;Reta;Sim;3;0;2;0;0;1;2;2;-23,64262417;-46,83811382;SPRF-SP;DEL04-SP;UOP01-DEL04-SP;false
537615.0;2023-07-23;domingo;10:35:00;SP;381.0;46;ATIBAIA;Reação tardia ou ineficiente do condutor;Colisão traseira;Com Vítimas Feridas;Pleno dia;Decrescente;Céu Claro;Dupla;Reta;Sim;2;0;2;0;0;0;2;2;-23,180897;-46,580777;SPRF-SP;DEL03-SP;UOP01-DEL03-SP;false
537628.0;2023-07-23;domingo;11:22:00;SP;116.0;141,6;SAO JOSE DOS CAMPOS;Condutor deixou de manter distância do veículo da frente;Engavetamento;Com Vítimas Feridas;Pleno dia;Decrescente;Céu Claro;Dupla;Reta;Sim;4;0;2;0;2;0;2;3;-23,17004717;-45,82091491;SPRF-SP;DEL02-SP;UOP01-DEL02-SP;false
537639.0;2023-07-23;domingo;13:00:00;SP;116.0;275,8;EMBU DAS ARTES;Acessar a via sem observar a presença dos outros veículos;Queda de ocupante de veículo;Com Vítimas Feridas;Pleno dia;Crescente;Céu Claro;Dupla;Reta;Não;2;0;2;0;0;0;2;1;-23,63638826;-46,83251584;SPRF-SP;DEL04-SP;UOP01-DEL04-SP;false
537643.0;2023-07-23;domingo;12:34:00;SP;116.0;142,3;SAO JOSE DOS CAMPOS;Reação tardia ou ineficiente do condutor;Colisão lateral mesmo sentido;Com Vítimas Feridas;Pleno dia;Decrescente;Céu Claro;Dupla;Reta;Não;4;0;2;0;2;0;2;2;-23,17426078;-45,82940111;SPRF-SP;DEL02-SP;UOP01-DEL02-SP;false
537645.0;2023-07-23;domingo;13:00:00;SP;116.0;115;TAUBATE;Ausência de reação do condutor;Queda de ocupante de veículo;Com Vítimas Feridas;Pleno dia;Crescente;Céu Claro;Dupla;Curva;Sim;2;0;2;0;0;0;2;1;-23,0496047;-45,59973712;SPRF-SP;DEL02-SP;UOP02-DEL02-SP;false
537661.0;2023-07-23;domingo;14:04:00;SP;116.0;76;ROSEIRA;Condutor deixou de manter distância do veículo da frente;Colisão traseira;Com Vítimas Feridas;Pleno dia;Crescente;Céu Claro;Dupla;Reta;Não;2;0;1;0;1;0;1;2;-22,87747687;-45,27203908;SPRF-SP;DEL08-SP;UOP01-DEL08-SP;false
537668.0;2023-07-23;domingo;14:20:00;SP;381.0;30;ATIBAIA;Trafegar com motocicleta (ou similar) entre as faixas;Colisão traseira;Com Vítimas Feridas;Pleno dia;Crescente;Céu Claro;Dupla;Reta;Não;2;0;0;1;1;0;1;2;-23,04885102;-46,56482797;SPRF-SP;DEL03-SP;UOP02-DEL03-SP;false
537699.0;2023-07-23;domingo;17:00:00;SP;101.0;51;UBATUBA;Acessar a via sem observar a presença dos outros veículos;Colisão frontal;Com Vítimas Feridas;Pleno dia;Decrescente;Céu Claro;Simples;"Interseção de Vias;Reta       ";Sim;2;0;1;0;1;0;1;2;-23,45663252;-45,07062793;SPRF-SP;DEL06-SP;UOP01-DEL06-SP;false
537720.0;2023-07-23;domingo;18:45:00;SP;116.0;204,5;ARUJA;Trafegar com motocicleta (ou similar) entre as faixas;Colisão lateral mesmo sentido;Com Vítimas Feridas;Plena Noite;Crescente;Céu Claro;Múltipla;Reta;Não;5;0;2;0;3;0;2;3;-23,41385822;-46,36388367;SPRF-SP;DEL01-SP;UOP01-DEL01-SP;false
537732.0;2023-07-23;domingo;19:18:00;SP;116.0;139;SAO JOSE DOS CAMPOS;Ausência de reação do condutor;Colisão lateral mesmo sentido;Com Vítimas Feridas;Plena Noite;Crescente;Céu Claro;Dupla;Reta;Sim;2;0;1;0;1;0;1;2;-23,16153216;-45,80400592;SPRF-SP;DEL02-SP;UOP01-DEL02-SP;false
537746.0;2023-07-23;domingo;20:25:00;SP;381.0;71;MAIRIPORA;Velocidade Incompatível;Tombamento;Com Vítimas Feridas;Plena Noite;Decrescente;Céu Claro;Dupla;Reta;Não;1;0;1;0;0;0;1;1;-23,35047979;-46,55267274;SPRF-SP;DEL03-SP;UOP01-DEL03-SP;false
537817.0;2023-07-24;segunda-feira;02:00:00;SP;116.0;222,4;GUARULHOS;Entrada inopinada do pedestre;Atropelamento de Pedestre;Com Vítimas Fatais;Plena Noite;Crescente;Céu Claro;Múltipla;Reta;Não;2;1;0;0;0;1;0;2;-23,47093408;-46,51631097;SPRF-SP;DEL01-SP;UOP01-DEL01-SP;false
537843.0;2023-07-24;segunda-feira;07:03:00;SP;116.0;160;JACAREI;Manobra de mudança de faixa;Colisão traseira;Com Vítimas Feridas;Pleno dia;Crescente;Céu Claro;Dupla;Reta;Sim;2;0;1;0;1;0;1;2;-23,27101606;-45,96787896;SPRF-SP;DEL02-SP;UOP01-DEL02-SP;false
537950.0;2023-07-24;segunda-feira;16:50:00;SP;101.0;49;UBATUBA;Acessar a via sem observar a presença dos outros veículos;Colisão transversal;Sem Vítimas;Pleno dia;Decrescente;Sol;Simples;"Interseção de Vias;Reta       ";Sim;2;0;0;0;2;0;0;2;-23,44410908;-45,08375708;SPRF-SP;DEL06-SP;UOP01-DEL06-SP;false
537958.0;2023-07-24;segunda-feira;17:30:00;SP;116.0;217;GUARULHOS;Ausência de reação do condutor;Queda de ocupante de veículo;Com Vítimas Feridas;Anoitecer;Decrescente;Céu Claro;Múltipla;Reta;Não;1;0;1;0;0;0;1;1;-23,45423824;-46,47119028;SPRF-SP;DEL01-SP;UOP01-DEL01-SP;false
537966.0;2023-07-24;segunda-feira;15:15:00;SP;116.0;38;CACHOEIRA PAULISTA;Acumulo de óleo sobre o pavimento;Tombamento;Com Vítimas Feridas;Pleno dia;Crescente;Céu Claro;Dupla;"Curva;Rotatória               ";Sim;1;0;1;0;0;0;1;1;-22,67026579;-44,99183604;SPRF-SP;DEL08-SP;UOP02-DEL08-SP;false
537968.0;2023-07-24;segunda-feira;18:10:00;SP;116.0;283;EMBU DAS ARTES;Trafegar com motocicleta (ou similar) entre as faixas;Queda de ocupante de veículo;Com Vítimas Feridas;Anoitecer;Crescente;Céu Claro;Dupla;Reta;Sim;1;0;1;0;0;0;1;1;-23,6698391;-46,85587406;SPRF-SP;DEL04-SP;UOP01-DEL04-SP;false
537998.0;2023-07-24;segunda-feira;19:45:00;SP;101.0;24;UBATUBA;Avarias e/ou desgaste excessivo no pneu;Tombamento;Com Vítimas Feridas;Plena Noite;Decrescente;Céu Claro;Simples;Reta;Não;2;0;2;0;0;0;2;1;-23,34811618;-44,94553789;SPRF-SP;DEL06-SP;UOP01-DEL06-SP;false
538037.0;2023-07-25;terça-feira;07:00:00;SP;116.0;222;GUARULHOS;Ausência de reação do condutor;Engavetamento;Com Vítimas Feridas;Pleno dia;Crescente;Céu Claro;Múltipla;Reta;Não;4;0;1;0;3;0;1;3;-23,47093408;-46,51631097;SPRF-SP;DEL01-SP;UOP01-DEL01-SP;false
538048.0;2023-07-25;terça-feira;08:30:00;SP;381.0;87;GUARULHOS;Ausência de reação do condutor;Colisão lateral mesmo sentido;Com Vítimas Feridas;Pleno dia;Crescente;Céu Claro;Múltipla;Reta;Não;3;0;1;0;2;0;1;3;-23,46885001;-46,56996601;SPRF-SP;DEL03-SP;UOP01-DEL03-SP;false
538052.0;2023-07-25;terça-feira;08:30:00;SP;381.0;57;MAIRIPORA;Demais falhas mecânicas ou elétricas;Colisão com objeto;Com Vítimas Feridas;Pleno dia;Decrescente;Céu Claro;Dupla;Curva;Não;3;0;1;0;2;0;1;2;-23,2658219;-46,5839857;SPRF-SP;DEL03-SP;UOP01-DEL03-SP;false
538073.0;2023-07-25;terça-feira;11:17:00;SP;116.0;220;GUARULHOS;Manobra de mudança de faixa;Colisão traseira;Com Vítimas Feridas;Pleno dia;Crescente;Céu Claro;Múltipla;Reta;Sim;2;0;1;0;1;0;1;2;-23,46472809;-46,49793962;SPRF-SP;DEL01-SP;UOP01-DEL01-SP;false
538098.0;2023-07-25;terça-feira;14:30:00;SP;116.0;285;ITAPECERICA DA SERRA;Acumulo de areia ou detritos sobre o pavimento;Queda de ocupante de veículo;Com Vítimas Feridas;Pleno dia;Crescente;Céu Claro;Dupla;Curva;Sim;1;0;1;0;0;0;1;1;-23,70407794;-46,87249709;SPRF-SP;DEL04-SP;UOP01-DEL04-SP;false
538113.0;2023-07-25;terça-feira;15:10:00;SP;381.0;24,1;BRAGANCA PAULISTA;Ausência de reação do condutor;Saída de leito carroçável;Com Vítimas Feridas;Pleno dia;Decrescente;Céu Claro;Dupla;"Em Obras;Curva                ";Não;2;0;2;0;0;0;2;1;-23,01483;-46,524471;SPRF-SP;DEL03-SP;UOP02-DEL03-SP;false
538132.0;2023-07-25;terça-feira;18:13:00;SP;116.0;215;GUARULHOS;Transitar na contramão;Colisão frontal;Com Vítimas Feridas;Plena Noite;Decrescente;Céu Claro;Múltipla;Reta;Sim;2;0;0;1;1;0;1;2;-23,44695693;-46,45394103;SPRF-SP;DEL01-SP;UOP01-DEL01-SP;false
538134.0;2023-07-25;terça-feira;18:15:00;SP;116.0;281;EMBU DAS ARTES;Ingestão de álcool pelo condutor;Colisão traseira;Sem Vítimas;Anoitecer;Decrescente;Céu Claro;Múltipla;Reta;Não;3;0;0;0;3;0;0;2;-23,67784787;-46,85769227;SPRF-SP;DEL04-SP;UOP01-DEL04-SP;false
538145.0;2023-07-25;terça-feira;18:50:00;SP;116.0;454;REGISTRO;Animais na Pista;Atropelamento de Animal;Com Vítimas Feridas;Plena Noite;Crescente;Céu Claro;Dupla;Reta;Não;1;0;1;0;0;0;1;1;-24,56704392;-47,87450304;SPRF-SP;DEL05-SP;UOP01-DEL05-SP;false
538196.0;2023-07-25;terça-feira;23:30:00;SP;116.0;113;TAUBATE;Ausência de reação do condutor;Saída de leito carroçável;Com Vítimas Feridas;Plena Noite;Crescente;Céu Claro;Dupla;Reta;Sim;1;0;1;0;0;0;1;1;-23,0440828;-45,58041405;SPRF-SP;DEL02-SP;UOP02-DEL02-SP;false
538199.0;2023-07-26;quarta-feira;00:15:00;SP;116.0;129;CACAPAVA;Ausência de reação do condutor;Capotamento;Com Vítimas Feridas;Plena Noite;Crescente;Céu Claro;Dupla;Reta;Sim;3;0;2;0;1;0;2;1;-23,11885593;-45,71948203;SPRF-SP;DEL02-SP;UOP02-DEL02-SP;false
538218.0;2023-07-26;quarta-feira;04:20:00;SP;116.0;145;SAO JOSE DOS CAMPOS;Ausência de reação do condutor;Saída de leito carroçável;Sem Vítimas;Plena Noite;Crescente;Céu Claro;Dupla;Reta;Sim;1;0;0;0;1;0;0;1;-23,1869844;-45,8548078;SPRF-SP;DEL02-SP;UOP01-DEL02-SP;false