id;data_inversa;dia_semana;horario;uf;br;km;municipio;causa_acidente;tipo_acidente;classificacao_acidente;fase_dia;sentido_via;condicao_metereologica;tipo_pista;tracado_via;uso_solo;pessoas;mortos;feridos_leves;feridos_graves;ilesos;ignorados;feridos;veiculos;latitude;longitude;regional;delegacia;uop;feriado
539914.0;2023-08-03;quinta-feira;07:30:00;SP;116.0;110;TAUBATE;Reação tardia ou ineficiente do condutor;Tombamento;Com Vítimas Feridas;Amanhecer;Crescente;Céu Claro;Dupla;Reta;Não;2;0;1;0;0;1;1;2;-23,03412614;-45,5526999;SPRF-SP;DEL08-SP;UOP01-DEL08-SP;false
539915.0;2023-08-03;quinta-feira;08:00:00;SP;101.0;47;UBATUBA;Acessar a via sem observar a presença dos outros veículos;Colisão transversal;Com Vítimas Feridas;Pleno dia;Crescente;Céu Claro;Simples;Reta;Sim;2;0;1;0;1;0;1;2;-23,429897;-45,082436;SPRF-SP;DEL06-SP;UOP01-DEL06-SP;false
539918.0;2023-08-03;quinta-feira;08:30:00;SP;116.0;111;TAUBATE;Reação tardia ou ineficiente do condutor;Colisão traseira;Com Vítimas Feridas;Pleno dia;Crescente;Céu Claro;Dupla;Reta;Sim;2;0;1;0;1;0;1;2;-23,03887149;-45,56097419;SPRF-SP;DEL02-SP;UOP02-DEL02-SP;false
539932.0;2023-08-03;quinta-feira;08:30:00;SP;116.0;227;GUARULHOS;Trafegar com motocicleta (ou similar) entre as faixas;Colisão lateral mesmo sentido;Com Vítimas Feridas;Pleno dia;Crescente;Céu Claro;Múltipla;Reta;Sim;2;0;1;0;1;0;1;2;-23,49659264;-46,55648754;SPRF-SP;DEL01-SP;UOP01-DEL01-SP;false
539937.0;2023-07-15;sábado;08:20:00;SP;116.0;125;CACAPAVA;Reação tardia ou ineficiente do condutor;Engavetamento;Com Vítimas Feridas;Pleno dia;Decrescente;Céu Claro;Dupla;Reta;Não;7;0;2;0;5;0;2;5;-23,09872598;-45,68608201;SPRF-SP;DEL02-SP;UOP02-DEL02-SP;false
539945.0;2023-08-03;quinta-feira;09:00:00;SP;381.0;87;SAO PAULO;Reação tardia ou ineficiente do condutor;Colisão lateral mesmo sentido;Com Vítimas Feridas;Pleno dia;Crescente;Céu Claro;Múltipla;Reta;Sim;2;0;1;0;1;0;1;2;-23,46885001;-46,56996601;SPRF-SP;DEL03-SP;UOP01-DEL03-SP;false
539956.0;2023-08-03;quinta-feira;12:40:00;SP;381.0;68;MAIRIPORA;Velocidade Incompatível;Saída de leito carroçável;Com Vítimas Feridas;Pleno dia;Crescente;Sol;Dupla;"Curva;Aclive                  ";Não;6;0;3;0;3;0;3;1;-23,34386149;-46,57241821;SPRF-SP;DEL03-SP;UOP01-DEL03-SP;false
539976.0;2023-08-03;quinta-feira;14:20:00;SP;116.0;66,8;GUARATINGUETA;Ausência de reação do condutor;Tombamento;Com Vítimas Feridas;Pleno dia;Decrescente;Sol;Dupla;Reta;Não;1;0;1;0;0;0;1;1;-22,82270215;-45,20193286;SPRF-SP;DEL08-SP;UOP01-DEL08-SP;false
540006.0;2023-08-03;quinta-feira;17:15:00;SP;101.0;51,9;UBATUBA;Ausência de reação do condutor;Engavetamento;Com Vítimas Feridas;Anoitecer;Decrescente;Céu Claro;Simples;Reta;Sim;5;0;1;0;4;0;1;4;-23,45718369;-45,07029533;SPRF-SP;DEL06-SP;UOP01-DEL06-SP;false
540023.0;2023-08-03;quinta-feira;18:45:00;SP;116.0;221;GUARULHOS;Trafegar com motocicleta (ou similar) entre as faixas;Colisão lateral mesmo sentido;Com Vítimas Feridas;Plena Noite;Crescente;Céu Claro;Múltipla;Reta;Não;3;0;2;0;1;0;2;2;-23,46802395;-46,50704901;SPRF-SP;DEL01-SP;UOP01-DEL01-SP;false
540092.0;2023-08-04;sexta-feira;06:40:00;SP;116.0;227,5;GUARULHOS;Reação tardia ou ineficiente do condutor;Colisão lateral mesmo sentido;Sem Vítimas;Pleno dia;Crescente;Céu Claro;Múltipla;Reta;Sim;2;0;0;0;2;0;0;2;-23,49659264;-46,55648754;SPRF-SP;DEL01-SP;UOP01-DEL01-SP;false
540093.0;2023-08-04;sexta-feira;06:15:00;SP;116.0;161;JACAREI;Reação tardia ou ineficiente do condutor;Colisão transversal;Com Vítimas Feridas;Pleno dia;Decrescente;Céu Claro;Dupla;Reta;Sim;2;0;1;1;0;0;2;2;-23,27617003;-45,97592098;SPRF-SP;DEL02-SP;UOP01-DEL02-SP;false
540199.0;2023-08-04;sexta-feira;15:30:00;SP;116.0;89,6;PINDAMONHANGABA;Condutor deixou de manter distância do veículo da frente;Colisão traseira;Com Vítimas Feridas;Pleno dia;Crescente;Céu Claro;Dupla;Reta;Não;4;0;1;0;3;0;1;2;-22,9408965;-45,38217187;SPRF-SP;DEL08-SP;UOP01-DEL08-SP;false
540221.0;2023-08-04;sexta-feira;19:12:00;SP;116.0;215;GUARULHOS;Ausência de reação do condutor;Queda de ocupante de veículo;Com Vítimas Feridas;Plena Noite;Decrescente;Céu Claro;Dupla;Reta;Sim;2;0;1;0;1;0;1;2;-23,44695693;-46,45394103;SPRF-SP;DEL01-SP;UOP01-DEL01-SP;false
540228.0;2023-08-04;sexta-feira;18:20:00;SP;116.0;55;LORENA;Entrada inopinada do pedestre;Atropelamento de Pedestre;Com Vítimas Feridas;Plena Noite;Crescente;Céu Claro;Dupla;Reta;Não;2;0;0;1;1;0;1;2;-22,76356421;-45,12272385;SPRF-SP;DEL08-SP;UOP02-DEL08-SP;false
540271.0;2023-08-05;sábado;00:00:00;SP;153.0;62;SAO JOSE DO RIO PRETO;Reação tardia ou ineficiente do condutor;Colisão traseira;Com Vítimas Feridas;Plena Noite;Crescente;Céu Claro;Dupla;"Aclive;Reta                   ";Sim;3;0;1;0;2;0;1;2;-20,81325404;-49,35675563;SPRF-SP;DEL09-SP;UOP01-DEL09-SP;false
540275.0;2023-08-05;sábado;01:30:00;SP;116.0;215;GUARULHOS;Ausência de reação do condutor;Queda de ocupante de veículo;Com Vítimas Feridas;Plena Noite;Crescente;Céu Claro;Múltipla;Declive;Sim;1;0;1;0;0;0;1;1;-23,44695693;-46,45394103;SPRF-SP;DEL01-SP;UOP01-DEL01-SP;false
540292.0;2023-08-05;sábado;03:50:00;SP;116.0;217;GUARULHOS;Ingestão de álcool e/ou substâncias psicoativas pelo pedestre;Colisão com objeto;Com Vítimas Feridas;Plena Noite;Crescente;Céu Claro;Múltipla;Reta;Sim;3;0;2;0;1;0;2;2;-23,45373515;-46,47114939;SPRF-SP;DEL01-SP;UOP01-DEL01-SP;false
540293.0;2023-08-04;sexta-feira;19:20:00;SP;459.0;31,7;LORENA;Acessar a via sem observar a presença dos outros veículos;Atropelamento de Pedestre;Com Vítimas Feridas;Plena Noite;Decrescente;Céu Claro;Simples;Reta;Sim;2;0;1;0;0;1;1;2;-22,73961487;-45,09458542;SPRF-SP;DEL08-SP;UOP02-DEL08-SP;false
540317.0;2023-08-05;sábado;06:00:00;SP;381.0;51;ATIBAIA;Reação tardia ou ineficiente do condutor;Colisão com objeto;Sem Vítimas;Amanhecer;Decrescente;Céu Claro;Dupla;"Declive;Curva                 ";Não;1;0;0;0;1;0;0;1;-23,2300622;-46,59963076;SPRF-SP;DEL03-SP;UOP01-DEL03-SP;false
540321.0;2023-08-05;sábado;04:20:00;SP;116.0;54;LORENA;Ingestão de álcool pelo condutor;Colisão com objeto;Sem Vítimas;Plena Noite;Decrescente;Nevoeiro/Neblina;Dupla;Reta;Não;1;0;0;0;0;1;0;1;-22,75803895;-45,11508003;SPRF-SP;DEL08-SP;UOP02-DEL08-SP;false
540330.0;2023-08-05;sábado;00:08:00;SP;116.0;282;EMBU DAS ARTES;Ausência de reação do condutor;Colisão com objeto;Sem Vítimas;Pleno dia;Decrescente;Céu Claro;Dupla;Reta;Não;1;0;0;0;0;1;0;1;-23,68570216;-46,85970975;SPRF-SP;DEL04-SP;UOP01-DEL04-SP;false
540365.0;2023-08-05;sábado;11:27:00;SP;381.0;4,8;VARGEM;Demais falhas na via;Queda de ocupante de veículo;Com Vítimas Feridas;Pleno dia;Decrescente;Céu Claro;Dupla;"Declive;Reta                  ";Não;1;0;1;0;0;0;1;1;-22,8826217;-46,40779515;SPRF-SP;DEL03-SP;UOP02-DEL03-SP;false
540367.0;2023-08-05;sábado;11:00:00;SP;381.0;75;SAO PAULO;Ausência de reação do condutor;Queda de ocupante de veículo;Com Vítimas Feridas;Pleno dia;Decrescente;Céu Claro;Múltipla;Curva;Não;2;0;1;0;1;0;1;1;-23,37660089;-46,56409613;SPRF-SP;DEL03-SP;UOP01-DEL03-SP;false
540383.0;2023-08-05;sábado;10:00:00;SP;381.0;88;GUARULHOS;Pedestre andava na pista;Atropelamento de Pedestre;Com Vítimas Feridas;Pleno dia;Crescente;Céu Claro;Múltipla;Reta;Sim;2;0;1;0;0;1;1;2;-23,479371;-46,560288;SPRF-SP;DEL03-SP;UOP01-DEL03-SP;false
540407.0;2023-08-05;sábado;15:35:00;SP;116.0;227;SAO PAULO;Transitar na contramão;Colisão traseira;Sem Vítimas;Pleno dia;Decrescente;Céu Claro;Dupla;Reta;Sim;2;0;0;0;1;1;0;2;-23,49659264;-46,55648754;SPRF-SP;DEL01-SP;UOP01-DEL01-SP;false
540430.0;2023-08-05;sábado;16:40:00;SP;116.0;41,7;CACHOEIRA PAULISTA;Ausência de reação do condutor;Queda de ocupante de veículo;Com Vítimas Feridas;Pleno dia;Crescente;Céu Claro;Dupla;Reta;Não;1;0;1;0;0;0;1;1;-22,68631027;-45,0146498;SPRF-SP;DEL08-SP;UOP02-DEL08-SP;false
540514.0;2023-08-06;domingo;03:30:00;SP;116.0;217;GUARULHOS;Ausência de reação do condutor;Colisão com objeto;Com Vítimas Fatais;Plena Noite;Crescente;Nublado;Múltipla;Reta;Sim;2;1;0;1;0;0;1;1;-23,45423824;-46,47119028;SPRF-SP;DEL01-SP;UOP01-DEL01-SP;false
540532.0;2023-08-06;domingo;05:50:00;SP;116.0;99;PINDAMONHANGABA;Ausência de reação do condutor;Atropelamento de Pedestre;Com Vítimas Feridas;Plena Noite;Crescente;Céu Claro;Dupla;Curva;Não;1;0;1;0;0;0;1;1;-22,98236971;-45,46436617;SPRF-SP;DEL08-SP;UOP01-DEL08-SP;false
540571.0;2023-08-06;domingo;09:11:00;SP;116.0;126;CACAPAVA;Ausência de reação do condutor;Colisão com objeto;Com Vítimas Feridas;Pleno dia;Crescente;Céu Claro;Dupla;Reta;Sim;1;0;1;0;0;0;1;1;-23,10433057;-45,69425762;SPRF-SP;DEL02-SP;UOP02-DEL02-SP;false
540579.0;2023-08-06;domingo;11:33:00;SP;116.0;286,5;ITAPECERICA DA SERRA;Condutor deixou de manter distância do veículo da frente;Colisão traseira;Com Vítimas Feridas;Pleno dia;Decrescente;Céu Claro;Dupla;Declive;Sim;4;0;2;0;2;0;2;2;-23,70925128;-46,87588966;SPRF-SP;DEL04-SP;UOP01-DEL04-SP;false
540583.0;2023-08-06;domingo;11:15:00;SP;153.0;181,6;LINS;Reação tardia ou ineficiente do condutor;Tombamento;Com Vítimas Feridas;Pleno dia;Decrescente;Céu Claro;Simples;Aclive;Não;1;0;1;0;0;0;1;1;-21,69169015;-49,79282465;SPRF-SP;DEL07-SP;UOP01-DEL07-SP;false
540585.0;2023-08-06;domingo;11:30:00;SP;116.0;50,8;LORENA;Reação tardia ou ineficiente do condutor;Colisão traseira;Com Vítimas Feridas;Pleno dia;Crescente;Sol;Dupla;Reta;Não;3;0;1;0;2;0;1;2;-22,73603721;-45,08433485;SPRF-SP;DEL08-SP;UOP02-DEL08-SP;false
540598.0;2023-08-06;domingo;13:40:00;SP;381.0;80;SAO PAULO;Ausência de reação do condutor;Colisão frontal;Com Vítimas Feridas;Pleno dia;Crescente;Céu Claro;Múltipla;Reta;Não;1;0;0;1;0;0;1;1;-23,40889686;-46,58095945;SPRF-SP;DEL03-SP;UOP01-DEL03-SP;false
540614.0;2023-08-06;domingo;16:30:00;SP;116.0;197;ARUJA;Reação tardia ou ineficiente do condutor;Colisão traseira;Com Vítimas Feridas;Pleno dia;Crescente;Céu Claro;Dupla;Reta;Não;3;0;1;0;1;1;1;2;-23,39721625;-46,29284287;SPRF-SP;DEL01-SP;UOP01-DEL01-SP;false
540662.0;2023-08-06;domingo;19:30:00;SP;116.0;455;REGISTRO;Acessar a via sem observar a presença dos outros veículos;Colisão transversal;Com Vítimas Feridas;Plena Noite;Decrescente;Céu Claro;Dupla;"Curva;Declive                 ";Não;4;0;3;0;1;0;3;2;-24,57253407;-47,88134891;SPRF-SP;DEL05-SP;UOP01-DEL05-SP;false
540665.0;2023-08-06;domingo;20:00:00;SP;381.0;39;ATIBAIA;Reação tardia ou ineficiente do condutor;Colisão com objeto;Com Vítimas Feridas;Plena Noite;Decrescente;Céu Claro;Dupla;Reta;Sim;1;0;1;0;0;0;1;1;-23,1215761;-46,57471572;SPRF-SP;DEL03-SP;UOP01-DEL03-SP;false
540672.0;2023-08-06;domingo;19:40:00;SP;116.0;211;GUARULHOS;Manobra de mudança de faixa;Colisão traseira;Com Vítimas Feridas;Plena Noite;Crescente;Nublado;Múltipla;Reta;Sim;2;0;2;0;0;0;2;2;-23,4324306;-46,4194352;SPRF-SP;DEL01-SP;UOP01-DEL01-SP;false
540676.0;2023-08-06;domingo;20:50:00;SP;153.0;64,2;SAO JOSE DO RIO PRETO;Avarias e/ou desgaste excessivo no pneu;Saída de leito carroçável;Com Vítimas Feridas;Plena Noite;Decrescente;Céu Claro;Dupla;Reta;Sim;1;0;1;0;0;0;1;1;-20,83079745;-49,36182976;SPRF-SP;DEL09-SP;UOP01-DEL09-SP;false
540680.0;2023-08-06;domingo;21:00:00;SP;116.0;154;SAO JOSE DOS CAMPOS;Ausência de reação do condutor;Engavetamento;Com Vítimas Feridas;Plena Noite;Crescente;Céu Claro;Dupla;Reta;Sim;4;0;1;0;3;0;1;3;-23,23903999;-45,92061901;SPRF-SP;DEL02-SP;UOP01-DEL02-SP;false
540690.0;2023-08-06;domingo;21:00:00;SP;116.0;59;GUARATINGUETA;Condutor Dormindo;Colisão traseira;Com Vítimas Feridas;Plena Noite;Crescente;Céu Claro;Dupla;Reta;Não;3;0;1;0;2;0;1;2;-22,78555649;-45,15339465;SPRF-SP;DEL08-SP;UOP01-DEL08-SP;false
540812.0;2023-08-07;segunda-feira;09:37:00;SP;381.0;85,1;SAO PAULO;Ausência de reação do condutor;Engavetamento;Com Vítimas Feridas;Pleno dia;Crescente;Céu Claro;Dupla;Reta;Sim;4;0;1;0;3;0;1;3;-23,41704481;-46,58022057;SPRF-SP;DEL03-SP;UOP01-DEL03-SP;false
540817.0;2023-08-07;segunda-feira;10:40:00;SP;116.0;316;JUQUITIBA;Ingestão de álcool pelo condutor;Colisão com objeto;Sem Vítimas;Pleno dia;Crescente;Céu Claro;Dupla;Curva;Não;2;0;0;0;1;1;0;1;-23,91054997;-46,99149375;SPRF-SP;DEL04-SP;UOP03-DEL04-SP;false
540829.0;2023-08-03;quinta-feira;22:00:00;SP;381.0;85;SAO PAULO;Ausência de reação do condutor;Atropelamento de Pedestre;Com Vítimas Feridas;Plena Noite;Decrescente;Céu Claro;Simples;Reta;Sim;2;0;0;1;1;0;1;2;-23,449343;-46,56983501;SPRF-SP;DEL03-SP;UOP01-DEL03-SP;false
540844.0;2023-08-07;segunda-feira;14:05:00;SP;116.0;135,5;SAO JOSE DOS CAMPOS;Ausência de reação do condutor;Colisão traseira;Com Vítimas Feridas;Pleno dia;Crescente;Céu Claro;Dupla;Reta;Não;3;0;2;0;1;0;2;2;-23,14667385;-45,77419281;SPRF-SP;DEL02-SP;UOP01-DEL02-SP;false
540874.0;2023-08-07;segunda-feira;17:00:00;SP;116.0;284;EMBU DAS ARTES;Curva acentuada;Queda de ocupante de veículo;Com Vítimas Feridas;Plena Noite;Crescente;Céu Claro;Dupla;Reta;Não;1;0;1;0;0;0;1;1;-23,69998;-46,867767;SPRF-SP;DEL04-SP;UOP01-DEL04-SP;false
540878.0;2023-08-07;segunda-feira;17:45:00;SP;116.0;128;CACAPAVA;Demais falhas mecânicas ou elétricas;Incêndio;Sem Vítimas;Anoitecer;Decrescente;Céu Claro;Dupla;Reta;Sim;1;0;0;0;1;0;0;1;-23,11454664;-45,71105567;SPRF-SP;DEL02-SP;UOP02-DEL02-SP;false
540889.0;2023-08-07;segunda-feira;18:15:00;SP;153.0;43,1;ONDA VERDE;Ausência de reação do condutor;Tombamento;Com Vítimas Feridas;Anoitecer;Decrescente;Céu Claro;Simples;Reta;Não;4;0;1;1;2;0;2;2;-20,64603812;-49,34057054;SPRF-SP;DEL09-SP;UOP01-DEL09-SP;false
540908.0;2023-08-07;segunda-feira;19:50:00;SP;116.0;214;GUARULHOS;Velocidade Incompatível;Colisão lateral mesmo sentido;Sem Vítimas;Plena Noite;Decrescente;Céu Claro;Múltipla;Reta;Sim;4;0;0;0;3;1;0;3;-23,44333014;-46,44531294;SPRF-SP;DEL01-SP;UOP01-DEL01-SP;false
540918.0;2023-08-07;segunda-feira;21:40:00;SP;116.0;186;SANTA ISABEL;Entrada inopinada do pedestre;Atropelamento de Pedestre;Com Vítimas Fatais;Plena Noite;Decrescente;Céu Claro;Dupla;Reta;Não;2;1;0;0;1;0;0;2;-23,35220682;-46,19934905;SPRF-SP;DEL01-SP;UOP01-DEL01-SP;false
540924.0;2023-08-07;segunda-feira;22:08:00;SP;116.0;25;LAVRINHAS;Demais falhas mecânicas ou elétricas;Incêndio;Sem Vítimas;Plena Noite;Crescente;Céu Claro;Dupla;Reta;Não;1;0;0;0;1;0;0;1;-22,60592606;-44,89504495;SPRF-SP;DEL08-SP;UOP02-DEL08-SP;false
540952.0;2023-08-08;terça-feira;08:00:00;SP;116.0;183;SANTA ISABEL;Condutor Dormindo;Colisão traseira;Com Vítimas Feridas;Pleno dia;Decrescente;Nublado;Dupla;Reta;Não;2;0;2;0;0;0;2;2;-23,34888216;-46,17091894;SPRF-SP;DEL01-SP;UOP01-DEL01-SP;false
540979.0;2023-08-08;terça-feira;09:00:00;SP;116.0;316;SAO LOURENCO DA SERRA;Chuva;Colisão com objeto;Com Vítimas Feridas;Pleno dia;Crescente;Chuva;Dupla;Curva;Não;1;0;1;0;0;0;1;1;-23,91054997;-46,99149375;SPRF-SP;DEL04-SP;UOP03-DEL04-SP;false
540990.0;2023-08-08;terça-feira;09:30:00;SP;116.0;99;PINDAMONHANGABA;Velocidade Incompatível;Tombamento;Com Vítimas Feridas;Pleno dia;Decrescente;Nublado;Dupla;Rotatória;Não;1;0;1;0;0;0;1;1;-22,98236971;-45,46436617;SPRF-SP;DEL08-SP;UOP01-DEL08-SP;false
540999.0;2023-08-08;terça-feira;10:20:00;SP;381.0;73;SAO PAULO;Pista Escorregadia;Tombamento;Com Vítimas Feridas;Pleno dia;Decrescente;Nublado;Dupla;"Curva;Aclive                  ";Não;1;0;1;0;0;0;1;1;-23,36553404;-46,55253934;SPRF-SP;DEL03-SP;UOP01-DEL03-SP;false
541006.0;2023-08-08;terça-feira;11:00:00;SP;381.0;88;GUARULHOS;Demais falhas mecânicas ou elétricas;Incêndio;Sem Vítimas;Pleno dia;Crescente;Nublado;Múltipla;Reta;Sim;2;0;0;0;2;0;0;2;-23,46885001;-46,56996601;SPRF-SP;DEL03-SP;UOP01-DEL03-SP;false
541018.0;2023-08-08;terça-feira;12:15:00;SP;116.0;270,5;TABOAO DA SERRA;Manobra de mudança de faixa;Colisão traseira;Com Vítimas Feridas;Pleno dia;Crescente;Céu Claro;Dupla;Reta;Sim;4;0;2;0;1;1;2;3;-23,61799728;-46,79677694;SPRF-SP;DEL04-SP;UOP01-DEL04-SP;false
541026.0;2023-08-08;terça-feira;13:15:00;SP;153.0;62,3;SAO JOSE DO RIO PRETO;Manobra de mudança de faixa;Colisão lateral mesmo sentido;Com Vítimas Feridas;Pleno dia;Crescente;Céu Claro;Dupla;"Aclive;Reta                   ";Sim;2;0;1;0;1;0;1;2;-20,81325404;-49,35675563;SPRF-SP;DEL09-SP;UOP01-DEL09-SP;false
541047.0;2023-08-08;terça-feira;16:15:00;SP;153.0;30;NOVA GRANADA;Acessar a via sem observar a presença dos outros veículos;Colisão transversal;Com Vítimas Feridas;Pleno dia;Crescente;Sol;Simples;Interseção de Vias;Não;2;0;0;1;1;0;1;2;-20,53857207;-49,33057559;SPRF-SP;DEL09-SP;UOP01-DEL09-SP;false
541052.0;2023-08-08;terça-feira;11:55:00;SP;116.0;39;CACHOEIRA PAULISTA;Acumulo de óleo sobre o pavimento;Tombamento;Com Vítimas Feridas;Pleno dia;Decrescente;Nublado;Dupla;"Curva;Viaduto                 ";Não;1;0;1;0;0;0;1;1;-22,67535326;-44,99844921;SPRF-SP;DEL08-SP;UOP02-DEL08-SP;false
541058.0;2023-08-08;terça-feira;17:10:00;SP;101.0;52;UBATUBA;Ausência de reação do condutor;Colisão lateral mesmo sentido;Com Vítimas Feridas;Pleno dia;Crescente;Céu Claro;Simples;Rotatória;Sim;3;0;1;0;2;0;1;2;-23,46290879;-45,06382048;SPRF-SP;DEL06-SP;UOP01-DEL06-SP;false
541109.0;2023-08-08;terça-feira;19:55:00;SP;101.0;45,6;UBATUBA;Ausência de reação do condutor;Saída de leito carroçável;Com Vítimas Feridas;Plena Noite;Crescente;Garoa/Chuvisco;Simples;Curva;Sim;1;0;1;0;0;0;1;1;-23,41779396;-45,06788408;SPRF-SP;DEL06-SP;UOP01-DEL06-SP;false
541117.0;2023-08-08;terça-feira;21:15:00;SP;116.0;274;TABOAO DA SERRA;Ausência de reação do condutor;Queda de ocupante de veículo;Com Vítimas Feridas;Plena Noite;Crescente;Garoa/Chuvisco;Dupla;Reta;Não;1;0;1;0;0;0;1;1;-23,63445084;-46,82418514;SPRF-SP;DEL04-SP;UOP01-DEL04-SP;false
541126.0;2023-08-08;terça-feira;22:15:00;SP;381.0;15;BRAGANCA PAULISTA;Reação tardia ou ineficiente do condutor;Tombamento;Com Vítimas Feridas;Pleno dia;Crescente;Nublado;Dupla;Reta;Não;1;0;1;0;0;0;1;1;-22,94909097;-46,47908707;SPRF-SP;DEL03-SP;UOP02-DEL03-SP;false
541129.0;2023-08-08;terça-feira;21:30:00;SP;381.0;85;SAO PAULO;Manobra de mudança de faixa;Colisão transversal;Com Vítimas Feridas;Plena Noite;Crescente;Garoa/Chuvisco;Dupla;Reta;Sim;3;0;2;0;1;0;2;2;-23,46396185;-46,57169402;SPRF-SP;DEL03-SP;UOP01-DEL03-SP;false
541133.0;2023-08-08;terça-feira;23:15:00;SP;116.0;273;TABOAO DA SERRA;Chuva;Capotamento;Sem Vítimas;Plena Noite;Crescente;Chuva;Dupla;Reta;Sim;1;0;0;0;0;1;0;1;-23,62809795;-46,81870306;SPRF-SP;DEL04-SP;UOP01-DEL04-SP;false
541139.0;2023-08-08;terça-feira;23:45:00;SP;381.0;79;SAO PAULO;Ausência de reação do condutor;Queda de ocupante de veículo;Com Vítimas Feridas;Plena Noite;Decrescente;Garoa/Chuvisco;Dupla;Reta;Não;1;0;1;0;0;0;1;1;-23,40319901;-46,57564699;SPRF-SP;DEL03-SP;UOP01-DEL03-SP;false
541145.0;2023-08-09;quarta-feira;05:30:00;SP;116.0;206;GUARULHOS;Demais falhas mecânicas ou elétricas;Incêndio;Sem Vítimas;Pleno dia;Crescente;Nublado;Dupla;Reta;Não;1;0;0;0;1;0;0;1;-23,41722629;-46,37510292;SPRF-SP;DEL01-SP;UOP01-DEL01-SP;false
541146.0;2023-08-09;quarta-feira;06:10:00;SP;116.0;211;GUARULHOS;Mal súbito do condutor;Colisão com objeto;Com Vítimas Feridas;Pleno dia;Crescente;Nublado;Múltipla;Declive;Sim;1;0;1;0;0;0;1;1;-23,4324306;-46,4194352;SPRF-SP;DEL01-SP;UOP01-DEL01-SP;false
541192.0;2023-08-09;quarta-feira;07:40:00;SP;116.0;270;TABOAO DA SERRA;Trafegar com motocicleta (ou similar) entre as faixas;Colisão traseira;Com Vítimas Feridas;Pleno dia;Decrescente;Céu Claro;Dupla;"Declive;Reta                  ";Sim;2;0;1;0;1;0;1;2;-23,6179972751;-46,7967769415;SPRF-SP;DEL04-SP;UOP01-DEL04-SP;false
541223.0;2023-08-01;terça-feira;09:15:00;SP;381.0;89;GUARULHOS;Ausência de reação do condutor;Colisão lateral mesmo sentido;Com Vítimas Feridas;Pleno dia;Crescente;Céu Claro;Múltipla;Reta;Não;2;0;1;0;1;0;1;2;-23,48469299;-46,55983288;SPRF-SP;DEL03-SP;UOP01-DEL03-SP;false
541255.0;2023-08-09;quarta-feira;16:50:00;SP;153.0;39,3;ONDA VERDE;Avarias e/ou desgaste excessivo no pneu;Tombamento;Com Vítimas Feridas;Pleno dia;Crescente;Céu Claro;Simples;Reta;Não;2;0;1;1;0;0;2;1;-20,61196908;-49,32942891;SPRF-SP;DEL09-SP;UOP01-DEL09-SP;false
541263.0;2023-08-09;quarta-feira;17:45:00;SP;116.0;147;SAO JOSE DOS CAMPOS;Ausência de reação do condutor;Colisão traseira;Com Vítimas Feridas;Plena Noite;Decrescente;Céu Claro;Múltipla;Reta;Sim;2;0;1;0;1;0;1;2;-23,19542994;-45,87176303;SPRF-SP;DEL02-SP;UOP01-DEL02-SP;false
541288.0;2023-08-09;quarta-feira;19:40:00;SP;116.0;161;JACAREI;Ausência de reação do condutor;Colisão com objeto;Com Vítimas Feridas;Plena Noite;Decrescente;Céu Claro;Dupla;Reta;Sim;1;0;0;1;0;0;1;1;-23,27617003;-45,97592098;SPRF-SP;DEL02-SP;UOP01-DEL02-SP;false
541333.0;2023-08-10;quinta-feira;05:40:00;SP;116.0;75,1;APARECIDA;Entrada inopinada do pedestre;Atropelamento de Pedestre;Com Vítimas Feridas;Amanhecer;Decrescente;Céu Claro;Dupla;Reta;Sim;2;0;0;1;1;0;1;2;-22,87521876;-45,26277018;SPRF-SP;DEL08-SP;UOP01-DEL08-SP;false
541347.0;2023-08-10;quinta-feira;07:00:00;SP;116.0;210;GUARULHOS;Ausência de reação do condutor;Capotamento;Com Vítimas Feridas;Pleno dia;Decrescente;Nublado;Múltipla;"Reta;Declive                  ";Sim;1;0;1;0;0;0;1;1;-23,42870023;-46,41085991;SPRF-SP;DEL01-SP;UOP01-DEL01-SP;false
541379.0;2023-08-10;quinta-feira;06:40:00;SP;116.0;50,1;LORENA;Animais na Pista;Colisão traseira;Com Vítimas Feridas;Pleno dia;Crescente;Céu Claro;Dupla;Reta;Sim;2;0;1;0;1;0;1;2;-22,73603721;-45,08433485;SPRF-SP;DEL08-SP;UOP02-DEL08-SP;false
541382.0;2023-08-10;quinta-feira;10:30:00;SP;116.0;218;GUARULHOS;Reação tardia ou ineficiente do condutor;Colisão traseira;Com Vítimas Feridas;Pleno dia;Crescente;Céu Claro;Múltipla;Declive;Sim;2;0;1;0;1;0;1;2;-23,457972;-46,479927;SPRF-SP;DEL01-SP;UOP01-DEL01-SP;false
541422.0;2023-08-10;quinta-feira;13:10:00;SP;116.0;128;CACAPAVA;Ausência de reação do condutor;Colisão traseira;Com Vítimas Feridas;Pleno dia;Decrescente;Sol;Dupla;Reta;Sim;2;0;0;1;1;0;1;2;-23,11454664;-45,71105567;SPRF-SP;DEL02-SP;UOP02-DEL02-SP;false
541435.0;2023-08-10;quinta-feira;15:30:00;SP;116.0;218;GUARULHOS;Ausência de reação do condutor;Colisão traseira;Com Vítimas Feridas;Pleno dia;Decrescente;Céu Claro;Múltipla;Reta;Sim;2;0;1;0;1;0;1;2;-23,457972;-46,479927;SPRF-SP;DEL01-SP;UOP01-DEL01-SP;false