id;data_inversa;dia_semana;horario;uf;br;km;municipio;causa_acidente;tipo_acidente;classificacao_acidente;fase_dia;sentido_via;condicao_metereologica;tipo_pista;tracado_via;uso_solo;pessoas;mortos;feridos_leves;feridos_graves;ilesos;ignorados;feridos;veiculos;latitude;longitude;regional;delegacia;uop;feriado
543126.0;2023-08-18;sexta-feira;18:10:00;SP;153.0;62,5;SAO JOSE DO RIO PRETO;Ausência de reação do condutor;Colisão traseira;Com Vítimas Feridas;Plena Noite;Crescente;Nublado;Dupla;"Aclive;Reta                   ";Sim;2;0;1;0;1;0;1;2;-20,81792905;-49,35730442;SPRF-SP;DEL09-SP;UOP01-DEL09-SP;false
543144.0;2023-08-18;sexta-feira;19:15:00;SP;381.0;86;SAO PAULO;Pedestre cruzava a pista fora da faixa;Atropelamento de Pedestre;Com Vítimas Fatais;Plena Noite;Crescente;Céu Claro;Dupla;Reta;Sim;5;1;0;0;3;1;0;4;-23,45930499;-46,57161179;SPRF-SP;DEL03-SP;UOP01-DEL03-SP;false
543150.0;2023-08-18;sexta-feira;17:37:00;SP;116.0;104;TAUBATE;Reação tardia ou ineficiente do condutor;Colisão traseira;Com Vítimas Feridas;Anoitecer;Crescente;Céu Claro;Dupla;Reta;Não;2;0;1;0;1;0;1;2;-23,00340176;-45,50626912;SPRF-SP;DEL02-SP;UOP02-DEL02-SP;false
543160.0;2023-08-18;sexta-feira;18:25:00;SP;116.0;105;TAUBATE;Reação tardia ou ineficiente do condutor;Engavetamento;Com Vítimas Feridas;Plena Noite;Crescente;Céu Claro;Dupla;Reta;Sim;3;0;1;0;2;0;1;3;-23,00757973;-45,51466613;SPRF-SP;DEL02-SP;UOP02-DEL02-SP;false
543184.0;2023-08-18;sexta-feira;23:00:00;SP;116.0;186;SANTA ISABEL;Reação tardia ou ineficiente do condutor;Saída de leito carroçável;Com Vítimas Feridas;Plena Noite;Decrescente;Céu Claro;Dupla;"Curva;Interseção de Vias      ";Não;4;0;3;0;1;0;3;1;-23,35220682;-46,19934905;SPRF-SP;DEL01-SP;UOP01-DEL01-SP;false
543187.0;2023-08-18;sexta-feira;22:45:00;SP;488.0;0,5;APARECIDA;Ingestão de álcool pelo condutor;Colisão lateral mesmo sentido;Com Vítimas Feridas;Plena Noite;Decrescente;Céu Claro;Dupla;Reta;Sim;2;0;2;0;0;0;2;2;-22,85856;-45,233116;SPRF-SP;DEL08-SP;UOP01-DEL08-SP;false
543223.0;2023-08-19;sábado;05:00:00;SP;381.0;28;ATIBAIA;Ausência de reação do condutor;Queda de ocupante de veículo;Com Vítimas Feridas;Plena Noite;Crescente;Céu Claro;Dupla;Reta;Não;2;0;1;0;1;0;1;1;-23,03614495;-46,55183601;SPRF-SP;DEL03-SP;UOP02-DEL03-SP;false
543229.0;2023-08-19;sábado;06:45:00;SP;153.0;67;SAO JOSE DO RIO PRETO;Ingestão de álcool pelo condutor;Saída de leito carroçável;Com Vítimas Feridas;Pleno dia;Decrescente;Sol;Dupla;Curva;Sim;1;0;1;0;0;0;1;1;-20,84853593;-49,37585608;SPRF-SP;DEL09-SP;UOP01-DEL09-SP;false
543247.0;2023-08-19;sábado;08:15:00;SP;116.0;134;CACAPAVA;Demais falhas mecânicas ou elétricas;Incêndio;Sem Vítimas;Pleno dia;Decrescente;Céu Claro;Dupla;"Reta;Retorno Regulamentado    ";Não;1;0;0;0;1;0;0;1;-23,1402216;-45,7617252;SPRF-SP;DEL02-SP;UOP02-DEL02-SP;false
543256.0;2023-08-19;sábado;09:30:00;SP;116.0;149;SAO JOSE DOS CAMPOS;Condutor deixou de manter distância do veículo da frente;Engavetamento;Com Vítimas Feridas;Pleno dia;Decrescente;Céu Claro;Dupla;Reta;Sim;4;0;1;0;3;0;1;3;-23,20700047;-45,88626861;SPRF-SP;DEL02-SP;UOP01-DEL02-SP;false
543288.0;2023-08-19;sábado;10:50:00;SP;381.0;74;SAO PAULO;Pista Escorregadia;Queda de ocupante de veículo;Com Vítimas Feridas;Pleno dia;Decrescente;Sol;Múltipla;Reta;Não;2;0;2;0;0;0;2;1;-23,37208014;-46,55700294;SPRF-SP;DEL03-SP;UOP01-DEL03-SP;false
543297.0;2023-08-19;sábado;12:50:00;SP;101.0;42;UBATUBA;Acessar a via sem observar a presença dos outros veículos;Colisão transversal;Com Vítimas Feridas;Pleno dia;Crescente;Sol;Simples;Interseção de Vias;Não;4;0;1;0;2;1;1;3;-23,41271925;-45,04909808;SPRF-SP;DEL06-SP;UOP01-DEL06-SP;false
543307.0;2023-08-19;sábado;14:05:00;SP;116.0;52,5;LORENA;Demais falhas mecânicas ou elétricas;Tombamento;Com Vítimas Feridas;Pleno dia;Decrescente;Sol;Dupla;Reta;Não;2;0;2;0;0;0;2;1;-22,74708138;-45,09973038;SPRF-SP;DEL08-SP;UOP02-DEL08-SP;false
543315.0;2023-08-19;sábado;15:10:00;SP;116.0;269;TABOAO DA SERRA;Acessar a via sem observar a presença dos outros veículos;Colisão transversal;Com Vítimas Feridas;Pleno dia;Crescente;Céu Claro;Dupla;Interseção de Vias;Sim;2;0;1;0;1;0;1;2;-23,61593059;-46,78826044;SPRF-SP;DEL04-SP;UOP01-DEL04-SP;false
543353.0;2023-08-19;sábado;19:40:00;SP;153.0;75,7;BADY BASSITT;Reação tardia ou ineficiente do condutor;Colisão traseira;Com Vítimas Feridas;Plena Noite;Crescente;Céu Claro;Dupla;"Curva;Declive                 ";Sim;3;0;1;0;2;0;1;2;-20,89418221;-49,43387582;SPRF-SP;DEL09-SP;UOP01-DEL09-SP;false
543383.0;2023-08-19;sábado;19:40:00;SP;459.0;31,8;LORENA;Entrada inopinada do pedestre;Atropelamento de Pedestre;Com Vítimas Feridas;Plena Noite;Crescente;Céu Claro;Simples;Reta;Sim;2;0;0;2;0;0;2;2;-22,732813;-45,098679;SPRF-SP;DEL08-SP;UOP02-DEL08-SP;false
543391.0;2023-08-19;sábado;20:53:00;SP;153.0;274,6;OCAUCU;Ingestão de álcool pelo condutor;Saída de leito carroçável;Sem Vítimas;Plena Noite;Crescente;Nublado;Simples;"Curva;Aclive                  ";Não;2;0;0;0;0;2;0;2;-22,37013;-49,863808;SPRF-SP;DEL07-SP;UOP02-DEL07-SP;false
543411.0;2023-08-20;domingo;01:30:00;SP;116.0;114;TAUBATE;Manobra de mudança de faixa;Colisão lateral mesmo sentido;Sem Vítimas;Plena Noite;Crescente;Céu Claro;Dupla;Reta;Não;2;0;0;0;2;0;0;2;-23,04654177;-45,59018006;SPRF-SP;DEL02-SP;UOP02-DEL02-SP;false
543412.0;2023-08-20;domingo;01:40:00;SP;116.0;229;SAO PAULO;Reação tardia ou ineficiente do condutor;Colisão lateral mesmo sentido;Com Vítimas Feridas;Plena Noite;Decrescente;Vento;Múltipla;"Aclive;Reta                   ";Sim;2;0;1;0;1;0;1;2;-23,51291902;-46,57604698;SPRF-SP;DEL01-SP;UOP01-DEL01-SP;false
543441.0;2023-08-20;domingo;00:40:00;SP;116.0;291,5;ITAPECERICA DA SERRA;Ausência de reação do condutor;Queda de ocupante de veículo;Com Vítimas Feridas;Plena Noite;Crescente;Céu Claro;Dupla;Reta;Sim;2;0;2;0;0;0;2;1;-23,72747522;-46,8938756;SPRF-SP;DEL04-SP;UOP01-DEL04-SP;false
543446.0;2023-08-20;domingo;00:50:00;SP;116.0;273;EMBU DAS ARTES;Velocidade Incompatível;Tombamento;Com Vítimas Feridas;Plena Noite;Decrescente;Céu Claro;Múltipla;Reta;Sim;1;0;1;0;0;0;1;1;-23,62809795;-46,81870306;SPRF-SP;DEL04-SP;UOP01-DEL04-SP;false
543458.0;2023-08-20;domingo;08:30:00;SP;116.0;228;SAO PAULO;Manobra de mudança de faixa;Colisão lateral mesmo sentido;Com Vítimas Feridas;Pleno dia;Crescente;Céu Claro;Múltipla;Reta;Sim;2;0;1;0;1;0;1;2;-23,50343484;-46,56638712;SPRF-SP;DEL01-SP;UOP01-DEL01-SP;false
543475.0;2023-08-20;domingo;09:20:00;SP;116.0;98,8;PINDAMONHANGABA;Demais falhas mecânicas ou elétricas;Colisão com objeto;Com Vítimas Feridas;Pleno dia;Decrescente;Nublado;Dupla;Declive;Não;1;0;1;0;0;0;1;1;-22,98111308;-45,46196222;SPRF-SP;DEL08-SP;UOP01-DEL08-SP;false
543500.0;2023-08-20;domingo;13:05:00;SP;116.0;154;SAO JOSE DOS CAMPOS;Reação tardia ou ineficiente do condutor;Colisão traseira;Com Vítimas Feridas;Pleno dia;Crescente;Céu Claro;Dupla;Reta;Sim;3;0;2;0;1;0;2;2;-23,23903999;-45,92061901;SPRF-SP;DEL02-SP;UOP01-DEL02-SP;false
543526.0;2023-08-20;domingo;16:30:00;SP;116.0;216;GUARULHOS;Reação tardia ou ineficiente do condutor;Queda de ocupante de veículo;Com Vítimas Feridas;Pleno dia;Decrescente;Céu Claro;Dupla;"Aclive;Reta;Interseção de Vias";Sim;1;0;0;1;0;0;1;1;-23,45056589;-46,46258105;SPRF-SP;DEL01-SP;UOP01-DEL01-SP;false
543615.0;2023-08-20;domingo;22:00:00;SP;116.0;223;GUARULHOS;Reação tardia ou ineficiente do condutor;Saída de leito carroçável;Sem Vítimas;Pleno dia;Decrescente;Céu Claro;Dupla;Reta;Não;1;0;0;0;1;0;0;1;-23,47559815;-46,5246609;SPRF-SP;DEL01-SP;UOP01-DEL01-SP;false
543623.0;2023-08-20;domingo;23:50:00;SP;116.0;230;SAO PAULO;Manobra de mudança de faixa;Colisão lateral mesmo sentido;Com Vítimas Feridas;Plena Noite;Crescente;Céu Claro;Múltipla;Reta;Sim;4;0;3;0;1;0;3;2;-23,52251783;-46,5855702;SPRF-SP;DEL01-SP;UOP01-DEL01-SP;false
543632.0;2023-08-21;segunda-feira;02:21:00;SP;116.0;105;TAUBATE;Ausência de reação do condutor;Colisão com objeto;Sem Vítimas;Pleno dia;Crescente;Nublado;Dupla;Reta;Sim;1;0;0;0;0;1;0;1;-23,00757973;-45,51466613;SPRF-SP;DEL02-SP;UOP02-DEL02-SP;false
543641.0;2023-08-21;segunda-feira;02:10:00;SP;116.0;215;GUARULHOS;Reação tardia ou ineficiente do condutor;Colisão com objeto;Sem Vítimas;Plena Noite;Crescente;Céu Claro;Múltipla;Reta;Sim;1;0;0;0;0;1;0;1;-23,44695693;-46,45394103;SPRF-SP;DEL01-SP;UOP01-DEL01-SP;false
543642.0;2023-08-21;segunda-feira;07:20:00;SP;116.0;220;GUARULHOS;Ausência de reação do condutor;Colisão traseira;Sem Vítimas;Pleno dia;Crescente;Céu Claro;Dupla;Reta;Não;2;0;0;0;2;0;0;2;-23,46472809;-46,49793962;SPRF-SP;DEL01-SP;UOP01-DEL01-SP;false
543660.0;2023-08-21;segunda-feira;07:50:00;SP;116.0;142,5;SAO JOSE DOS CAMPOS;Ausência de reação do condutor;Engavetamento;Sem Vítimas;Pleno dia;Decrescente;Céu Claro;Dupla;"Aclive;Reta                   ";Sim;4;0;0;0;4;0;0;4;-23,17426078;-45,82940111;SPRF-SP;DEL02-SP;UOP01-DEL02-SP;false
543670.0;2023-08-21;segunda-feira;07:50:00;SP;381.0;70;MAIRIPORA;Reação tardia ou ineficiente do condutor;Tombamento;Com Vítimas Feridas;Pleno dia;Crescente;Céu Claro;Múltipla;"Curva;Aclive                  ";Não;1;0;1;0;0;0;1;1;-23,34972978;-46,56070474;SPRF-SP;DEL03-SP;UOP01-DEL03-SP;false
543693.0;2023-08-12;sábado;18:27:00;SP;101.0;48,8;UBATUBA;Acessar a via sem observar a presença dos outros veículos;Colisão transversal;Com Vítimas Feridas;Plena Noite;Decrescente;Nublado;Simples;Interseção de Vias;Sim;2;0;0;1;1;0;1;2;-23,44082497;-45,08705378;SPRF-SP;DEL06-SP;UOP01-DEL06-SP;false
543698.0;2023-08-21;segunda-feira;13:37:00;SP;116.0;201;ARUJA;Reação tardia ou ineficiente do condutor;Tombamento;Com Vítimas Feridas;Pleno dia;Decrescente;Céu Claro;Dupla;Curva;Sim;1;0;1;0;0;0;1;1;-23,40362877;-46,33050107;SPRF-SP;DEL01-SP;UOP01-DEL01-SP;false
543732.0;2023-08-21;segunda-feira;17:00:00;SP;101.0;48,1;UBATUBA;Acessar a via sem observar a presença dos outros veículos;Colisão transversal;Com Vítimas Feridas;Pleno dia;Crescente;Céu Claro;Simples;"Interseção de Vias;Reta       ";Sim;2;0;1;0;1;0;1;2;-23,43696329;-45,08768768;SPRF-SP;DEL06-SP;UOP01-DEL06-SP;false
543738.0;2023-08-21;segunda-feira;17:45:00;SP;116.0;223;GUARULHOS;Trafegar com motocicleta (ou similar) entre as faixas;Colisão lateral mesmo sentido;Com Vítimas Feridas;Plena Noite;Crescente;Nublado;Simples;Reta;Sim;2;0;1;0;1;0;1;2;-23,47559815;-46,5246609;SPRF-SP;DEL01-SP;UOP01-DEL01-SP;false
543740.0;2023-08-21;segunda-feira;17:45:00;SP;116.0;272;TABOAO DA SERRA;Reação tardia ou ineficiente do condutor;Capotamento;Com Vítimas Feridas;Anoitecer;Crescente;Céu Claro;Múltipla;Reta;Sim;1;0;1;0;0;0;1;1;-23,621691;-46,813288;SPRF-SP;DEL04-SP;UOP01-DEL04-SP;false
543747.0;2023-08-21;segunda-feira;17:50:00;SP;116.0;142,5;SAO JOSE DOS CAMPOS;Ausência de reação do condutor;Tombamento;Com Vítimas Feridas;Anoitecer;Decrescente;Nublado;Dupla;Reta;Sim;1;0;1;0;0;0;1;1;-23,17426078;-45,82940111;SPRF-SP;DEL02-SP;UOP01-DEL02-SP;false
543766.0;2023-08-08;terça-feira;05:30:00;SP;116.0;270;TABOAO DA SERRA;Trafegar com motocicleta (ou similar) entre as faixas;Colisão lateral mesmo sentido;Com Vítimas Feridas;Amanhecer;Decrescente;Céu Claro;Dupla;Reta;Sim;3;0;0;1;1;1;1;3;-23,61799728;-46,79677694;SPRF-SP;DEL04-SP;UOP01-DEL04-SP;false
543776.0;2023-08-21;segunda-feira;22:50:00;SP;116.0;148;SAO JOSE DOS CAMPOS;Avarias e/ou desgaste excessivo no pneu;Queda de ocupante de veículo;Com Vítimas Feridas;Plena Noite;Decrescente;Céu Claro;Múltipla;Reta;Não;2;0;0;2;0;0;2;1;-23,20067421;-45,8795018;SPRF-SP;DEL02-SP;UOP01-DEL02-SP;false
543815.0;2023-08-22;terça-feira;07:00:00;SP;116.0;112,8;TAUBATE;Frear bruscamente;Colisão com objeto;Com Vítimas Feridas;Pleno dia;Crescente;Sol;Dupla;Reta;Não;1;0;1;0;0;0;1;1;-23,04402619;-45,58128797;SPRF-SP;DEL02-SP;UOP02-DEL02-SP;false
543826.0;2023-08-22;terça-feira;08:50:00;SP;116.0;421;JUQUIA;Ausência de reação do condutor;Saída de leito carroçável;Com Vítimas Feridas;Pleno dia;Crescente;Nublado;Dupla;Curva;Não;1;0;1;0;0;0;1;1;-24,35801488;-47,68588212;SPRF-SP;DEL05-SP;UOP01-DEL05-SP;false
543898.0;2023-07-26;quarta-feira;07:50:00;SP;116.0;209,5;GUARULHOS;Reação tardia ou ineficiente do condutor;Queda de ocupante de veículo;Com Vítimas Feridas;Pleno dia;Crescente;Céu Claro;Dupla;Reta;Sim;2;0;1;0;1;0;1;2;-23,42511799;-46,40221101;SPRF-SP;DEL01-SP;UOP01-DEL01-SP;false
543936.0;2023-08-22;terça-feira;20:00:00;SP;381.0;79;SAO PAULO;Entrada inopinada do pedestre;Atropelamento de Pedestre;Com Vítimas Fatais;Plena Noite;Crescente;Céu Claro;Múltipla;"Curva;Declive                 ";Sim;2;1;0;0;1;0;0;2;-23,40520383;-46,57977283;SPRF-SP;DEL03-SP;UOP01-DEL03-SP;false
543967.0;2023-08-23;quarta-feira;00:05:00;SP;116.0;207;GUARULHOS;Condutor Dormindo;Saída de leito carroçável;Sem Vítimas;Plena Noite;Decrescente;Céu Claro;Múltipla;Reta;Sim;1;0;0;0;1;0;0;1;-23,41972188;-46,38419203;SPRF-SP;DEL01-SP;UOP01-DEL01-SP;false
543982.0;2023-08-23;quarta-feira;05:20:00;SP;116.0;13,1;QUELUZ;Animais na Pista;Atropelamento de Animal;Com Vítimas Feridas;Amanhecer;Crescente;Céu Claro;Dupla;Reta;Não;2;0;0;2;0;0;2;1;-22,55124414;-44,8118935;SPRF-SP;DEL08-SP;UOP02-DEL08-SP;false
543985.0;2023-08-23;quarta-feira;06:45:00;SP;116.0;213;GUARULHOS;Ausência de reação do condutor;Queda de ocupante de veículo;Com Vítimas Feridas;Pleno dia;Crescente;Céu Claro;Múltipla;Reta;Não;2;0;1;0;1;0;1;1;-23,43971486;-46,43667806;SPRF-SP;DEL01-SP;UOP01-DEL01-SP;false
544000.0;2023-08-22;terça-feira;18:30:00;SP;101.0;34;UBATUBA;Entrada inopinada do pedestre;Atropelamento de Pedestre;Com Vítimas Fatais;Plena Noite;Decrescente;Céu Claro;Simples;Reta;Não;3;1;0;0;2;0;0;2;-23,39159;-44,999209;SPRF-SP;DEL06-SP;UOP01-DEL06-SP;false
544008.0;2023-08-23;quarta-feira;07:00:00;SP;381.0;84;SAO PAULO;Ausência de reação do condutor;Atropelamento de Pedestre;Com Vítimas Feridas;Pleno dia;Crescente;Céu Claro;Dupla;Reta;Sim;2;0;0;1;1;0;1;2;-23,43937;-46,56807;SPRF-SP;DEL03-SP;UOP01-DEL03-SP;false
544036.0;2023-08-23;quarta-feira;12:40:00;SP;116.0;487;CAJATI;Ausência de reação do condutor;Saída de leito carroçável;Com Vítimas Feridas;Pleno dia;Decrescente;Céu Claro;Dupla;Reta;Não;2;0;2;0;0;0;2;1;-24,72633575;-48,08998415;SPRF-SP;DEL05-SP;UOP01-DEL05-SP;false
544043.0;2023-08-23;quarta-feira;13:35:00;SP;381.0;54,5;MAIRIPORA;Demais falhas mecânicas ou elétricas;Incêndio;Sem Vítimas;Pleno dia;Crescente;Sol;Dupla;Curva;Sim;1;0;0;0;1;0;0;1;-23,2449074;-46,59562343;SPRF-SP;DEL03-SP;UOP01-DEL03-SP;false
544055.0;2023-08-23;quarta-feira;13:20:00;SP;116.0;329,1;JUQUITIBA;Ausência de reação do condutor;Tombamento;Com Vítimas Feridas;Pleno dia;Crescente;Céu Claro;Dupla;Reta;Não;2;0;1;0;1;0;1;1;-23,93981788;-47,08868406;SPRF-SP;DEL04-SP;UOP03-DEL04-SP;false
544060.0;2023-08-23;quarta-feira;14:40:00;SP;153.0;94;JOSE BONIFACIO;Reação tardia ou ineficiente do condutor;Tombamento;Com Vítimas Feridas;Pleno dia;Decrescente;Céu Claro;Simples;Declive;Não;1;0;1;0;0;0;1;1;-20,96779165;-49,59638906;SPRF-SP;DEL09-SP;UOP01-DEL09-SP;false
544064.0;2023-08-23;quarta-feira;14:10:00;SP;381.0;88;SAO PAULO;Afundamento ou ondulação no pavimento;Queda de ocupante de veículo;Com Vítimas Feridas;Pleno dia;Decrescente;Sol;Múltipla;Reta;Não;2;0;2;0;0;0;2;1;-23,47469314;-46,56112919;SPRF-SP;DEL03-SP;UOP01-DEL03-SP;false
544075.0;2023-08-23;quarta-feira;16:50:00;SP;116.0;113;TAUBATE;Ausência de reação do condutor;Engavetamento;Com Vítimas Feridas;Pleno dia;Decrescente;Céu Claro;Dupla;Reta;Não;4;0;0;1;3;0;1;3;-23,0440828;-45,58041405;SPRF-SP;DEL02-SP;UOP02-DEL02-SP;false
544097.0;2023-08-23;quarta-feira;18:50:00;SP;116.0;229;SAO PAULO;Trafegar com motocicleta (ou similar) entre as faixas;Colisão lateral mesmo sentido;Com Vítimas Feridas;Pleno dia;Decrescente;Céu Claro;Múltipla;Reta;Sim;2;0;1;0;1;0;1;2;-23,51291902;-46,57604698;SPRF-SP;DEL01-SP;UOP01-DEL01-SP;false
544124.0;2023-08-23;quarta-feira;21:10:00;SP;381.0;58;MAIRIPORA;Animais na Pista;Atropelamento de Animal;Com Vítimas Feridas;Plena Noite;Crescente;Céu Claro;Dupla;"Curva;Declive                 ";Não;1;0;1;0;0;0;1;1;-23,27438497;-46,58530615;SPRF-SP;DEL03-SP;UOP01-DEL03-SP;false
544146.0;2023-08-24;quinta-feira;00:40:00;SP;116.0;150;SAO JOSE DOS CAMPOS;Condutor deixou de manter distância do veículo da frente;Colisão traseira;Com Vítimas Feridas;Plena Noite;Decrescente;Céu Claro;Dupla;Reta;Não;2;0;1;0;0;1;1;2;-23,21335525;-45,8930588;SPRF-SP;DEL02-SP;UOP01-DEL02-SP;false
544171.0;2023-08-24;quinta-feira;07:00:00;SP;116.0;220;GUARULHOS;Trafegar com motocicleta (ou similar) entre as faixas;Colisão lateral mesmo sentido;Com Vítimas Feridas;Pleno dia;Crescente;Céu Claro;Múltipla;Reta;Sim;2;0;1;0;1;0;1;2;-23,46143954;-46,48885316;SPRF-SP;DEL01-SP;UOP01-DEL01-SP;false
544205.0;2023-08-24;quinta-feira;09:00:00;SP;153.0;53,5;SAO JOSE DO RIO PRETO;Condutor deixou de manter distância do veículo da frente;Colisão traseira;Com Vítimas Feridas;Pleno dia;Crescente;Céu Claro;Dupla;Curva;Não;3;0;1;0;2;0;1;2;-20,73965967;-49,33792591;SPRF-SP;DEL09-SP;UOP01-DEL09-SP;false
544275.0;2023-08-24;quinta-feira;15:30:00;SP;116.0;272,5;TABOAO DA SERRA;Reação tardia ou ineficiente do condutor;Colisão com objeto;Com Vítimas Feridas;Pleno dia;Crescente;Céu Claro;Dupla;Reta;Sim;1;0;1;0;0;0;1;1;-23,621691;-46,813288;SPRF-SP;DEL04-SP;UOP01-DEL04-SP;false
544280.0;2023-08-24;quinta-feira;16:40:00;SP;116.0;225;GUARULHOS;Manobra de mudança de faixa;Colisão lateral mesmo sentido;Com Vítimas Feridas;Anoitecer;Decrescente;Nublado;Múltipla;Reta;Sim;2;0;1;0;1;0;1;2;-23,48586772;-46,54075317;SPRF-SP;DEL01-SP;UOP01-DEL01-SP;false
544302.0;2023-08-24;quinta-feira;14:20:00;SP;101.0;40;UBATUBA;Ingestão de álcool pelo condutor;Saída de leito carroçável;Sem Vítimas;Pleno dia;Decrescente;Céu Claro;Simples;Reta;Não;1;0;0;0;1;0;0;1;-23,41495528;-45,03516778;SPRF-SP;DEL06-SP;UOP01-DEL06-SP;false
544307.0;2023-08-24;quinta-feira;18:49:00;SP;116.0;111;TAUBATE;Reação tardia ou ineficiente do condutor;Colisão com objeto;Sem Vítimas;Plena Noite;Crescente;Garoa/Chuvisco;Dupla;Reta;Sim;1;0;0;0;1;0;0;1;-23,03887149;-45,56097419;SPRF-SP;DEL02-SP;UOP02-DEL02-SP;false
544340.0;2023-08-24;quinta-feira;22:16:00;SP;116.0;187;SANTA ISABEL;Acumulo de água sobre o pavimento;Colisão com objeto;Com Vítimas Feridas;Plena Noite;Decrescente;Chuva;Dupla;"Curva;Aclive                  ";Não;1;0;1;0;0;0;1;1;-23,35713072;-46,20737811;SPRF-SP;DEL01-SP;UOP01-DEL01-SP;false
544345.0;2023-08-24;quinta-feira;22:45:00;SP;116.0;218;GUARULHOS;Reação tardia ou ineficiente do condutor;Tombamento;Com Vítimas Feridas;Plena Noite;Decrescente;Garoa/Chuvisco;Múltipla;"Aclive;Reta                   ";Sim;2;0;2;0;0;0;2;1;-23,457972;-46,479927;SPRF-SP;DEL01-SP;UOP01-DEL01-SP;false
544391.0;2023-08-25;sexta-feira;06:15:00;SP;116.0;272;TABOAO DA SERRA;Trafegar com motocicleta (ou similar) entre as faixas;Colisão lateral mesmo sentido;Com Vítimas Feridas;Pleno dia;Decrescente;Nublado;Dupla;Reta;Sim;2;0;0;1;1;0;1;2;-23,621691;-46,813288;SPRF-SP;DEL04-SP;UOP01-DEL04-SP;false
544401.0;2023-08-25;sexta-feira;08:28:00;SP;116.0;134;SAO JOSE DOS CAMPOS;Ausência de reação do condutor;Engavetamento;Com Vítimas Feridas;Pleno dia;Crescente;Céu Claro;Dupla;Reta;Sim;4;0;4;0;0;0;4;3;-23,1402216;-45,7617252;SPRF-SP;DEL02-SP;UOP02-DEL02-SP;false
544438.0;2023-08-25;sexta-feira;12:15:00;SP;0.0;0;UBATUBA;Retorno proibido;Colisão transversal;Com Vítimas Feridas;Pleno dia;Não Informado;Nublado;Dupla;Reta;Sim;2;0;1;0;1;0;1;2;-23,43353;-45,08677;SPRF-SP;DEL06-SP;UOP01-DEL06-SP;false
544496.0;2023-08-25;sexta-feira;17:00:00;SP;116.0;438;REGISTRO;Chuva;Colisão com objeto;Com Vítimas Feridas;Anoitecer;Decrescente;Chuva;Dupla;"Declive;Reta                  ";Não;2;0;2;0;0;0;2;1;-24,44811308;-47,80555693;SPRF-SP;DEL05-SP;UOP01-DEL05-SP;false
544570.0;2023-08-26;sábado;01:30:00;SP;116.0;222;GUARULHOS;Entrada inopinada do pedestre;Atropelamento de Pedestre;Com Vítimas Feridas;Plena Noite;Crescente;Chuva;Múltipla;Reta;Sim;4;0;2;0;1;1;2;3;-23,47093408;-46,51631097;SPRF-SP;DEL01-SP;UOP01-DEL01-SP;false
544602.0;2023-08-26;sábado;06:30:00;SP;116.0;72,2;APARECIDA;Chuva;Saída de leito carroçável;Com Vítimas Feridas;Amanhecer;Decrescente;Chuva;Dupla;"Curva;Declive                 ";Não;1;0;1;0;0;0;1;1;-22,86354218;-45,23746093;SPRF-SP;DEL08-SP;UOP01-DEL08-SP;false
544622.0;2023-08-26;sábado;07:18:00;SP;381.0;61;MAIRIPORA;Ausência de reação do condutor;Tombamento;Com Vítimas Feridas;Pleno dia;Crescente;Chuva;Dupla;"Curva;Declive                 ";Não;3;0;1;0;2;0;1;1;-23,29011611;-46,5800681;SPRF-SP;DEL03-SP;UOP01-DEL03-SP;false
544648.0;2023-08-26;sábado;08:30:00;SP;381.0;75;SAO PAULO;Demais falhas mecânicas ou elétricas;Incêndio;Sem Vítimas;Pleno dia;Decrescente;Garoa/Chuvisco;Múltipla;"Curva;Aclive                  ";Não;25;0;0;0;25;0;0;1;-23,37660089;-46,56409613;SPRF-SP;DEL03-SP;UOP01-DEL03-SP;false
544683.0;2023-08-26;sábado;14:05:00;SP;116.0;503;CAJATI;Manobra de mudança de faixa;Colisão lateral mesmo sentido;Com Vítimas Feridas;Pleno dia;Crescente;Nublado;Simples;Reta;Não;3;0;1;0;2;0;1;3;-24,77541893;-48,20947907;SPRF-SP;DEL05-SP;UOP02-DEL05-SP;false
544762.0;2023-08-26;sábado;20:15:00;SP;116.0;112;TAUBATE;Suicídio (presumido);Atropelamento de Pedestre;Com Vítimas Feridas;Plena Noite;Crescente;Garoa/Chuvisco;Dupla;Reta;Sim;2;0;1;0;1;0;1;2;-23,04159343;-45,57065616;SPRF-SP;DEL02-SP;UOP02-DEL02-SP;false
544776.0;2023-08-26;sábado;21:00:00;SP;116.0;326;JUQUITIBA;Chuva;Saída de leito carroçável;Com Vítimas Feridas;Pleno dia;Decrescente;Chuva;Dupla;Curva;Não;5;0;2;1;2;0;3;1;-23,93901304;-47,06241203;SPRF-SP;DEL04-SP;UOP03-DEL04-SP;false
544816.0;2023-08-27;domingo;03:00:00;SP;116.0;269;TABOAO DA SERRA;Velocidade Incompatível;Colisão lateral mesmo sentido;Com Vítimas Feridas;Plena Noite;Decrescente;Nublado;Múltipla;Curva;Sim;4;0;3;0;0;1;3;2;-23,61593059;-46,78826044;SPRF-SP;DEL04-SP;UOP01-DEL04-SP;false
544819.0;2023-08-27;domingo;04:15:00;SP;116.0;76;APARECIDA;Demais falhas mecânicas ou elétricas;Tombamento;Com Vítimas Feridas;Plena Noite;Crescente;Garoa/Chuvisco;Dupla;Curva;Não;1;0;1;0;0;0;1;1;-22,87747687;-45,27203908;SPRF-SP;DEL08-SP;UOP01-DEL08-SP;false