id;data_inversa;dia_semana;horario;uf;br;km;municipio;causa_acidente;tipo_acidente;classificacao_acidente;fase_dia;sentido_via;condicao_metereologica;tipo_pista;tracado_via;uso_solo;pessoas;mortos;feridos_leves;feridos_graves;ilesos;ignorados;feridos;veiculos;latitude;longitude;regional;delegacia;uop;feriado
544853.0;2023-08-27;domingo;08:00:00;SP;116.0;132,8;CACAPAVA;Condutor Dormindo;Colisão com objeto;Sem Vítimas;Pleno dia;Decrescente;Céu Claro;Dupla;Reta;Sim;1;0;0;0;1;0;0;1;-23,13169757;-45,74481322;SPRF-SP;DEL02-SP;UOP02-DEL02-SP;false
544855.0;2023-08-27;domingo;02:20:00;SP;381.0;86;SAO PAULO;Reação tardia ou ineficiente do condutor;Capotamento;Sem Vítimas;Plena Noite;Decrescente;Céu Claro;Dupla;Reta;Sim;1;0;0;0;0;1;0;1;-23,45930499;-46,57161179;SPRF-SP;DEL03-SP;UOP01-DEL03-SP;false
544864.0;2023-08-27;domingo;08:30:00;SP;381.0;75;SAO PAULO;Chuva;Capotamento;Com Vítimas Feridas;Pleno dia;Decrescente;Chuva;Simples;"Declive;Curva                 ";Não;1;0;1;0;0;0;1;1;-23,37660089;-46,56409613;SPRF-SP;DEL03-SP;UOP01-DEL03-SP;false
544868.0;2023-08-27;domingo;10:38:00;SP;116.0;202;ARUJA;Pista Escorregadia;Colisão com objeto;Com Vítimas Feridas;Pleno dia;Crescente;Chuva;Dupla;Curva;Sim;1;0;1;0;0;0;1;1;-23,40809408;-46,33859597;SPRF-SP;DEL01-SP;UOP01-DEL01-SP;false
544887.0;2023-08-27;domingo;13:00:00;SP;116.0;155;SAO JOSE DOS CAMPOS;Manobra de mudança de faixa;Capotamento;Com Vítimas Feridas;Pleno dia;Decrescente;Nublado;Múltipla;Reta;Não;1;0;1;0;0;0;1;1;-23,24524337;-45,92772774;SPRF-SP;DEL02-SP;UOP01-DEL02-SP;false
544907.0;2023-08-27;domingo;15:05:00;SP;116.0;191;SANTA ISABEL;Velocidade Incompatível;Saída de leito carroçável;Com Vítimas Feridas;Pleno dia;Decrescente;Garoa/Chuvisco;Dupla;"Curva;Aclive                  ";Não;6;0;3;0;3;0;3;3;-23,37555;-46,248183;SPRF-SP;DEL01-SP;UOP01-DEL01-SP;false
544953.0;2023-08-27;domingo;18:45:00;SP;116.0;219;GUARULHOS;Reação tardia ou ineficiente do condutor;Colisão lateral mesmo sentido;Com Vítimas Feridas;Plena Noite;Decrescente;Chuva;Múltipla;Reta;Sim;4;0;1;0;3;0;1;2;-23,46143954;-46,48885316;SPRF-SP;DEL01-SP;UOP01-DEL01-SP;false
544957.0;2023-08-27;domingo;13:00:00;SP;381.0;50;ATIBAIA;Chuva;Colisão com objeto;Com Vítimas Feridas;Pleno dia;Decrescente;Garoa/Chuvisco;Dupla;Reta;Sim;2;0;2;0;0;0;2;1;-23,21359807;-46,59367981;SPRF-SP;DEL03-SP;UOP01-DEL03-SP;false
544960.0;2023-08-27;domingo;19:00:00;SP;116.0;159;JACAREI;Reação tardia ou ineficiente do condutor;Colisão traseira;Com Vítimas Feridas;Plena Noite;Decrescente;Chuva;Dupla;Reta;Sim;6;0;3;0;3;0;3;4;-23,26585409;-45,95983994;SPRF-SP;DEL02-SP;UOP01-DEL02-SP;false
544962.0;2023-08-27;domingo;19:00:00;SP;116.0;130;CACAPAVA;Ingestão de álcool ou de substâncias psicoativas pelo pedestre;Saída de leito carroçável;Sem Vítimas;Plena Noite;Decrescente;Chuva;Simples;Interseção de Vias;Sim;1;0;0;0;1;0;0;1;-23,12313858;-45,72792271;SPRF-SP;DEL02-SP;UOP02-DEL02-SP;false
544997.0;2023-08-27;domingo;19:00:00;SP;116.0;538;BARRA DO TURVO;Reação tardia ou ineficiente do condutor;Colisão com objeto;Com Vítimas Feridas;Plena Noite;Crescente;Chuva;Simples;Curva;Não;2;0;1;0;1;0;1;1;-24,97172153;-48,37309592;SPRF-SP;DEL05-SP;UOP02-DEL05-SP;false
545024.0;2023-08-27;domingo;19:45:00;SP;381.0;83;SAO PAULO;Demais falhas mecânicas ou elétricas;Incêndio;Sem Vítimas;Plena Noite;Crescente;Chuva;Simples;Reta;Sim;1;0;0;0;0;1;0;1;-23,42399;-46,575112;SPRF-SP;DEL03-SP;UOP01-DEL03-SP;false
545068.0;2023-08-27;domingo;11:15:00;SP;381.0;79;SAO PAULO;Chuva;Colisão com objeto;Com Vítimas Feridas;Pleno dia;Crescente;Chuva;Dupla;"Curva;Declive;Viaduto         ";Sim;2;0;1;0;1;0;1;1;-23,40889686;-46,58095945;SPRF-SP;DEL03-SP;UOP01-DEL03-SP;false
545075.0;2023-08-28;segunda-feira;07:15:00;SP;116.0;507;CAJATI;Condutor Dormindo;Colisão com objeto;Com Vítimas Feridas;Amanhecer;Decrescente;Nublado;Dupla;"Curva;Declive                 ";Não;2;0;1;0;1;0;1;1;-24,805288;-48,214966;SPRF-SP;DEL05-SP;UOP02-DEL05-SP;false
545078.0;2023-08-28;segunda-feira;08:00:00;SP;116.0;274;EMBU DAS ARTES;Reação tardia ou ineficiente do condutor;Colisão traseira;Com Vítimas Feridas;Pleno dia;Decrescente;Garoa/Chuvisco;Dupla;Reta;Sim;3;0;2;0;1;0;2;2;-23,63445084;-46,82418514;SPRF-SP;DEL04-SP;UOP01-DEL04-SP;false
545096.0;2023-08-28;segunda-feira;07:30:00;SP;116.0;560;BARRA DO TURVO;Ausência de reação do condutor;Tombamento;Com Vítimas Feridas;Pleno dia;Crescente;Garoa/Chuvisco;Dupla;"Curva;Declive                 ";Não;1;0;1;0;0;0;1;1;-25,01571198;-48,50929106;SPRF-SP;DEL05-SP;UOP02-DEL05-SP;false
545116.0;2023-08-28;segunda-feira;06:48:00;SP;381.0;63;MAIRIPORA;Demais falhas mecânicas ou elétricas;Colisão com objeto;Com Vítimas Feridas;Pleno dia;Decrescente;Céu Claro;Dupla;Aclive;Não;1;0;1;0;0;0;1;1;-23,302805;-46,572767;SPRF-SP;DEL03-SP;UOP01-DEL03-SP;false
545131.0;2023-08-28;segunda-feira;12:20:00;SP;153.0;72,3;SAO JOSE DO RIO PRETO;Reação tardia ou ineficiente do condutor;Saída de leito carroçável;Com Vítimas Feridas;Pleno dia;Crescente;Céu Claro;Dupla;"Declive;Reta                  ";Não;1;0;1;0;0;0;1;1;-20,86715501;-49,41334398;SPRF-SP;DEL09-SP;UOP01-DEL09-SP;false
545139.0;2023-08-28;segunda-feira;13:00:00;SP;116.0;146;SAO JOSE DOS CAMPOS;Reação tardia ou ineficiente do condutor;Colisão traseira;Com Vítimas Feridas;Pleno dia;Crescente;Nublado;Dupla;Reta;Sim;2;0;0;1;1;0;1;2;-23,19122919;-45,86327591;SPRF-SP;DEL02-SP;UOP01-DEL02-SP;false
545163.0;2023-08-28;segunda-feira;12:22:00;SP;381.0;57,8;MAIRIPORA;Reação tardia ou ineficiente do condutor;Tombamento;Com Vítimas Feridas;Pleno dia;Decrescente;Nublado;Dupla;"Reta;Declive                  ";Não;1;0;1;0;0;0;1;1;-23,27329482;-46,58488315;SPRF-SP;DEL03-SP;UOP01-DEL03-SP;false
545166.0;2023-08-28;segunda-feira;15:15:00;SP;153.0;63;SAO JOSE DO RIO PRETO;Ausência de reação do condutor;Colisão traseira;Com Vítimas Feridas;Pleno dia;Crescente;Céu Claro;Dupla;Reta;Sim;2;0;1;0;1;0;1;2;-20,82149698;-49,35764818;SPRF-SP;DEL09-SP;UOP01-DEL09-SP;false
545169.0;2023-06-25;domingo;14:30:00;SP;381.0;75;SAO PAULO;Ausência de reação do condutor;Tombamento;Com Vítimas Feridas;Pleno dia;Crescente;Céu Claro;Dupla;Curva;Não;2;0;1;0;1;0;1;1;-23,37660089;-46,56409613;SPRF-SP;DEL03-SP;UOP01-DEL03-SP;false
545220.0;2023-08-28;segunda-feira;20:30:00;SP;381.0;70;SAO PAULO;Chuva;Queda de ocupante de veículo;Com Vítimas Feridas;Plena Noite;Decrescente;Garoa/Chuvisco;Dupla;"Declive;Reta                  ";Sim;1;0;1;0;0;0;1;1;-23,34972978;-46,56070474;SPRF-SP;DEL03-SP;UOP01-DEL03-SP;false
545227.0;2023-08-28;segunda-feira;21:30:00;SP;116.0;27,9;SILVEIRAS;Ausência de reação do condutor;Colisão com objeto;Sem Vítimas;Plena Noite;Crescente;Nublado;Dupla;Curva;Não;1;0;0;0;1;0;0;1;-22,61994629;-44,90836974;SPRF-SP;DEL08-SP;UOP02-DEL08-SP;false
545229.0;2023-08-28;segunda-feira;23:40:00;SP;116.0;214;GUARULHOS;Ausência de reação do condutor;Colisão com objeto;Sem Vítimas;Plena Noite;Crescente;Garoa/Chuvisco;Múltipla;Declive;Sim;1;0;0;0;1;0;0;1;-23,44333014;-46,44531294;SPRF-SP;DEL01-SP;UOP01-DEL01-SP;false
545297.0;2023-08-29;terça-feira;11:45:00;SP;381.0;57;MAIRIPORA;Reação tardia ou ineficiente do condutor;Engavetamento;Com Vítimas Feridas;Pleno dia;Crescente;Céu Claro;Múltipla;Reta;Não;4;0;0;1;3;0;1;3;-23,2658219;-46,5839857;SPRF-SP;DEL03-SP;UOP01-DEL03-SP;false
545303.0;2023-08-29;terça-feira;13:40:00;SP;101.0;45;UBATUBA;Acessar a via sem observar a presença dos outros veículos;Colisão traseira;Com Vítimas Feridas;Pleno dia;Crescente;Nublado;Simples;Reta;Sim;2;0;2;0;0;0;2;2;-23,41779396;-45,06788408;SPRF-SP;DEL06-SP;UOP01-DEL06-SP;false
545313.0;2023-08-29;terça-feira;11:00:00;SP;381.0;55;MAIRIPORA;Ausência de reação do condutor;Colisão lateral mesmo sentido;Com Vítimas Feridas;Pleno dia;Crescente;Céu Claro;Dupla;Reta;Sim;2;0;1;0;1;0;1;2;-23,25207404;-46,59480386;SPRF-SP;DEL03-SP;UOP01-DEL03-SP;false
545334.0;2023-08-29;terça-feira;17:10:00;SP;116.0;110,3;TAUBATE;Trafegar com motocicleta (ou similar) entre as faixas;Colisão traseira;Com Vítimas Feridas;Pleno dia;Decrescente;Sol;Dupla;Reta;Não;2;0;0;1;1;0;1;2;-23,03412614;-45,5526999;SPRF-SP;DEL08-SP;UOP01-DEL08-SP;false
545352.0;2023-08-29;terça-feira;19:00:00;SP;116.0;162;JACAREI;Ausência de reação do condutor;Tombamento;Com Vítimas Feridas;Plena Noite;Decrescente;Céu Claro;Dupla;Reta;Sim;1;0;0;1;0;0;1;1;-23,28133317;-45,98394689;SPRF-SP;DEL02-SP;UOP01-DEL02-SP;false
545393.0;2023-08-30;quarta-feira;00:30:00;SP;116.0;112,8;TAUBATE;Velocidade Incompatível;Colisão traseira;Com Vítimas Feridas;Plena Noite;Decrescente;Céu Claro;Dupla;Reta;Sim;2;0;1;0;1;0;1;2;-23,04159343;-45,57065616;SPRF-SP;DEL02-SP;UOP02-DEL02-SP;false
545396.0;2023-08-30;quarta-feira;01:00:00;SP;116.0;147;SAO JOSE DOS CAMPOS;Condutor Dormindo;Capotamento;Com Vítimas Feridas;Plena Noite;Decrescente;Céu Claro;Múltipla;Reta;Não;1;0;1;0;0;0;1;1;-23,19542994;-45,87176303;SPRF-SP;DEL02-SP;UOP01-DEL02-SP;false
545420.0;2023-08-30;quarta-feira;06:00:00;SP;116.0;154;SAO JOSE DOS CAMPOS;Ausência de reação do condutor;Tombamento;Com Vítimas Feridas;Amanhecer;Decrescente;Nublado;Dupla;Reta;Sim;1;0;1;0;0;0;1;1;-23,23903999;-45,92061901;SPRF-SP;DEL02-SP;UOP01-DEL02-SP;false
545454.0;2023-08-30;quarta-feira;12:20:00;SP;116.0;227;GUARULHOS;Carga excessiva e/ou mal acondicionada;Colisão com objeto;Com Vítimas Feridas;Pleno dia;Decrescente;Céu Claro;Múltipla;Reta;Não;1;0;1;0;0;0;1;1;-23,49659264;-46,55648754;SPRF-SP;DEL01-SP;UOP01-DEL01-SP;false
545464.0;2023-08-30;quarta-feira;13:30:00;SP;116.0;163;JACAREI;Ausência de reação do condutor;Queda de ocupante de veículo;Com Vítimas Feridas;Pleno dia;Decrescente;Céu Claro;Dupla;Reta;Sim;1;0;1;0;0;0;1;1;-23,28649584;-45,9919851;SPRF-SP;DEL02-SP;UOP01-DEL02-SP;false
545477.0;2023-08-30;quarta-feira;15:00:00;SP;116.0;142;SAO JOSE DOS CAMPOS;Avarias e/ou desgaste excessivo no pneu;Tombamento;Com Vítimas Feridas;Pleno dia;Decrescente;Sol;Dupla;Reta;Sim;2;0;2;0;0;0;2;1;-23,17426078;-45,82940111;SPRF-SP;DEL02-SP;UOP01-DEL02-SP;false
545519.0;2023-08-30;quarta-feira;19:00:00;SP;116.0;146;SAO JOSE DOS CAMPOS;Condutor deixou de manter distância do veículo da frente;Colisão traseira;Sem Vítimas;Plena Noite;Decrescente;Nublado;Dupla;Reta;Sim;2;0;0;0;2;0;0;2;-23,19122919;-45,86327591;SPRF-SP;DEL02-SP;UOP01-DEL02-SP;false
545526.0;2023-08-30;quarta-feira;19:15:00;SP;116.0;216;GUARULHOS;Reação tardia ou ineficiente do condutor;Tombamento;Com Vítimas Feridas;Plena Noite;Decrescente;Céu Claro;Múltipla;Reta;Sim;1;0;1;0;0;0;1;1;-23,45056589;-46,46258105;SPRF-SP;DEL01-SP;UOP01-DEL01-SP;false
545601.0;2023-08-31;quinta-feira;07:50:00;SP;116.0;227;SAO PAULO;Manobra de mudança de faixa;Colisão lateral mesmo sentido;Com Vítimas Feridas;Pleno dia;Crescente;Nublado;Múltipla;Reta;Sim;2;0;1;0;0;1;1;2;-23,49659264;-46,55648754;SPRF-SP;DEL01-SP;UOP01-DEL01-SP;false
545617.0;2023-08-31;quinta-feira;07:25:00;SP;116.0;224;GUARULHOS;Trafegar com motocicleta (ou similar) entre as faixas;Colisão traseira;Com Vítimas Feridas;Pleno dia;Crescente;Céu Claro;Múltipla;Reta;Sim;3;0;1;0;2;0;1;2;-23,48071896;-46,53271603;SPRF-SP;DEL01-SP;UOP01-DEL01-SP;false
545620.0;2023-08-31;quinta-feira;08:00:00;SP;116.0;219;GUARULHOS;Trafegar com motocicleta (ou similar) entre as faixas;Capotamento;Com Vítimas Feridas;Pleno dia;Crescente;Céu Claro;Múltipla;Reta;Não;2;0;2;0;0;0;2;1;-23,46143954;-46,48885316;SPRF-SP;DEL01-SP;UOP01-DEL01-SP;false
545630.0;2023-08-31;quinta-feira;09:00:00;SP;116.0;58,1;GUARATINGUETA;Ausência de reação do condutor;Colisão com objeto;Com Vítimas Feridas;Pleno dia;Crescente;Céu Claro;Dupla;Reta;Sim;1;0;1;0;0;0;1;1;-22,78005511;-45,14572791;SPRF-SP;DEL08-SP;UOP01-DEL08-SP;false
545778.0;2023-09-01;sexta-feira;07:30:00;SP;116.0;213;GUARULHOS;Velocidade Incompatível;Colisão traseira;Com Vítimas Feridas;Amanhecer;Crescente;Nublado;Simples;Reta;Sim;4;0;2;0;2;0;2;2;-23,43971486;-46,43667806;SPRF-SP;DEL01-SP;UOP01-DEL01-SP;false
545793.0;2023-09-01;sexta-feira;08:40:00;SP;116.0;222;GUARULHOS;Reação tardia ou ineficiente do condutor;Queda de ocupante de veículo;Com Vítimas Feridas;Pleno dia;Crescente;Céu Claro;Múltipla;Reta;Não;2;0;1;0;0;1;1;2;-23,47093408;-46,51631097;SPRF-SP;DEL01-SP;UOP01-DEL01-SP;false
545807.0;2023-09-01;sexta-feira;09:30:00;SP;116.0;225;GUARULHOS;Ausência de reação do condutor;Colisão traseira;Com Vítimas Feridas;Pleno dia;Crescente;Céu Claro;Múltipla;Reta;Sim;3;0;1;0;2;0;1;2;-23,48586772;-46,54075317;SPRF-SP;DEL01-SP;UOP01-DEL01-SP;false
545817.0;2023-08-25;sexta-feira;06:30:00;SP;116.0;207;GUARULHOS;Condutor deixou de manter distância do veículo da frente;Colisão traseira;Com Vítimas Feridas;Amanhecer;Crescente;Nublado;Dupla;Reta;Sim;2;0;1;0;1;0;1;2;-23,41972188;-46,38419203;SPRF-SP;DEL01-SP;UOP01-DEL01-SP;false
545839.0;2023-09-01;sexta-feira;13:15:00;SP;116.0;60,3;GUARATINGUETA;Ausência de reação do condutor;Colisão com objeto;Com Vítimas Feridas;Pleno dia;Crescente;Sol;Dupla;"Interseção de Vias;Reta       ";Não;1;0;1;0;0;0;1;1;-22,79106843;-45,16105167;SPRF-SP;DEL08-SP;UOP01-DEL08-SP;false
545844.0;2023-07-30;domingo;06:30:00;SP;381.0;85;SAO PAULO;Reação tardia ou ineficiente do condutor;Colisão traseira;Com Vítimas Feridas;Amanhecer;Decrescente;Garoa/Chuvisco;Múltipla;Reta;Sim;2;0;2;0;0;0;2;2;-23,449343;-46,56983501;SPRF-SP;DEL03-SP;UOP01-DEL03-SP;false
545904.0;2023-09-01;sexta-feira;17:20:00;SP;381.0;46;ATIBAIA;Reação tardia ou ineficiente do condutor;Colisão com objeto;Sem Vítimas;Anoitecer;Crescente;Céu Claro;Dupla;"Reta;Declive                  ";Não;2;0;0;0;2;0;0;1;-23,180897;-46,580777;SPRF-SP;DEL03-SP;UOP01-DEL03-SP;false
545910.0;2023-09-01;sexta-feira;18:30:00;SP;101.0;47,9;UBATUBA;Reação tardia ou ineficiente do condutor;Colisão transversal;Com Vítimas Feridas;Plena Noite;Crescente;Céu Claro;Simples;Rotatória;Sim;2;0;1;0;1;0;1;2;-23,429897;-45,082436;SPRF-SP;DEL06-SP;UOP01-DEL06-SP;false
545940.0;2023-09-01;sexta-feira;20:23:00;SP;116.0;119;TAUBATE;Ausência de reação do condutor;Capotamento;Com Vítimas Feridas;Plena Noite;Decrescente;Céu Claro;Dupla;Reta;Não;1;0;1;0;0;0;1;1;-23,06710044;-45,63562878;SPRF-SP;DEL02-SP;UOP02-DEL02-SP;false
545948.0;2023-09-01;sexta-feira;20:00:00;SP;101.0;45,5;UBATUBA;Acessar a via sem observar a presença dos outros veículos;Colisão lateral sentido oposto;Com Vítimas Feridas;Plena Noite;Crescente;Céu Claro;Simples;Reta;Sim;2;0;1;0;0;1;1;2;-23,41779396;-45,06788408;SPRF-SP;DEL06-SP;UOP01-DEL06-SP;false
545951.0;2023-09-01;sexta-feira;21:30:00;SP;116.0;219;GUARULHOS;Ausência de reação do condutor;Colisão transversal;Com Vítimas Feridas;Plena Noite;Crescente;Céu Claro;Múltipla;Reta;Sim;3;0;2;0;1;0;2;2;-23,46143954;-46,48885316;SPRF-SP;DEL01-SP;UOP01-DEL01-SP;false
545969.0;2023-09-01;sexta-feira;21:45:00;SP;153.0;86,5;MIRASSOL;Velocidade Incompatível;Colisão com objeto;Sem Vítimas;Plena Noite;Crescente;Céu Claro;Dupla;Curva;Não;2;0;0;0;1;1;0;2;-20,94035079;-49,52635316;SPRF-SP;DEL09-SP;UOP01-DEL09-SP;false
545975.0;2023-09-01;sexta-feira;23:10:00;SP;116.0;269;TABOAO DA SERRA;Ausência de reação do condutor;Colisão traseira;Com Vítimas Fatais;Plena Noite;Decrescente;Céu Claro;Múltipla;Reta;Sim;3;1;0;0;2;0;0;2;-23,61593059;-46,78826044;SPRF-SP;DEL04-SP;UOP01-DEL04-SP;false
546002.0;2023-09-02;sábado;05:15:00;SP;0.0;0;GUARULHOS;Reação tardia ou ineficiente do condutor;Saída de leito carroçável;Com Vítimas Feridas;Amanhecer;Não Informado;Céu Claro;Simples;"Curva;Declive;Interseção de Vi";Sim;1;0;1;0;0;0;1;1;-23,49629072;-46,55887842;SPRF-SP;DEL01-SP;UOP01-DEL01-SP;false
546032.0;2023-09-02;sábado;07:15:00;SP;116.0;143;SAO JOSE DOS CAMPOS;Trafegar com motocicleta (ou similar) entre as faixas;Colisão transversal;Com Vítimas Feridas;Pleno dia;Crescente;Céu Claro;Dupla;Reta;Sim;4;0;2;0;2;0;2;3;-23,17849879;-45,83787411;SPRF-SP;DEL02-SP;UOP01-DEL02-SP;false
546049.0;2023-09-02;sábado;09:10:00;SP;101.0;49;UBATUBA;Acessar a via sem observar a presença dos outros veículos;Colisão transversal;Com Vítimas Feridas;Pleno dia;Crescente;Céu Claro;Simples;"Interseção de Vias;Reta       ";Sim;2;0;1;0;1;0;1;2;-23,44410908;-45,08375708;SPRF-SP;DEL06-SP;UOP01-DEL06-SP;false
546055.0;2023-09-02;sábado;09:50:00;SP;116.0;219;GUARULHOS;Reação tardia ou ineficiente do condutor;Tombamento;Com Vítimas Feridas;Pleno dia;Crescente;Céu Claro;Múltipla;Reta;Sim;2;0;1;0;0;1;1;2;-23,457972;-46,479927;SPRF-SP;DEL01-SP;UOP01-DEL01-SP;false
546072.0;2023-09-02;sábado;12:10:00;SP;116.0;216;GUARULHOS;Manobra de mudança de faixa;Capotamento;Com Vítimas Feridas;Pleno dia;Decrescente;Nublado;Múltipla;Reta;Sim;2;0;1;0;0;1;1;2;-23,45056589;-46,46258105;SPRF-SP;DEL01-SP;UOP01-DEL01-SP;false
546089.0;2023-09-02;sábado;13:50:00;SP;116.0;224;GUARULHOS;Trafegar com motocicleta (ou similar) entre as faixas;Colisão lateral mesmo sentido;Com Vítimas Feridas;Pleno dia;Crescente;Céu Claro;Múltipla;Reta;Sim;2;0;1;0;1;0;1;2;-23,48071896;-46,53271603;SPRF-SP;DEL01-SP;UOP01-DEL01-SP;false
546122.0;2023-09-02;sábado;17:00:00;SP;116.0;203;ARUJA;Ingestão de álcool pelo condutor;Queda de ocupante de veículo;Com Vítimas Feridas;Pleno dia;Crescente;Nublado;Dupla;Reta;Sim;1;0;1;0;0;0;1;1;-23,41060827;-46,34763895;SPRF-SP;DEL01-SP;UOP01-DEL01-SP;false
546155.0;2023-09-02;sábado;18:40:00;SP;116.0;28,1;CRUZEIRO;Ingestão de álcool pelo condutor;Colisão com objeto;Sem Vítimas;Plena Noite;Crescente;Céu Claro;Dupla;"Curva;Declive                 ";Não;2;0;0;0;2;0;0;2;-22,62439974;-44,9142766;SPRF-SP;DEL08-SP;UOP02-DEL08-SP;false
546162.0;2023-09-02;sábado;18:00:00;SP;116.0;272;TABOAO DA SERRA;Acumulo de água sobre o pavimento;Capotamento;Sem Vítimas;Anoitecer;Crescente;Chuva;Dupla;Reta;Não;1;0;0;0;0;1;0;1;-23,621691;-46,813288;SPRF-SP;DEL04-SP;UOP01-DEL04-SP;false
546234.0;2023-09-03;domingo;00:45:00;SP;116.0;147;SAO JOSE DOS CAMPOS;Ausência de reação do condutor;Capotamento;Com Vítimas Feridas;Amanhecer;Crescente;Chuva;Dupla;Reta;Sim;3;0;0;3;0;0;3;2;-23,19542994;-45,87176303;SPRF-SP;DEL02-SP;UOP01-DEL02-SP;false
546237.0;2023-09-03;domingo;00:35:00;SP;381.0;54;MAIRIPORA;Reação tardia ou ineficiente do condutor;Colisão com objeto;Sem Vítimas;Plena Noite;Decrescente;Garoa/Chuvisco;Dupla;"Declive;Reta                  ";Não;2;0;0;0;2;0;0;1;-23,2449074;-46,59562343;SPRF-SP;DEL03-SP;UOP01-DEL03-SP;false
546238.0;2023-09-03;domingo;02:00:00;SP;116.0;150;SAO JOSE DOS CAMPOS;Ausência de reação do condutor;Saída de leito carroçável;Com Vítimas Feridas;Plena Noite;Decrescente;Chuva;Múltipla;Declive;Sim;1;0;0;1;0;0;1;1;-23,21335525;-45,8930588;SPRF-SP;DEL02-SP;UOP01-DEL02-SP;false
546261.0;2023-09-03;domingo;06:00:00;SP;153.0;68,7;SAO JOSE DO RIO PRETO;Chuva;Colisão com objeto;Sem Vítimas;Amanhecer;Crescente;Chuva;Dupla;Curva;Sim;1;0;0;0;1;0;0;1;-20,8505829;-49,383795;SPRF-SP;DEL09-SP;UOP01-DEL09-SP;false
546302.0;2023-09-03;domingo;09:30:00;SP;381.0;82;SAO PAULO;Reação tardia ou ineficiente do condutor;Engavetamento;Com Vítimas Feridas;Pleno dia;Decrescente;Céu Claro;Múltipla;Reta;Sim;3;0;1;0;2;0;1;3;-23,42399;-46,575112;SPRF-SP;DEL03-SP;UOP01-DEL03-SP;false
546306.0;2023-09-03;domingo;09:45:00;SP;153.0;47,7;SAO JOSE DO RIO PRETO;Conversão proibida;Colisão transversal;Com Vítimas Feridas;Pleno dia;Crescente;Sol;Simples;"Reta;Declive                  ";Não;2;0;1;1;0;0;2;2;-20,68199298;-49,34015562;SPRF-SP;DEL09-SP;UOP01-DEL09-SP;false
546368.0;2023-09-03;domingo;16:00:00;SP;116.0;322;JUQUITIBA;Velocidade Incompatível;Colisão traseira;Com Vítimas Feridas;Pleno dia;Decrescente;Sol;Dupla;Reta;Não;5;0;4;0;1;0;4;2;-23,935106;-47,026682;SPRF-SP;DEL04-SP;UOP03-DEL04-SP;false
546422.0;2023-09-03;domingo;19:43:00;SP;116.0;444,2;REGISTRO;Reação tardia ou ineficiente do condutor;Colisão com objeto;Sem Vítimas;Plena Noite;Decrescente;Céu Claro;Dupla;"Curva;Aclive                  ";Não;1;0;0;0;0;1;0;1;-24,49129421;-47,83614553;SPRF-SP;DEL05-SP;UOP01-DEL05-SP;false
546428.0;2023-09-03;domingo;21:05:00;SP;381.0;53,5;MAIRIPORA;Ausência de reação do condutor;Tombamento;Com Vítimas Feridas;Plena Noite;Crescente;Nublado;Dupla;Reta;Sim;2;0;2;0;0;0;2;1;-23,24254294;-46,59770608;SPRF-SP;DEL03-SP;UOP01-DEL03-SP;false
546472.0;2023-09-04;segunda-feira;03:40:00;SP;116.0;285;ITAPECERICA DA SERRA;Ausência de reação do condutor;Colisão traseira;Com Vítimas Feridas;Amanhecer;Crescente;Céu Claro;Dupla;Reta;Sim;6;0;2;0;4;0;2;2;-23,70407794;-46,87249709;SPRF-SP;DEL04-SP;UOP01-DEL04-SP;false
546476.0;2023-09-04;segunda-feira;05:45:00;SP;116.0;188;SANTA ISABEL;Ausência de reação do condutor;Queda de ocupante de veículo;Com Vítimas Feridas;Pleno dia;Decrescente;Céu Claro;Dupla;Reta;Não;1;0;1;0;0;0;1;1;-23,3594352;-46,21675791;SPRF-SP;DEL01-SP;UOP01-DEL01-SP;false
546500.0;2023-09-04;segunda-feira;08:00:00;SP;116.0;144,8;SAO JOSE DOS CAMPOS;Manobra de mudança de faixa;Colisão lateral mesmo sentido;Com Vítimas Feridas;Pleno dia;Crescente;Sol;Dupla;Reta;Sim;2;0;1;0;1;0;1;2;-23,18572164;-45,85282471;SPRF-SP;DEL02-SP;UOP01-DEL02-SP;false
546508.0;2023-08-27;domingo;21:30:00;SP;116.0;529;BARRA DO TURVO;Animais na Pista;Atropelamento de Animal;Sem Vítimas;Plena Noite;Decrescente;Chuva;Dupla;Reta;Não;2;0;0;0;2;0;0;1;-24,939211;-48,301248;SPRF-SP;DEL05-SP;UOP02-DEL05-SP;false
546533.0;2023-09-04;segunda-feira;10:30:00;SP;381.0;61;MAIRIPORA;Ausência de reação do condutor;Colisão traseira;Sem Vítimas;Pleno dia;Crescente;Céu Claro;Dupla;"Curva;Declive                 ";Sim;2;0;0;0;2;0;0;2;-23,29011611;-46,5800681;SPRF-SP;DEL03-SP;UOP01-DEL03-SP;false
546605.0;2023-09-04;segunda-feira;18:30:00;SP;116.0;210;GUARULHOS;Reação tardia ou ineficiente do condutor;Engavetamento;Com Vítimas Feridas;Plena Noite;Decrescente;Nublado;Múltipla;Aclive;Sim;7;0;1;0;6;0;1;4;-23,42870023;-46,41085991;SPRF-SP;DEL01-SP;UOP01-DEL01-SP;false
546637.0;2023-09-04;segunda-feira;21:00:00;SP;116.0;214;GUARULHOS;Reação tardia ou ineficiente do condutor;Colisão traseira;Com Vítimas Feridas;Plena Noite;Crescente;Céu Claro;Múltipla;Reta;Sim;2;0;1;0;1;0;1;2;-23,44333014;-46,44531294;SPRF-SP;DEL01-SP;UOP01-DEL01-SP;false