id;data_inversa;dia_semana;horario;uf;br;km;municipio;causa_acidente;tipo_acidente;classificacao_acidente;fase_dia;sentido_via;condicao_metereologica;tipo_pista;tracado_via;uso_solo;pessoas;mortos;feridos_leves;feridos_graves;ilesos;ignorados;feridos;veiculos;latitude;longitude;regional;delegacia;uop;feriado
546639.0;2023-09-04;segunda-feira;20:45:00;SP;116.0;424,4;JUQUIA;Avarias e/ou desgaste excessivo no pneu;Tombamento;Com Vítimas Feridas;Plena Noite;Decrescente;Céu Claro;Dupla;Reta;Não;2;0;1;0;1;0;1;1;-24,3736589;-47,70692922;SPRF-SP;DEL05-SP;UOP01-DEL05-SP;false
546646.0;2023-09-04;segunda-feira;23:15:00;SP;116.0;121;CACAPAVA;Objeto estático sobre o leito carroçável;Colisão com objeto;Com Vítimas Feridas;Plena Noite;Decrescente;Céu Claro;Dupla;Reta;Não;1;0;1;0;0;0;1;1;-23,07631169;-45,65337222;SPRF-SP;DEL02-SP;UOP02-DEL02-SP;false
546661.0;2023-09-05;terça-feira;06:20:00;SP;116.0;144;SAO JOSE DOS CAMPOS;Ausência de reação do condutor;Colisão com objeto;Com Vítimas Feridas;Amanhecer;Decrescente;Céu Claro;Múltipla;"Declive;Reta                  ";Não;1;0;1;0;0;0;1;1;-23,18274416;-45,84633592;SPRF-SP;DEL02-SP;UOP01-DEL02-SP;false
546663.0;2023-09-05;terça-feira;05:40:00;SP;116.0;208;GUARULHOS;Trafegar com motocicleta (ou similar) entre as faixas;Colisão lateral mesmo sentido;Com Vítimas Feridas;Pleno dia;Crescente;Céu Claro;Múltipla;Reta;Sim;2;0;1;0;1;0;1;2;-23,42222263;-46,3932771;SPRF-SP;DEL01-SP;UOP01-DEL01-SP;false
546664.0;2023-09-05;terça-feira;06:10:00;SP;153.0;59;SAO JOSE DO RIO PRETO;Transtornos Mentais (exceto suicidio);Colisão lateral mesmo sentido;Sem Vítimas;Pleno dia;Crescente;Céu Claro;Dupla;Reta;Não;2;0;0;0;2;0;0;2;-20,78733103;-49,35399276;SPRF-SP;DEL09-SP;UOP01-DEL09-SP;false
546666.0;2023-09-05;terça-feira;06:50:00;SP;116.0;166,8;JACAREI;Reação tardia ou ineficiente do condutor;Colisão frontal;Com Vítimas Feridas;Pleno dia;Crescente;Nublado;Múltipla;Aclive;Não;2;0;0;1;0;1;1;2;-23,30055667;-46,01686506;SPRF-SP;DEL02-SP;UOP01-DEL02-SP;false
546767.0;2023-09-05;terça-feira;16:50:00;SP;116.0;221;GUARULHOS;Manobra de mudança de faixa;Colisão lateral mesmo sentido;Com Vítimas Feridas;Pleno dia;Crescente;Nublado;Múltipla;Reta;Sim;3;0;1;0;2;0;1;3;-23,46802395;-46,50704901;SPRF-SP;DEL01-SP;UOP01-DEL01-SP;false
546785.0;2023-09-05;terça-feira;18:00:00;SP;116.0;220;GUARULHOS;Trafegar com motocicleta (ou similar) entre as faixas;Colisão lateral mesmo sentido;Com Vítimas Feridas;Plena Noite;Decrescente;Nublado;Múltipla;Reta;Sim;3;0;1;0;2;0;1;3;-23,46589173;-46,50118411;SPRF-SP;DEL01-SP;UOP01-DEL01-SP;false
546820.0;2023-09-05;terça-feira;21:25:00;SP;116.0;228;SAO PAULO;Demais falhas mecânicas ou elétricas;Queda de ocupante de veículo;Com Vítimas Feridas;Plena Noite;Decrescente;Céu Claro;Dupla;Declive;Não;1;0;1;0;0;0;1;1;-23,50343484;-46,56638712;SPRF-SP;DEL01-SP;UOP01-DEL01-SP;false
546887.0;2023-09-06;quarta-feira;09:10:00;SP;116.0;218;GUARULHOS;Trafegar com motocicleta (ou similar) entre as faixas;Colisão lateral mesmo sentido;Com Vítimas Feridas;Pleno dia;Crescente;Céu Claro;Múltipla;Reta;Sim;2;0;1;0;1;0;1;2;-23,45790616;-46,48091197;SPRF-SP;DEL01-SP;UOP01-DEL01-SP;false
546897.0;2023-09-06;quarta-feira;08:50:00;SP;116.0;273;TABOAO DA SERRA;Trafegar com motocicleta (ou similar) entre as faixas;Queda de ocupante de veículo;Com Vítimas Feridas;Pleno dia;Decrescente;Nublado;Dupla;Reta;Sim;1;0;1;0;0;0;1;1;-23,62809795;-46,81870306;SPRF-SP;DEL04-SP;UOP01-DEL04-SP;false
546918.0;2023-09-06;quarta-feira;13:00:00;SP;116.0;222;GUARULHOS;Condutor deixou de manter distância do veículo da frente;Colisão frontal;Com Vítimas Feridas;Pleno dia;Crescente;Garoa/Chuvisco;Dupla;Reta;Sim;2;0;1;0;1;0;1;2;-23,47093408;-46,51631097;SPRF-SP;DEL01-SP;UOP01-DEL01-SP;false
546938.0;2023-09-06;quarta-feira;10:40:00;SP;116.0;499;CAJATI;Reação tardia ou ineficiente do condutor;Queda de ocupante de veículo;Com Vítimas Feridas;Pleno dia;Crescente;Chuva;Dupla;Curva;Não;2;0;2;0;0;0;2;1;-24,78228753;-48,17695233;SPRF-SP;DEL05-SP;UOP02-DEL05-SP;false
546940.0;2023-09-06;quarta-feira;11:30:00;SP;116.0;538;BARRA DO TURVO;Reação tardia ou ineficiente do condutor;Colisão com objeto;Com Vítimas Feridas;Pleno dia;Crescente;Garoa/Chuvisco;Dupla;Curva;Não;2;0;2;0;0;0;2;1;-24,97172153;-48,37309592;SPRF-SP;DEL05-SP;UOP02-DEL05-SP;false
546975.0;2023-09-06;quarta-feira;18:15:00;SP;153.0;75;BADY BASSITT;Acumulo de óleo sobre o pavimento;Tombamento;Com Vítimas Feridas;Anoitecer;Crescente;Céu Claro;Simples;Rotatória;Sim;1;0;1;0;0;0;1;1;-20,89418221;-49,43387582;SPRF-SP;DEL09-SP;UOP01-DEL09-SP;false
546977.0;2023-09-06;quarta-feira;18:15:00;SP;153.0;75;BADY BASSITT;Acumulo de óleo sobre o pavimento;Tombamento;Com Vítimas Feridas;Anoitecer;Decrescente;Nublado;Dupla;Interseção de Vias;Sim;2;0;1;0;0;1;1;2;-20,89418221;-49,43387582;SPRF-SP;DEL09-SP;UOP01-DEL09-SP;false
546982.0;2023-09-06;quarta-feira;17:40:00;SP;116.0;138,8;SAO JOSE DOS CAMPOS;Manobra de mudança de faixa;Colisão traseira;Com Vítimas Feridas;Anoitecer;Crescente;Nublado;Dupla;Reta;Sim;3;0;1;0;2;0;1;3;-23,1572739;-45,79554605;SPRF-SP;DEL02-SP;UOP01-DEL02-SP;false
547011.0;2023-09-06;quarta-feira;19:50:00;SP;116.0;219;GUARULHOS;Trafegar com motocicleta (ou similar) entre as faixas;Colisão traseira;Com Vítimas Feridas;Plena Noite;Crescente;Nublado;Múltipla;Reta;Sim;2;0;1;0;1;0;1;2;-23,46143954;-46,48885316;SPRF-SP;DEL01-SP;UOP01-DEL01-SP;false
547078.0;2023-09-07;quinta-feira;01:50:00;SP;116.0;17,6;LAVRINHAS;Animais na Pista;Atropelamento de Animal;Com Vítimas Feridas;Plena Noite;Crescente;Céu Claro;Dupla;Reta;Não;2;0;1;0;1;0;1;1;-22,55763946;-44,84739708;SPRF-SP;DEL08-SP;UOP02-DEL08-SP;true
547085.0;2023-09-07;quinta-feira;02:30:00;SP;116.0;124,9;CACAPAVA;Velocidade Incompatível;Colisão com objeto;Sem Vítimas;Plena Noite;Crescente;Nublado;Simples;"Curva;Interseção de Vias;Acliv";Não;1;0;0;0;1;0;0;1;-23,09872598;-45,68608201;SPRF-SP;DEL02-SP;UOP02-DEL02-SP;true
547104.0;2023-09-07;quinta-feira;05:00:00;SP;116.0;514;CAJATI;Reação tardia ou ineficiente do condutor;Colisão com objeto;Com Vítimas Feridas;Amanhecer;Decrescente;Nublado;Dupla;"Curva;Aclive                  ";Não;4;0;1;0;3;0;1;1;-24,85874304;-48,21731282;SPRF-SP;DEL05-SP;UOP02-DEL05-SP;true
547121.0;2023-09-07;quinta-feira;07:15:00;SP;116.0;165;JACAREI;Ausência de reação do condutor;Colisão traseira;Com Vítimas Feridas;Pleno dia;Decrescente;Céu Claro;Dupla;Declive;Sim;4;0;1;0;3;0;1;3;-23,29691791;-46,00798704;SPRF-SP;DEL02-SP;UOP01-DEL02-SP;true
547128.0;2023-09-07;quinta-feira;04:00:00;SP;381.0;53,7;MAIRIPORA;Demais falhas mecânicas ou elétricas;Incêndio;Sem Vítimas;Plena Noite;Decrescente;Céu Claro;Dupla;Reta;Não;1;0;0;0;1;0;0;1;-23,23727986;-46,59981085;SPRF-SP;DEL03-SP;UOP01-DEL03-SP;true
547145.0;2023-09-07;quinta-feira;09:50:00;SP;116.0;547;BARRA DO TURVO;Pista Escorregadia;Colisão lateral mesmo sentido;Com Vítimas Feridas;Pleno dia;Crescente;Garoa/Chuvisco;Simples;"Curva;Declive                 ";Não;3;0;1;0;2;0;1;3;-24,9503414;-48,4394088;SPRF-SP;DEL05-SP;UOP02-DEL05-SP;true
547207.0;2023-09-07;quinta-feira;16:00:00;SP;101.0;50,3;UBATUBA;Conversão proibida;Colisão transversal;Com Vítimas Feridas;Pleno dia;Crescente;Nublado;Simples;Interseção de Vias;Não;3;0;1;0;1;1;1;3;-23,45018939;-45,07743735;SPRF-SP;DEL06-SP;UOP01-DEL06-SP;true
547210.0;2023-09-07;quinta-feira;15:10:00;SP;116.0;123;CACAPAVA;Condutor deixou de manter distância do veículo da frente;Colisão traseira;Com Vítimas Feridas;Pleno dia;Crescente;Céu Claro;Dupla;Reta;Não;4;0;1;0;3;0;1;2;-23,08754228;-45,66969781;SPRF-SP;DEL02-SP;UOP02-DEL02-SP;true
547216.0;2023-09-07;quinta-feira;16:20:00;SP;116.0;139;SAO JOSE DOS CAMPOS;Reação tardia ou ineficiente do condutor;Queda de ocupante de veículo;Com Vítimas Feridas;Pleno dia;Crescente;Céu Claro;Dupla;Reta;Não;1;0;0;1;0;0;1;1;-23,16153216;-45,80400592;SPRF-SP;DEL02-SP;UOP01-DEL02-SP;true
547263.0;2023-09-07;quinta-feira;18:55:00;SP;153.0;320,2;RIBEIRAO DO SUL;Mal súbito do condutor;Queda de ocupante de veículo;Com Vítimas Feridas;Plena Noite;Decrescente;Céu Claro;Simples;Reta;Não;1;0;1;0;0;0;1;1;-22,76081101;-49,88971645;SPRF-SP;DEL07-SP;UOP03-DEL07-SP;true
547283.0;2023-09-07;quinta-feira;22:55:00;SP;116.0;506;CAJATI;Reação tardia ou ineficiente do condutor;Saída de leito carroçável;Com Vítimas Feridas;Plena Noite;Crescente;Garoa/Chuvisco;Simples;Curva;Não;3;0;2;0;1;0;2;1;-24,79704815;-48,2145174;SPRF-SP;DEL05-SP;UOP02-DEL05-SP;true
547285.0;2023-09-07;quinta-feira;22:30:00;SP;381.0;75;SAO PAULO;Velocidade Incompatível;Saída de leito carroçável;Com Vítimas Feridas;Plena Noite;Decrescente;Céu Claro;Múltipla;"Curva;Aclive                  ";Não;5;0;5;0;0;0;5;1;-23,37660089;-46,56409613;SPRF-SP;DEL03-SP;UOP01-DEL03-SP;true
547297.0;2023-09-08;sexta-feira;00:47:00;SP;116.0;269;TABOAO DA SERRA;Condutor desrespeitou a iluminação vermelha do semáforo;Colisão transversal;Sem Vítimas;Plena Noite;Decrescente;Céu Claro;Dupla;"Reta;Interseção de Vias       ";Sim;2;0;0;0;2;0;0;2;-23,61593059;-46,78826044;SPRF-SP;DEL04-SP;UOP01-DEL04-SP;false
547324.0;2023-09-08;sexta-feira;06:45:00;SP;116.0;150;SAO JOSE DOS CAMPOS;Ausência de reação do condutor;Saída de leito carroçável;Com Vítimas Feridas;Pleno dia;Crescente;Sol;Dupla;Declive;Sim;1;0;1;0;0;0;1;1;-23,21335525;-45,8930588;SPRF-SP;DEL02-SP;UOP01-DEL02-SP;false
547336.0;2023-09-08;sexta-feira;07:00:00;SP;116.0;273;TABOAO DA SERRA;Ingestão de álcool pelo condutor;Engavetamento;Sem Vítimas;Pleno dia;Decrescente;Sol;Dupla;Reta;Sim;7;0;0;0;7;0;0;3;-23,61649127;-46,79008484;SPRF-SP;DEL04-SP;UOP01-DEL04-SP;false
547354.0;2023-09-08;sexta-feira;10:10:00;SP;116.0;445;REGISTRO;Ausência de reação do condutor;Colisão transversal;Com Vítimas Feridas;Pleno dia;Crescente;Céu Claro;Múltipla;"Reta;Viaduto;Interseção de Via";Sim;2;0;1;0;1;0;1;2;-24,49790715;-47,84208686;SPRF-SP;DEL05-SP;UOP01-DEL05-SP;false
547389.0;2023-09-08;sexta-feira;13:00:00;SP;116.0;149;SAO JOSE DOS CAMPOS;Ausência de reação do condutor;Colisão traseira;Com Vítimas Feridas;Pleno dia;Decrescente;Céu Claro;Múltipla;Reta;Sim;2;0;0;1;1;0;1;2;-23,20700047;-45,88626861;SPRF-SP;DEL02-SP;UOP01-DEL02-SP;false
547404.0;2023-09-08;sexta-feira;14:50:00;SP;116.0;158;JACAREI;Ultrapassagem Indevida;Colisão lateral mesmo sentido;Com Vítimas Feridas;Pleno dia;Decrescente;Céu Claro;Simples;"Reta;Aclive                   ";Não;2;0;1;0;1;0;1;2;-23,26072137;-45,95179176;SPRF-SP;DEL02-SP;UOP01-DEL02-SP;false
547405.0;2023-09-08;sexta-feira;11:59:00;SP;381.0;27;ATIBAIA;Reação tardia ou ineficiente do condutor;Queda de ocupante de veículo;Com Vítimas Feridas;Pleno dia;Crescente;Sol;Dupla;Curva;Não;1;0;1;0;0;0;1;1;-23,03325858;-46,54275266;SPRF-SP;DEL03-SP;UOP02-DEL03-SP;false
547420.0;2023-09-08;sexta-feira;17:01:00;SP;116.0;223;GUARULHOS;Reação tardia ou ineficiente do condutor;Colisão com objeto;Com Vítimas Feridas;Pleno dia;Decrescente;Céu Claro;Dupla;Reta;Não;1;0;1;0;0;0;1;1;-23,47559815;-46,5246609;SPRF-SP;DEL01-SP;UOP01-DEL01-SP;false
547422.0;2023-09-08;sexta-feira;16:45:00;SP;101.0;52;UBATUBA;Acessar a via sem observar a presença dos outros veículos;Colisão transversal;Com Vítimas Feridas;Pleno dia;Decrescente;Céu Claro;Simples;Rotatória;Sim;2;0;0;1;1;0;1;2;-23,46282021;-45,0638634;SPRF-SP;DEL06-SP;UOP01-DEL06-SP;false
547428.0;2023-09-08;sexta-feira;17:30:00;SP;116.0;47,5;CANAS;Demais falhas mecânicas ou elétricas;Tombamento;Com Vítimas Feridas;Anoitecer;Crescente;Céu Claro;Dupla;Reta;Não;2;0;1;0;1;0;1;1;-22,71946606;-45,06109596;SPRF-SP;DEL08-SP;UOP02-DEL08-SP;false
547435.0;2023-09-08;sexta-feira;15:40:00;SP;153.0;263;MARILIA;Ingestão de álcool pelo condutor;Tombamento;Sem Vítimas;Pleno dia;Crescente;Céu Claro;Simples;Declive;Não;1;0;0;0;1;0;0;1;-22,29139897;-49,91452691;SPRF-SP;DEL07-SP;UOP02-DEL07-SP;false
547456.0;2023-09-08;sexta-feira;18:40:00;SP;116.0;219;GUARULHOS;Reação tardia ou ineficiente do condutor;Colisão lateral mesmo sentido;Com Vítimas Feridas;Plena Noite;Decrescente;Céu Claro;Simples;Curva;Sim;2;0;0;1;1;0;1;2;-23,46143954;-46,48885316;SPRF-SP;DEL01-SP;UOP01-DEL01-SP;false
547476.0;2023-09-08;sexta-feira;19:53:00;SP;116.0;80,8;ROSEIRA;Ausência de reação do condutor;Atropelamento de Pedestre;Com Vítimas Fatais;Plena Noite;Decrescente;Céu Claro;Dupla;Reta;Sim;2;1;0;0;1;0;0;2;-22,89958454;-45,30245564;SPRF-SP;DEL08-SP;UOP01-DEL08-SP;false
547485.0;2023-09-08;sexta-feira;22:20:00;SP;381.0;88;SAO PAULO;Trafegar com motocicleta (ou similar) entre as faixas;Colisão lateral mesmo sentido;Com Vítimas Feridas;Plena Noite;Crescente;Céu Claro;Múltipla;Reta;Não;2;0;0;1;1;0;1;2;-23,40319901;-46,57564699;SPRF-SP;DEL03-SP;UOP01-DEL03-SP;false
547537.0;2023-09-04;segunda-feira;23:30:00;SP;116.0;292;ITAPECERICA DA SERRA;Condutor Dormindo;Saída de leito carroçável;Sem Vítimas;Plena Noite;Crescente;Céu Claro;Simples;Retorno Regulamentado;Não;1;0;0;0;0;1;0;1;-23,74581995;-46,90003027;SPRF-SP;DEL04-SP;UOP01-DEL04-SP;false
547555.0;2023-09-09;sábado;09:38:00;SP;116.0;146;SAO JOSE DOS CAMPOS;Reação tardia ou ineficiente do condutor;Queda de ocupante de veículo;Com Vítimas Feridas;Pleno dia;Decrescente;Céu Claro;Dupla;Reta;Sim;2;0;2;0;0;0;2;1;-23,19122919;-45,86327591;SPRF-SP;DEL02-SP;UOP01-DEL02-SP;false
547558.0;2023-09-09;sábado;10:00:00;SP;101.0;44,8;UBATUBA;Trafegar com motocicleta (ou similar) entre as faixas;Colisão lateral mesmo sentido;Com Vítimas Feridas;Pleno dia;Decrescente;Céu Claro;Simples;Reta;Sim;3;0;1;0;2;0;1;2;-23,41418604;-45,06772041;SPRF-SP;DEL06-SP;UOP01-DEL06-SP;false
547566.0;2023-09-09;sábado;10:55:00;SP;381.0;29;ATIBAIA;Avarias e/ou desgaste excessivo no pneu;Tombamento;Com Vítimas Feridas;Pleno dia;Decrescente;Céu Claro;Dupla;Reta;Não;2;0;2;0;0;0;2;1;-23,04177622;-46,55896672;SPRF-SP;DEL03-SP;UOP02-DEL03-SP;false
547582.0;2023-09-09;sábado;08:20:00;SP;116.0;562;BARRA DO TURVO;Reação tardia ou ineficiente do condutor;Colisão com objeto;Com Vítimas Feridas;Pleno dia;Decrescente;Céu Claro;Simples;Curva;Não;1;0;1;0;0;0;1;1;-25,02464023;-48,52213701;SPRF-SP;DEL05-SP;UOP02-DEL05-SP;false
547602.0;2023-09-09;sábado;14:22:00;SP;116.0;156;SAO JOSE DOS CAMPOS;Condutor deixou de manter distância do veículo da frente;Colisão traseira;Com Vítimas Feridas;Pleno dia;Decrescente;Céu Claro;Dupla;"Em Obras;Reta                 ";Não;2;0;1;0;1;0;1;2;-23,25044084;-45,93572909;SPRF-SP;DEL02-SP;UOP01-DEL02-SP;false
547603.0;2023-09-09;sábado;13:50:00;SP;116.0;89,5;PINDAMONHANGABA;Avarias e/ou desgaste excessivo no pneu;Colisão com objeto;Com Vítimas Feridas;Pleno dia;Crescente;Nublado;Dupla;Reta;Não;5;0;5;0;0;0;5;1;-22,93478048;-45,36993027;SPRF-SP;DEL08-SP;UOP01-DEL08-SP;false
547698.0;2023-09-09;sábado;22:40:00;SP;116.0;454;REGISTRO;Reação tardia ou ineficiente do condutor;Tombamento;Com Vítimas Feridas;Plena Noite;Crescente;Nublado;Dupla;Reta;Não;1;0;1;0;0;0;1;1;-24,56704392;-47,87450304;SPRF-SP;DEL05-SP;UOP01-DEL05-SP;false
547706.0;2023-09-09;sábado;23:58:00;SP;116.0;109;TAUBATE;Ausência de reação do condutor;Colisão com objeto;Com Vítimas Feridas;Plena Noite;Decrescente;Céu Claro;Dupla;Curva;Sim;1;0;1;0;0;0;1;1;-23,02871304;-45,54517097;SPRF-SP;DEL08-SP;UOP01-DEL08-SP;false
547714.0;2023-09-10;domingo;00:25:00;SP;381.0;86;SAO PAULO;Entrada inopinada do pedestre;Atropelamento de Pedestre;Com Vítimas Feridas;Plena Noite;Crescente;Céu Claro;Dupla;Curva;Sim;2;0;0;1;1;0;1;2;-23,45930499;-46,57161179;SPRF-SP;DEL03-SP;UOP01-DEL03-SP;false
547730.0;2023-09-10;domingo;03:41:00;SP;116.0;202;ARUJA;Ausência de reação do condutor;Capotamento;Com Vítimas Feridas;Plena Noite;Decrescente;Céu Claro;Múltipla;Aclive;Não;2;0;1;0;1;0;1;1;-23,40809408;-46,33859597;SPRF-SP;DEL01-SP;UOP01-DEL01-SP;false
547738.0;2023-09-09;sábado;22:40:00;SP;381.0;73,2;MAIRIPORA;Reação tardia ou ineficiente do condutor;Colisão com objeto;Com Vítimas Feridas;Plena Noite;Crescente;Céu Claro;Dupla;"Curva;Declive                 ";Não;1;0;1;0;0;0;1;1;-23,36553404;-46,55253934;SPRF-SP;DEL03-SP;UOP01-DEL03-SP;false
547745.0;2023-09-10;domingo;05:02:00;SP;116.0;101;PINDAMONHANGABA;Ingestão de álcool pelo condutor;Tombamento;Com Vítimas Feridas;Plena Noite;Crescente;Céu Claro;Dupla;"Reta;Declive                  ";Não;1;0;0;1;0;0;1;1;-22,99074204;-45,48115098;SPRF-SP;DEL08-SP;UOP01-DEL08-SP;false
547764.0;2023-09-10;domingo;06:00:00;SP;153.0;96;JACI;Velocidade Incompatível;Capotamento;Sem Vítimas;Amanhecer;Crescente;Céu Claro;Simples;Em Obras;Não;2;0;0;0;0;2;0;2;-20,97759804;-49,61145294;SPRF-SP;DEL09-SP;UOP01-DEL09-SP;false
547776.0;2023-09-10;domingo;07:50:00;SP;116.0;306,8;SAO LOURENCO DA SERRA;Manobra de mudança de faixa;Capotamento;Com Vítimas Feridas;Amanhecer;Decrescente;Nublado;Dupla;Reta;Sim;3;0;2;0;1;0;2;1;-23,8486091;-46,93801566;SPRF-SP;DEL04-SP;UOP01-DEL04-SP;false
547789.0;2023-09-10;domingo;09:00:00;SP;116.0;394;MIRACATU;Ausência de reação do condutor;Saída de leito carroçável;Com Vítimas Feridas;Pleno dia;Crescente;Nublado;Dupla;Reta;Não;1;0;0;1;0;0;1;1;-24,28717454;-47,45143994;SPRF-SP;DEL04-SP;UOP02-DEL04-SP;false
547793.0;2023-09-10;domingo;09:19:00;SP;381.0;87;GUARULHOS;Manobra de mudança de faixa;Colisão lateral mesmo sentido;Com Vítimas Feridas;Pleno dia;Decrescente;Céu Claro;Múltipla;Reta;Sim;2;0;1;0;1;0;1;2;-23,46885001;-46,56996601;SPRF-SP;DEL03-SP;UOP01-DEL03-SP;false
547795.0;2023-09-10;domingo;10:50:00;SP;116.0;472,9;JACUPIRANGA;Demais falhas mecânicas ou elétricas;Saída de leito carroçável;Sem Vítimas;Pleno dia;Crescente;Nublado;Dupla;Reta;Não;1;0;0;0;1;0;0;1;-24,6649709;-47,9738381;SPRF-SP;DEL05-SP;UOP01-DEL05-SP;false
547802.0;2023-09-10;domingo;10:53:00;SP;116.0;142;SAO JOSE DOS CAMPOS;Condutor deixou de manter distância do veículo da frente;Engavetamento;Com Vítimas Feridas;Pleno dia;Crescente;Céu Claro;Dupla;Reta;Não;6;0;3;0;3;0;3;4;-23,17426078;-45,82940111;SPRF-SP;DEL02-SP;UOP01-DEL02-SP;false
547803.0;2023-09-10;domingo;11:30:00;SP;116.0;76,4;ROSEIRA;Ausência de reação do condutor;Colisão traseira;Com Vítimas Feridas;Pleno dia;Crescente;Nublado;Dupla;"Aclive;Reta                   ";Não;2;0;1;0;1;0;1;2;-22,87747687;-45,27203908;SPRF-SP;DEL08-SP;UOP01-DEL08-SP;false
547814.0;2023-09-10;domingo;12:20:00;SP;116.0;136;SAO JOSE DOS CAMPOS;Condutor deixou de manter distância do veículo da frente;Engavetamento;Com Vítimas Feridas;Pleno dia;Crescente;Céu Claro;Dupla;Reta;Não;4;0;2;0;2;0;2;3;-23,14874471;-45,77863714;SPRF-SP;DEL02-SP;UOP01-DEL02-SP;false
547828.0;2023-09-10;domingo;15:00:00;SP;116.0;61;GUARATINGUETA;Ausência de reação do condutor;Engavetamento;Com Vítimas Feridas;Pleno dia;Crescente;Céu Claro;Dupla;Reta;Sim;4;0;1;0;3;0;1;3;-22,79763613;-45,1674588;SPRF-SP;DEL08-SP;UOP01-DEL08-SP;false
547832.0;2023-09-10;domingo;14:30:00;SP;381.0;71,2;MAIRIPORA;Reação tardia ou ineficiente do condutor;Tombamento;Com Vítimas Feridas;Pleno dia;Decrescente;Nublado;Dupla;"Curva;Declive                 ";Não;2;0;1;0;1;0;1;1;-23,35448;-46,54967;SPRF-SP;DEL03-SP;UOP01-DEL03-SP;false
547843.0;2023-09-10;domingo;15:35:00;SP;153.0;164,4;PROMISSAO;Objeto estático sobre o leito carroçável;Colisão com objeto;Com Vítimas Feridas;Pleno dia;Decrescente;Céu Claro;Simples;Reta;Não;4;0;1;0;3;0;1;1;-21,543305;-49,78222494;SPRF-SP;DEL07-SP;UOP01-DEL07-SP;false
547863.0;2023-09-10;domingo;17:40:00;SP;116.0;287;ITAPECERICA DA SERRA;Transitar no Acostamento;Atropelamento de Pedestre;Com Vítimas Feridas;Pleno dia;Crescente;Céu Claro;Dupla;Reta;Sim;4;0;1;0;3;0;1;2;-23,71441779;-46,87929634;SPRF-SP;DEL04-SP;UOP01-DEL04-SP;false
547892.0;2023-09-10;domingo;19:00:00;SP;153.0;61;SAO JOSE DO RIO PRETO;Ingestão de álcool pelo condutor;Colisão traseira;Com Vítimas Feridas;Plena Noite;Crescente;Céu Claro;Dupla;"Declive;Reta                  ";Sim;2;0;1;0;1;0;1;2;-20,80502876;-49,35574909;SPRF-SP;DEL09-SP;UOP01-DEL09-SP;false
547946.0;2023-09-10;domingo;23:05:00;SP;381.0;84,6;SAO PAULO;Ausência de reação do condutor;Colisão com objeto;Com Vítimas Feridas;Plena Noite;Crescente;Céu Claro;Múltipla;Reta;Sim;1;0;1;0;0;0;1;1;-23,43937;-46,56807;SPRF-SP;DEL03-SP;UOP01-DEL03-SP;false
547955.0;2023-09-11;segunda-feira;01:00:00;SP;116.0;92,5;PINDAMONHANGABA;Ingestão de álcool pelo condutor;Colisão lateral mesmo sentido;Sem Vítimas;Plena Noite;Decrescente;Céu Claro;Dupla;Reta;Sim;3;0;0;0;3;0;0;3;-22,95222732;-45,40443885;SPRF-SP;DEL08-SP;UOP01-DEL08-SP;false
547975.0;2023-09-11;segunda-feira;06:40:00;SP;153.0;114;JOSE BONIFACIO;Mal súbito do condutor;Colisão lateral sentido oposto;Com Vítimas Feridas;Pleno dia;Crescente;Céu Claro;Simples;Reta;Sim;7;0;5;0;2;0;5;3;-21,12117412;-49,69084075;SPRF-SP;DEL09-SP;UOP01-DEL09-SP;false
547979.0;2023-09-11;segunda-feira;07:07:00;SP;116.0;154;SAO JOSE DOS CAMPOS;Ausência de reação do condutor;Colisão traseira;Com Vítimas Feridas;Pleno dia;Crescente;Céu Claro;Dupla;Reta;Sim;1;0;0;1;0;0;1;1;-23,23903999;-45,92061901;SPRF-SP;DEL02-SP;UOP01-DEL02-SP;false
547988.0;2023-09-11;segunda-feira;07:00:00;SP;116.0;279;TABOAO DA SERRA;Acumulo de areia ou detritos sobre o pavimento;Queda de ocupante de veículo;Com Vítimas Feridas;Pleno dia;Crescente;Céu Claro;Dupla;Curva;Sim;1;0;0;1;0;0;1;1;-23,65508497;-46,84918605;SPRF-SP;DEL04-SP;UOP01-DEL04-SP;false
548007.0;2023-09-11;segunda-feira;08:40:00;SP;116.0;222;GUARULHOS;Reação tardia ou ineficiente do condutor;Colisão traseira;Com Vítimas Feridas;Pleno dia;Crescente;Céu Claro;Múltipla;Reta;Sim;2;0;1;0;1;0;1;2;-23,47093408;-46,51631097;SPRF-SP;DEL01-SP;UOP01-DEL01-SP;false
548030.0;2023-09-02;sábado;21:46:00;SP;381.0;22;BRAGANCA PAULISTA;Ultrapassagem Indevida;Colisão transversal;Com Vítimas Feridas;Plena Noite;Crescente;Chuva;Simples;"Declive;Curva                 ";Sim;2;0;1;0;1;0;1;2;-22,99697186;-46,5163051;SPRF-SP;DEL03-SP;UOP02-DEL03-SP;false
548068.0;2023-09-11;segunda-feira;15:07:00;SP;116.0;288;ITAPECERICA DA SERRA;Demais falhas mecânicas ou elétricas;Incêndio;Sem Vítimas;Pleno dia;Decrescente;Céu Claro;Dupla;Reta;Sim;1;0;0;0;1;0;0;1;-23,719254;-46,883144;SPRF-SP;DEL04-SP;UOP01-DEL04-SP;false