id;data_inversa;dia_semana;horario;uf;br;km;municipio;causa_acidente;tipo_acidente;classificacao_acidente;fase_dia;sentido_via;condicao_metereologica;tipo_pista;tracado_via;uso_solo;pessoas;mortos;feridos_leves;feridos_graves;ilesos;ignorados;feridos;veiculos;latitude;longitude;regional;delegacia;uop;feriado
548072.0;2023-09-11;segunda-feira;13:20:00;SP;116.0;52;LORENA;Avarias e/ou desgaste excessivo no pneu;Tombamento;Com Vítimas Feridas;Pleno dia;Decrescente;Céu Claro;Dupla;Reta;Sim;2;0;2;0;0;0;2;1;-22,74708138;-45,09973038;SPRF-SP;DEL08-SP;UOP02-DEL08-SP;false
548081.0;2023-09-11;segunda-feira;16:10:00;SP;116.0;223;GUARULHOS;Entrada inopinada do pedestre;Atropelamento de Pedestre;Com Vítimas Feridas;Pleno dia;Crescente;Céu Claro;Múltipla;"Interseção de Vias;Reta       ";Sim;2;0;0;1;1;0;1;2;-23,47559815;-46,5246609;SPRF-SP;DEL01-SP;UOP01-DEL01-SP;false
548083.0;2023-09-11;segunda-feira;16:50:00;SP;153.0;41,8;ONDA VERDE;Ingestão de álcool pelo condutor;Colisão traseira;Sem Vítimas;Pleno dia;Crescente;Céu Claro;Simples;Interseção de Vias;Não;2;0;0;0;2;0;0;2;-20,62848304;-49,33623886;SPRF-SP;DEL09-SP;UOP01-DEL09-SP;false
548090.0;2023-09-11;segunda-feira;17:10:00;SP;116.0;145;SAO JOSE DOS CAMPOS;Demais falhas mecânicas ou elétricas;Tombamento;Com Vítimas Feridas;Pleno dia;Crescente;Céu Claro;Dupla;"Aclive;Reta                   ";Sim;1;0;1;0;0;0;1;1;-23,1869844;-45,8548078;SPRF-SP;DEL02-SP;UOP01-DEL02-SP;false
548091.0;2023-09-11;segunda-feira;17:25:00;SP;116.0;184;SANTA ISABEL;Pedestre andava na pista;Atropelamento de Pedestre;Com Vítimas Fatais;Anoitecer;Decrescente;Céu Claro;Dupla;Reta;Não;3;1;0;0;1;1;0;2;-23,35197301;-46,180058;SPRF-SP;DEL01-SP;UOP01-DEL01-SP;false
548096.0;2023-09-11;segunda-feira;17:40:00;SP;116.0;152;SAO JOSE DOS CAMPOS;Reação tardia ou ineficiente do condutor;Engavetamento;Com Vítimas Feridas;Plena Noite;Crescente;Céu Claro;Dupla;Reta;Sim;3;0;1;0;2;0;1;3;-23,22620401;-45,90682999;SPRF-SP;DEL02-SP;UOP01-DEL02-SP;false
548108.0;2023-09-11;segunda-feira;19:06:00;SP;116.0;279;EMBU DAS ARTES;Reação tardia ou ineficiente do condutor;Tombamento;Com Vítimas Feridas;Plena Noite;Crescente;Céu Claro;Múltipla;"Reta;Aclive                   ";Sim;2;0;1;0;0;1;1;2;-23,64419987;-46,83995247;SPRF-SP;DEL04-SP;UOP01-DEL04-SP;false
548171.0;2023-09-12;terça-feira;07:55:00;SP;116.0;271;TABOAO DA SERRA;Ausência de reação do condutor;Colisão traseira;Com Vítimas Feridas;Pleno dia;Decrescente;Céu Claro;Dupla;Reta;Sim;3;0;1;0;1;1;1;3;-23,61809286;-46,80556302;SPRF-SP;DEL04-SP;UOP01-DEL04-SP;false
548175.0;2023-09-12;terça-feira;08:10:00;SP;116.0;135;SAO JOSE DOS CAMPOS;Condutor deixou de manter distância do veículo da frente;Colisão traseira;Com Vítimas Feridas;Pleno dia;Crescente;Céu Claro;Dupla;Reta;Não;2;0;1;0;1;0;1;2;-23,144484;-45,77018;SPRF-SP;DEL02-SP;UOP01-DEL02-SP;false
548176.0;2023-09-12;terça-feira;07:50:00;SP;116.0;271;TABOAO DA SERRA;Trafegar com motocicleta (ou similar) entre as faixas;Tombamento;Sem Vítimas;Pleno dia;Decrescente;Céu Claro;Múltipla;Reta;Sim;2;0;0;0;1;1;0;2;-23,61809286;-46,80556302;SPRF-SP;DEL04-SP;UOP01-DEL04-SP;false
548205.0;2023-09-12;terça-feira;10:00:00;SP;116.0;282,1;ITAPECERICA DA SERRA;Frear bruscamente;Engavetamento;Com Vítimas Feridas;Pleno dia;Crescente;Céu Claro;Dupla;Reta;Não;3;0;1;0;2;0;1;3;-23,68570216;-46,85970975;SPRF-SP;DEL04-SP;UOP01-DEL04-SP;false
548242.0;2023-09-12;terça-feira;14:50:00;SP;116.0;277;EMBU DAS ARTES;Manobra de mudança de faixa;Colisão lateral mesmo sentido;Com Vítimas Feridas;Pleno dia;Crescente;Céu Claro;Dupla;Reta;Não;2;0;1;0;1;0;1;2;-23,64870535;-46,84395469;SPRF-SP;DEL04-SP;UOP01-DEL04-SP;false
548249.0;2023-09-12;terça-feira;13:30:00;SP;381.0;89;GUARULHOS;Ausência de reação do condutor;Colisão traseira;Com Vítimas Feridas;Pleno dia;Crescente;Céu Claro;Múltipla;Reta;Sim;3;0;2;0;1;0;2;2;-23,48469299;-46,55983288;SPRF-SP;DEL03-SP;UOP01-DEL03-SP;false
548273.0;2023-05-01;segunda-feira;15:00:00;SP;153.0;47,6;SAO JOSE DO RIO PRETO;Acessar a via sem observar a presença dos outros veículos;Colisão transversal;Com Vítimas Feridas;Pleno dia;Crescente;Céu Claro;Simples;Reta;Não;3;0;2;1;0;0;3;2;-20,68797782;-49,33992147;SPRF-SP;DEL09-SP;UOP01-DEL09-SP;true
548285.0;2023-09-12;terça-feira;19:10:00;SP;116.0;212;GUARULHOS;Reação tardia ou ineficiente do condutor;Colisão traseira;Com Vítimas Feridas;Plena Noite;Crescente;Céu Claro;Múltipla;Reta;Sim;2;0;1;0;1;0;1;2;-23,43608315;-46,42805094;SPRF-SP;DEL01-SP;UOP01-DEL01-SP;false
548322.0;2023-09-12;terça-feira;21:29:00;SP;381.0;60;MAIRIPORA;Ausência de reação do condutor;Tombamento;Com Vítimas Feridas;Plena Noite;Crescente;Céu Claro;Simples;"Curva;Declive                 ";Não;1;0;1;0;0;0;1;1;-23,28957673;-46,58729853;SPRF-SP;DEL03-SP;UOP01-DEL03-SP;false
548347.0;2023-09-13;quarta-feira;06:50:00;SP;116.0;230;SAO PAULO;Trafegar com motocicleta (ou similar) entre as faixas;Colisão lateral mesmo sentido;Com Vítimas Feridas;Pleno dia;Crescente;Sol;Múltipla;Curva;Sim;3;0;1;0;2;0;1;2;-23,52251783;-46,5855702;SPRF-SP;DEL01-SP;UOP01-DEL01-SP;false
548348.0;2023-09-13;quarta-feira;06:40:00;SP;116.0;139,5;SAO JOSE DOS CAMPOS;Ausência de reação do condutor;Tombamento;Com Vítimas Feridas;Amanhecer;Crescente;Nublado;Dupla;Reta;Não;1;0;1;0;0;0;1;1;-23,1637198;-45,80818176;SPRF-SP;DEL02-SP;UOP01-DEL02-SP;false
548377.0;2023-09-13;quarta-feira;09:45:00;SP;381.0;3,5;VARGEM;Reação tardia ou ineficiente do condutor;Colisão traseira;Com Vítimas Feridas;Pleno dia;Decrescente;Céu Claro;Dupla;"Aclive;Reta                   ";Não;2;0;1;0;1;0;1;2;-22,8826217;-46,40779515;SPRF-SP;DEL03-SP;UOP02-DEL03-SP;false
548444.0;2023-09-13;quarta-feira;17:30:00;SP;116.0;272;TABOAO DA SERRA;Ausência de reação do condutor;Colisão lateral mesmo sentido;Com Vítimas Feridas;Pleno dia;Crescente;Sol;Simples;Reta;Sim;2;0;1;0;1;0;1;2;-23,621691;-46,813288;SPRF-SP;DEL04-SP;UOP01-DEL04-SP;false
548446.0;2023-09-13;quarta-feira;17:40:00;SP;153.0;63,7;SAO JOSE DO RIO PRETO;Condutor deixou de manter distância do veículo da frente;Colisão traseira;Com Vítimas Feridas;Pleno dia;Decrescente;Céu Claro;Dupla;Curva;Sim;2;0;1;0;0;1;1;2;-20,82149698;-49,35764818;SPRF-SP;DEL09-SP;UOP01-DEL09-SP;false
548453.0;2023-09-13;quarta-feira;18:30:00;SP;116.0;230;SAO PAULO;Reação tardia ou ineficiente do condutor;Colisão traseira;Com Vítimas Feridas;Anoitecer;Crescente;Céu Claro;Múltipla;Reta;Sim;3;0;2;0;1;0;2;2;-23,52251783;-46,5855702;SPRF-SP;DEL01-SP;UOP01-DEL01-SP;false
548466.0;2023-09-13;quarta-feira;18:52:00;SP;153.0;64;SAO JOSE DO RIO PRETO;Reação tardia ou ineficiente do condutor;Colisão traseira;Com Vítimas Feridas;Plena Noite;Decrescente;Céu Claro;Dupla;Reta;Sim;2;0;1;0;1;0;1;2;-20,82919401;-49,36046325;SPRF-SP;DEL09-SP;UOP01-DEL09-SP;false
548471.0;2023-09-13;quarta-feira;20:05:00;SP;153.0;66;SAO JOSE DO RIO PRETO;Acessar a via sem observar a presença dos outros veículos;Colisão transversal;Com Vítimas Feridas;Plena Noite;Decrescente;Céu Claro;Dupla;Reta;Sim;2;0;0;1;1;0;1;2;-20,84208514;-49,37074279;SPRF-SP;DEL09-SP;UOP01-DEL09-SP;false
548493.0;2023-07-06;quinta-feira;17:25:00;SP;116.0;464;PARIQUERA-ACU;Avarias e/ou desgaste excessivo no pneu;Tombamento;Com Vítimas Feridas;Anoitecer;Decrescente;Céu Claro;Dupla;Reta;Não;3;0;2;0;1;0;2;1;-24,63517676;-47,90877722;SPRF-SP;DEL05-SP;UOP01-DEL05-SP;false
548531.0;2023-09-14;quinta-feira;07:00:00;SP;116.0;206;GUARULHOS;Trafegar com motocicleta (ou similar) entre as faixas;Tombamento;Com Vítimas Feridas;Amanhecer;Decrescente;Nublado;Dupla;Reta;Sim;1;0;0;1;0;0;1;1;-23,41722629;-46,37510292;SPRF-SP;DEL01-SP;UOP01-DEL01-SP;false
548575.0;2023-09-14;quinta-feira;08:20:00;SP;116.0;272;TABOAO DA SERRA;Manobra de mudança de faixa;Queda de ocupante de veículo;Com Vítimas Feridas;Pleno dia;Decrescente;Garoa/Chuvisco;Múltipla;Reta;Sim;2;0;1;0;1;0;1;2;-23,621691;-46,813288;SPRF-SP;DEL04-SP;UOP01-DEL04-SP;false
548629.0;2023-09-14;quinta-feira;16:50:00;SP;116.0;231;SAO PAULO;Velocidade Incompatível;Tombamento;Sem Vítimas;Anoitecer;Crescente;Chuva;Múltipla;Reta;Sim;1;0;0;0;1;0;0;1;-23,51831899;-46,5816378;SPRF-SP;DEL01-SP;UOP01-DEL01-SP;false
548630.0;2023-09-14;quinta-feira;14:30:00;SP;116.0;155,6;SAO JOSE DOS CAMPOS;Demais falhas mecânicas ou elétricas;Tombamento;Com Vítimas Feridas;Pleno dia;Decrescente;Chuva;Dupla;Declive;Sim;1;0;1;0;0;0;1;1;-23,24524337;-45,92772774;SPRF-SP;DEL02-SP;UOP01-DEL02-SP;false
548682.0;2023-09-14;quinta-feira;19:30:00;SP;381.0;36,2;ATIBAIA;Chuva;Engavetamento;Com Vítimas Feridas;Plena Noite;Decrescente;Chuva;Dupla;Reta;Não;3;0;1;0;2;0;1;3;-23,09707232;-46,57180706;SPRF-SP;DEL03-SP;UOP01-DEL03-SP;false
548758.0;2023-09-15;sexta-feira;08:15:00;SP;116.0;563;BARRA DO TURVO;Reação tardia ou ineficiente do condutor;Capotamento;Com Vítimas Feridas;Pleno dia;Crescente;Céu Claro;Dupla;"Aclive;Curva                  ";Não;2;0;1;0;1;0;1;1;-25,02939642;-48,5286439;SPRF-SP;DEL05-SP;UOP02-DEL05-SP;false
548759.0;2023-09-15;sexta-feira;09:30:00;SP;381.0;88;GUARULHOS;Ausência de reação do condutor;Tombamento;Com Vítimas Feridas;Pleno dia;Decrescente;Céu Claro;Múltipla;Reta;Sim;2;0;2;0;0;0;2;1;-23,47469314;-46,56112919;SPRF-SP;DEL03-SP;UOP01-DEL03-SP;false
548774.0;2023-09-15;sexta-feira;11:27:00;SP;116.0;269;TABOAO DA SERRA;Condutor desrespeitou a iluminação vermelha do semáforo;Colisão transversal;Com Vítimas Feridas;Pleno dia;Decrescente;Céu Claro;Múltipla;"Interseção de Vias;Reta       ";Sim;3;0;1;1;1;0;2;2;-23,60868581;-46,75841331;SPRF-SP;DEL04-SP;UOP01-DEL04-SP;false
548778.0;2023-09-07;quinta-feira;07:55:00;SP;101.0;45;UBATUBA;Velocidade Incompatível;Colisão frontal;Com Vítimas Fatais;Pleno dia;Decrescente;Garoa/Chuvisco;Simples;"Declive;Curva                 ";Sim;7;1;1;3;0;2;4;3;-23,41779396;-45,06788408;SPRF-SP;DEL06-SP;UOP01-DEL06-SP;true
548785.0;2023-09-15;sexta-feira;13:20:00;SP;101.0;50;UBATUBA;Reação tardia ou ineficiente do condutor;Colisão traseira;Sem Vítimas;Pleno dia;Crescente;Nublado;Simples;Reta;Sim;2;0;0;0;2;0;0;2;-23,45215131;-45,07551491;SPRF-SP;DEL06-SP;UOP01-DEL06-SP;false
548829.0;2023-09-15;sexta-feira;16:30:00;SP;116.0;229;GUARULHOS;Reação tardia ou ineficiente do condutor;Colisão traseira;Com Vítimas Feridas;Pleno dia;Crescente;Céu Claro;Múltipla;Reta;Não;2;0;1;0;1;0;1;2;-23,51291902;-46,57604698;SPRF-SP;DEL01-SP;UOP01-DEL01-SP;false
548862.0;2023-09-15;sexta-feira;18:40:00;SP;116.0;230;SAO PAULO;Manobra de mudança de faixa;Colisão traseira;Com Vítimas Feridas;Plena Noite;Decrescente;Céu Claro;Múltipla;Reta;Sim;2;0;1;0;0;1;1;2;-23,52251783;-46,5855702;SPRF-SP;DEL01-SP;UOP01-DEL01-SP;false
548874.0;2023-09-15;sexta-feira;18:30:00;SP;116.0;103,4;TAUBATE;Velocidade Incompatível;Engavetamento;Com Vítimas Feridas;Plena Noite;Crescente;Céu Claro;Dupla;Aclive;Não;3;0;1;0;2;0;1;3;-22,99919465;-45,49788917;SPRF-SP;DEL02-SP;UOP02-DEL02-SP;false
548972.0;2023-09-16;sábado;09:15:00;SP;381.0;73;SAO PAULO;Trafegar com motocicleta (ou similar) entre as faixas;Queda de ocupante de veículo;Com Vítimas Feridas;Pleno dia;Crescente;Sol;Múltipla;Reta;Não;1;0;1;0;0;0;1;1;-23,36553404;-46,55253934;SPRF-SP;DEL03-SP;UOP01-DEL03-SP;false
548973.0;2023-09-16;sábado;09:00:00;SP;116.0;270;TABOAO DA SERRA;Ausência de reação do condutor;Colisão traseira;Com Vítimas Feridas;Pleno dia;Decrescente;Céu Claro;Múltipla;Reta;Sim;2;0;1;0;1;0;1;2;-23,61799728;-46,79677694;SPRF-SP;DEL04-SP;UOP01-DEL04-SP;false
548982.0;2023-09-16;sábado;10:45:00;SP;153.0;109,3;JOSE BONIFACIO;Ultrapassagem Indevida;Tombamento;Com Vítimas Fatais;Pleno dia;Crescente;Céu Claro;Simples;Reta;Não;1;1;0;0;0;0;0;1;-21,08026506;-49,67062088;SPRF-SP;DEL09-SP;UOP01-DEL09-SP;false
548990.0;2023-09-16;sábado;11:30:00;SP;116.0;117;TAUBATE;Reação tardia ou ineficiente do condutor;Colisão traseira;Com Vítimas Feridas;Pleno dia;Decrescente;Céu Claro;Dupla;Reta;Não;2;0;1;0;1;0;1;2;-23,0582298;-45,6176951;SPRF-SP;DEL02-SP;UOP02-DEL02-SP;false
549006.0;2023-09-16;sábado;13:00:00;SP;116.0;463;PARIQUERA-ACU;Reação tardia ou ineficiente do condutor;Colisão traseira;Com Vítimas Feridas;Pleno dia;Decrescente;Sol;Dupla;Reta;Não;2;0;1;0;1;0;1;2;-24,62904309;-47,90227592;SPRF-SP;DEL05-SP;UOP01-DEL05-SP;false
549028.0;2023-09-16;sábado;15:20:00;SP;116.0;449;REGISTRO;Acessar a via sem observar a presença dos outros veículos;Colisão transversal;Com Vítimas Feridas;Pleno dia;Crescente;Céu Claro;Dupla;Reta;Sim;2;0;1;0;1;0;1;2;-24,53129282;-47,85734653;SPRF-SP;DEL05-SP;UOP01-DEL05-SP;false
549039.0;2023-09-16;sábado;16:05:00;SP;116.0;223;GUARULHOS;Reação tardia ou ineficiente do condutor;Colisão traseira;Com Vítimas Feridas;Pleno dia;Decrescente;Céu Claro;Múltipla;Reta;Sim;5;0;1;0;4;0;1;2;-23,47559815;-46,5246609;SPRF-SP;DEL01-SP;UOP01-DEL01-SP;false
549067.0;2023-09-16;sábado;19:00:00;SP;116.0;212;GUARULHOS;Transitar no Acostamento;Colisão traseira;Com Vítimas Fatais;Plena Noite;Decrescente;Nublado;Múltipla;"Declive;Reta                  ";Sim;2;1;0;0;0;1;0;2;-23,43608315;-46,42805094;SPRF-SP;DEL01-SP;UOP01-DEL01-SP;false
549082.0;2023-09-16;sábado;20:00:00;SP;116.0;474;PARIQUERA-ACU;Pedestre cruzava a pista fora da faixa;Atropelamento de Pedestre;Com Vítimas Feridas;Plena Noite;Decrescente;Céu Claro;Dupla;Reta;Sim;2;0;1;0;1;0;1;2;-24,6915925;-47,99416065;SPRF-SP;DEL05-SP;UOP01-DEL05-SP;false
549086.0;2023-09-16;sábado;18:20:00;SP;101.0;46;UBATUBA;Ingestão de álcool ou de substâncias psicoativas pelo pedestre;Queda de ocupante de veículo;Com Vítimas Feridas;Plena Noite;Decrescente;Céu Claro;Simples;Reta;Sim;1;0;1;0;0;0;1;1;-23,42403383;-45,07492113;SPRF-SP;DEL06-SP;UOP01-DEL06-SP;false
549123.0;2023-09-16;sábado;21:30:00;SP;116.0;116;TAUBATE;Ingestão de álcool pelo condutor;Colisão traseira;Com Vítimas Feridas;Plena Noite;Crescente;Céu Claro;Dupla;Reta;Não;5;0;2;1;2;0;3;2;-23,05376319;-45,6088049;SPRF-SP;DEL02-SP;UOP02-DEL02-SP;false
549124.0;2023-09-16;sábado;22:45:00;SP;116.0;230;SAO PAULO;Ausência de reação do condutor;Colisão traseira;Com Vítimas Feridas;Plena Noite;Crescente;Céu Claro;Múltipla;Reta;Sim;2;0;1;0;1;0;1;2;-23,52251783;-46,5855702;SPRF-SP;DEL01-SP;UOP01-DEL01-SP;false
549131.0;2023-09-16;sábado;23:58:00;SP;116.0;69,6;APARECIDA;Demais falhas mecânicas ou elétricas;Incêndio;Sem Vítimas;Plena Noite;Crescente;Céu Claro;Dupla;Reta;Sim;1;0;0;0;1;0;0;1;-22,84017188;-45,22364349;SPRF-SP;DEL08-SP;UOP01-DEL08-SP;false
549154.0;2023-09-17;domingo;02:30:00;SP;116.0;449;REGISTRO;Ausência de reação do condutor;Colisão traseira;Com Vítimas Fatais;Plena Noite;Crescente;Céu Claro;Dupla;Reta;Não;4;1;1;1;1;0;2;3;-24,52913591;-47,85619324;SPRF-SP;DEL05-SP;UOP01-DEL05-SP;false
549164.0;2023-09-17;domingo;02:50:00;SP;153.0;286;OCAUCU;Condutor Dormindo;Saída de leito carroçável;Com Vítimas Feridas;Pleno dia;Decrescente;Céu Claro;Simples;"Reta;Declive                  ";Não;1;0;1;0;0;0;1;1;-22,46005506;-49,87663694;SPRF-SP;DEL07-SP;UOP02-DEL07-SP;false
549171.0;2023-09-17;domingo;06:15:00;SP;381.0;57;MAIRIPORA;Ingestão de álcool pelo condutor;Queda de ocupante de veículo;Com Vítimas Feridas;Amanhecer;Crescente;Céu Claro;Dupla;Reta;Não;2;0;2;0;0;0;2;1;-23,2658219;-46,5839857;SPRF-SP;DEL03-SP;UOP01-DEL03-SP;false
549225.0;2023-09-17;domingo;11:15:00;SP;153.0;158,5;PROMISSAO;Ingestão de álcool pelo condutor;Tombamento;Com Vítimas Feridas;Pleno dia;Decrescente;Céu Claro;Simples;Reta;Não;1;0;1;0;0;0;1;1;-21,48929697;-49,77999964;SPRF-SP;DEL07-SP;UOP01-DEL07-SP;false
549252.0;2023-09-17;domingo;15:30:00;SP;116.0;447;REGISTRO;Ausência de reação do condutor;Colisão traseira;Com Vítimas Feridas;Pleno dia;Decrescente;Céu Claro;Dupla;"Em Obras;Reta                 ";Sim;2;0;1;0;1;0;1;2;-24,51285376;-47,85054871;SPRF-SP;DEL05-SP;UOP01-DEL05-SP;false
549255.0;2023-09-17;domingo;16:30:00;SP;116.0;218;GUARULHOS;Demais falhas na via;Colisão com objeto;Com Vítimas Feridas;Pleno dia;Crescente;Céu Claro;Dupla;Reta;Sim;2;0;1;0;1;0;1;1;-23,457972;-46,479927;SPRF-SP;DEL01-SP;UOP01-DEL01-SP;false
549282.0;2023-09-17;domingo;18:45:00;SP;116.0;206;ARUJA;Ingestão de álcool pelo condutor;Colisão lateral mesmo sentido;Sem Vítimas;Plena Noite;Crescente;Céu Claro;Dupla;Reta;Sim;4;0;0;0;4;0;0;2;-23,41722629;-46,37510292;SPRF-SP;DEL01-SP;UOP01-DEL01-SP;false
549337.0;2023-09-17;domingo;19:20:00;SP;116.0;85,8;PINDAMONHANGABA;Entrada inopinada do pedestre;Atropelamento de Pedestre;Com Vítimas Fatais;Plena Noite;Crescente;Nublado;Dupla;Reta;Não;4;1;0;0;2;1;0;2;-22,92525514;-45,35103679;SPRF-SP;DEL08-SP;UOP01-DEL08-SP;false
549344.0;2023-09-17;domingo;20:30:00;SP;101.0;29,5;UBATUBA;Manobra de mudança de faixa;Colisão lateral sentido oposto;Com Vítimas Feridas;Plena Noite;Crescente;Céu Claro;Dupla;Curva;Não;4;0;1;0;3;0;1;2;-23,3744835;-44,96474504;SPRF-SP;DEL06-SP;UOP01-DEL06-SP;false
549398.0;2023-09-18;segunda-feira;07:11:00;SP;116.0;225;GUARULHOS;Manobra de mudança de faixa;Colisão traseira;Com Vítimas Feridas;Pleno dia;Crescente;Céu Claro;Dupla;"Aclive;Reta                   ";Sim;2;0;1;0;1;0;1;2;-23,48586772;-46,54075317;SPRF-SP;DEL01-SP;UOP01-DEL01-SP;false
549419.0;2023-09-18;segunda-feira;08:15:00;SP;153.0;61;SAO JOSE DO RIO PRETO;Ausência de reação do condutor;Colisão lateral mesmo sentido;Com Vítimas Feridas;Pleno dia;Crescente;Céu Claro;Dupla;"Declive;Reta                  ";Não;1;0;1;0;0;0;1;1;-20,80502876;-49,35574909;SPRF-SP;DEL09-SP;UOP01-DEL09-SP;false
549489.0;2023-09-18;segunda-feira;14:15:00;SP;116.0;302,1;SAO LOURENCO DA SERRA;Demais falhas mecânicas ou elétricas;Incêndio;Sem Vítimas;Pleno dia;Decrescente;Céu Claro;Dupla;Reta;Não;1;0;0;0;1;0;0;1;-23,81957108;-46,92449376;SPRF-SP;DEL04-SP;UOP01-DEL04-SP;false
549503.0;2023-09-18;segunda-feira;16:00:00;SP;116.0;447,1;REGISTRO;Afundamento ou ondulação no pavimento;Queda de ocupante de veículo;Com Vítimas Feridas;Pleno dia;Decrescente;Céu Claro;Simples;Interseção de Vias;Sim;1;0;1;0;0;0;1;1;-24,52099699;-47,85336602;SPRF-SP;DEL05-SP;UOP01-DEL05-SP;false
549516.0;2023-09-18;segunda-feira;16:30:00;SP;459.0;30,7;LORENA;Trafegar com motocicleta (ou similar) entre as faixas;Colisão transversal;Com Vítimas Feridas;Pleno dia;Decrescente;Céu Claro;Simples;Reta;Sim;2;0;1;0;1;0;1;2;-22,725021;-45,103531;SPRF-SP;DEL08-SP;UOP02-DEL08-SP;false
549530.0;2023-05-06;sábado;15:41:00;SP;116.0;341;MIRACATU;Condutor Dormindo;Capotamento;Com Vítimas Feridas;Pleno dia;Crescente;Céu Claro;Dupla;Curva;Não;1;0;1;0;0;0;1;1;-24,00990014;-47,16199395;SPRF-SP;DEL04-SP;UOP03-DEL04-SP;false
549538.0;2023-09-18;segunda-feira;17:50:00;SP;116.0;450;REGISTRO;Acumulo de óleo sobre o pavimento;Tombamento;Com Vítimas Feridas;Anoitecer;Decrescente;Nublado;Simples;"Aclive;Retorno Regulamentado;C";Não;2;0;2;0;0;0;2;2;-24,53728295;-47,85899314;SPRF-SP;DEL05-SP;UOP01-DEL05-SP;false
549597.0;2023-09-19;terça-feira;04:50:00;SP;116.0;142,2;SAO JOSE DOS CAMPOS;Ausência de reação do condutor;Saída de leito carroçável;Com Vítimas Feridas;Amanhecer;Decrescente;Céu Claro;Dupla;Reta;Sim;1;0;1;0;0;0;1;1;-23,17426078;-45,82940111;SPRF-SP;DEL02-SP;UOP01-DEL02-SP;false
549602.0;2023-09-19;terça-feira;02:00:00;SP;116.0;222;GUARULHOS;Reação tardia ou ineficiente do condutor;Capotamento;Sem Vítimas;Plena Noite;Crescente;Nublado;Múltipla;Reta;Não;1;0;0;0;0;1;0;1;-23,47093408;-46,51631097;SPRF-SP;DEL01-SP;UOP01-DEL01-SP;false
549723.0;2023-09-19;terça-feira;18:20:00;SP;116.0;220;GUARULHOS;Reação tardia ou ineficiente do condutor;Colisão lateral mesmo sentido;Com Vítimas Feridas;Anoitecer;Decrescente;Céu Claro;Múltipla;Reta;Sim;2;0;1;0;1;0;1;2;-23,46472809;-46,49793962;SPRF-SP;DEL01-SP;UOP01-DEL01-SP;false
549753.0;2023-09-19;terça-feira;20:45:00;SP;116.0;230;SAO PAULO;Reação tardia ou ineficiente do condutor;Colisão com objeto;Com Vítimas Fatais;Plena Noite;Crescente;Céu Claro;Múltipla;Reta;Sim;3;2;0;0;0;1;0;2;-23,52251783;-46,5855702;SPRF-SP;DEL01-SP;UOP01-DEL01-SP;false
549756.0;2023-09-19;terça-feira;20:10:00;SP;116.0;274;TABOAO DA SERRA;Trafegar com motocicleta (ou similar) entre as faixas;Colisão traseira;Com Vítimas Feridas;Plena Noite;Decrescente;Céu Claro;Múltipla;Reta;Sim;3;0;1;0;1;1;1;3;-23,63445084;-46,82418514;SPRF-SP;DEL04-SP;UOP01-DEL04-SP;false
549792.0;2023-09-20;quarta-feira;05:45:00;SP;116.0;212;GUARULHOS;Manobra de mudança de faixa;Engavetamento;Com Vítimas Feridas;Pleno dia;Crescente;Céu Claro;Dupla;Reta;Sim;3;0;1;0;2;0;1;3;-23,43608315;-46,42805094;SPRF-SP;DEL01-SP;UOP01-DEL01-SP;false
549802.0;2023-09-20;quarta-feira;07:30:00;SP;116.0;339;JUQUITIBA;Acumulo de óleo sobre o pavimento;Queda de ocupante de veículo;Com Vítimas Feridas;Pleno dia;Crescente;Céu Claro;Dupla;Declive;Não;2;0;2;0;0;0;2;1;-23,9983939;-47,14927316;SPRF-SP;DEL04-SP;UOP03-DEL04-SP;false
549809.0;2023-09-20;quarta-feira;08:10:00;SP;381.0;22,6;BRAGANCA PAULISTA;Manobra de mudança de faixa;Colisão lateral mesmo sentido;Com Vítimas Feridas;Pleno dia;Crescente;Sol;Dupla;Reta;Não;2;0;1;0;1;0;1;2;-22,99697186;-46,5163051;SPRF-SP;DEL03-SP;UOP02-DEL03-SP;false
549826.0;2023-09-20;quarta-feira;07:51:00;SP;116.0;93,2;PINDAMONHANGABA;Condutor Dormindo;Capotamento;Com Vítimas Feridas;Pleno dia;Decrescente;Céu Claro;Dupla;Reta;Não;4;0;3;0;1;0;3;1;-22,95653207;-45,41300297;SPRF-SP;DEL08-SP;UOP01-DEL08-SP;false
549840.0;2023-09-20;quarta-feira;10:45:00;SP;381.0;69,5;MAIRIPORA;Acumulo de óleo sobre o pavimento;Tombamento;Com Vítimas Feridas;Pleno dia;Decrescente;Sol;Dupla;"Curva;Declive                 ";Não;1;0;1;0;0;0;1;1;-23,34553108;-46,56787903;SPRF-SP;DEL03-SP;UOP01-DEL03-SP;false
549851.0;2023-09-20;quarta-feira;11:00:00;SP;101.0;46;UBATUBA;Mal súbito do condutor;Queda de ocupante de veículo;Com Vítimas Feridas;Pleno dia;Decrescente;Céu Claro;Dupla;Reta;Sim;1;0;1;0;0;0;1;1;-23,42403383;-45,07492113;SPRF-SP;DEL06-SP;UOP01-DEL06-SP;false