id;data_inversa;dia_semana;horario;uf;br;km;municipio;causa_acidente;tipo_acidente;classificacao_acidente;fase_dia;sentido_via;condicao_metereologica;tipo_pista;tracado_via;uso_solo;pessoas;mortos;feridos_leves;feridos_graves;ilesos;ignorados;feridos;veiculos;latitude;longitude;regional;delegacia;uop;feriado
549860.0;2023-09-20;quarta-feira;14:20:00;SP;116.0;219;GUARULHOS;Acessar a via sem observar a presença dos outros veículos;Colisão frontal;Com Vítimas Feridas;Pleno dia;Crescente;Céu Claro;Simples;Reta;Sim;2;0;1;0;1;0;1;2;-23,46143954;-46,48885316;SPRF-SP;DEL01-SP;UOP01-DEL01-SP;false
549892.0;2023-09-20;quarta-feira;17:22:00;SP;116.0;154,9;SAO JOSE DOS CAMPOS;Manobra de mudança de faixa;Colisão traseira;Com Vítimas Feridas;Anoitecer;Crescente;Céu Claro;Dupla;Reta;Sim;2;0;1;0;1;0;1;2;-23,23903999;-45,92061901;SPRF-SP;DEL02-SP;UOP01-DEL02-SP;false
549899.0;2023-09-20;quarta-feira;18:40:00;SP;116.0;230;SAO PAULO;Reação tardia ou ineficiente do condutor;Colisão lateral mesmo sentido;Com Vítimas Feridas;Plena Noite;Crescente;Céu Claro;Múltipla;Reta;Sim;1;0;1;0;0;0;1;1;-23,52251783;-46,5855702;SPRF-SP;DEL01-SP;UOP01-DEL01-SP;false
549914.0;2023-09-20;quarta-feira;19:40:00;SP;116.0;212,5;GUARULHOS;Entrada inopinada do pedestre;Atropelamento de Pedestre;Com Vítimas Feridas;Plena Noite;Decrescente;Céu Claro;Simples;Reta;Sim;2;0;1;0;1;0;1;2;-23,43608315;-46,42805094;SPRF-SP;DEL01-SP;UOP01-DEL01-SP;false
549972.0;2023-09-20;quarta-feira;22:30:00;SP;0.0;0;PINDAMONHANGABA;Acumulo de areia ou detritos sobre o pavimento;Colisão com objeto;Com Vítimas Feridas;Plena Noite;Não Informado;Céu Claro;Simples;Curva;Não;4;0;3;0;0;1;3;2;-22,923461;-45,337914;SPRF-SP;DEL08-SP;UOP01-DEL08-SP;false
550070.0;2023-09-21;quinta-feira;14:50:00;SP;116.0;424;JUQUIA;Ingestão de álcool pelo condutor;Tombamento;Com Vítimas Feridas;Pleno dia;Crescente;Sol;Dupla;Reta;Não;1;0;1;0;0;0;1;1;-24,3736589;-47,70692922;SPRF-SP;DEL05-SP;UOP01-DEL05-SP;false
550093.0;2023-09-05;terça-feira;09:00:00;SP;116.0;445;REGISTRO;Reação tardia ou ineficiente do condutor;Colisão com objeto;Com Vítimas Feridas;Pleno dia;Decrescente;Céu Claro;Dupla;Reta;Sim;1;0;1;0;0;0;1;1;-24,49790715;-47,84208686;SPRF-SP;DEL05-SP;UOP01-DEL05-SP;false
550114.0;2023-09-21;quinta-feira;19:40:00;SP;116.0;227;SAO PAULO;Ausência de reação do condutor;Colisão traseira;Sem Vítimas;Plena Noite;Decrescente;Céu Claro;Múltipla;Declive;Não;2;0;0;0;2;0;0;2;-23,49659264;-46,55648754;SPRF-SP;DEL01-SP;UOP01-DEL01-SP;false
550120.0;2023-09-21;quinta-feira;19:26:00;SP;116.0;82;ROSEIRA;Transitar no Acostamento;Atropelamento de Pedestre;Com Vítimas Feridas;Plena Noite;Decrescente;Céu Claro;Dupla;Reta;Não;2;0;1;0;1;0;1;2;-22,90918532;-45,31883185;SPRF-SP;DEL08-SP;UOP01-DEL08-SP;false
550143.0;2023-09-21;quinta-feira;20:00:00;SP;116.0;366;MIRACATU;Demais falhas mecânicas ou elétricas;Incêndio;Sem Vítimas;Plena Noite;Decrescente;Céu Claro;Simples;Reta;Não;1;0;0;0;1;0;0;1;-24,14329764;-47,28459396;SPRF-SP;DEL04-SP;UOP02-DEL04-SP;false
550153.0;2023-09-21;quinta-feira;23:10:00;SP;116.0;188;SANTA ISABEL;Reação tardia ou ineficiente do condutor;Colisão lateral mesmo sentido;Com Vítimas Feridas;Plena Noite;Decrescente;Céu Claro;Dupla;"Curva;Declive                 ";Não;3;0;1;0;2;0;1;3;-23,3594352;-46,21675791;SPRF-SP;DEL01-SP;UOP01-DEL01-SP;false
550207.0;2023-09-22;sexta-feira;10:40:00;SP;381.0;88,6;GUARULHOS;Manobra de mudança de faixa;Colisão lateral mesmo sentido;Com Vítimas Feridas;Pleno dia;Crescente;Céu Claro;Múltipla;Reta;Sim;3;0;1;0;2;0;1;2;-23,48347;-46,55999;SPRF-SP;DEL03-SP;UOP01-DEL03-SP;false
550247.0;2023-09-22;sexta-feira;13:58:00;SP;116.0;158;JACAREI;Ausência de reação do condutor;Tombamento;Com Vítimas Feridas;Pleno dia;Decrescente;Céu Claro;Dupla;Reta;Sim;2;0;2;0;0;0;2;1;-23,26072137;-45,95179176;SPRF-SP;DEL02-SP;UOP01-DEL02-SP;false
550278.0;2023-09-22;sexta-feira;18:15:00;SP;116.0;270;TABOAO DA SERRA;Trafegar com motocicleta (ou similar) entre as faixas;Colisão lateral mesmo sentido;Com Vítimas Feridas;Anoitecer;Decrescente;Céu Claro;Dupla;Reta;Sim;3;0;0;1;2;0;1;3;-23,61799728;-46,79677694;SPRF-SP;DEL04-SP;UOP01-DEL04-SP;false
550312.0;2023-09-22;sexta-feira;21:10:00;SP;153.0;81,3;BADY BASSITT;Reação tardia ou ineficiente do condutor;Colisão com objeto;Com Vítimas Feridas;Plena Noite;Crescente;Céu Claro;Dupla;Curva;Não;3;0;2;1;0;0;3;1;-20,91158008;-49,48946098;SPRF-SP;DEL09-SP;UOP01-DEL09-SP;false
550326.0;2023-09-22;sexta-feira;23:00:00;SP;116.0;2;GUARULHOS;Acesso irregular;Colisão transversal;Com Vítimas Fatais;Plena Noite;Crescente;Céu Claro;Dupla;Reta;Não;2;1;1;0;0;0;1;2;-23,463257;-46,53373;SPRF-SP;DEL01-SP;UOP01-DEL01-SP;false
550357.0;2023-09-23;sábado;05:30:00;SP;116.0;141,3;SAO JOSE DOS CAMPOS;Acessar a via sem observar a presença dos outros veículos;Atropelamento de Pedestre;Com Vítimas Fatais;Amanhecer;Decrescente;Nublado;Dupla;Reta;Sim;2;1;0;0;0;1;0;2;-23,17004717;-45,82091491;SPRF-SP;DEL02-SP;UOP01-DEL02-SP;false
550375.0;2023-09-23;sábado;07:50:00;SP;116.0;103,7;TAUBATE;Condutor deixou de manter distância do veículo da frente;Colisão traseira;Com Vítimas Feridas;Pleno dia;Decrescente;Céu Claro;Dupla;Reta;Não;3;0;1;0;2;0;1;2;-22,99919465;-45,49788917;SPRF-SP;DEL02-SP;UOP02-DEL02-SP;false
550382.0;2023-09-23;sábado;08:30:00;SP;116.0;230;SAO PAULO;Reação tardia ou ineficiente do condutor;Colisão lateral mesmo sentido;Com Vítimas Feridas;Pleno dia;Crescente;Céu Claro;Múltipla;"Interseção de Vias;Reta       ";Sim;3;0;1;0;2;0;1;3;-23,518453;-46,582181;SPRF-SP;DEL01-SP;UOP01-DEL01-SP;false
550402.0;2023-09-23;sábado;11:00:00;SP;116.0;304;SAO LOURENCO DA SERRA;Ausência de reação do condutor;Colisão traseira;Com Vítimas Feridas;Pleno dia;Decrescente;Céu Claro;Múltipla;"Reta;Declive                  ";Sim;2;0;1;0;1;0;1;2;-23,835151;-46,92964497;SPRF-SP;DEL04-SP;UOP01-DEL04-SP;false
550440.0;2023-09-23;sábado;13:00:00;SP;116.0;67;GUARATINGUETA;Ausência de reação do condutor;Colisão traseira;Com Vítimas Feridas;Pleno dia;Decrescente;Sol;Dupla;Curva;Sim;5;0;2;0;2;1;2;4;-22,82867578;-45,2088941;SPRF-SP;DEL08-SP;UOP01-DEL08-SP;false
550447.0;2023-09-23;sábado;16:30:00;SP;116.0;230;SAO PAULO;Reação tardia ou ineficiente do condutor;Colisão traseira;Com Vítimas Feridas;Pleno dia;Crescente;Céu Claro;Múltipla;Reta;Não;2;0;2;0;0;0;2;2;-23,52251783;-46,5855702;SPRF-SP;DEL01-SP;UOP01-DEL01-SP;false
550451.0;2023-09-23;sábado;16:00:00;SP;459.0;20;PIQUETE;Reação tardia ou ineficiente do condutor;Saída de leito carroçável;Com Vítimas Feridas;Pleno dia;Decrescente;Céu Claro;Simples;"Curva;Declive                 ";Não;2;0;2;0;0;0;2;1;-22,646566;-45,144917;SPRF-SP;DEL08-SP;UOP02-DEL08-SP;false
550466.0;2023-09-23;sábado;16:30:00;SP;116.0;61;GUARATINGUETA;Demais falhas mecânicas ou elétricas;Queda de ocupante de veículo;Com Vítimas Feridas;Pleno dia;Crescente;Sol;Dupla;"Aclive;Curva                  ";Não;2;0;2;0;0;0;2;1;-22,79763613;-45,1674588;SPRF-SP;DEL08-SP;UOP01-DEL08-SP;false
550477.0;2023-09-23;sábado;18:50:00;SP;116.0;282;EMBU DAS ARTES;Manobra de mudança de faixa;Colisão lateral mesmo sentido;Com Vítimas Feridas;Plena Noite;Decrescente;Céu Claro;Dupla;Reta;Sim;2;0;1;0;1;0;1;2;-23,68570216;-46,85970975;SPRF-SP;DEL04-SP;UOP01-DEL04-SP;false
550494.0;2023-09-23;sábado;19:30:00;SP;153.0;169,8;GUAICARA;Condutor deixou de manter distância do veículo da frente;Colisão traseira;Com Vítimas Feridas;Plena Noite;Crescente;Céu Claro;Simples;Reta;Não;5;0;2;0;3;0;2;2;-21,543305;-49,78222494;SPRF-SP;DEL07-SP;UOP01-DEL07-SP;false
550510.0;2023-09-23;sábado;22:00:00;SP;116.0;226;GUARULHOS;Entrada inopinada do pedestre;Atropelamento de Pedestre;Com Vítimas Feridas;Plena Noite;Decrescente;Céu Claro;Múltipla;"Em Obras;Aclive;Reta          ";Sim;2;0;1;0;0;1;1;2;-23,49102507;-46,54878195;SPRF-SP;DEL01-SP;UOP01-DEL01-SP;false
550516.0;2023-09-23;sábado;22:50:00;SP;116.0;225;GUARULHOS;Ausência de reação do condutor;Colisão traseira;Com Vítimas Feridas;Plena Noite;Crescente;Nublado;Múltipla;Reta;Não;6;0;1;0;5;0;1;2;-23,48586772;-46,54075317;SPRF-SP;DEL01-SP;UOP01-DEL01-SP;false
550539.0;2023-09-24;domingo;00:40:00;SP;153.0;73,5;BADY BASSITT;Ausência de reação do condutor;Tombamento;Com Vítimas Feridas;Plena Noite;Crescente;Céu Claro;Dupla;Declive;Não;1;0;1;0;0;0;1;1;-20,87627206;-49,42004692;SPRF-SP;DEL09-SP;UOP01-DEL09-SP;false
550548.0;2023-09-24;domingo;00:40:00;SP;116.0;58,9;GUARATINGUETA;Ausência de reação do condutor;Colisão com objeto;Com Vítimas Feridas;Plena Noite;Decrescente;Céu Claro;Dupla;Reta;Sim;1;0;1;0;0;0;1;1;-22,78005511;-45,14572791;SPRF-SP;DEL08-SP;UOP01-DEL08-SP;false
550577.0;2023-09-24;domingo;06:20:00;SP;116.0;226;GUARULHOS;Demais falhas mecânicas ou elétricas;Engavetamento;Com Vítimas Feridas;Pleno dia;Crescente;Céu Claro;Múltipla;"Aclive;Reta                   ";Sim;3;0;1;0;2;0;1;3;-23,49138877;-46,55002713;SPRF-SP;DEL01-SP;UOP01-DEL01-SP;false
550592.0;2023-09-24;domingo;08:05:00;SP;153.0;75;SAO JOSE DO RIO PRETO;Condutor Dormindo;Saída de leito carroçável;Com Vítimas Feridas;Pleno dia;Decrescente;Céu Claro;Múltipla;Reta;Sim;1;0;1;0;0;0;1;1;-20,89418221;-49,43387582;SPRF-SP;DEL09-SP;UOP01-DEL09-SP;false
550598.0;2023-09-24;domingo;08:20:00;SP;381.0;0,5;VARGEM;Demais falhas mecânicas ou elétricas;Tombamento;Com Vítimas Feridas;Pleno dia;Crescente;Sol;Dupla;"Curva;Aclive                  ";Não;2;0;2;0;0;0;2;1;-22,878674;-46,372143;SPRF-SP;DEL03-SP;UOP02-DEL03-SP;false
550638.0;2023-09-24;domingo;13:15:00;SP;381.0;47;ATIBAIA;Velocidade Incompatível;Colisão com objeto;Com Vítimas Feridas;Pleno dia;Decrescente;Céu Claro;Dupla;Reta;Sim;3;0;1;0;2;0;1;2;-23,18904617;-46,58407757;SPRF-SP;DEL03-SP;UOP01-DEL03-SP;false
550680.0;2023-09-24;domingo;17:45:00;SP;116.0;301;SAO LOURENCO DA SERRA;Ausência de reação do condutor;Colisão lateral mesmo sentido;Com Vítimas Feridas;Anoitecer;Decrescente;Céu Claro;Dupla;"Aclive;Reta                   ";Não;2;0;0;1;1;0;1;2;-23,81147602;-46,92298208;SPRF-SP;DEL04-SP;UOP01-DEL04-SP;false
550735.0;2023-09-24;domingo;21:40:00;SP;116.0;230;SAO PAULO;Ausência de reação do condutor;Colisão traseira;Com Vítimas Feridas;Plena Noite;Crescente;Ignorado;Múltipla;Reta;Sim;5;0;1;0;3;1;1;3;-23,52251783;-46,5855702;SPRF-SP;DEL01-SP;UOP01-DEL01-SP;false
550737.0;2023-09-24;domingo;19:30:00;SP;153.0;138;PROMISSAO;Ingestão de álcool pelo condutor;Tombamento;Com Vítimas Feridas;Plena Noite;Crescente;Céu Claro;Simples;Reta;Não;1;0;1;0;0;0;1;1;-21,31002302;-49,79450084;SPRF-SP;DEL07-SP;UOP01-DEL07-SP;false
550765.0;2023-09-24;domingo;23:10:00;SP;116.0;215;SAO PAULO;Ausência de reação do condutor;Saída de leito carroçável;Sem Vítimas;Plena Noite;Decrescente;Nublado;Múltipla;Reta;Sim;1;0;0;0;0;1;0;1;-23,44695693;-46,45394103;SPRF-SP;DEL01-SP;UOP01-DEL01-SP;false
550776.0;2023-09-25;segunda-feira;03:00:00;SP;116.0;110;TAUBATE;Ausência de reação do condutor;Saída de leito carroçável;Com Vítimas Feridas;Plena Noite;Decrescente;Céu Claro;Dupla;Reta;Sim;1;0;0;1;0;0;1;1;-23,03412614;-45,5526999;SPRF-SP;DEL02-SP;UOP02-DEL02-SP;false
550802.0;2023-09-25;segunda-feira;06:20:00;SP;116.0;115,5;TAUBATE;Manobra de mudança de faixa;Queda de ocupante de veículo;Com Vítimas Feridas;Pleno dia;Crescente;Céu Claro;Dupla;Reta;Sim;1;0;0;1;0;0;1;1;-23,0496047;-45,59973712;SPRF-SP;DEL02-SP;UOP02-DEL02-SP;false
550805.0;2023-09-25;segunda-feira;07:20:00;SP;116.0;216;GUARULHOS;Trafegar com motocicleta (ou similar) entre as faixas;Colisão traseira;Com Vítimas Feridas;Pleno dia;Crescente;Nublado;Múltipla;Reta;Sim;2;0;1;0;0;1;1;2;-23,45056589;-46,46258105;SPRF-SP;DEL01-SP;UOP01-DEL01-SP;false
550839.0;2023-09-25;segunda-feira;08:40:00;SP;116.0;155;SAO JOSE DOS CAMPOS;Reação tardia ou ineficiente do condutor;Engavetamento;Com Vítimas Feridas;Pleno dia;Crescente;Céu Claro;Dupla;Reta;Não;6;0;3;0;3;0;3;4;-23,24524337;-45,92772774;SPRF-SP;DEL02-SP;UOP01-DEL02-SP;false
550850.0;2023-09-25;segunda-feira;11:10:00;SP;116.0;224;GUARULHOS;Reação tardia ou ineficiente do condutor;Queda de ocupante de veículo;Com Vítimas Feridas;Pleno dia;Decrescente;Céu Claro;Múltipla;Reta;Sim;2;0;1;0;0;1;1;2;-23,48071896;-46,53271603;SPRF-SP;DEL01-SP;UOP01-DEL01-SP;false
550907.0;2023-09-25;segunda-feira;16:10:00;SP;116.0;67;APARECIDA;Velocidade Incompatível;Tombamento;Com Vítimas Feridas;Pleno dia;Decrescente;Chuva;Dupla;Rotatória;Sim;1;0;1;0;0;0;1;1;-22,82867578;-45,2088941;SPRF-SP;DEL08-SP;UOP01-DEL08-SP;false
550938.0;2023-09-25;segunda-feira;18:40:00;SP;116.0;222;GUARULHOS;Demais falhas mecânicas ou elétricas;Incêndio;Sem Vítimas;Plena Noite;Decrescente;Céu Claro;Dupla;Reta;Não;1;0;0;0;1;0;0;1;-23,47093408;-46,51631097;SPRF-SP;DEL01-SP;UOP01-DEL01-SP;false
550950.0;2023-09-25;segunda-feira;19:30:00;SP;116.0;224;GUARULHOS;Reação tardia ou ineficiente do condutor;Colisão traseira;Com Vítimas Feridas;Pleno dia;Decrescente;Céu Claro;Dupla;Reta;Sim;4;0;1;0;3;0;1;2;-23,48071896;-46,53271603;SPRF-SP;DEL01-SP;UOP01-DEL01-SP;false
550951.0;2023-09-17;domingo;10:00:00;SP;116.0;442,2;REGISTRO;Demais falhas mecânicas ou elétricas;Tombamento;Com Vítimas Feridas;Pleno dia;Crescente;Céu Claro;Dupla;Reta;Sim;4;0;1;0;0;3;1;2;-24,47609886;-47,8273532;SPRF-SP;DEL05-SP;UOP01-DEL05-SP;false
550977.0;2023-09-25;segunda-feira;22:15:00;SP;116.0;269;TABOAO DA SERRA;Ingestão de álcool pelo condutor;Colisão transversal;Com Vítimas Fatais;Plena Noite;Decrescente;Céu Claro;Múltipla;"Reta;Interseção de Vias       ";Sim;4;1;0;1;1;1;1;4;-23,61593059;-46,78826044;SPRF-SP;DEL04-SP;UOP01-DEL04-SP;false
551004.0;2023-09-26;terça-feira;07:00:00;SP;116.0;217;GUARULHOS;Ausência de reação do condutor;Tombamento;Com Vítimas Feridas;Pleno dia;Decrescente;Nublado;Múltipla;Reta;Sim;1;0;1;0;0;0;1;1;-23,45423824;-46,47119028;SPRF-SP;DEL01-SP;UOP01-DEL01-SP;false
551024.0;2023-09-26;terça-feira;08:30:00;SP;116.0;153;SAO JOSE DOS CAMPOS;Reação tardia ou ineficiente do condutor;Colisão traseira;Com Vítimas Feridas;Pleno dia;Crescente;Céu Claro;Múltipla;Reta;Sim;2;0;0;1;1;0;1;2;-23,23262274;-45,91372624;SPRF-SP;DEL02-SP;UOP01-DEL02-SP;false
551038.0;2023-09-26;terça-feira;08:40:00;SP;116.0;111,7;TAUBATE;Avarias e/ou desgaste excessivo no pneu;Tombamento;Com Vítimas Feridas;Pleno dia;Decrescente;Sol;Dupla;Reta;Sim;2;0;2;0;0;0;2;1;-23,04155798;-45,57064497;SPRF-SP;DEL02-SP;UOP02-DEL02-SP;false
551050.0;2023-09-26;terça-feira;10:30:00;SP;116.0;218;GUARULHOS;Velocidade Incompatível;Colisão lateral mesmo sentido;Com Vítimas Feridas;Pleno dia;Crescente;Céu Claro;Múltipla;"Declive;Reta                  ";Sim;2;0;1;0;1;0;1;2;-23,457972;-46,479927;SPRF-SP;DEL01-SP;UOP01-DEL01-SP;false
551100.0;2023-09-26;terça-feira;14:40:00;SP;116.0;186;SANTA ISABEL;Reação tardia ou ineficiente do condutor;Queda de ocupante de veículo;Com Vítimas Feridas;Plena Noite;Decrescente;Céu Claro;Dupla;Declive;Não;1;0;1;0;0;0;1;1;-23,35220682;-46,19934905;SPRF-SP;DEL01-SP;UOP01-DEL01-SP;false
551104.0;2023-09-26;terça-feira;15:00:00;SP;116.0;220;GUARULHOS;Ultrapassagem Indevida;Colisão traseira;Com Vítimas Feridas;Pleno dia;Crescente;Céu Claro;Dupla;Reta;Sim;2;0;1;0;1;0;1;2;-23,46472809;-46,49793962;SPRF-SP;DEL01-SP;UOP01-DEL01-SP;false
551110.0;2023-09-26;terça-feira;16:10:00;SP;381.0;25,7;ATIBAIA;Demais falhas mecânicas ou elétricas;Incêndio;Sem Vítimas;Pleno dia;Crescente;Céu Claro;Dupla;"Aclive;Reta                   ";Sim;1;0;0;0;1;0;0;1;-23,02018004;-46,52966596;SPRF-SP;DEL03-SP;UOP02-DEL03-SP;false
551134.0;2023-09-26;terça-feira;17:50:00;SP;116.0;270;TABOAO DA SERRA;Trafegar com motocicleta (ou similar) entre as faixas;Colisão traseira;Sem Vítimas;Pleno dia;Decrescente;Céu Claro;Dupla;Reta;Sim;2;0;0;0;2;0;0;2;-23,61799728;-46,79677694;SPRF-SP;DEL04-SP;UOP01-DEL04-SP;false
551137.0;2023-09-26;terça-feira;18:45:00;SP;116.0;227,3;SAO PAULO;Reação tardia ou ineficiente do condutor;Colisão traseira;Com Vítimas Feridas;Plena Noite;Decrescente;Céu Claro;Múltipla;Reta;Sim;2;0;1;0;1;0;1;2;-23,49659264;-46,55648754;SPRF-SP;DEL01-SP;UOP01-DEL01-SP;false
551145.0;2023-09-26;terça-feira;17:40:00;SP;116.0;59,6;GUARATINGUETA;Ausência de reação do condutor;Colisão lateral mesmo sentido;Com Vítimas Feridas;Pleno dia;Crescente;Céu Claro;Dupla;Reta;Não;2;0;2;0;0;0;2;1;-22,78823079;-45,15741105;SPRF-SP;DEL08-SP;UOP01-DEL08-SP;false
551182.0;2023-09-26;terça-feira;23:00:00;SP;116.0;230,5;SAO PAULO;Condutor deixou de manter distância do veículo da frente;Colisão traseira;Com Vítimas Feridas;Plena Noite;Crescente;Céu Claro;Múltipla;Reta;Sim;1;0;1;0;0;0;1;1;-23,52251783;-46,5855702;SPRF-SP;DEL01-SP;UOP01-DEL01-SP;false
551231.0;2023-09-27;quarta-feira;08:50:00;SP;116.0;222,7;GUARULHOS;Trafegar com motocicleta (ou similar) entre as faixas;Colisão lateral mesmo sentido;Com Vítimas Feridas;Pleno dia;Decrescente;Céu Claro;Dupla;"Reta;Interseção de Vias       ";Não;3;0;1;0;2;0;1;2;-23,47093408;-46,51631097;SPRF-SP;DEL01-SP;UOP01-DEL01-SP;false
551240.0;2023-09-27;quarta-feira;10:00:00;SP;116.0;219;GUARULHOS;Reação tardia ou ineficiente do condutor;Colisão traseira;Com Vítimas Feridas;Pleno dia;Crescente;Nublado;Múltipla;Reta;Sim;3;0;2;0;1;0;2;2;-23,46143954;-46,48885316;SPRF-SP;DEL01-SP;UOP01-DEL01-SP;false
551294.0;2023-09-27;quarta-feira;11:15:00;SP;0.0;0;BARRA DO TURVO;Sinalização mal posicionada;Colisão com objeto;Sem Vítimas;Pleno dia;Não Informado;Céu Claro;Dupla;Reta;Não;2;0;0;0;2;0;0;1;-24,953383;-48,324095;SPRF-SP;DEL05-SP;UOP02-DEL05-SP;false
551297.0;2023-09-27;quarta-feira;14:40:00;SP;381.0;72;SAO PAULO;Condutor Dormindo;Colisão com objeto;Sem Vítimas;Pleno dia;Decrescente;Nublado;Múltipla;"Reta;Aclive                   ";Não;1;0;0;0;1;0;0;1;-23,36674249;-46,55223727;SPRF-SP;DEL03-SP;UOP01-DEL03-SP;false
551348.0;2023-09-27;quarta-feira;19:15:00;SP;116.0;221;GUARULHOS;Manobra de mudança de faixa;Colisão lateral mesmo sentido;Com Vítimas Feridas;Anoitecer;Decrescente;Garoa/Chuvisco;Múltipla;Reta;Sim;2;0;1;0;1;0;1;2;-23,46802395;-46,50704901;SPRF-SP;DEL01-SP;UOP01-DEL01-SP;false
551350.0;2023-09-27;quarta-feira;19:40:00;SP;153.0;95,9;JACI;Entrada inopinada do pedestre;Atropelamento de Pedestre;Com Vítimas Feridas;Plena Noite;Crescente;Nublado;Simples;Reta;Não;4;0;1;0;3;0;1;2;-20,97062;-49,605372;SPRF-SP;DEL09-SP;UOP01-DEL09-SP;false
551367.0;2023-08-26;sábado;14:00:00;SP;381.0;71;MAIRIPORA;Acumulo de água sobre o pavimento;Colisão com objeto;Com Vítimas Feridas;Pleno dia;Crescente;Garoa/Chuvisco;Múltipla;Curva;Não;3;0;2;0;1;0;2;1;-23,35047979;-46,55267274;SPRF-SP;DEL03-SP;UOP01-DEL03-SP;false
551368.0;2023-09-27;quarta-feira;18:29:00;SP;116.0;87;PINDAMONHANGABA;Demais Fenômenos da natureza;Colisão com objeto;Com Vítimas Feridas;Plena Noite;Crescente;Chuva;Múltipla;Reta;Não;1;0;1;0;0;0;1;1;-22,93065267;-45,36166116;SPRF-SP;DEL08-SP;UOP01-DEL08-SP;false
551398.0;2023-09-28;quinta-feira;01:30:00;SP;381.0;37;ATIBAIA;Ausência de reação do condutor;Colisão traseira;Com Vítimas Feridas;Plena Noite;Crescente;Chuva;Dupla;"Declive;Curva                 ";Não;4;0;2;1;1;0;3;2;-23,10506237;-46,56881577;SPRF-SP;DEL03-SP;UOP01-DEL03-SP;false
551405.0;2023-09-28;quinta-feira;05:00:00;SP;116.0;322,4;JUQUITIBA;Reação tardia ou ineficiente do condutor;Saída de leito carroçável;Com Vítimas Feridas;Amanhecer;Decrescente;Chuva;Dupla;Curva;Sim;1;0;1;0;0;0;1;1;-23,935106;-47,026682;SPRF-SP;DEL04-SP;UOP03-DEL04-SP;false
551406.0;2023-09-28;quinta-feira;05:15:00;SP;116.0;230,5;SAO PAULO;Manobra de mudança de faixa;Colisão lateral mesmo sentido;Com Vítimas Feridas;Amanhecer;Crescente;Nublado;Múltipla;"Reta;Em Obras;Interseção de Vi";Sim;2;0;1;0;1;0;1;2;-23,52251783;-46,5855702;SPRF-SP;DEL01-SP;UOP01-DEL01-SP;false
551407.0;2023-09-28;quinta-feira;05:50:00;SP;116.0;228;SAO PAULO;Reação tardia ou ineficiente do condutor;Colisão lateral mesmo sentido;Com Vítimas Feridas;Pleno dia;Crescente;Céu Claro;Múltipla;Reta;Não;2;0;0;1;1;0;1;2;-23,50343484;-46,56638712;SPRF-SP;DEL01-SP;UOP01-DEL01-SP;false
551426.0;2023-09-28;quinta-feira;07:12:00;SP;116.0;273;TABOAO DA SERRA;Reação tardia ou ineficiente do condutor;Colisão lateral mesmo sentido;Com Vítimas Feridas;Pleno dia;Decrescente;Céu Claro;Dupla;Reta;Sim;2;0;1;0;1;0;1;2;-23,62809795;-46,81870306;SPRF-SP;DEL04-SP;UOP01-DEL04-SP;false
551462.0;2023-09-26;terça-feira;08:45:00;SP;116.0;111,7;TAUBATE;Reação tardia ou ineficiente do condutor;Colisão traseira;Com Vítimas Feridas;Pleno dia;Decrescente;Sol;Dupla;Reta;Sim;4;0;1;0;3;0;1;3;-23,04133853;-45,56991041;SPRF-SP;DEL02-SP;UOP02-DEL02-SP;false
551463.0;2023-09-28;quinta-feira;08:55:00;SP;116.0;488;CAJATI;Ausência de reação do condutor;Capotamento;Sem Vítimas;Pleno dia;Crescente;Garoa/Chuvisco;Dupla;Reta;Sim;1;0;0;0;1;0;0;1;-24,73097634;-48,09815591;SPRF-SP;DEL05-SP;UOP01-DEL05-SP;false
551486.0;2023-09-28;quinta-feira;16:45:00;SP;116.0;111;TAUBATE;Carga excessiva e/ou mal acondicionada;Colisão com objeto;Com Vítimas Feridas;Pleno dia;Decrescente;Nublado;Dupla;Reta;Sim;2;0;1;0;1;0;1;2;-23,03887149;-45,56097419;SPRF-SP;DEL02-SP;UOP02-DEL02-SP;false
551632.0;2023-09-29;sexta-feira;08:30:00;SP;116.0;512;CAJATI;Reação tardia ou ineficiente do condutor;Capotamento;Com Vítimas Feridas;Pleno dia;Decrescente;Chuva;Simples;"Declive;Curva                 ";Não;4;0;2;0;2;0;2;1;-24,84304306;-48,22027915;SPRF-SP;DEL05-SP;UOP02-DEL05-SP;false
551641.0;2023-09-29;sexta-feira;09:40:00;SP;116.0;515;CAJATI;Acumulo de água sobre o pavimento;Capotamento;Com Vítimas Feridas;Pleno dia;Decrescente;Chuva;Simples;Curva;Não;2;0;1;0;1;0;1;1;-24,87235508;-48,20931538;SPRF-SP;DEL05-SP;UOP02-DEL05-SP;false
551648.0;2023-09-29;sexta-feira;10:00:00;SP;116.0;514;CAJATI;Reação tardia ou ineficiente do condutor;Colisão com objeto;Com Vítimas Feridas;Pleno dia;Decrescente;Chuva;Dupla;"Declive;Curva                 ";Não;2;0;1;0;1;0;1;1;-24,85874304;-48,21731282;SPRF-SP;DEL05-SP;UOP02-DEL05-SP;false
551682.0;2023-09-29;sexta-feira;14:20:00;SP;116.0;125;CACAPAVA;Reação tardia ou ineficiente do condutor;Colisão traseira;Sem Vítimas;Pleno dia;Crescente;Céu Claro;Dupla;Reta;Não;3;0;0;0;3;0;0;2;-23,09872598;-45,68608201;SPRF-SP;DEL02-SP;UOP02-DEL02-SP;false