id;data_inversa;dia_semana;horario;uf;br;km;municipio;causa_acidente;tipo_acidente;classificacao_acidente;fase_dia;sentido_via;condicao_metereologica;tipo_pista;tracado_via;uso_solo;pessoas;mortos;feridos_leves;feridos_graves;ilesos;ignorados;feridos;veiculos;latitude;longitude;regional;delegacia;uop;feriado
556428.0;2023-10-21;sábado;23:05:00;SP;116.0;494,9;CAJATI;Reação tardia ou ineficiente do condutor;Saída de leito carroçável;Com Vítimas Feridas;Plena Noite;Decrescente;Nublado;Dupla;"Curva;Aclive                  ";Não;2;0;2;0;0;0;2;1;-24,7531624;-48,1580848;SPRF-SP;DEL05-SP;UOP01-DEL05-SP;false
556439.0;2023-10-22;domingo;00:50:00;SP;116.0;147;SAO JOSE DOS CAMPOS;Ausência de reação do condutor;Capotamento;Com Vítimas Feridas;Plena Noite;Crescente;Céu Claro;Dupla;Reta;Sim;1;0;1;0;0;0;1;1;-23,19542994;-45,87176303;SPRF-SP;DEL02-SP;UOP01-DEL02-SP;false
556440.0;2023-10-22;domingo;01:10:00;SP;116.0;226;GUARULHOS;Reação tardia ou ineficiente do condutor;Engavetamento;Com Vítimas Feridas;Plena Noite;Crescente;Céu Claro;Múltipla;"Reta;Aclive                   ";Não;3;0;1;0;2;0;1;3;-23,49102507;-46,54878195;SPRF-SP;DEL01-SP;UOP01-DEL01-SP;false
556446.0;2023-10-22;domingo;02:50:00;SP;116.0;406;MIRACATU;Demais falhas mecânicas ou elétricas;Incêndio;Sem Vítimas;Plena Noite;Crescente;Garoa/Chuvisco;Dupla;Reta;Sim;1;0;0;0;0;1;0;1;-24,3250391;-47,55598398;SPRF-SP;DEL04-SP;UOP02-DEL04-SP;false
556492.0;2023-10-22;domingo;08:00:00;SP;116.0;142,9;SAO JOSE DOS CAMPOS;Reação tardia ou ineficiente do condutor;Colisão traseira;Com Vítimas Feridas;Pleno dia;Crescente;Nublado;Dupla;Reta;Sim;4;0;4;0;0;0;4;2;-23,17426078;-45,82940111;SPRF-SP;DEL02-SP;UOP01-DEL02-SP;false
556504.0;2023-10-22;domingo;09:00:00;SP;381.0;71;MAIRIPORA;Velocidade Incompatível;Colisão com objeto;Com Vítimas Feridas;Pleno dia;Decrescente;Sol;Dupla;Curva;Não;2;0;2;0;0;0;2;1;-23,35047979;-46,55267274;SPRF-SP;DEL03-SP;UOP01-DEL03-SP;false
556533.0;2023-10-22;domingo;12:40:00;SP;116.0;500;CAJATI;Reação tardia ou ineficiente do condutor;Colisão com objeto;Com Vítimas Feridas;Pleno dia;Crescente;Garoa/Chuvisco;Simples;Curva;Não;2;0;1;0;0;1;1;2;-24,78162109;-48,18342711;SPRF-SP;DEL05-SP;UOP02-DEL05-SP;false
556545.0;2023-10-22;domingo;14:45:00;SP;116.0;228;SAO PAULO;Reação tardia ou ineficiente do condutor;Eventos atípicos;Com Vítimas Feridas;Pleno dia;Crescente;Sol;Múltipla;Reta;Sim;2;0;1;1;0;0;2;1;-23,52251783;-46,5855702;SPRF-SP;DEL01-SP;UOP01-DEL01-SP;false
556578.0;2023-10-22;domingo;17:00:00;SP;116.0;103,3;TAUBATE;Condutor deixou de manter distância do veículo da frente;Tombamento;Com Vítimas Feridas;Pleno dia;Crescente;Céu Claro;Dupla;Reta;Não;2;0;2;0;0;0;2;1;-22,99948783;-45,49872139;SPRF-SP;DEL02-SP;UOP02-DEL02-SP;false
556587.0;2023-10-22;domingo;16:30:00;SP;381.0;61;MAIRIPORA;Condutor deixou de manter distância do veículo da frente;Colisão lateral mesmo sentido;Com Vítimas Feridas;Pleno dia;Crescente;Céu Claro;Dupla;"Reta;Declive                  ";Sim;2;0;1;0;1;0;1;2;-23,29011611;-46,5800681;SPRF-SP;DEL03-SP;UOP01-DEL03-SP;false
556610.0;2023-10-22;domingo;19:30:00;SP;153.0;141,5;PROMISSAO;Reação tardia ou ineficiente do condutor;Tombamento;Com Vítimas Feridas;Plena Noite;Decrescente;Céu Claro;Simples;Reta;Não;2;0;2;0;0;0;2;1;-21,33649697;-49,79200014;SPRF-SP;DEL07-SP;UOP01-DEL07-SP;false
556709.0;2023-10-23;segunda-feira;09:05:00;SP;116.0;224;GUARULHOS;Ausência de reação do condutor;Colisão traseira;Com Vítimas Feridas;Pleno dia;Crescente;Céu Claro;Múltipla;Reta;Não;2;0;1;0;1;0;1;2;-23,48071896;-46,53271603;SPRF-SP;DEL01-SP;UOP01-DEL01-SP;false
556712.0;2023-10-23;segunda-feira;09:15:00;SP;116.0;154;SAO JOSE DOS CAMPOS;Ausência de reação do condutor;Colisão traseira;Com Vítimas Feridas;Pleno dia;Crescente;Sol;Dupla;Reta;Não;2;0;1;0;1;0;1;2;-23,23903999;-45,92061901;SPRF-SP;DEL02-SP;UOP01-DEL02-SP;false
556722.0;2023-10-23;segunda-feira;10:40:00;SP;116.0;222,2;GUARULHOS;Problema com o freio;Tombamento;Com Vítimas Feridas;Pleno dia;Crescente;Sol;Múltipla;Reta;Não;3;0;1;1;1;0;2;3;-23,48071896;-46,53271603;SPRF-SP;DEL01-SP;UOP01-DEL01-SP;false
556737.0;2023-10-23;segunda-feira;10:20:00;SP;381.0;87;SAO PAULO;Ausência de reação do condutor;Tombamento;Com Vítimas Feridas;Pleno dia;Decrescente;Céu Claro;Dupla;Reta;Sim;1;0;1;0;0;0;1;1;-23,46885001;-46,56996601;SPRF-SP;DEL03-SP;UOP01-DEL03-SP;false
556853.0;2023-10-23;segunda-feira;22:20:00;SP;116.0;146;SAO JOSE DOS CAMPOS;Ausência de reação do condutor;Colisão traseira;Com Vítimas Feridas;Plena Noite;Crescente;Nublado;Dupla;Reta;Não;2;0;1;0;0;1;1;2;-23,19122919;-45,86327591;SPRF-SP;DEL02-SP;UOP01-DEL02-SP;false
556900.0;2023-10-24;terça-feira;09:30:00;SP;116.0;207;GUARULHOS;Ausência de reação do condutor;Engavetamento;Com Vítimas Feridas;Pleno dia;Crescente;Sol;Múltipla;Reta;Não;4;0;1;0;3;0;1;4;-23,41972188;-46,38419203;SPRF-SP;DEL01-SP;UOP01-DEL01-SP;false
556907.0;2023-10-22;domingo;18:50:00;SP;116.0;197;ARUJA;Iluminação deficiente;Eventos atípicos;Com Vítimas Feridas;Plena Noite;Crescente;Céu Claro;Dupla;Curva;Não;1;0;0;1;0;0;1;1;-23,39721625;-46,29284287;SPRF-SP;DEL01-SP;UOP01-DEL01-SP;false
557037.0;2023-10-24;terça-feira;20:10:00;SP;381.0;77;SAO PAULO;Reação tardia ou ineficiente do condutor;Tombamento;Com Vítimas Feridas;Plena Noite;Decrescente;Céu Claro;Múltipla;"Curva;Aclive                  ";Não;1;0;1;0;0;0;1;1;-23,388839;-46,5693478;SPRF-SP;DEL03-SP;UOP01-DEL03-SP;false
557043.0;2023-10-25;quarta-feira;00:28:00;SP;116.0;270,6;TABOAO DA SERRA;Entrada inopinada do pedestre;Atropelamento de Pedestre;Com Vítimas Feridas;Plena Noite;Crescente;Céu Claro;Múltipla;Reta;Não;2;0;1;0;1;0;1;2;-23,61799728;-46,79677694;SPRF-SP;DEL04-SP;UOP01-DEL04-SP;false
557066.0;2023-10-25;quarta-feira;07:30:00;SP;116.0;138,5;SAO JOSE DOS CAMPOS;Trafegar com motocicleta (ou similar) entre as faixas;Colisão lateral mesmo sentido;Com Vítimas Feridas;Pleno dia;Crescente;Nublado;Dupla;Reta;Não;4;0;1;0;3;0;1;2;-23,1572739;-45,79554605;SPRF-SP;DEL02-SP;UOP01-DEL02-SP;false
557069.0;2023-10-25;quarta-feira;08:00:00;SP;116.0;227,8;SAO PAULO;Trafegar com motocicleta (ou similar) entre as faixas;Colisão lateral mesmo sentido;Sem Vítimas;Pleno dia;Crescente;Nublado;Múltipla;Reta;Não;2;0;0;0;0;2;0;2;-23,49659264;-46,55648754;SPRF-SP;DEL01-SP;UOP01-DEL01-SP;false
557075.0;2023-10-25;quarta-feira;08:02:00;SP;153.0;256,1;MARILIA;Ultrapassagem Indevida;Colisão lateral mesmo sentido;Com Vítimas Feridas;Pleno dia;Decrescente;Nublado;Dupla;Reta;Sim;4;0;1;0;3;0;1;2;-22,231552;-49,91968;SPRF-SP;DEL07-SP;UOP02-DEL07-SP;false
557137.0;2023-10-25;quarta-feira;14:00:00;SP;116.0;222;GUARULHOS;Trafegar com motocicleta (ou similar) entre as faixas;Colisão traseira;Com Vítimas Feridas;Pleno dia;Decrescente;Nublado;Múltipla;Reta;Sim;2;0;1;0;1;0;1;2;-23,47093408;-46,51631097;SPRF-SP;DEL01-SP;UOP01-DEL01-SP;false
557149.0;2023-10-25;quarta-feira;15:30:00;SP;116.0;27,7;SILVEIRAS;Demais falhas mecânicas ou elétricas;Incêndio;Sem Vítimas;Pleno dia;Decrescente;Céu Claro;Dupla;"Reta;Aclive                   ";Não;1;0;0;0;1;0;0;1;-22,61994629;-44,90836974;SPRF-SP;DEL08-SP;UOP02-DEL08-SP;false
557161.0;2023-10-25;quarta-feira;16:50:00;SP;101.0;51;UBATUBA;Acessar a via sem observar a presença dos outros veículos;Colisão lateral mesmo sentido;Com Vítimas Feridas;Pleno dia;Crescente;Garoa/Chuvisco;Simples;Interseção de Vias;Sim;2;0;2;0;0;0;2;2;-23,45690518;-45,07060111;SPRF-SP;DEL06-SP;UOP01-DEL06-SP;false
557171.0;2023-10-25;quarta-feira;17:40:00;SP;116.0;225;GUARULHOS;Mal súbito do condutor;Colisão com objeto;Com Vítimas Fatais;Pleno dia;Decrescente;Nublado;Múltipla;Reta;Sim;1;1;0;0;0;0;0;1;-23,48586772;-46,54075317;SPRF-SP;DEL01-SP;UOP01-DEL01-SP;false
557175.0;2023-10-25;quarta-feira;18:50:00;SP;153.0;39,6;ONDA VERDE;Desrespeitar a preferência no cruzamento;Colisão transversal;Com Vítimas Feridas;Plena Noite;Crescente;Céu Claro;Simples;"Retorno Regulamentado;Interseç";Não;4;0;0;1;3;0;1;2;-20,61196908;-49,32942891;SPRF-SP;DEL09-SP;UOP01-DEL09-SP;false
557209.0;2023-10-25;quarta-feira;22:45:00;SP;116.0;283,5;EMBU DAS ARTES;Pedestre andava na pista;Atropelamento de Pedestre;Com Vítimas Fatais;Pleno dia;Crescente;Nublado;Dupla;Reta;Sim;2;1;0;0;0;1;0;2;-23,66962968;-46,85599637;SPRF-SP;DEL04-SP;UOP01-DEL04-SP;false
557212.0;2023-10-26;quinta-feira;00:00:00;SP;116.0;284;ITAPECERICA DA SERRA;Animais na Pista;Atropelamento de Animal;Com Vítimas Feridas;Plena Noite;Crescente;Nublado;Dupla;Reta;Não;1;0;1;0;0;0;1;1;-23,69998;-46,867767;SPRF-SP;DEL04-SP;UOP01-DEL04-SP;false
557214.0;2023-10-25;quarta-feira;23:00:00;SP;116.0;547;BARRA DO TURVO;Reação tardia ou ineficiente do condutor;Saída de leito carroçável;Com Vítimas Fatais;Anoitecer;Crescente;Chuva;Simples;Reta;Não;4;1;1;0;1;1;1;2;-24,9503414;-48,4394088;SPRF-SP;DEL05-SP;UOP02-DEL05-SP;false
557226.0;2023-10-26;quinta-feira;06:26:00;SP;116.0;307,1;SAO LOURENCO DA SERRA;Reação tardia ou ineficiente do condutor;Saída de leito carroçável;Com Vítimas Feridas;Amanhecer;Decrescente;Céu Claro;Dupla;Reta;Sim;2;0;1;0;1;0;1;1;-23,85630016;-46,94096988;SPRF-SP;DEL04-SP;UOP01-DEL04-SP;false
557244.0;2023-10-26;quinta-feira;06:35:00;SP;116.0;161;JACAREI;Reação tardia ou ineficiente do condutor;Tombamento;Com Vítimas Feridas;Pleno dia;Crescente;Nublado;Dupla;Curva;Sim;1;0;1;0;0;0;1;1;-23,27617003;-45,97592098;SPRF-SP;DEL02-SP;UOP01-DEL02-SP;false
557290.0;2023-10-26;quinta-feira;12:50:00;SP;116.0;218,6;GUARULHOS;Reação tardia ou ineficiente do condutor;Engavetamento;Com Vítimas Feridas;Pleno dia;Crescente;Nublado;Múltipla;Reta;Sim;4;0;1;0;3;0;1;4;-23,457972;-46,479927;SPRF-SP;DEL01-SP;UOP01-DEL01-SP;false
557423.0;2023-10-27;sexta-feira;02:20:00;SP;116.0;199;ARUJA;Reação tardia ou ineficiente do condutor;Capotamento;Com Vítimas Feridas;Plena Noite;Decrescente;Nublado;Dupla;Reta;Sim;4;0;3;1;0;0;4;1;-23,40185327;-46,31154312;SPRF-SP;DEL01-SP;UOP01-DEL01-SP;false
557450.0;2023-10-27;sexta-feira;07:15:00;SP;153.0;117,1;UBARANA;Ausência de reação do condutor;Saída de leito carroçável;Com Vítimas Feridas;Pleno dia;Crescente;Nublado;Simples;Reta;Não;1;0;0;1;0;0;1;1;-21,14572082;-49,70300934;SPRF-SP;DEL09-SP;UOP01-DEL09-SP;false
557451.0;2023-10-27;sexta-feira;07:45:00;SP;116.0;224;GUARULHOS;Demais falhas mecânicas ou elétricas;Incêndio;Sem Vítimas;Pleno dia;Decrescente;Céu Claro;Múltipla;Reta;Não;1;0;0;0;1;0;0;1;-23,48071896;-46,53271603;SPRF-SP;DEL01-SP;UOP01-DEL01-SP;false
557474.0;2023-10-27;sexta-feira;11:00:00;SP;116.0;223;GUARULHOS;Mal súbito do condutor;Colisão traseira;Com Vítimas Feridas;Pleno dia;Decrescente;Céu Claro;Múltipla;Reta;Sim;2;0;1;0;1;0;1;2;-23,47559815;-46,5246609;SPRF-SP;DEL01-SP;UOP01-DEL01-SP;false
557480.0;2023-10-27;sexta-feira;10:50:00;SP;488.0;2;APARECIDA;Reação tardia ou ineficiente do condutor;Saída de leito carroçável;Com Vítimas Feridas;Pleno dia;Crescente;Céu Claro;Dupla;Reta;Sim;1;0;0;1;0;0;1;1;-22,849216;-45,236801;SPRF-SP;DEL08-SP;UOP01-DEL08-SP;false
557542.0;2023-10-27;sexta-feira;16:30:00;SP;153.0;51,6;SAO JOSE DO RIO PRETO;Mal súbito do condutor;Saída de leito carroçável;Com Vítimas Feridas;Pleno dia;Decrescente;Nublado;Simples;Reta;Não;1;0;1;0;0;0;1;1;-20,723791;-49,338597;SPRF-SP;DEL09-SP;UOP01-DEL09-SP;false
557548.0;2023-10-27;sexta-feira;17:45:00;SP;381.0;44;ATIBAIA;Reação tardia ou ineficiente do condutor;Engavetamento;Com Vítimas Feridas;Anoitecer;Decrescente;Chuva;Dupla;"Reta;Aclive                   ";Sim;3;0;1;0;2;0;1;3;-23,16458615;-46,57418959;SPRF-SP;DEL03-SP;UOP01-DEL03-SP;false
557618.0;2023-10-27;sexta-feira;22:30:00;SP;153.0;41;ONDA VERDE;Avarias e/ou desgaste excessivo no pneu;Colisão lateral sentido oposto;Com Vítimas Feridas;Plena Noite;Crescente;Chuva;Múltipla;"Reta;Declive                  ";Não;2;0;1;0;1;0;1;2;-20,62848304;-49,33623886;SPRF-SP;DEL09-SP;UOP01-DEL09-SP;false
557623.0;2023-10-27;sexta-feira;20:40:00;SP;381.0;61;MAIRIPORA;Iluminação deficiente;Eventos atípicos;Com Vítimas Feridas;Plena Noite;Decrescente;Garoa/Chuvisco;Dupla;"Curva;Aclive                  ";Não;2;0;1;0;0;1;1;2;-23,29011611;-46,5800681;SPRF-SP;DEL03-SP;UOP01-DEL03-SP;false
557630.0;2023-10-28;sábado;00:45:00;SP;116.0;49,4;LORENA;Chuva;Capotamento;Com Vítimas Fatais;Plena Noite;Decrescente;Chuva;Dupla;Reta;Não;3;1;0;0;2;0;0;3;-22,73241412;-45,0789879;SPRF-SP;DEL08-SP;UOP02-DEL08-SP;false
557641.0;2023-10-28;sábado;05:30:00;SP;116.0;5;GUARULHOS;Ausência de reação do condutor;Colisão frontal;Com Vítimas Feridas;Amanhecer;Crescente;Céu Claro;Múltipla;Reta;Não;2;0;1;0;1;0;1;2;-23,463257;-46,53373;SPRF-SP;DEL01-SP;UOP01-DEL01-SP;false
557664.0;2023-10-28;sábado;08:00:00;SP;116.0;231;SAO PAULO;Reação tardia ou ineficiente do condutor;Colisão lateral mesmo sentido;Com Vítimas Feridas;Pleno dia;Crescente;Céu Claro;Múltipla;Em Obras;Sim;2;0;1;0;1;0;1;2;-23,5290581;-46,59398303;SPRF-SP;DEL01-SP;UOP01-DEL01-SP;false
557675.0;2023-10-28;sábado;08:40:00;SP;116.0;206;GUARULHOS;Trafegar com motocicleta (ou similar) entre as faixas;Colisão lateral mesmo sentido;Com Vítimas Fatais;Pleno dia;Crescente;Céu Claro;Dupla;Reta;Sim;5;1;0;0;3;1;0;3;-23,41722629;-46,37510292;SPRF-SP;DEL01-SP;UOP01-DEL01-SP;false
557697.0;2023-10-28;sábado;11:15:00;SP;116.0;222;GUARULHOS;Ausência de reação do condutor;Colisão traseira;Com Vítimas Feridas;Pleno dia;Crescente;Céu Claro;Múltipla;Reta;Sim;2;0;1;0;1;0;1;2;-23,47093408;-46,51631097;SPRF-SP;DEL01-SP;UOP01-DEL01-SP;false
557711.0;2023-10-28;sábado;13:40:00;SP;116.0;469;PARIQUERA-ACU;Velocidade Incompatível;Saída de leito carroçável;Com Vítimas Feridas;Pleno dia;Decrescente;Céu Claro;Dupla;Reta;Não;1;0;1;0;0;0;1;1;-24,64935089;-47,93124902;SPRF-SP;DEL05-SP;UOP01-DEL05-SP;false
557717.0;2023-10-28;sábado;13:25:00;SP;488.0;3,1;APARECIDA;Reação tardia ou ineficiente do condutor;Colisão lateral mesmo sentido;Com Vítimas Feridas;Pleno dia;Crescente;Céu Claro;Dupla;"Reta;Declive                  ";Sim;3;0;2;0;1;0;2;3;-22,855059;-45,243423;SPRF-SP;DEL08-SP;UOP01-DEL08-SP;false
557764.0;2023-10-28;sábado;18:30:00;SP;116.0;143,1;SAO JOSE DOS CAMPOS;Ausência de reação do condutor;Colisão lateral mesmo sentido;Com Vítimas Feridas;Plena Noite;Decrescente;Céu Claro;Dupla;Reta;Não;4;0;4;0;0;0;4;2;-23,17849879;-45,83787411;SPRF-SP;DEL02-SP;UOP01-DEL02-SP;false
557790.0;2023-10-28;sábado;21:15:00;SP;381.0;36;ATIBAIA;Ausência de reação do condutor;Colisão traseira;Sem Vítimas;Plena Noite;Crescente;Nublado;Dupla;"Declive;Curva                 ";Sim;4;0;0;0;4;0;0;2;-23,09707232;-46,57180706;SPRF-SP;DEL03-SP;UOP01-DEL03-SP;false
557801.0;2023-10-28;sábado;20:50:00;SP;381.0;87,5;GUARULHOS;Pedestre cruzava a pista fora da faixa;Atropelamento de Pedestre;Com Vítimas Fatais;Plena Noite;Crescente;Céu Claro;Múltipla;Reta;Não;3;1;0;2;0;0;2;2;-23,473651;-46,56197;SPRF-SP;DEL03-SP;UOP01-DEL03-SP;false
557805.0;2023-10-28;sábado;22:00:00;SP;116.0;110,5;TAUBATE;Ausência de reação do condutor;Tombamento;Com Vítimas Feridas;Plena Noite;Crescente;Céu Claro;Dupla;Reta;Sim;1;0;0;1;0;0;1;1;-23,03412614;-45,5526999;SPRF-SP;DEL02-SP;UOP02-DEL02-SP;false
557816.0;2023-10-28;sábado;23:20:00;SP;116.0;227;GUARULHOS;Ausência de reação do condutor;Colisão traseira;Com Vítimas Feridas;Plena Noite;Decrescente;Garoa/Chuvisco;Múltipla;Reta;Sim;2;0;2;0;0;0;2;2;-23,49659264;-46,55648754;SPRF-SP;DEL01-SP;UOP01-DEL01-SP;false
557852.0;2023-10-29;domingo;02:20:00;SP;153.0;334,6;SALTO GRANDE;Iluminação deficiente;Colisão traseira;Com Vítimas Feridas;Plena Noite;Crescente;Céu Claro;Simples;Reta;Não;2;0;0;1;0;1;1;2;-22,890502;-49,88958063;SPRF-SP;DEL07-SP;UOP03-DEL07-SP;false
557854.0;2023-10-29;domingo;02:55:00;SP;116.0;228;SAO PAULO;Ausência de reação do condutor;Atropelamento de Pedestre;Com Vítimas Feridas;Plena Noite;Crescente;Nublado;Múltipla;Reta;Não;2;0;1;0;1;0;1;2;-23,50343484;-46,56638712;SPRF-SP;DEL01-SP;UOP01-DEL01-SP;false
557856.0;2023-10-29;domingo;05:10:00;SP;116.0;228;SAO PAULO;Reação tardia ou ineficiente do condutor;Colisão traseira;Com Vítimas Feridas;Amanhecer;Decrescente;Céu Claro;Múltipla;Reta;Sim;2;0;0;1;1;0;1;2;-23,50667285;-46,57002796;SPRF-SP;DEL01-SP;UOP01-DEL01-SP;false
557881.0;2023-10-29;domingo;07:00:00;SP;116.0;216;GUARULHOS;Ausência de reação do condutor;Colisão com objeto;Com Vítimas Feridas;Pleno dia;Decrescente;Céu Claro;Múltipla;Reta;Não;1;0;1;0;0;0;1;1;-23,45056589;-46,46258105;SPRF-SP;DEL01-SP;UOP01-DEL01-SP;false
557906.0;2023-10-29;domingo;09:40:00;SP;116.0;555;BARRA DO TURVO;Reação tardia ou ineficiente do condutor;Capotamento;Com Vítimas Feridas;Pleno dia;Crescente;Chuva;Múltipla;"Curva;Declive                 ";Não;2;0;1;1;0;0;2;1;-24,97447301;-48,504597;SPRF-SP;DEL05-SP;UOP02-DEL05-SP;false
557925.0;2023-10-29;domingo;11:35:00;SP;381.0;49;ATIBAIA;Objeto estático sobre o leito carroçável;Colisão com objeto;Com Vítimas Feridas;Pleno dia;Decrescente;Nublado;Dupla;"Reta;Declive                  ";Sim;2;0;1;0;1;0;1;1;-23,20535293;-46,59066516;SPRF-SP;DEL03-SP;UOP01-DEL03-SP;false
557949.0;2023-10-29;domingo;14:40:00;SP;381.0;71;MAIRIPORA;Reação tardia ou ineficiente do condutor;Saída de leito carroçável;Com Vítimas Feridas;Pleno dia;Crescente;Chuva;Dupla;"Curva;Aclive                  ";Não;2;0;1;0;1;0;1;1;-23,35462192;-46,55028462;SPRF-SP;DEL03-SP;UOP01-DEL03-SP;false
557959.0;2023-10-29;domingo;15:00:00;SP;101.0;45;UBATUBA;Ausência de reação do condutor;Tombamento;Com Vítimas Feridas;Pleno dia;Crescente;Nublado;Simples;Reta;Sim;2;0;2;0;0;0;2;1;-23,4214462;-45,07170666;SPRF-SP;DEL06-SP;UOP01-DEL06-SP;false
557960.0;2023-10-29;domingo;16:40:00;SP;116.0;227;SAO PAULO;Reação tardia ou ineficiente do condutor;Colisão traseira;Com Vítimas Feridas;Pleno dia;Crescente;Chuva;Dupla;"Reta;Em Obras                 ";Sim;3;0;2;0;1;0;2;2;-23,49659264;-46,55648754;SPRF-SP;DEL01-SP;UOP01-DEL01-SP;false
557985.0;2023-10-29;domingo;18:10:00;SP;116.0;70;APARECIDA;Chuva;Colisão lateral mesmo sentido;Com Vítimas Feridas;Plena Noite;Crescente;Chuva;Dupla;Reta;Não;2;0;2;0;0;0;2;1;-22,84852898;-45,22705084;SPRF-SP;DEL08-SP;UOP01-DEL08-SP;false
557997.0;2023-10-29;domingo;19:20:00;SP;116.0;145,9;SAO JOSE DOS CAMPOS;Condutor deixou de manter distância do veículo da frente;Engavetamento;Com Vítimas Feridas;Plena Noite;Crescente;Céu Claro;Dupla;Reta;Sim;4;0;1;0;3;0;1;3;-23,1869844;-45,8548078;SPRF-SP;DEL02-SP;UOP01-DEL02-SP;false
558030.0;2023-10-29;domingo;21:30:00;SP;116.0;560;BARRA DO TURVO;Reação tardia ou ineficiente do condutor;Saída de leito carroçável;Com Vítimas Feridas;Plena Noite;Crescente;Garoa/Chuvisco;Múltipla;Curva;Não;2;0;2;0;0;0;2;1;-24,99089107;-48,50734616;SPRF-SP;DEL05-SP;UOP02-DEL05-SP;false
558065.0;2023-10-30;segunda-feira;07:00:00;SP;153.0;61,2;SAO JOSE DO RIO PRETO;Ausência de reação do condutor;Colisão traseira;Com Vítimas Feridas;Pleno dia;Crescente;Céu Claro;Dupla;Reta;Sim;3;0;1;0;2;0;1;2;-20,80502876;-49,35574909;SPRF-SP;DEL09-SP;UOP01-DEL09-SP;false
558069.0;2023-10-30;segunda-feira;07:50:00;SP;116.0;203;ARUJA;Ingestão de álcool e/ou substâncias psicoativas pelo pedestre;Colisão com objeto;Com Vítimas Feridas;Pleno dia;Crescente;Céu Claro;Múltipla;Reta;Não;1;0;1;0;0;0;1;1;-23,41060827;-46,34763895;SPRF-SP;DEL01-SP;UOP01-DEL01-SP;false
558072.0;2023-10-26;quinta-feira;07:35:00;SP;488.0;4,8;APARECIDA;Entrada inopinada do pedestre;Atropelamento de Pedestre;Com Vítimas Feridas;Pleno dia;Crescente;Céu Claro;Dupla;Curva;Sim;2;0;1;0;1;0;1;2;-22,858398;-45,251377;SPRF-SP;DEL08-SP;UOP01-DEL08-SP;false
558113.0;2023-10-30;segunda-feira;12:00:00;SP;116.0;331;JUQUITIBA;Reação tardia ou ineficiente do condutor;Saída de leito carroçável;Com Vítimas Feridas;Pleno dia;Crescente;Céu Claro;Dupla;Curva;Não;1;0;1;0;0;0;1;1;-23,95129388;-47,10220309;SPRF-SP;DEL04-SP;UOP03-DEL04-SP;false
558114.0;2023-10-30;segunda-feira;12:10:00;SP;381.0;24;BRAGANCA PAULISTA;Ausência de reação do condutor;Engavetamento;Com Vítimas Feridas;Pleno dia;Crescente;Nublado;Dupla;Reta;Não;4;0;1;0;3;0;1;4;-23,01316393;-46,52386219;SPRF-SP;DEL03-SP;UOP02-DEL03-SP;false
558121.0;2023-10-30;segunda-feira;13:00:00;SP;381.0;1;VARGEM;Ausência de reação do condutor;Saída de leito carroçável;Com Vítimas Feridas;Pleno dia;Decrescente;Sol;Dupla;"Reta;Aclive                   ";Não;1;0;1;0;0;0;1;1;-22,88146043;-46,38105397;SPRF-SP;DEL03-SP;UOP02-DEL03-SP;false
558197.0;2023-10-30;segunda-feira;19:00:00;SP;381.0;56;MAIRIPORA;Condutor deixou de manter distância do veículo da frente;Tombamento;Com Vítimas Feridas;Plena Noite;Crescente;Céu Claro;Múltipla;Reta;Sim;1;0;1;0;0;0;1;1;-23,25907163;-46,58982662;SPRF-SP;DEL03-SP;UOP01-DEL03-SP;false
558230.0;2023-10-31;terça-feira;00:15:00;SP;101.0;50;UBATUBA;Acessar a via sem observar a presença dos outros veículos;Colisão transversal;Com Vítimas Feridas;Plena Noite;Decrescente;Céu Claro;Simples;Reta;Sim;3;0;2;0;1;0;2;2;-23,448725;-45,079065;SPRF-SP;DEL06-SP;UOP01-DEL06-SP;false
558339.0;2023-10-31;terça-feira;16:50:00;SP;116.0;488;CAJATI;Velocidade Incompatível;Colisão com objeto;Com Vítimas Feridas;Pleno dia;Crescente;Nublado;Dupla;Curva;Não;3;0;3;0;0;0;3;1;-24,73097634;-48,09815591;SPRF-SP;DEL05-SP;UOP01-DEL05-SP;false
558364.0;2023-10-31;terça-feira;18:45:00;SP;116.0;225,3;GUARULHOS;Trafegar com motocicleta (ou similar) entre as faixas;Colisão lateral mesmo sentido;Com Vítimas Feridas;Plena Noite;Decrescente;Céu Claro;Múltipla;Declive;Sim;3;0;2;0;1;0;2;2;-23,49102507;-46,54878195;SPRF-SP;DEL01-SP;UOP01-DEL01-SP;false
558378.0;2023-10-31;terça-feira;20:40:00;SP;116.0;216;GUARULHOS;Pista Escorregadia;Colisão traseira;Com Vítimas Feridas;Plena Noite;Crescente;Garoa/Chuvisco;Múltipla;"Reta;Declive                  ";Não;4;0;2;0;2;0;2;3;-23,45056589;-46,46258105;SPRF-SP;DEL01-SP;UOP01-DEL01-SP;false
558407.0;2023-10-31;terça-feira;22:10:00;SP;116.0;268,9;TABOAO DA SERRA;Condutor desrespeitou a iluminação vermelha do semáforo;Colisão transversal;Com Vítimas Feridas;Plena Noite;Crescente;Céu Claro;Dupla;Interseção de Vias;Sim;3;0;0;1;2;0;1;3;-23,61301188;-46,77974304;SPRF-SP;DEL04-SP;UOP01-DEL04-SP;false