id;data_inversa;dia_semana;horario;uf;br;km;municipio;causa_acidente;tipo_acidente;classificacao_acidente;fase_dia;sentido_via;condicao_metereologica;tipo_pista;tracado_via;uso_solo;pessoas;mortos;feridos_leves;feridos_graves;ilesos;ignorados;feridos;veiculos;latitude;longitude;regional;delegacia;uop;feriado
558411.0;2023-10-31;terça-feira;11:00:00;SP;116.0;359;MIRACATU;Pista Escorregadia;Saída de leito carroçável;Sem Vítimas;Pleno dia;Decrescente;Chuva;Múltipla;Curva;Não;2;0;0;0;2;0;0;1;-24,10862227;-47,26589989;SPRF-SP;DEL04-SP;UOP03-DEL04-SP;false
558423.0;2023-11-01;quarta-feira;05:25:00;SP;116.0;561;BARRA DO TURVO;Reação tardia ou ineficiente do condutor;Capotamento;Com Vítimas Feridas;Pleno dia;Decrescente;Garoa/Chuvisco;Dupla;Curva;Não;4;0;2;0;2;0;2;1;-25,02045097;-48,51586004;SPRF-SP;DEL05-SP;UOP02-DEL05-SP;false
558446.0;2023-08-18;sexta-feira;21:30:00;SP;381.0;61;MAIRIPORA;Demais falhas mecânicas ou elétricas;Queda de ocupante de veículo;Com Vítimas Feridas;Plena Noite;Crescente;Céu Claro;Dupla;Reta;Não;1;0;1;0;0;0;1;1;-23,29011611;-46,5800681;SPRF-SP;DEL03-SP;UOP01-DEL03-SP;false
558455.0;2023-11-01;quarta-feira;09:30:00;SP;153.0;174;GUAICARA;Desrespeitar a preferência no cruzamento;Colisão transversal;Com Vítimas Feridas;Pleno dia;Decrescente;Céu Claro;Simples;Interseção de Vias;Sim;2;0;1;0;1;0;1;2;-21,633102;-49,787743;SPRF-SP;DEL07-SP;UOP01-DEL07-SP;false
558516.0;2023-11-01;quarta-feira;16:45:00;SP;116.0;221;GUARULHOS;Trafegar com motocicleta (ou similar) entre as faixas;Colisão lateral mesmo sentido;Com Vítimas Feridas;Pleno dia;Decrescente;Céu Claro;Dupla;Reta;Sim;4;0;1;1;1;1;2;3;-23,46802395;-46,50704901;SPRF-SP;DEL01-SP;UOP01-DEL01-SP;false
558527.0;2023-11-01;quarta-feira;17:30:00;SP;116.0;216;GUARULHOS;Entrada inopinada do pedestre;Atropelamento de Pedestre;Com Vítimas Fatais;Anoitecer;Crescente;Nublado;Múltipla;Reta;Sim;3;1;0;0;2;0;0;2;-23,45399478;-46,47155643;SPRF-SP;DEL01-SP;UOP01-DEL01-SP;false
558540.0;2023-11-01;quarta-feira;17:05:00;SP;153.0;174;GUAICARA;Reação tardia ou ineficiente do condutor;Colisão traseira;Com Vítimas Feridas;Pleno dia;Crescente;Sol;Simples;Interseção de Vias;Sim;2;0;1;0;1;0;1;2;-21,633102;-49,787743;SPRF-SP;DEL07-SP;UOP01-DEL07-SP;false
558588.0;2023-11-01;quarta-feira;20:30:00;SP;101.0;43,7;UBATUBA;Acessar a via sem observar a presença dos outros veículos;Colisão transversal;Com Vítimas Feridas;Plena Noite;Crescente;Nublado;Simples;Reta;Sim;2;0;1;0;1;0;1;2;-23,41217537;-45,05739148;SPRF-SP;DEL06-SP;UOP01-DEL06-SP;false
558603.0;2023-11-01;quarta-feira;21:40:00;SP;116.0;295;ITAPECERICA DA SERRA;Reação tardia ou ineficiente do condutor;Atropelamento de Pedestre;Com Vítimas Feridas;Plena Noite;Crescente;Céu Claro;Dupla;Reta;Não;2;0;0;1;1;0;1;2;-23,76855719;-46,90957373;SPRF-SP;DEL04-SP;UOP01-DEL04-SP;false
558633.0;2023-11-02;quinta-feira;02:00:00;SP;116.0;214;GUARULHOS;Reação tardia ou ineficiente do condutor;Colisão lateral mesmo sentido;Com Vítimas Feridas;Plena Noite;Decrescente;Céu Claro;Dupla;Reta;Sim;3;0;1;0;1;1;1;3;-23,44333014;-46,44531294;SPRF-SP;DEL01-SP;UOP01-DEL01-SP;true
558638.0;2023-11-02;quinta-feira;02:00:00;SP;101.0;52;UBATUBA;Acessar a via sem observar a presença dos outros veículos;Colisão transversal;Com Vítimas Feridas;Plena Noite;Decrescente;Nublado;Simples;Reta;Sim;2;0;0;1;1;0;1;2;-23,45627795;-45,07111896;SPRF-SP;DEL06-SP;UOP01-DEL06-SP;true
558643.0;2023-11-02;quinta-feira;03:15:00;SP;116.0;412,4;JUQUIA;Transitar no Acostamento;Colisão traseira;Com Vítimas Feridas;Plena Noite;Decrescente;Nevoeiro/Neblina;Múltipla;"Reta;Aclive                   ";Não;6;0;2;0;4;0;2;3;-24,33094086;-47,61325097;SPRF-SP;DEL05-SP;UOP01-DEL05-SP;true
558711.0;2023-11-02;quinta-feira;13:30:00;SP;101.0;47;UBATUBA;Reação tardia ou ineficiente do condutor;Colisão frontal;Com Vítimas Feridas;Pleno dia;Crescente;Nublado;Simples;Reta;Sim;3;0;0;1;1;1;1;3;-23,42973721;-45,08243088;SPRF-SP;DEL06-SP;UOP01-DEL06-SP;true
558741.0;2023-11-02;quinta-feira;18:00:00;SP;116.0;212;GUARULHOS;Objeto estático sobre o leito carroçável;Eventos atípicos;Com Vítimas Feridas;Anoitecer;Crescente;Céu Claro;Múltipla;Reta;Sim;1;0;1;0;0;0;1;1;-23,43608315;-46,42805094;SPRF-SP;DEL01-SP;UOP01-DEL01-SP;true
558757.0;2023-11-02;quinta-feira;19:45:00;SP;116.0;212,9;GUARULHOS;Pedestre andava na pista;Atropelamento de Pedestre;Com Vítimas Fatais;Plena Noite;Decrescente;Nublado;Múltipla;Reta;Sim;2;1;0;0;1;0;0;2;-23,43608315;-46,42805094;SPRF-SP;DEL01-SP;UOP01-DEL01-SP;true
558794.0;2023-11-03;sexta-feira;06:40:00;SP;153.0;61,9;SAO JOSE DO RIO PRETO;Objeto estático sobre o leito carroçável;Colisão com objeto;Com Vítimas Feridas;Pleno dia;Decrescente;Céu Claro;Dupla;Declive;Não;1;0;0;1;0;0;1;1;-20,80502876;-49,35574909;SPRF-SP;DEL09-SP;UOP01-DEL09-SP;false
558797.0;2023-11-03;sexta-feira;07:00:00;SP;116.0;214;GUARULHOS;Reação tardia ou ineficiente do condutor;Colisão traseira;Com Vítimas Feridas;Amanhecer;Decrescente;Céu Claro;Múltipla;Declive;Não;4;0;0;1;3;0;1;3;-23,44333014;-46,44531294;SPRF-SP;DEL01-SP;UOP01-DEL01-SP;false
558828.0;2023-11-03;sexta-feira;09:10:00;SP;381.0;85,5;SAO PAULO;Condutor deixou de manter distância do veículo da frente;Colisão traseira;Com Vítimas Feridas;Pleno dia;Crescente;Sol;Múltipla;"Reta;Declive                  ";Não;3;0;1;0;2;0;1;2;-23,449343;-46,56983501;SPRF-SP;DEL03-SP;UOP01-DEL03-SP;false
558857.0;2023-10-12;quinta-feira;11:55:00;SP;116.0;522;CAJATI;Chuva;Colisão com objeto;Com Vítimas Feridas;Pleno dia;Crescente;Chuva;Múltipla;Curva;Não;4;0;1;2;1;0;3;1;-24,90503185;-48,2548732;SPRF-SP;DEL05-SP;UOP02-DEL05-SP;true
558882.0;2023-11-03;sexta-feira;15:40:00;SP;116.0;432,3;REGISTRO;Chuva;Colisão com objeto;Com Vítimas Feridas;Pleno dia;Decrescente;Chuva;Dupla;Reta;Não;5;0;4;0;1;0;4;2;-24,416593;-47,76187;SPRF-SP;DEL05-SP;UOP01-DEL05-SP;false
558915.0;2023-11-03;sexta-feira;18:02:00;SP;116.0;148;SAO JOSE DOS CAMPOS;Condutor deixou de manter distância do veículo da frente;Colisão traseira;Com Vítimas Feridas;Plena Noite;Decrescente;Chuva;Múltipla;Reta;Sim;4;0;1;0;3;0;1;3;-23,20067421;-45,8795018;SPRF-SP;DEL02-SP;UOP01-DEL02-SP;false
558919.0;2023-11-03;sexta-feira;18:10:00;SP;116.0;214;GUARULHOS;Reação tardia ou ineficiente do condutor;Colisão traseira;Com Vítimas Feridas;Pleno dia;Decrescente;Nublado;Múltipla;Reta;Sim;2;0;1;0;0;1;1;2;-23,44333014;-46,44531294;SPRF-SP;DEL01-SP;UOP01-DEL01-SP;false
558936.0;2023-11-03;sexta-feira;19:00:00;SP;153.0;3,9;ICEM;Ingestão de álcool pelo condutor;Colisão lateral sentido oposto;Com Vítimas Feridas;Anoitecer;Crescente;Chuva;Simples;Reta;Não;4;0;2;0;2;0;2;2;-20,3304201664;-49,2128492013;SPRF-SP;DEL09-SP;UOP01-DEL09-SP;false
558944.0;2023-11-03;sexta-feira;20:45:00;SP;153.0;59,2;SAO JOSE DO RIO PRETO;Avarias e/ou desgaste excessivo no pneu;Saída de leito carroçável;Com Vítimas Feridas;Plena Noite;Decrescente;Nublado;Dupla;"Reta;Declive                  ";Não;1;0;1;0;0;0;1;1;-20,78733103;-49,35399276;SPRF-SP;DEL09-SP;UOP01-DEL09-SP;false
559044.0;2023-11-04;sábado;10:00:00;SP;116.0;222,8;GUARULHOS;Reação tardia ou ineficiente do condutor;Colisão traseira;Com Vítimas Feridas;Pleno dia;Crescente;Nublado;Múltipla;Reta;Sim;2;0;1;0;1;0;1;2;-23,4751669;-46,5245237;SPRF-SP;DEL01-SP;UOP01-DEL01-SP;false
559049.0;2023-11-04;sábado;07:00:00;SP;116.0;493;CAJATI;Ausência de reação do condutor;Saída de leito carroçável;Com Vítimas Feridas;Pleno dia;Decrescente;Sol;Dupla;Reta;Não;2;0;2;0;0;0;2;1;-24,74366848;-48,14208621;SPRF-SP;DEL05-SP;UOP01-DEL05-SP;false
559070.0;2023-11-04;sábado;12:10:00;SP;116.0;454;REGISTRO;Reação tardia ou ineficiente do condutor;Capotamento;Com Vítimas Feridas;Pleno dia;Crescente;Céu Claro;Dupla;Reta;Não;1;0;1;0;0;0;1;1;-24,56704392;-47,87450304;SPRF-SP;DEL05-SP;UOP01-DEL05-SP;false
559078.0;2023-11-04;sábado;13:13:00;SP;116.0;92,6;PINDAMONHANGABA;Ingestão de álcool pelo condutor;Atropelamento de Pedestre;Com Vítimas Feridas;Pleno dia;Decrescente;Céu Claro;Dupla;Reta;Não;4;0;0;1;1;2;1;2;-22,94792286;-45,39587407;SPRF-SP;DEL08-SP;UOP01-DEL08-SP;false
559088.0;2023-11-04;sábado;14:20:00;SP;116.0;109;TAUBATE;Reação tardia ou ineficiente do condutor;Engavetamento;Com Vítimas Feridas;Pleno dia;Crescente;Céu Claro;Dupla;Reta;Sim;10;0;1;0;9;0;1;3;-23,02871304;-45,54517097;SPRF-SP;DEL02-SP;UOP02-DEL02-SP;false
559107.0;2023-11-04;sábado;16:40:00;SP;116.0;104;TAUBATE;Ingestão de álcool e/ou substâncias psicoativas pelo pedestre;Engavetamento;Sem Vítimas;Pleno dia;Crescente;Céu Claro;Dupla;Reta;Sim;3;0;0;0;3;0;0;3;-23,00340176;-45,50626912;SPRF-SP;DEL02-SP;UOP02-DEL02-SP;false
559127.0;2023-11-04;sábado;19:10:00;SP;153.0;52;SAO JOSE DO RIO PRETO;Entrada inopinada do pedestre;Atropelamento de Pedestre;Com Vítimas Feridas;Plena Noite;Crescente;Céu Claro;Dupla;Reta;Sim;2;0;2;0;0;0;2;2;-20,72702499;-49,33838971;SPRF-SP;DEL09-SP;UOP01-DEL09-SP;false
559157.0;2023-11-04;sábado;20:15:00;SP;153.0;53;SAO JOSE DO RIO PRETO;Ingestão de álcool pelo condutor;Saída de leito carroçável;Sem Vítimas;Plena Noite;Crescente;Ignorado;Simples;Reta;Não;1;0;0;0;1;0;0;1;-20,73603199;-49,33803779;SPRF-SP;DEL09-SP;UOP01-DEL09-SP;false
559158.0;2023-11-04;sábado;21:00:00;SP;116.0;297;ITAPECERICA DA SERRA;Ausência de reação do condutor;Saída de leito carroçável;Com Vítimas Feridas;Plena Noite;Decrescente;Céu Claro;Dupla;Curva;Sim;2;0;1;0;0;1;1;2;-23,78323219;-46,91437053;SPRF-SP;DEL04-SP;UOP01-DEL04-SP;false
559162.0;2023-11-04;sábado;21:25:00;SP;153.0;285;OCAUCU;Ingestão de álcool pelo condutor;Colisão com objeto;Sem Vítimas;Plena Noite;Decrescente;Céu Claro;Simples;Aclive;Não;1;0;0;0;1;0;0;1;-22,45381704;-49,86982698;SPRF-SP;DEL07-SP;UOP02-DEL07-SP;false
559175.0;2023-11-04;sábado;23:00:00;SP;116.0;218;GUARULHOS;Ausência de reação do condutor;Colisão traseira;Com Vítimas Feridas;Plena Noite;Crescente;Nublado;Múltipla;Reta;Não;7;0;4;1;2;0;5;2;-23,457972;-46,479927;SPRF-SP;DEL01-SP;UOP01-DEL01-SP;false
559191.0;2023-11-05;domingo;01:20:00;SP;116.0;215;GUARULHOS;Ingestão de álcool pelo condutor;Colisão traseira;Com Vítimas Fatais;Plena Noite;Crescente;Céu Claro;Múltipla;Reta;Sim;7;1;1;2;2;1;3;5;-23,44808665;-46,45735223;SPRF-SP;DEL01-SP;UOP01-DEL01-SP;false
559192.0;2023-11-05;domingo;01:39:00;SP;116.0;216;GUARULHOS;Reação tardia ou ineficiente do condutor;Tombamento;Com Vítimas Feridas;Plena Noite;Decrescente;Nublado;Múltipla;"Reta;Interseção de Vias       ";Sim;2;0;1;0;0;1;1;2;-23,451903;-46,465625;SPRF-SP;DEL01-SP;UOP01-DEL01-SP;false
559223.0;2023-11-02;quinta-feira;04:30:00;SP;116.0;269;TABOAO DA SERRA;Reação tardia ou ineficiente do condutor;Queda de ocupante de veículo;Com Vítimas Feridas;Amanhecer;Crescente;Chuva;Dupla;Reta;Não;1;0;1;0;0;0;1;1;-23,61593059;-46,78826044;SPRF-SP;DEL04-SP;UOP01-DEL04-SP;true
559249.0;2023-11-05;domingo;11:00:00;SP;116.0;142,8;SAO JOSE DOS CAMPOS;Reação tardia ou ineficiente do condutor;Saída de leito carroçável;Com Vítimas Feridas;Pleno dia;Crescente;Sol;Dupla;Reta;Sim;1;0;1;0;0;0;1;1;-23,17426078;-45,82940111;SPRF-SP;DEL02-SP;UOP01-DEL02-SP;false
559271.0;2023-11-05;domingo;12:10:00;SP;381.0;57;MAIRIPORA;Ingestão de álcool pelo condutor;Colisão traseira;Com Vítimas Feridas;Pleno dia;Crescente;Céu Claro;Dupla;"Reta;Aclive                   ";Não;3;0;1;0;1;1;1;3;-23,2658219;-46,5839857;SPRF-SP;DEL03-SP;UOP01-DEL03-SP;false
559297.0;2023-11-05;domingo;16:40:00;SP;101.0;48,4;UBATUBA;Acessar a via sem observar a presença dos outros veículos;Colisão transversal;Com Vítimas Feridas;Pleno dia;Decrescente;Nublado;Simples;Reta;Sim;2;0;1;0;1;0;1;2;-23,43696329;-45,08768768;SPRF-SP;DEL06-SP;UOP01-DEL06-SP;false
559318.0;2023-11-05;domingo;18:20:00;SP;116.0;140,5;SAO JOSE DOS CAMPOS;Ausência de reação do condutor;Colisão lateral mesmo sentido;Com Vítimas Feridas;Anoitecer;Crescente;Céu Claro;Dupla;Reta;Sim;3;0;1;0;1;1;1;2;-23,16577714;-45,81246193;SPRF-SP;DEL02-SP;UOP01-DEL02-SP;false
559328.0;2023-11-05;domingo;18:45:00;SP;116.0;68,6;APARECIDA;Pedestre andava na pista;Atropelamento de Pedestre;Com Vítimas Feridas;Plena Noite;Crescente;Nublado;Dupla;Reta;Sim;2;0;1;1;0;0;2;2;-22,83354783;-45,21713313;SPRF-SP;DEL08-SP;UOP01-DEL08-SP;false
559404.0;2023-11-05;domingo;23:50:00;SP;116.0;399;MIRACATU;Ausência de reação do condutor;Saída de leito carroçável;Com Vítimas Feridas;Plena Noite;Decrescente;Nublado;Dupla;Reta;Não;1;0;1;0;0;0;1;1;-24,30595991;-47,49203905;SPRF-SP;DEL04-SP;UOP02-DEL04-SP;false
559416.0;2023-11-06;segunda-feira;01:20:00;SP;116.0;328;JUQUITIBA;Reação tardia ou ineficiente do condutor;Colisão frontal;Com Vítimas Feridas;Plena Noite;Decrescente;Céu Claro;Dupla;Reta;Não;2;0;1;0;1;0;1;2;-23,93652709;-47,08014299;SPRF-SP;DEL04-SP;UOP03-DEL04-SP;false
559440.0;2023-11-05;domingo;20:30:00;SP;381.0;27;ATIBAIA;Reação tardia ou ineficiente do condutor;Queda de ocupante de veículo;Sem Vítimas;Plena Noite;Crescente;Céu Claro;Dupla;Reta;Sim;1;0;0;0;0;1;0;1;-23,03325858;-46,54275266;SPRF-SP;DEL03-SP;UOP02-DEL03-SP;false
559468.0;2023-11-06;segunda-feira;07:20:00;SP;381.0;56;MAIRIPORA;Demais falhas mecânicas ou elétricas;Incêndio;Sem Vítimas;Pleno dia;Decrescente;Céu Claro;Dupla;"Reta;Aclive                   ";Sim;1;0;0;0;1;0;0;1;-23,25907163;-46,58982662;SPRF-SP;DEL03-SP;UOP01-DEL03-SP;false
559496.0;2023-11-06;segunda-feira;10:45:00;SP;116.0;311;SAO LOURENCO DA SERRA;Velocidade Incompatível;Colisão traseira;Com Vítimas Feridas;Pleno dia;Crescente;Sol;Dupla;"Reta;Declive                  ";Não;5;0;1;0;4;0;1;2;-23,87725502;-46,96775798;SPRF-SP;DEL04-SP;UOP01-DEL04-SP;false
559498.0;2023-11-06;segunda-feira;10:16:00;SP;116.0;156;SAO JOSE DOS CAMPOS;Reação tardia ou ineficiente do condutor;Colisão traseira;Com Vítimas Feridas;Pleno dia;Crescente;Céu Claro;Dupla;"Reta;Declive                  ";Sim;2;0;1;0;1;0;1;2;-23,25044084;-45,93572909;SPRF-SP;DEL02-SP;UOP01-DEL02-SP;false
559534.0;2023-11-06;segunda-feira;12:45:00;SP;116.0;164;JACAREI;Avarias e/ou desgaste excessivo no pneu;Tombamento;Com Vítimas Feridas;Pleno dia;Crescente;Céu Claro;Dupla;Reta;Não;1;0;1;0;0;0;1;1;-23,29166028;-46,00002382;SPRF-SP;DEL02-SP;UOP01-DEL02-SP;false
559542.0;2023-11-06;segunda-feira;16:20:00;SP;381.0;72;SAO PAULO;Acumulo de areia ou detritos sobre o pavimento;Queda de ocupante de veículo;Com Vítimas Feridas;Pleno dia;Crescente;Sol;Simples;"Curva;Declive                 ";Não;1;0;1;0;0;0;1;1;-23,35978605;-46,55101418;SPRF-SP;DEL03-SP;UOP01-DEL03-SP;false
559568.0;2023-11-06;segunda-feira;18:15:00;SP;116.0;118;TAUBATE;Mal súbito do condutor;Colisão com objeto;Com Vítimas Feridas;Amanhecer;Decrescente;Céu Claro;Dupla;Reta;Não;2;0;0;2;0;0;2;1;-23,06266296;-45,62665044;SPRF-SP;DEL02-SP;UOP02-DEL02-SP;false
559594.0;2023-11-06;segunda-feira;20:20:00;SP;116.0;275;TABOAO DA SERRA;Trafegar com motocicleta (ou similar) entre as faixas;Colisão lateral mesmo sentido;Com Vítimas Feridas;Plena Noite;Decrescente;Nublado;Dupla;Reta;Sim;2;0;1;0;1;0;1;2;-23,63638826;-46,83251584;SPRF-SP;DEL04-SP;UOP01-DEL04-SP;false
559597.0;2023-11-06;segunda-feira;20:20:00;SP;116.0;146;SAO JOSE DOS CAMPOS;Entrada inopinada do pedestre;Atropelamento de Pedestre;Com Vítimas Fatais;Plena Noite;Decrescente;Céu Claro;Dupla;Reta;Não;2;1;0;0;0;1;0;2;-23,19122919;-45,86327591;SPRF-SP;DEL02-SP;UOP01-DEL02-SP;false
559624.0;2023-11-06;segunda-feira;23:10:00;SP;116.0;138;SAO JOSE DOS CAMPOS;Reação tardia ou ineficiente do condutor;Colisão traseira;Com Vítimas Feridas;Plena Noite;Crescente;Céu Claro;Dupla;Reta;Não;2;0;1;0;1;0;1;2;-23,1572739;-45,79554605;SPRF-SP;DEL02-SP;UOP01-DEL02-SP;false
559648.0;2023-11-07;terça-feira;06:50:00;SP;116.0;282,4;EMBU DAS ARTES;Condutor deixou de manter distância do veículo da frente;Colisão traseira;Com Vítimas Feridas;Pleno dia;Decrescente;Céu Claro;Dupla;Reta;Sim;1;0;1;0;0;0;1;1;-23,68570216;-46,85970975;SPRF-SP;DEL04-SP;UOP01-DEL04-SP;false
559673.0;2023-11-07;terça-feira;08:50:00;SP;101.0;48;UBATUBA;Acumulo de óleo sobre o pavimento;Tombamento;Com Vítimas Feridas;Pleno dia;Crescente;Céu Claro;Simples;Rotatória;Sim;1;0;1;0;0;0;1;1;-23,43696329;-45,08768768;SPRF-SP;DEL06-SP;UOP01-DEL06-SP;false
559710.0;2023-11-07;terça-feira;14:05:00;SP;116.0;224;GUARULHOS;Reação tardia ou ineficiente do condutor;Colisão traseira;Com Vítimas Feridas;Pleno dia;Decrescente;Sol;Múltipla;Reta;Sim;3;0;1;0;2;0;1;2;-23,48071896;-46,53271603;SPRF-SP;DEL01-SP;UOP01-DEL01-SP;false
559712.0;2023-11-07;terça-feira;13:00:00;SP;116.0;286;ITAPECERICA DA SERRA;Manobra de mudança de faixa;Colisão lateral mesmo sentido;Com Vítimas Feridas;Pleno dia;Decrescente;Céu Claro;Dupla;Reta;Não;4;0;2;0;2;0;2;2;-23,70925128;-46,87588966;SPRF-SP;DEL04-SP;UOP01-DEL04-SP;false
559734.0;2023-11-07;terça-feira;15:30:00;SP;116.0;279;EMBU DAS ARTES;Ausência de reação do condutor;Colisão traseira;Com Vítimas Feridas;Pleno dia;Crescente;Céu Claro;Dupla;Reta;Sim;2;0;1;0;1;0;1;2;-23,66233697;-46,85292907;SPRF-SP;DEL04-SP;UOP01-DEL04-SP;false
559738.0;2023-11-07;terça-feira;14:45:00;SP;381.0;90;GUARULHOS;Condutor deixou de manter distância do veículo da frente;Colisão traseira;Com Vítimas Feridas;Pleno dia;Crescente;Sol;Múltipla;Reta;Não;2;0;1;0;1;0;1;2;-23,49479479;-46,55959864;SPRF-SP;DEL03-SP;UOP01-DEL03-SP;false
559753.0;2023-11-07;terça-feira;18:00:00;SP;116.0;211;GUARULHOS;Reação tardia ou ineficiente do condutor;Engavetamento;Com Vítimas Feridas;Pleno dia;Decrescente;Céu Claro;Múltipla;Reta;Sim;4;0;2;0;2;0;2;4;-23,4324306;-46,4194352;SPRF-SP;DEL01-SP;UOP01-DEL01-SP;false
559761.0;2023-11-07;terça-feira;15:15:00;SP;101.0;46;UBATUBA;Transitar no Acostamento;Colisão frontal;Com Vítimas Feridas;Pleno dia;Crescente;Céu Claro;Simples;Reta;Sim;2;0;0;2;0;0;2;2;-23,42403383;-45,07492113;SPRF-SP;DEL06-SP;UOP01-DEL06-SP;false
559772.0;2023-11-07;terça-feira;17:15:00;SP;116.0;117;TAUBATE;Condutor deixou de manter distância do veículo da frente;Colisão traseira;Com Vítimas Feridas;Pleno dia;Decrescente;Céu Claro;Dupla;Reta;Sim;1;0;0;1;0;0;1;1;-23,0582298;-45,6176951;SPRF-SP;DEL02-SP;UOP02-DEL02-SP;false
559805.0;2023-11-07;terça-feira;22:00:00;SP;116.0;212;GUARULHOS;Reação tardia ou ineficiente do condutor;Colisão traseira;Sem Vítimas;Plena Noite;Decrescente;Nublado;Múltipla;"Aclive;Reta                   ";Sim;3;0;0;0;3;0;0;2;-23,43608315;-46,42805094;SPRF-SP;DEL01-SP;UOP01-DEL01-SP;false
559807.0;2023-11-07;terça-feira;22:00:00;SP;116.0;123,2;CACAPAVA;Reação tardia ou ineficiente do condutor;Colisão com objeto;Sem Vítimas;Plena Noite;Crescente;Céu Claro;Dupla;"Reta;Aclive                   ";Não;1;0;0;0;0;1;0;1;-23,08754228;-45,66969781;SPRF-SP;DEL02-SP;UOP02-DEL02-SP;false
559819.0;2023-11-07;terça-feira;22:45:00;SP;116.0;416;JUQUIA;Objeto estático sobre o leito carroçável;Queda de ocupante de veículo;Com Vítimas Feridas;Plena Noite;Decrescente;Céu Claro;Dupla;Reta;Não;1;0;1;0;0;0;1;1;-24,34184089;-47,64612417;SPRF-SP;DEL05-SP;UOP01-DEL05-SP;false
559836.0;2023-11-04;sábado;00:30:00;SP;116.0;279;EMBU DAS ARTES;Manobra de mudança de faixa;Colisão traseira;Com Vítimas Feridas;Plena Noite;Crescente;Céu Claro;Dupla;Reta;Não;3;0;0;1;2;0;1;2;-23,66233697;-46,85292907;SPRF-SP;DEL04-SP;UOP01-DEL04-SP;false
559841.0;2023-11-08;quarta-feira;07:04:00;SP;101.0;52;UBATUBA;Acumulo de areia ou detritos sobre o pavimento;Queda de ocupante de veículo;Com Vítimas Feridas;Pleno dia;Crescente;Céu Claro;Simples;Rotatória;Sim;1;0;1;0;0;0;1;1;-23,4623355;-45,06476561;SPRF-SP;DEL06-SP;UOP01-DEL06-SP;false
559932.0;2023-11-08;quarta-feira;15:00:00;SP;116.0;210;GUARULHOS;Manobra de mudança de faixa;Colisão traseira;Com Vítimas Feridas;Pleno dia;Decrescente;Céu Claro;Dupla;"Declive;Interseção de Vias    ";Sim;3;0;1;0;2;0;1;2;-23,42870023;-46,41085991;SPRF-SP;DEL01-SP;UOP01-DEL01-SP;false
559959.0;2023-11-08;quarta-feira;16:25:00;SP;116.0;143,4;SAO JOSE DOS CAMPOS;Reação tardia ou ineficiente do condutor;Colisão traseira;Com Vítimas Feridas;Pleno dia;Decrescente;Céu Claro;Dupla;Reta;Sim;4;0;1;0;3;0;1;2;-23,17849879;-45,83787411;SPRF-SP;DEL02-SP;UOP01-DEL02-SP;false
559975.0;2023-11-08;quarta-feira;18:45:00;SP;381.0;44;ATIBAIA;Demais falhas mecânicas ou elétricas;Incêndio;Sem Vítimas;Plena Noite;Decrescente;Céu Claro;Dupla;Reta;Sim;1;0;0;0;1;0;0;1;-23,16458615;-46,57418959;SPRF-SP;DEL03-SP;UOP01-DEL03-SP;false
560038.0;2023-11-09;quinta-feira;03:30:00;SP;116.0;228;SAO PAULO;Pedestre andava na pista;Atropelamento de Pedestre;Com Vítimas Fatais;Amanhecer;Decrescente;Céu Claro;Múltipla;Reta;Sim;2;1;0;0;1;0;0;2;-23,53288115;-46,53456116;SPRF-SP;DEL01-SP;UOP01-DEL01-SP;false
560050.0;2023-11-09;quinta-feira;07:10:00;SP;116.0;271;TABOAO DA SERRA;Reação tardia ou ineficiente do condutor;Queda de ocupante de veículo;Com Vítimas Feridas;Amanhecer;Decrescente;Céu Claro;Dupla;Reta;Sim;1;0;1;0;0;0;1;1;-23,61809286;-46,80556302;SPRF-SP;DEL04-SP;UOP01-DEL04-SP;false
560055.0;2023-11-09;quinta-feira;08:00:00;SP;116.0;206;GUARULHOS;Manobra de mudança de faixa;Colisão lateral mesmo sentido;Com Vítimas Feridas;Pleno dia;Crescente;Céu Claro;Dupla;Reta;Sim;2;0;1;0;1;0;1;2;-23,41722629;-46,37510292;SPRF-SP;DEL01-SP;UOP01-DEL01-SP;false
560065.0;2023-11-09;quinta-feira;10:00:00;SP;116.0;227;GUARULHOS;Reação tardia ou ineficiente do condutor;Engavetamento;Com Vítimas Feridas;Pleno dia;Crescente;Céu Claro;Múltipla;Reta;Sim;4;0;1;0;3;0;1;4;-23,49659264;-46,55648754;SPRF-SP;DEL01-SP;UOP01-DEL01-SP;false
560099.0;2023-11-09;quinta-feira;12:20:00;SP;116.0;155;SAO JOSE DOS CAMPOS;Reação tardia ou ineficiente do condutor;Colisão com objeto;Com Vítimas Feridas;Pleno dia;Decrescente;Sol;Dupla;"Reta;Declive                  ";Não;1;0;0;1;0;0;1;1;-23,24524337;-45,92772774;SPRF-SP;DEL02-SP;UOP01-DEL02-SP;false
560111.0;2023-11-09;quinta-feira;14:40:00;SP;101.0;51;UBATUBA;Trafegar com motocicleta (ou similar) entre as faixas;Colisão transversal;Com Vítimas Feridas;Pleno dia;Decrescente;Sol;Simples;Interseção de Vias;Sim;2;0;1;0;1;0;1;2;-23,45627795;-45,07111896;SPRF-SP;DEL06-SP;UOP01-DEL06-SP;false