id;data_inversa;dia_semana;horario;uf;br;km;municipio;causa_acidente;tipo_acidente;classificacao_acidente;fase_dia;sentido_via;condicao_metereologica;tipo_pista;tracado_via;uso_solo;pessoas;mortos;feridos_leves;feridos_graves;ilesos;ignorados;feridos;veiculos;latitude;longitude;regional;delegacia;uop;feriado
560150.0;2023-11-09;quinta-feira;18:20:00;SP;116.0;283;EMBU DAS ARTES;Manobra de mudança de faixa;Colisão lateral mesmo sentido;Sem Vítimas;Plena Noite;Decrescente;Céu Claro;Dupla;Reta;Sim;3;0;0;0;3;0;0;2;-23,69297005;-46,86352786;SPRF-SP;DEL04-SP;UOP01-DEL04-SP;false
560166.0;2023-11-09;quinta-feira;19:30:00;SP;116.0;317;SAO LOURENCO DA SERRA;Área urbana sem a presença de local apropriado para a travessia de pedestres;Colisão frontal;Com Vítimas Feridas;Plena Noite;Crescente;Céu Claro;Simples;Retorno Regulamentado;Não;2;0;0;1;1;0;1;2;-23,91799802;-46,98973192;SPRF-SP;DEL04-SP;UOP03-DEL04-SP;false
560189.0;2023-11-09;quinta-feira;19:56:00;SP;116.0;561;BARRA DO TURVO;Entrada inopinada do pedestre;Atropelamento de Pedestre;Com Vítimas Fatais;Plena Noite;Decrescente;Chuva;Dupla;"Reta;Aclive                   ";Não;2;1;0;0;1;0;0;2;-25,02045097;-48,51586004;SPRF-SP;DEL05-SP;UOP02-DEL05-SP;false
560198.0;2023-11-09;quinta-feira;18:35:00;SP;116.0;138,2;SAO JOSE DOS CAMPOS;Manobra de mudança de faixa;Colisão lateral mesmo sentido;Com Vítimas Feridas;Anoitecer;Crescente;Céu Claro;Dupla;"Reta;Aclive                   ";Não;2;0;1;0;1;0;1;2;-23,15763069;-45,79647845;SPRF-SP;DEL02-SP;UOP01-DEL02-SP;false
560200.0;2023-11-09;quinta-feira;23:50:00;SP;153.0;22,8;NOVA GRANADA;Ingestão de álcool pelo condutor;Colisão lateral mesmo sentido;Sem Vítimas;Plena Noite;Crescente;Céu Claro;Simples;"Reta;Aclive                   ";Não;2;0;0;0;2;0;0;2;-20,476847;-49,296506;SPRF-SP;DEL09-SP;UOP01-DEL09-SP;false
560205.0;2023-11-10;sexta-feira;02:20:00;SP;381.0;53;MAIRIPORA;Ausência de reação do condutor;Colisão traseira;Com Vítimas Feridas;Plena Noite;Decrescente;Céu Claro;Dupla;Reta;Não;2;0;1;0;1;0;1;2;-23,236369;-46,600463;SPRF-SP;DEL03-SP;UOP01-DEL03-SP;false
560211.0;2023-11-10;sexta-feira;02:30:00;SP;116.0;37,7;CACHOEIRA PAULISTA;Condutor Dormindo;Saída de leito carroçável;Sem Vítimas;Plena Noite;Crescente;Céu Claro;Dupla;Reta;Sim;1;0;0;0;0;1;0;1;-22,66497021;-44,98430985;SPRF-SP;DEL08-SP;UOP02-DEL08-SP;false
560216.0;2023-11-10;sexta-feira;04:05:00;SP;116.0;59,3;GUARATINGUETA;Velocidade Incompatível;Colisão lateral mesmo sentido;Com Vítimas Feridas;Amanhecer;Decrescente;Céu Claro;Dupla;Reta;Não;2;0;1;0;1;0;1;2;-22,78555649;-45,15339465;SPRF-SP;DEL08-SP;UOP01-DEL08-SP;false
560268.0;2023-11-10;sexta-feira;07:40:00;SP;116.0;110;TAUBATE;Avarias e/ou desgaste excessivo no pneu;Tombamento;Com Vítimas Feridas;Pleno dia;Decrescente;Sol;Dupla;"Aclive;Curva                  ";Sim;2;0;2;0;0;0;2;1;-23,03412614;-45,5526999;SPRF-SP;DEL02-SP;UOP02-DEL02-SP;false
560286.0;2023-11-10;sexta-feira;12:05:00;SP;116.0;139;SAO JOSE DOS CAMPOS;Pedestre andava na pista;Atropelamento de Pedestre;Com Vítimas Feridas;Pleno dia;Decrescente;Sol;Dupla;Reta;Sim;3;0;0;1;2;0;1;2;-23,16153216;-45,80400592;SPRF-SP;DEL02-SP;UOP01-DEL02-SP;false
560301.0;2023-11-10;sexta-feira;13:20:00;SP;116.0;210,1;GUARULHOS;Reação tardia ou ineficiente do condutor;Colisão traseira;Com Vítimas Feridas;Pleno dia;Crescente;Céu Claro;Múltipla;Reta;Sim;7;0;1;0;6;0;1;4;-23,42870023;-46,41085991;SPRF-SP;DEL01-SP;UOP01-DEL01-SP;false
560340.0;2023-11-10;sexta-feira;15:30:00;SP;116.0;134;CACAPAVA;Reação tardia ou ineficiente do condutor;Colisão traseira;Com Vítimas Feridas;Pleno dia;Crescente;Céu Claro;Dupla;Reta;Não;2;0;0;1;1;0;1;2;-23,13726214;-45,7562542;SPRF-SP;DEL02-SP;UOP02-DEL02-SP;false
560341.0;2023-11-10;sexta-feira;15:53:00;SP;153.0;63;SAO JOSE DO RIO PRETO;Trafegar com motocicleta (ou similar) entre as faixas;Colisão lateral mesmo sentido;Com Vítimas Feridas;Pleno dia;Crescente;Sol;Dupla;Reta;Sim;2;0;1;0;0;1;1;2;-20,82149698;-49,35764818;SPRF-SP;DEL09-SP;UOP01-DEL09-SP;false
560346.0;2023-11-10;sexta-feira;16:30:00;SP;116.0;132;CACAPAVA;Reação tardia ou ineficiente do condutor;Engavetamento;Com Vítimas Feridas;Pleno dia;Crescente;Céu Claro;Dupla;Reta;Não;3;0;1;0;2;0;1;3;-23,13169757;-45,74481322;SPRF-SP;DEL02-SP;UOP02-DEL02-SP;false
560384.0;2023-11-10;sexta-feira;18:00:00;SP;116.0;216;GUARULHOS;Ausência de reação do condutor;Colisão traseira;Com Vítimas Feridas;Plena Noite;Decrescente;Nublado;Múltipla;Reta;Sim;2;0;1;0;1;0;1;2;-23,45056589;-46,46258105;SPRF-SP;DEL01-SP;UOP01-DEL01-SP;false
560395.0;2023-11-10;sexta-feira;19:00:00;SP;381.0;68;MAIRIPORA;Trafegar com motocicleta (ou similar) entre as faixas;Colisão lateral mesmo sentido;Com Vítimas Feridas;Plena Noite;Decrescente;Nublado;Múltipla;"Reta;Declive                  ";Sim;2;0;1;0;1;0;1;2;-23,34043796;-46,57433588;SPRF-SP;DEL03-SP;UOP01-DEL03-SP;false
560403.0;2023-11-10;sexta-feira;19:55:00;SP;116.0;56;LORENA;Animais na Pista;Atropelamento de Animal;Com Vítimas Feridas;Plena Noite;Decrescente;Céu Claro;Dupla;Reta;Sim;1;0;1;0;0;0;1;1;-22,76904403;-45,13040598;SPRF-SP;DEL08-SP;UOP02-DEL08-SP;false
560410.0;2023-11-10;sexta-feira;20:50:00;SP;116.0;283;EMBU DAS ARTES;Trafegar com motocicleta (ou similar) entre as faixas;Colisão lateral mesmo sentido;Com Vítimas Feridas;Plena Noite;Crescente;Nublado;Dupla;Reta;Sim;2;0;1;0;1;0;1;2;-23,69297005;-46,86352786;SPRF-SP;DEL04-SP;UOP01-DEL04-SP;false
560415.0;2023-11-10;sexta-feira;17:40:00;SP;381.0;64;MAIRIPORA;Trafegar com motocicleta (ou similar) entre as faixas;Queda de ocupante de veículo;Com Vítimas Feridas;Anoitecer;Crescente;Céu Claro;Múltipla;Reta;Não;2;0;1;0;0;1;1;2;-23,3089645;-46,57924651;SPRF-SP;DEL03-SP;UOP01-DEL03-SP;false
560419.0;2023-11-10;sexta-feira;09:55:00;SP;116.0;488;CAJATI;Acumulo de óleo sobre o pavimento;Tombamento;Com Vítimas Feridas;Pleno dia;Crescente;Céu Claro;Simples;Reta;Sim;1;0;0;1;0;0;1;1;-24,73097634;-48,09815591;SPRF-SP;DEL05-SP;UOP01-DEL05-SP;false
560427.0;2023-11-06;segunda-feira;16:10:00;SP;116.0;486;CAJATI;Ausência de reação do condutor;Colisão traseira;Sem Vítimas;Pleno dia;Crescente;Céu Claro;Múltipla;Reta;Não;2;0;0;0;2;0;0;2;-24,7217453;-48,08178493;SPRF-SP;DEL05-SP;UOP01-DEL05-SP;false
560432.0;2023-11-10;sexta-feira;22:30:00;SP;116.0;284;EMBU DAS ARTES;Transitar no Acostamento;Colisão traseira;Com Vítimas Fatais;Plena Noite;Crescente;Céu Claro;Dupla;Reta;Sim;3;1;0;0;1;1;0;3;-23,69998;-46,867767;SPRF-SP;DEL04-SP;UOP01-DEL04-SP;false
560436.0;2023-11-10;sexta-feira;22:45:00;SP;116.0;270;TABOAO DA SERRA;Velocidade Incompatível;Queda de ocupante de veículo;Com Vítimas Feridas;Plena Noite;Crescente;Céu Claro;Dupla;Reta;Não;1;0;1;0;0;0;1;1;-23,61799728;-46,79677694;SPRF-SP;DEL04-SP;UOP01-DEL04-SP;false
560485.0;2023-11-11;sábado;06:00:00;SP;116.0;144;SAO JOSE DOS CAMPOS;Avarias e/ou desgaste excessivo no pneu;Tombamento;Com Vítimas Feridas;Pleno dia;Decrescente;Nublado;Múltipla;Reta;Sim;1;0;1;0;0;0;1;1;-23,18274416;-45,84633592;SPRF-SP;DEL02-SP;UOP01-DEL02-SP;false
560496.0;2023-11-11;sábado;07:00:00;SP;116.0;273;TABOAO DA SERRA;Reação tardia ou ineficiente do condutor;Colisão com objeto;Sem Vítimas;Amanhecer;Decrescente;Céu Claro;Simples;Curva;Sim;1;0;0;0;0;1;0;1;-23,6307407;-46,82829425;SPRF-SP;DEL04-SP;UOP01-DEL04-SP;false
560514.0;2023-11-11;sábado;08:15:00;SP;381.0;89;GUARULHOS;Acumulo de areia ou detritos sobre o pavimento;Tombamento;Com Vítimas Feridas;Pleno dia;Decrescente;Céu Claro;Dupla;Curva;Sim;1;0;1;0;0;0;1;1;-23,48469299;-46,55983288;SPRF-SP;DEL03-SP;UOP01-DEL03-SP;false
560525.0;2023-11-11;sábado;09:20:00;SP;116.0;275;TABOAO DA SERRA;Entrada inopinada do pedestre;Atropelamento de Pedestre;Com Vítimas Feridas;Pleno dia;Decrescente;Céu Claro;Dupla;Reta;Sim;2;0;1;0;1;0;1;2;-23,63638826;-46,83251584;SPRF-SP;DEL04-SP;UOP01-DEL04-SP;false
560535.0;2023-11-11;sábado;10:00:00;SP;116.0;101,7;PINDAMONHANGABA;Condutor deixou de manter distância do veículo da frente;Colisão traseira;Com Vítimas Feridas;Pleno dia;Decrescente;Sol;Dupla;"Reta;Aclive                   ";Não;3;0;2;0;1;0;2;2;-22,99074204;-45,48115098;SPRF-SP;DEL08-SP;UOP01-DEL08-SP;false
560541.0;2023-11-11;sábado;10:20:00;SP;153.0;61;SAO JOSE DO RIO PRETO;Ausência de reação do condutor;Tombamento;Com Vítimas Feridas;Pleno dia;Crescente;Céu Claro;Dupla;Curva;Sim;2;0;2;0;0;0;2;1;-20,80502876;-49,35574909;SPRF-SP;DEL09-SP;UOP01-DEL09-SP;false
560550.0;2023-11-11;sábado;11:00:00;SP;116.0;157;SAO JOSE DOS CAMPOS;Condutor deixou de manter distância do veículo da frente;Colisão traseira;Sem Vítimas;Pleno dia;Crescente;Céu Claro;Múltipla;"Reta;Aclive                   ";Não;2;0;0;0;2;0;0;2;-23,25558031;-45,9437828;SPRF-SP;DEL02-SP;UOP01-DEL02-SP;false
560559.0;2023-11-11;sábado;12:20:00;SP;116.0;112,9;TAUBATE;Reação tardia ou ineficiente do condutor;Saída de leito carroçável;Com Vítimas Feridas;Pleno dia;Decrescente;Céu Claro;Dupla;Reta;Não;1;0;1;0;0;0;1;1;-23,0440828;-45,58041405;SPRF-SP;DEL02-SP;UOP02-DEL02-SP;false
560672.0;2023-11-11;sábado;19:45:00;SP;381.0;85;SAO PAULO;Pedestre andava na pista;Atropelamento de Pedestre;Com Vítimas Feridas;Plena Noite;Crescente;Céu Claro;Dupla;Reta;Sim;2;0;0;2;0;0;2;2;-23,449343;-46,56983501;SPRF-SP;DEL03-SP;UOP01-DEL03-SP;false
560682.0;2023-11-11;sábado;20:30:00;SP;381.0;36;ATIBAIA;Reação tardia ou ineficiente do condutor;Queda de ocupante de veículo;Com Vítimas Feridas;Plena Noite;Crescente;Céu Claro;Dupla;Reta;Sim;1;0;1;0;0;0;1;1;-23,09707232;-46,57180706;SPRF-SP;DEL03-SP;UOP01-DEL03-SP;false
560715.0;2023-11-12;domingo;01:30:00;SP;116.0;322;JUQUITIBA;Condutor Dormindo;Colisão traseira;Com Vítimas Feridas;Plena Noite;Crescente;Céu Claro;Dupla;Reta;Não;6;0;2;0;4;0;2;3;-23,935106;-47,026682;SPRF-SP;DEL04-SP;UOP03-DEL04-SP;false
560736.0;2023-11-12;domingo;05:40:00;SP;153.0;58;SAO JOSE DO RIO PRETO;Ausência de reação do condutor;Tombamento;Com Vítimas Feridas;Pleno dia;Decrescente;Céu Claro;Dupla;Declive;Sim;1;0;1;0;0;0;1;1;-20,77838195;-49,35300538;SPRF-SP;DEL09-SP;UOP01-DEL09-SP;false
560794.0;2023-11-12;domingo;13:30:00;SP;381.0;54;MAIRIPORA;Reação tardia ou ineficiente do condutor;Saída de leito carroçável;Com Vítimas Feridas;Pleno dia;Crescente;Sol;Dupla;"Curva;Aclive                  ";Não;2;0;2;0;0;0;2;1;-23,2449074;-46,59562343;SPRF-SP;DEL03-SP;UOP01-DEL03-SP;false
560807.0;2023-11-12;domingo;14:45:00;SP;116.0;140;SAO JOSE DOS CAMPOS;Ausência de reação do condutor;Colisão traseira;Com Vítimas Feridas;Pleno dia;Decrescente;Sol;Dupla;"Reta;Declive                  ";Sim;2;0;0;1;1;0;1;2;-23,16577714;-45,81246193;SPRF-SP;DEL02-SP;UOP01-DEL02-SP;false
560808.0;2023-11-12;domingo;14:48:00;SP;116.0;228;SAO PAULO;Manobra de mudança de faixa;Colisão lateral mesmo sentido;Com Vítimas Feridas;Pleno dia;Crescente;Céu Claro;Múltipla;Reta;Sim;2;0;1;0;1;0;1;2;-23,50343484;-46,56638712;SPRF-SP;DEL01-SP;UOP01-DEL01-SP;false
560830.0;2023-11-12;domingo;16:50:00;SP;116.0;207;GUARULHOS;Ausência de reação do condutor;Colisão traseira;Sem Vítimas;Pleno dia;Crescente;Céu Claro;Múltipla;Reta;Não;2;0;0;0;2;0;0;2;-23,41972188;-46,38419203;SPRF-SP;DEL01-SP;UOP01-DEL01-SP;false
560832.0;2023-11-12;domingo;17:05:00;SP;116.0;285;ITAPECERICA DA SERRA;Velocidade Incompatível;Colisão com objeto;Com Vítimas Feridas;Pleno dia;Decrescente;Céu Claro;Dupla;Curva;Sim;1;0;0;1;0;0;1;1;-23,70407794;-46,87249709;SPRF-SP;DEL04-SP;UOP01-DEL04-SP;false
560837.0;2023-11-12;domingo;16:25:00;SP;116.0;95;PINDAMONHANGABA;Reação tardia ou ineficiente do condutor;Engavetamento;Com Vítimas Feridas;Pleno dia;Crescente;Nublado;Dupla;Reta;Não;5;0;1;0;4;0;1;5;-22,96514512;-45,43013094;SPRF-SP;DEL08-SP;UOP01-DEL08-SP;false
560839.0;2023-11-12;domingo;16:50:00;SP;116.0;352;MIRACATU;Demais falhas mecânicas ou elétricas;Incêndio;Sem Vítimas;Pleno dia;Decrescente;Céu Claro;Dupla;"Viaduto;Ponte                 ";Não;1;0;0;0;1;0;0;1;-24,06507222;-47,23448591;SPRF-SP;DEL04-SP;UOP03-DEL04-SP;false
560840.0;2023-11-12;domingo;16:40:00;SP;116.0;95,4;PINDAMONHANGABA;Reação tardia ou ineficiente do condutor;Colisão traseira;Com Vítimas Feridas;Pleno dia;Crescente;Nublado;Dupla;Reta;Não;7;0;5;0;2;0;5;2;-22,96648397;-45,43311238;SPRF-SP;DEL08-SP;UOP01-DEL08-SP;false
560841.0;2023-11-12;domingo;17:20:00;SP;153.0;273;LUPERCIO;Ingestão de álcool pelo condutor;Colisão lateral sentido oposto;Com Vítimas Feridas;Pleno dia;Decrescente;Céu Claro;Múltipla;Aclive;Não;3;0;1;0;2;0;1;2;-22,36820795;-49,87888297;SPRF-SP;DEL07-SP;UOP02-DEL07-SP;false
560842.0;2023-11-12;domingo;17:30:00;SP;381.0;85;GUARULHOS;Objeto estático sobre o leito carroçável;Tombamento;Com Vítimas Feridas;Pleno dia;Decrescente;Céu Claro;Múltipla;Reta;Sim;1;0;1;0;0;0;1;1;-23,449343;-46,56983501;SPRF-SP;DEL03-SP;UOP01-DEL03-SP;false
560861.0;2023-11-12;domingo;18:20:00;SP;101.0;51,7;UBATUBA;Condutor deixou de manter distância do veículo da frente;Colisão traseira;Sem Vítimas;Anoitecer;Decrescente;Nublado;Simples;Reta;Sim;2;0;0;0;1;1;0;2;-23,45877811;-45,06849289;SPRF-SP;DEL06-SP;UOP01-DEL06-SP;false
560942.0;2023-11-12;domingo;22:00:00;SP;116.0;226,5;GUARULHOS;Acessar a via sem observar a presença dos outros veículos;Colisão com objeto;Sem Vítimas;Plena Noite;Decrescente;Céu Claro;Múltipla;"Reta;Declive;Interseção de Via";Sim;3;0;0;0;2;1;0;2;-23,490628;-46,547986;SPRF-SP;DEL01-SP;UOP01-DEL01-SP;false
560957.0;2023-11-12;domingo;23:30:00;SP;116.0;228;SAO PAULO;Reação tardia ou ineficiente do condutor;Colisão traseira;Com Vítimas Feridas;Plena Noite;Decrescente;Céu Claro;Múltipla;Reta;Sim;3;0;1;0;1;1;1;2;-23,50732007;-46,57071233;SPRF-SP;DEL01-SP;UOP01-DEL01-SP;false
560962.0;2023-11-13;segunda-feira;00:15:00;SP;381.0;43;ATIBAIA;Velocidade Incompatível;Colisão com objeto;Sem Vítimas;Plena Noite;Crescente;Nublado;Dupla;Reta;Sim;1;0;0;0;1;0;0;1;-23,15597105;-46,5740155;SPRF-SP;DEL03-SP;UOP01-DEL03-SP;false
560989.0;2023-11-13;segunda-feira;06:00:00;SP;116.0;215;GUARULHOS;Reação tardia ou ineficiente do condutor;Colisão com objeto;Com Vítimas Feridas;Pleno dia;Crescente;Céu Claro;Múltipla;Interseção de Vias;Sim;1;0;1;0;0;0;1;1;-23,44695693;-46,45394103;SPRF-SP;DEL01-SP;UOP01-DEL01-SP;false
560999.0;2023-11-13;segunda-feira;07:00:00;SP;116.0;225;GUARULHOS;Ausência de reação do condutor;Queda de ocupante de veículo;Com Vítimas Feridas;Pleno dia;Crescente;Céu Claro;Múltipla;Reta;Sim;1;0;1;0;0;0;1;1;-23,48586772;-46,54075317;SPRF-SP;DEL01-SP;UOP01-DEL01-SP;false
561008.0;2023-11-13;segunda-feira;08:00:00;SP;116.0;288;ITAPECERICA DA SERRA;Trafegar com motocicleta (ou similar) entre as faixas;Colisão lateral mesmo sentido;Com Vítimas Feridas;Pleno dia;Decrescente;Céu Claro;Múltipla;Reta;Sim;1;0;1;0;0;0;1;1;-23,719254;-46,883144;SPRF-SP;DEL04-SP;UOP01-DEL04-SP;false
561032.0;2023-11-13;segunda-feira;08:30:00;SP;116.0;273;TABOAO DA SERRA;Ausência de reação do condutor;Colisão traseira;Com Vítimas Feridas;Pleno dia;Decrescente;Sol;Dupla;Reta;Não;2;0;1;0;1;0;1;2;-23,62809795;-46,81870306;SPRF-SP;DEL04-SP;UOP01-DEL04-SP;false
561034.0;2023-11-13;segunda-feira;09:50:00;SP;116.0;439;REGISTRO;Avarias e/ou desgaste excessivo no pneu;Colisão com objeto;Com Vítimas Feridas;Pleno dia;Crescente;Céu Claro;Simples;"Declive;Curva;Viaduto         ";Não;2;0;2;0;0;0;2;1;-24,45434475;-47,81204635;SPRF-SP;DEL05-SP;UOP01-DEL05-SP;false
561060.0;2023-11-13;segunda-feira;12:00:00;SP;116.0;449;REGISTRO;Reação tardia ou ineficiente do condutor;Saída de leito carroçável;Com Vítimas Feridas;Pleno dia;Crescente;Sol;Dupla;Reta;Sim;1;0;0;1;0;0;1;1;-24,52913591;-47,85619324;SPRF-SP;DEL05-SP;UOP01-DEL05-SP;false
561072.0;2023-11-13;segunda-feira;12:40:00;SP;116.0;218,8;GUARULHOS;Trafegar com motocicleta (ou similar) entre as faixas;Queda de ocupante de veículo;Com Vítimas Feridas;Pleno dia;Crescente;Céu Claro;Múltipla;Reta;Sim;1;0;1;0;0;0;1;1;-23,457972;-46,479927;SPRF-SP;DEL01-SP;UOP01-DEL01-SP;false
561076.0;2023-11-13;segunda-feira;13:20:00;SP;116.0;217;GUARULHOS;Ausência de reação do condutor;Colisão lateral mesmo sentido;Com Vítimas Feridas;Pleno dia;Crescente;Sol;Múltipla;Reta;Sim;3;0;1;0;2;0;1;2;-23,45423824;-46,47119028;SPRF-SP;DEL01-SP;UOP01-DEL01-SP;false
561112.0;2023-11-13;segunda-feira;17:20:00;SP;101.0;36;UBATUBA;Acessar a via sem observar a presença dos outros veículos;Colisão transversal;Com Vítimas Feridas;Anoitecer;Decrescente;Céu Claro;Simples;"Reta;Interseção de Vias       ";Não;2;0;0;1;1;0;1;2;-23,39553757;-45,01467705;SPRF-SP;DEL06-SP;UOP01-DEL06-SP;false
561114.0;2023-11-13;segunda-feira;17:30:00;SP;116.0;212;GUARULHOS;Reação tardia ou ineficiente do condutor;Colisão traseira;Com Vítimas Feridas;Anoitecer;Decrescente;Céu Claro;Múltipla;"Reta;Declive                  ";Sim;2;0;1;0;1;0;1;2;-23,43608315;-46,42805094;SPRF-SP;DEL01-SP;UOP01-DEL01-SP;false
561124.0;2023-11-13;segunda-feira;18:00:00;SP;116.0;226,5;GUARULHOS;Trafegar com motocicleta (ou similar) entre as faixas;Colisão lateral mesmo sentido;Com Vítimas Feridas;Anoitecer;Decrescente;Nublado;Múltipla;Aclive;Sim;4;0;1;0;3;0;1;3;-23,49102507;-46,54878195;SPRF-SP;DEL01-SP;UOP01-DEL01-SP;false
561143.0;2023-11-13;segunda-feira;18:55:00;SP;381.0;73;SAO PAULO;Reação tardia ou ineficiente do condutor;Tombamento;Com Vítimas Feridas;Plena Noite;Crescente;Nublado;Dupla;"Reta;Declive                  ";Não;2;0;2;0;0;0;2;1;-23,36553404;-46,55253934;SPRF-SP;DEL03-SP;UOP01-DEL03-SP;false
561166.0;2023-11-13;segunda-feira;23:30:00;SP;116.0;219;GUARULHOS;Reação tardia ou ineficiente do condutor;Colisão lateral mesmo sentido;Com Vítimas Feridas;Plena Noite;Crescente;Céu Claro;Múltipla;Reta;Sim;2;0;2;0;0;0;2;2;-23,46249672;-46,49318039;SPRF-SP;DEL01-SP;UOP01-DEL01-SP;false
561193.0;2023-11-14;terça-feira;06:00:00;SP;116.0;218;GUARULHOS;Condutor deixou de manter distância do veículo da frente;Colisão traseira;Com Vítimas Feridas;Pleno dia;Crescente;Céu Claro;Múltipla;Reta;Sim;2;0;1;0;1;0;1;2;-23,457972;-46,479927;SPRF-SP;DEL01-SP;UOP01-DEL01-SP;false
561208.0;2023-11-14;terça-feira;07:30:00;SP;116.0;145;SAO JOSE DOS CAMPOS;Trafegar com motocicleta (ou similar) entre as faixas;Colisão lateral mesmo sentido;Com Vítimas Feridas;Pleno dia;Crescente;Céu Claro;Dupla;"Reta;Declive                  ";Sim;2;0;1;0;0;1;1;2;-23,1869844;-45,8548078;SPRF-SP;DEL02-SP;UOP01-DEL02-SP;false
561227.0;2023-11-14;terça-feira;10:00:00;SP;116.0;222,1;GUARULHOS;Manobra de mudança de faixa;Colisão lateral mesmo sentido;Com Vítimas Feridas;Pleno dia;Decrescente;Céu Claro;Múltipla;Reta;Sim;2;0;1;0;1;0;1;2;-23,47093408;-46,51631097;SPRF-SP;DEL01-SP;UOP01-DEL01-SP;false
561233.0;2023-11-14;terça-feira;11:00:00;SP;116.0;152;SAO JOSE DOS CAMPOS;Reação tardia ou ineficiente do condutor;Tombamento;Com Vítimas Feridas;Pleno dia;Decrescente;Sol;Dupla;Reta;Sim;1;0;1;0;0;0;1;1;-23,22620401;-45,90682999;SPRF-SP;DEL02-SP;UOP01-DEL02-SP;false
561261.0;2023-11-14;terça-feira;14:00:00;SP;116.0;282;EMBU DAS ARTES;Manobra de mudança de faixa;Colisão lateral mesmo sentido;Com Vítimas Feridas;Pleno dia;Crescente;Céu Claro;Dupla;Reta;Sim;2;0;0;1;1;0;1;2;-23,68570216;-46,85970975;SPRF-SP;DEL04-SP;UOP01-DEL04-SP;false
561270.0;2023-11-14;terça-feira;14:15:00;SP;116.0;210,6;GUARULHOS;Demais falhas mecânicas ou elétricas;Incêndio;Sem Vítimas;Pleno dia;Crescente;Sol;Múltipla;Reta;Sim;1;0;0;0;1;0;0;1;-23,42870023;-46,41085991;SPRF-SP;DEL01-SP;UOP01-DEL01-SP;false
561277.0;2023-11-14;terça-feira;14:18:00;SP;116.0;541;BARRA DO TURVO;Reação tardia ou ineficiente do condutor;Colisão com objeto;Com Vítimas Feridas;Pleno dia;Crescente;Chuva;Dupla;Curva;Não;5;0;1;0;4;0;1;1;-24,97245688;-48,39976606;SPRF-SP;DEL05-SP;UOP02-DEL05-SP;false
561289.0;2023-11-14;terça-feira;16:00:00;SP;116.0;225;GUARULHOS;Mal súbito do condutor;Colisão com objeto;Com Vítimas Feridas;Pleno dia;Decrescente;Céu Claro;Múltipla;"Reta;Declive                  ";Sim;1;0;1;0;0;0;1;1;-23,48586772;-46,54075317;SPRF-SP;DEL01-SP;UOP01-DEL01-SP;false
561293.0;2023-11-14;terça-feira;16:34:00;SP;116.0;281;EMBU DAS ARTES;Trafegar com motocicleta (ou similar) entre as faixas;Colisão traseira;Com Vítimas Feridas;Pleno dia;Decrescente;Céu Claro;Dupla;"Curva;Declive                 ";Sim;3;0;2;0;1;0;2;2;-23,67784787;-46,85769227;SPRF-SP;DEL04-SP;UOP01-DEL04-SP;false
561306.0;2023-11-14;terça-feira;17:00:00;SP;116.0;275;EMBU DAS ARTES;Avarias e/ou desgaste excessivo no pneu;Queda de ocupante de veículo;Com Vítimas Feridas;Pleno dia;Crescente;Nublado;Dupla;Reta;Sim;1;0;1;0;0;0;1;1;-23,63638826;-46,83251584;SPRF-SP;DEL04-SP;UOP01-DEL04-SP;false
561307.0;2023-11-14;terça-feira;17:30:00;SP;116.0;274,9;TABOAO DA SERRA;Trafegar com motocicleta (ou similar) entre as faixas;Colisão lateral mesmo sentido;Com Vítimas Feridas;Pleno dia;Crescente;Céu Claro;Dupla;Reta;Sim;2;0;1;0;1;0;1;2;-23,63445084;-46,82418514;SPRF-SP;DEL04-SP;UOP01-DEL04-SP;false
561330.0;2023-11-14;terça-feira;18:30:00;SP;116.0;161;JACAREI;Trafegar com motocicleta (ou similar) entre as faixas;Colisão traseira;Com Vítimas Feridas;Plena Noite;Decrescente;Céu Claro;Dupla;Reta;Sim;2;0;1;0;1;0;1;2;-23,27617003;-45,97592098;SPRF-SP;DEL02-SP;UOP01-DEL02-SP;false
561355.0;2023-11-14;terça-feira;20:00:00;SP;116.0;288;ITAPECERICA DA SERRA;Ausência de reação do condutor;Colisão com objeto;Sem Vítimas;Plena Noite;Decrescente;Céu Claro;Dupla;"Curva;Retorno Regulamentado   ";Não;1;0;0;0;0;1;0;1;-23,719254;-46,883144;SPRF-SP;DEL04-SP;UOP01-DEL04-SP;false
561364.0;2023-11-14;terça-feira;18:55:00;SP;116.0;503;CAJATI;Reação tardia ou ineficiente do condutor;Queda de ocupante de veículo;Com Vítimas Feridas;Plena Noite;Crescente;Chuva;Dupla;"Curva;Declive                 ";Não;2;0;1;0;1;0;1;1;-24,77541893;-48,20947907;SPRF-SP;DEL05-SP;UOP02-DEL05-SP;false
561373.0;2023-11-14;terça-feira;19:30:00;SP;116.0;506;CAJATI;Reação tardia ou ineficiente do condutor;Saída de leito carroçável;Com Vítimas Feridas;Plena Noite;Crescente;Chuva;Simples;"Curva;Declive                 ";Não;1;0;1;0;0;0;1;1;-24,79704815;-48,2145174;SPRF-SP;DEL05-SP;UOP02-DEL05-SP;false