id;data_inversa;dia_semana;horario;uf;br;km;municipio;causa_acidente;tipo_acidente;classificacao_acidente;fase_dia;sentido_via;condicao_metereologica;tipo_pista;tracado_via;uso_solo;pessoas;mortos;feridos_leves;feridos_graves;ilesos;ignorados;feridos;veiculos;latitude;longitude;regional;delegacia;uop;feriado
561377.0;2023-11-14;terça-feira;21:25:00;SP;116.0;271;TABOAO DA SERRA;Pedestre andava na pista;Atropelamento de Pedestre;Com Vítimas Fatais;Plena Noite;Crescente;Céu Claro;Múltipla;Reta;Sim;5;1;0;0;4;0;0;2;-23,6092305;-46,77047621;SPRF-SP;DEL04-SP;UOP01-DEL04-SP;false
561384.0;2023-11-14;terça-feira;21:00:00;SP;116.0;64,4;GUARATINGUETA;Transitar no Acostamento;Atropelamento de Pedestre;Com Vítimas Feridas;Plena Noite;Crescente;Céu Claro;Dupla;Reta;Sim;2;0;1;0;1;0;1;2;-22,81942006;-45,18421298;SPRF-SP;DEL08-SP;UOP01-DEL08-SP;false
561392.0;2023-11-14;terça-feira;23:50:00;SP;116.0;223;GUARULHOS;Ausência de reação do condutor;Queda de ocupante de veículo;Com Vítimas Feridas;Plena Noite;Decrescente;Céu Claro;Múltipla;Reta;Não;1;0;1;0;0;0;1;1;-23,47559815;-46,5246609;SPRF-SP;DEL01-SP;UOP01-DEL01-SP;false
561471.0;2023-11-15;quarta-feira;12:30:00;SP;116.0;111;TAUBATE;Condutor deixou de manter distância do veículo da frente;Colisão lateral mesmo sentido;Com Vítimas Feridas;Pleno dia;Crescente;Céu Claro;Dupla;Reta;Sim;3;0;2;0;1;0;2;2;-23,03887149;-45,56097419;SPRF-SP;DEL02-SP;UOP02-DEL02-SP;true
561562.0;2023-11-15;quarta-feira;23:50:00;SP;116.0;227;GUARULHOS;Reação tardia ou ineficiente do condutor;Colisão com objeto;Com Vítimas Feridas;Plena Noite;Decrescente;Nublado;Dupla;"Reta;Em Obras                 ";Sim;1;0;1;0;0;0;1;1;-23,49659264;-46,55648754;SPRF-SP;DEL01-SP;UOP01-DEL01-SP;true
561565.0;2023-11-15;quarta-feira;21:42:00;SP;116.0;51;LORENA;Mal súbito do condutor;Colisão com objeto;Com Vítimas Feridas;Plena Noite;Crescente;Nublado;Simples;Retorno Regulamentado;Sim;2;0;1;0;0;1;1;2;-22,74157511;-45,09206392;SPRF-SP;DEL08-SP;UOP02-DEL08-SP;true
561573.0;2023-11-16;quinta-feira;02:20:00;SP;116.0;288;ITAPECERICA DA SERRA;Ausência de reação do condutor;Queda de ocupante de veículo;Com Vítimas Feridas;Plena Noite;Decrescente;Céu Claro;Dupla;Reta;Sim;1;0;1;0;0;0;1;1;-23,719254;-46,883144;SPRF-SP;DEL04-SP;UOP01-DEL04-SP;false
561582.0;2023-11-16;quinta-feira;06:10:00;SP;116.0;210;GUARULHOS;Reação tardia ou ineficiente do condutor;Colisão traseira;Com Vítimas Feridas;Pleno dia;Crescente;Céu Claro;Dupla;Reta;Sim;4;0;2;0;2;0;2;3;-23,42870023;-46,41085991;SPRF-SP;DEL01-SP;UOP01-DEL01-SP;false
561609.0;2023-11-16;quinta-feira;09:00:00;SP;116.0;269;TABOAO DA SERRA;Reação tardia ou ineficiente do condutor;Colisão traseira;Com Vítimas Feridas;Pleno dia;Decrescente;Nublado;Múltipla;Reta;Sim;2;0;1;0;1;0;1;2;-23,61593059;-46,78826044;SPRF-SP;DEL04-SP;UOP01-DEL04-SP;false
561640.0;2023-11-16;quinta-feira;12:10:00;SP;116.0;228;SAO PAULO;Manobra de mudança de faixa;Colisão lateral mesmo sentido;Com Vítimas Feridas;Pleno dia;Crescente;Céu Claro;Múltipla;"Aclive;Reta                   ";Sim;2;0;1;0;0;1;1;2;-23,50343484;-46,56638712;SPRF-SP;DEL01-SP;UOP01-DEL01-SP;false
561714.0;2023-11-16;quinta-feira;20:10:00;SP;116.0;276;TABOAO DA SERRA;Reação tardia ou ineficiente do condutor;Colisão traseira;Com Vítimas Feridas;Plena Noite;Crescente;Céu Claro;Dupla;Reta;Sim;3;0;2;0;1;0;2;2;-23,64262417;-46,83811382;SPRF-SP;DEL04-SP;UOP01-DEL04-SP;false
561733.0;2023-11-16;quinta-feira;14:50:00;SP;116.0;284;EMBU DAS ARTES;Reação tardia ou ineficiente do condutor;Queda de ocupante de veículo;Com Vítimas Feridas;Pleno dia;Decrescente;Céu Claro;Dupla;Reta;Sim;1;0;1;0;0;0;1;1;-23,69998;-46,867767;SPRF-SP;DEL04-SP;UOP01-DEL04-SP;false
561745.0;2023-11-16;quinta-feira;23:00:00;SP;381.0;84;SAO PAULO;Avarias e/ou desgaste excessivo no pneu;Tombamento;Com Vítimas Feridas;Plena Noite;Decrescente;Céu Claro;Dupla;Reta;Não;1;0;1;0;0;0;1;1;-23,43937;-46,56807;SPRF-SP;DEL03-SP;UOP01-DEL03-SP;false
561786.0;2023-11-17;sexta-feira;08:15:00;SP;116.0;159;JACAREI;Reação tardia ou ineficiente do condutor;Colisão traseira;Com Vítimas Feridas;Pleno dia;Decrescente;Céu Claro;Dupla;Reta;Sim;3;0;0;3;0;0;3;2;-23,26585409;-45,95983994;SPRF-SP;DEL02-SP;UOP01-DEL02-SP;false
561797.0;2023-11-16;quinta-feira;20:35:00;SP;0.0;0;SAO JOSE DOS CAMPOS;Acessar a via sem observar a presença dos outros veículos;Colisão lateral mesmo sentido;Sem Vítimas;Plena Noite;Não Informado;Céu Claro;Dupla;Reta;Sim;3;0;0;0;3;0;0;2;-23,23903999;-45,92061901;SPRF-SP;DEL02-SP;UOP01-DEL02-SP;false
561802.0;2023-11-17;sexta-feira;09:40:00;SP;153.0;220,1;MARILIA;Objeto estático sobre o leito carroçável;Colisão com objeto;Com Vítimas Feridas;Pleno dia;Decrescente;Céu Claro;Simples;Reta;Não;3;0;1;0;0;2;1;2;-21,996762;-49,91299301;SPRF-SP;DEL07-SP;UOP02-DEL07-SP;false
561856.0;2023-11-17;sexta-feira;13:45:00;SP;116.0;435;REGISTRO;Reação tardia ou ineficiente do condutor;Saída de leito carroçável;Sem Vítimas;Pleno dia;Decrescente;Nublado;Múltipla;Reta;Não;1;0;0;0;1;0;0;1;-24,42978592;-47,78559107;SPRF-SP;DEL05-SP;UOP01-DEL05-SP;false
561870.0;2023-11-17;sexta-feira;15:30:00;SP;116.0;227,8;SAO PAULO;Reação tardia ou ineficiente do condutor;Colisão traseira;Com Vítimas Feridas;Pleno dia;Crescente;Céu Claro;Múltipla;Reta;Sim;2;0;0;1;1;0;1;2;-23,49659264;-46,55648754;SPRF-SP;DEL01-SP;UOP01-DEL01-SP;false
561880.0;2023-11-17;sexta-feira;16:50:00;SP;116.0;117,5;TAUBATE;Condutor deixou de manter distância do veículo da frente;Colisão traseira;Com Vítimas Feridas;Pleno dia;Decrescente;Sol;Dupla;Reta;Não;3;0;1;0;1;1;1;2;-23,0582298;-45,6176951;SPRF-SP;DEL02-SP;UOP02-DEL02-SP;false
561881.0;2023-11-17;sexta-feira;17:00:00;SP;116.0;116;TAUBATE;Ausência de reação do condutor;Colisão traseira;Com Vítimas Feridas;Pleno dia;Crescente;Céu Claro;Dupla;Reta;Sim;2;0;0;1;1;0;1;2;-23,05376319;-45,6088049;SPRF-SP;DEL02-SP;UOP02-DEL02-SP;false
561912.0;2023-11-17;sexta-feira;13:20:00;SP;0.0;0;UBATUBA;Conversão proibida;Colisão transversal;Com Vítimas Feridas;Pleno dia;Não Informado;Céu Claro;Simples;Reta;Sim;2;0;0;1;1;0;1;2;-23,43450962;-45,08726835;SPRF-SP;DEL06-SP;UOP01-DEL06-SP;false
561923.0;2023-11-17;sexta-feira;15:20:00;SP;116.0;219;GUARULHOS;Demais falhas mecânicas ou elétricas;Incêndio;Sem Vítimas;Pleno dia;Decrescente;Nublado;Múltipla;"Reta;Em Obras                 ";Sim;1;0;0;0;1;0;0;1;-23,46143954;-46,48885316;SPRF-SP;DEL01-SP;UOP01-DEL01-SP;false
561925.0;2023-11-17;sexta-feira;21:30:00;SP;116.0;230;SAO PAULO;Trafegar com motocicleta (ou similar) entre as faixas;Colisão lateral mesmo sentido;Com Vítimas Feridas;Plena Noite;Decrescente;Nublado;Múltipla;Reta;Não;2;0;0;1;1;0;1;2;-23,52251783;-46,5855702;SPRF-SP;DEL01-SP;UOP01-DEL01-SP;false
562011.0;2023-11-18;sábado;05:00:00;SP;153.0;147;PROMISSAO;Condutor Dormindo;Saída de leito carroçável;Com Vítimas Feridas;Amanhecer;Crescente;Céu Claro;Simples;Reta;Não;4;0;2;2;0;0;4;1;-21,39045903;-49,78991534;SPRF-SP;DEL07-SP;UOP01-DEL07-SP;false
562030.0;2023-11-18;sábado;09:50:00;SP;116.0;169;JACAREI;Condutor deixou de manter distância do veículo da frente;Engavetamento;Com Vítimas Feridas;Pleno dia;Decrescente;Céu Claro;Dupla;Reta;Não;8;0;5;0;3;0;5;3;-23,307652;-46,045128;SPRF-SP;DEL02-SP;UOP01-DEL02-SP;false
562046.0;2023-11-18;sábado;13:35:00;SP;101.0;19;UBATUBA;Desrespeitar a preferência no cruzamento;Colisão traseira;Com Vítimas Feridas;Pleno dia;Crescente;Céu Claro;Dupla;Interseção de Vias;Não;4;0;1;0;2;1;1;3;-23,32120409;-44,90797484;SPRF-SP;DEL06-SP;UOP01-DEL06-SP;false
562056.0;2023-11-18;sábado;14:20:00;SP;116.0;306;SAO LOURENCO DA SERRA;Ausência de reação do condutor;Tombamento;Com Vítimas Feridas;Pleno dia;Crescente;Céu Claro;Dupla;Reta;Não;1;0;1;0;0;0;1;1;-23,8486091;-46,93801566;SPRF-SP;DEL04-SP;UOP01-DEL04-SP;false
562060.0;2023-11-18;sábado;14:24:00;SP;381.0;41;ATIBAIA;Pedestre andava na pista;Atropelamento de Pedestre;Com Vítimas Fatais;Pleno dia;Crescente;Céu Claro;Múltipla;Reta;Não;2;1;0;0;1;0;0;2;-23,1386399893;-46,5758408799;SPRF-SP;DEL03-SP;UOP01-DEL03-SP;false
562071.0;2023-11-18;sábado;16:10:00;SP;116.0;222;GUARULHOS;Condutor deixou de manter distância do veículo da frente;Colisão traseira;Com Vítimas Feridas;Pleno dia;Decrescente;Sol;Múltipla;Reta;Sim;2;0;1;0;1;0;1;2;-23,47093408;-46,51631097;SPRF-SP;DEL01-SP;UOP01-DEL01-SP;false
562132.0;2023-11-18;sábado;20:30:00;SP;381.0;76,5;SAO PAULO;Ausência de reação do condutor;Saída de leito carroçável;Sem Vítimas;Plena Noite;Crescente;Nublado;Múltipla;"Declive;Curva                 ";Não;1;0;0;0;1;0;0;1;-23,38372401;-46,56502116;SPRF-SP;DEL03-SP;UOP01-DEL03-SP;false
562142.0;2023-11-18;sábado;21:20:00;SP;116.0;221;GUARULHOS;Condutor deixou de manter distância do veículo da frente;Tombamento;Com Vítimas Feridas;Plena Noite;Decrescente;Céu Claro;Múltipla;Reta;Não;1;0;1;0;0;0;1;1;-23,46802395;-46,50704901;SPRF-SP;DEL01-SP;UOP01-DEL01-SP;false
562152.0;2023-11-18;sábado;22:20:00;SP;116.0;269;TABOAO DA SERRA;Entrada inopinada do pedestre;Atropelamento de Pedestre;Com Vítimas Feridas;Plena Noite;Decrescente;Chuva;Múltipla;Reta;Sim;2;0;1;0;1;0;1;2;-23,61593059;-46,78826044;SPRF-SP;DEL04-SP;UOP01-DEL04-SP;false
562170.0;2023-11-19;domingo;00:30:00;SP;116.0;27,4;SILVEIRAS;Reação tardia ou ineficiente do condutor;Capotamento;Com Vítimas Feridas;Plena Noite;Crescente;Nublado;Dupla;Curva;Não;3;0;2;1;0;0;3;1;-22,61994629;-44,90836974;SPRF-SP;DEL08-SP;UOP02-DEL08-SP;false
562193.0;2023-11-19;domingo;05:30:00;SP;116.0;223;GUARULHOS;Ausência de reação do condutor;Colisão com objeto;Com Vítimas Feridas;Pleno dia;Crescente;Nublado;Múltipla;Reta;Sim;2;0;1;0;1;0;1;1;-23,47559815;-46,5246609;SPRF-SP;DEL01-SP;UOP01-DEL01-SP;false
562201.0;2023-11-19;domingo;06:00:00;SP;116.0;282;EMBU DAS ARTES;Acumulo de água sobre o pavimento;Saída de leito carroçável;Com Vítimas Feridas;Pleno dia;Decrescente;Garoa/Chuvisco;Dupla;"Curva;Viaduto                 ";Sim;1;0;1;0;0;0;1;1;-23,68570216;-46,85970975;SPRF-SP;DEL04-SP;UOP01-DEL04-SP;false
562207.0;2023-11-19;domingo;06:40:00;SP;116.0;322;JUQUITIBA;Reação tardia ou ineficiente do condutor;Saída de leito carroçável;Com Vítimas Feridas;Amanhecer;Decrescente;Garoa/Chuvisco;Dupla;Curva;Sim;1;0;1;0;0;0;1;1;-23,935106;-47,026682;SPRF-SP;DEL04-SP;UOP03-DEL04-SP;false
562225.0;2023-11-19;domingo;07:50:00;SP;116.0;500,1;CAJATI;Reação tardia ou ineficiente do condutor;Capotamento;Com Vítimas Feridas;Pleno dia;Crescente;Chuva;Simples;Curva;Não;4;0;3;0;1;0;3;1;-24,78162109;-48,18342711;SPRF-SP;DEL05-SP;UOP02-DEL05-SP;false
562230.0;2023-11-19;domingo;07:30:00;SP;116.0;111,9;TAUBATE;Condutor deixou de manter distância do veículo da frente;Engavetamento;Com Vítimas Feridas;Pleno dia;Decrescente;Chuva;Dupla;Reta;Sim;5;0;2;0;3;0;2;3;-23,03887149;-45,56097419;SPRF-SP;DEL02-SP;UOP02-DEL02-SP;false
562233.0;2023-11-19;domingo;10:00:00;SP;101.0;51;UBATUBA;Ultrapassagem Indevida;Colisão frontal;Com Vítimas Feridas;Pleno dia;Crescente;Garoa/Chuvisco;Simples;"Reta;Interseção de Vias       ";Sim;3;0;1;0;2;0;1;3;-23,4599001;-45,06739855;SPRF-SP;DEL06-SP;UOP01-DEL06-SP;false
562250.0;2023-11-19;domingo;11:00:00;SP;116.0;506;CAJATI;Reação tardia ou ineficiente do condutor;Capotamento;Com Vítimas Feridas;Pleno dia;Crescente;Chuva;Simples;"Curva;Declive                 ";Não;4;0;2;0;2;0;2;1;-24,79704815;-48,2145174;SPRF-SP;DEL05-SP;UOP02-DEL05-SP;false
562264.0;2023-11-19;domingo;13:00:00;SP;116.0;122;CACAPAVA;Condutor deixou de manter distância do veículo da frente;Colisão traseira;Com Vítimas Feridas;Pleno dia;Decrescente;Nublado;Dupla;Reta;Não;4;0;1;0;3;0;1;3;-23,08192414;-45,66154591;SPRF-SP;DEL02-SP;UOP02-DEL02-SP;false
562281.0;2023-11-19;domingo;14:43:00;SP;116.0;227;GUARULHOS;Pista Escorregadia;Queda de ocupante de veículo;Com Vítimas Feridas;Pleno dia;Decrescente;Chuva;Múltipla;Reta;Sim;2;0;1;0;1;0;1;1;-23,49659264;-46,55648754;SPRF-SP;DEL01-SP;UOP01-DEL01-SP;false
562302.0;2023-11-19;domingo;17:15:00;SP;101.0;39,7;UBATUBA;Acessar a via sem observar a presença dos outros veículos;Colisão transversal;Com Vítimas Feridas;Anoitecer;Crescente;Chuva;Dupla;Reta;Não;4;0;1;1;2;0;2;3;-23,41495528;-45,03516778;SPRF-SP;DEL06-SP;UOP01-DEL06-SP;false
562327.0;2023-11-19;domingo;18:30:00;SP;116.0;304,7;SAO LOURENCO DA SERRA;Ausência de reação do condutor;Saída de leito carroçável;Com Vítimas Feridas;Plena Noite;Crescente;Chuva;Múltipla;Curva;Não;2;0;2;0;0;0;2;1;-23,835151;-46,92964497;SPRF-SP;DEL04-SP;UOP01-DEL04-SP;false
562352.0;2023-11-19;domingo;19:45:00;SP;116.0;561;BARRA DO TURVO;Reação tardia ou ineficiente do condutor;Capotamento;Com Vítimas Feridas;Anoitecer;Decrescente;Garoa/Chuvisco;Dupla;Curva;Não;1;0;1;0;0;0;1;1;-25,02045097;-48,51586004;SPRF-SP;DEL05-SP;UOP02-DEL05-SP;false
562389.0;2023-11-19;domingo;21:25:00;SP;116.0;41,7;CACHOEIRA PAULISTA;Velocidade Incompatível;Colisão com objeto;Com Vítimas Feridas;Plena Noite;Crescente;Chuva;Dupla;Reta;Não;4;0;2;0;2;0;2;3;-22,68631027;-45,0146498;SPRF-SP;DEL08-SP;UOP02-DEL08-SP;false
562424.0;2023-11-20;segunda-feira;05:00:00;SP;116.0;273;TABOAO DA SERRA;Ausência de reação do condutor;Colisão com objeto;Com Vítimas Feridas;Amanhecer;Decrescente;Garoa/Chuvisco;Dupla;Curva;Sim;2;0;1;0;1;0;1;1;-23,62809795;-46,81870306;SPRF-SP;DEL04-SP;UOP01-DEL04-SP;false
562485.0;2023-11-20;segunda-feira;11:00:00;SP;116.0;363;MIRACATU;Chuva;Saída de leito carroçável;Com Vítimas Feridas;Pleno dia;Crescente;Chuva;Dupla;Curva;Não;3;0;1;0;2;0;1;1;-24,13038097;-47,27114281;SPRF-SP;DEL04-SP;UOP02-DEL04-SP;false
562487.0;2023-11-20;segunda-feira;11:10:00;SP;116.0;363;MIRACATU;Pista Escorregadia;Tombamento;Com Vítimas Feridas;Pleno dia;Crescente;Chuva;Dupla;Reta;Sim;1;0;1;0;0;0;1;1;-24,13038097;-47,27114281;SPRF-SP;DEL04-SP;UOP02-DEL04-SP;false
562510.0;2023-08-12;sábado;12:30:00;SP;381.0;77;SAO PAULO;Velocidade Incompatível;Saída de leito carroçável;Com Vítimas Feridas;Pleno dia;Crescente;Nublado;Dupla;Curva;Sim;2;0;1;1;0;0;2;2;-23,388839;-46,5693478;SPRF-SP;DEL03-SP;UOP01-DEL03-SP;false
562540.0;2023-11-20;segunda-feira;17:00:00;SP;116.0;230,2;SAO PAULO;Ausência de reação do condutor;Colisão traseira;Com Vítimas Feridas;Pleno dia;Crescente;Nublado;Múltipla;Reta;Sim;2;0;0;1;1;0;1;2;-23,52251783;-46,5855702;SPRF-SP;DEL01-SP;UOP01-DEL01-SP;false
562600.0;2023-11-20;segunda-feira;20:45:00;SP;116.0;36,3;CRUZEIRO;Chuva;Colisão lateral mesmo sentido;Com Vítimas Feridas;Plena Noite;Decrescente;Chuva;Dupla;Reta;Não;2;0;1;0;1;0;1;2;-22,66128426;-44,97738361;SPRF-SP;DEL08-SP;UOP02-DEL08-SP;false
562646.0;2023-11-21;terça-feira;07:10:00;SP;116.0;224,3;GUARULHOS;Manobra de mudança de faixa;Colisão traseira;Com Vítimas Feridas;Pleno dia;Decrescente;Céu Claro;Dupla;Reta;Não;2;0;1;0;1;0;1;2;-23,48071896;-46,53271603;SPRF-SP;DEL01-SP;UOP01-DEL01-SP;false
562663.0;2023-11-21;terça-feira;07:30:00;SP;116.0;389;MIRACATU;Velocidade Incompatível;Colisão traseira;Sem Vítimas;Pleno dia;Decrescente;Nublado;Dupla;Reta;Não;3;0;0;0;3;0;0;2;-24,2823606;-47,4330272;SPRF-SP;DEL04-SP;UOP02-DEL04-SP;false
562665.0;2023-11-21;terça-feira;09:30:00;SP;116.0;228;GUARULHOS;Reação tardia ou ineficiente do condutor;Colisão lateral mesmo sentido;Com Vítimas Feridas;Pleno dia;Crescente;Céu Claro;Múltipla;Reta;Sim;2;0;1;0;1;0;1;2;-23,50507689;-46,56925321;SPRF-SP;DEL01-SP;UOP01-DEL01-SP;false
562698.0;2023-11-21;terça-feira;12:30:00;SP;116.0;124,8;CACAPAVA;Avarias e/ou desgaste excessivo no pneu;Colisão com objeto;Com Vítimas Feridas;Pleno dia;Crescente;Sol;Dupla;Declive;Sim;2;0;2;0;0;0;2;1;-23,093116;-45,677904;SPRF-SP;DEL02-SP;UOP02-DEL02-SP;false
562718.0;2023-10-04;quarta-feira;12:05:00;SP;116.0;509;CAJATI;Chuva;Saída de leito carroçável;Sem Vítimas;Pleno dia;Decrescente;Chuva;Dupla;Curva;Não;2;0;0;0;2;0;0;1;-24,82178987;-48,21419034;SPRF-SP;DEL05-SP;UOP02-DEL05-SP;false
562749.0;2023-11-21;terça-feira;17:00:00;SP;116.0;226,8;GUARULHOS;Reação tardia ou ineficiente do condutor;Queda de ocupante de veículo;Com Vítimas Feridas;Pleno dia;Crescente;Céu Claro;Múltipla;Reta;Não;1;0;1;0;0;0;1;1;-23,49102507;-46,54878195;SPRF-SP;DEL01-SP;UOP01-DEL01-SP;false
562757.0;2023-11-21;terça-feira;17:35:00;SP;116.0;145;SAO JOSE DOS CAMPOS;Ausência de reação do condutor;Colisão traseira;Com Vítimas Feridas;Anoitecer;Crescente;Nublado;Dupla;Reta;Sim;2;0;1;0;1;0;1;2;-23,1869844;-45,8548078;SPRF-SP;DEL02-SP;UOP01-DEL02-SP;false
562823.0;2023-11-22;quarta-feira;03:50:00;SP;153.0;138,8;PROMISSAO;Condutor Dormindo;Saída de leito carroçável;Com Vítimas Feridas;Plena Noite;Crescente;Nublado;Simples;Curva;Não;1;0;1;0;0;0;1;1;-21,31002302;-49,79450084;SPRF-SP;DEL07-SP;UOP01-DEL07-SP;false
562830.0;2023-11-22;quarta-feira;05:15:00;SP;116.0;299,8;SAO LOURENCO DA SERRA;Avarias e/ou desgaste excessivo no pneu;Tombamento;Com Vítimas Fatais;Amanhecer;Decrescente;Céu Claro;Dupla;Curva;Não;2;1;0;1;0;0;1;1;-23,79881101;-46,91523899;SPRF-SP;DEL04-SP;UOP01-DEL04-SP;false
562832.0;2023-11-22;quarta-feira;07:20:00;SP;116.0;155,2;SAO JOSE DOS CAMPOS;Ausência de reação do condutor;Colisão traseira;Com Vítimas Feridas;Pleno dia;Crescente;Céu Claro;Dupla;Aclive;Sim;2;0;1;0;1;0;1;2;-23,24524337;-45,92772774;SPRF-SP;DEL02-SP;UOP01-DEL02-SP;false
562839.0;2023-11-22;quarta-feira;08:20:00;SP;116.0;71;APARECIDA;Acumulo de óleo sobre o pavimento;Colisão lateral sentido oposto;Com Vítimas Feridas;Pleno dia;Decrescente;Céu Claro;Simples;Curva;Sim;2;0;1;0;1;0;1;2;-22,85651665;-45,23114328;SPRF-SP;DEL08-SP;UOP01-DEL08-SP;false
562852.0;2023-11-22;quarta-feira;08:50:00;SP;116.0;286;ITAPECERICA DA SERRA;Trafegar com motocicleta (ou similar) entre as faixas;Colisão lateral mesmo sentido;Com Vítimas Feridas;Pleno dia;Decrescente;Sol;Dupla;Reta;Sim;2;0;1;0;1;0;1;2;-23,70925128;-46,87588966;SPRF-SP;DEL04-SP;UOP01-DEL04-SP;false
562900.0;2023-11-22;quarta-feira;15:30:00;SP;116.0;223;GUARULHOS;Trafegar com motocicleta (ou similar) entre as faixas;Tombamento;Com Vítimas Feridas;Pleno dia;Crescente;Céu Claro;Múltipla;Reta;Sim;1;0;1;0;0;0;1;1;-23,47559815;-46,5246609;SPRF-SP;DEL01-SP;UOP01-DEL01-SP;false
562937.0;2023-11-22;quarta-feira;16:50:00;SP;116.0;43,5;CANAS;Demais falhas mecânicas ou elétricas;Capotamento;Com Vítimas Feridas;Pleno dia;Decrescente;Chuva;Dupla;Reta;Não;2;0;1;1;0;0;2;1;-22,6973511;-45,03013594;SPRF-SP;DEL08-SP;UOP02-DEL08-SP;false
562958.0;2023-11-22;quarta-feira;19:15:00;SP;116.0;46;CANAS;Ausência de reação do condutor;Colisão traseira;Com Vítimas Feridas;Plena Noite;Decrescente;Céu Claro;Dupla;"Declive;Reta                  ";Não;2;0;0;1;1;0;1;2;-22,71393589;-45,05335608;SPRF-SP;DEL08-SP;UOP02-DEL08-SP;false
562978.0;2023-11-22;quarta-feira;23:05:00;SP;116.0;301,1;SAO LOURENCO DA SERRA;Reação tardia ou ineficiente do condutor;Tombamento;Sem Vítimas;Plena Noite;Decrescente;Nublado;Dupla;Reta;Não;1;0;0;0;1;0;0;1;-23,81147602;-46,92298208;SPRF-SP;DEL04-SP;UOP01-DEL04-SP;false
562979.0;2023-11-22;quarta-feira;22:00:00;SP;0.0;0;BADY BASSITT;Chuva;Saída de leito carroçável;Sem Vítimas;Plena Noite;Não Informado;Chuva;Simples;Aclive;Sim;1;0;0;0;0;1;0;1;-20,89770638;-49,43881989;SPRF-SP;DEL09-SP;UOP01-DEL09-SP;false
562982.0;2023-11-22;quarta-feira;23:40:00;SP;153.0;325;SALTO GRANDE;Avarias e/ou desgaste excessivo no pneu;Tombamento;Com Vítimas Feridas;Plena Noite;Decrescente;Nublado;Simples;Reta;Não;2;0;1;0;1;0;1;1;-22,8071310024;-49,889665731;SPRF-SP;DEL07-SP;UOP03-DEL07-SP;false
563022.0;2023-07-05;quarta-feira;21:40:00;SP;116.0;223;GUARULHOS;Reação tardia ou ineficiente do condutor;Tombamento;Com Vítimas Feridas;Plena Noite;Decrescente;Céu Claro;Dupla;Reta;Sim;1;0;1;0;0;0;1;1;-23,47559815;-46,5246609;SPRF-SP;DEL01-SP;UOP01-DEL01-SP;false
563027.0;2023-10-15;domingo;00:45:00;SP;116.0;2,8;QUELUZ;Reação tardia ou ineficiente do condutor;Tombamento;Com Vítimas Feridas;Plena Noite;Crescente;Chuva;Dupla;Curva;Não;31;0;11;6;14;0;17;1;-22,52376778;-44,72379684;SPRF-SP;DEL08-SP;UOP02-DEL08-SP;false
563047.0;2023-11-23;quinta-feira;07:30:00;SP;381.0;60,3;MAIRIPORA;Acumulo de óleo sobre o pavimento;Colisão com objeto;Com Vítimas Feridas;Pleno dia;Crescente;Chuva;Dupla;Curva;Não;5;0;2;0;3;0;2;1;-23,28957673;-46,58729853;SPRF-SP;DEL03-SP;UOP01-DEL03-SP;false
563067.0;2023-11-23;quinta-feira;12:15:00;SP;116.0;221;GUARULHOS;Acessar a via sem observar a presença dos outros veículos;Colisão lateral mesmo sentido;Com Vítimas Feridas;Pleno dia;Crescente;Céu Claro;Múltipla;Reta;Sim;2;0;1;0;0;1;1;2;-23,46802395;-46,50704901;SPRF-SP;DEL01-SP;UOP01-DEL01-SP;false
563072.0;2023-11-23;quinta-feira;13:00:00;SP;116.0;269;TABOAO DA SERRA;Reação tardia ou ineficiente do condutor;Colisão traseira;Com Vítimas Feridas;Pleno dia;Crescente;Céu Claro;Múltipla;Reta;Sim;3;0;2;0;1;0;2;2;-23,61593059;-46,78826044;SPRF-SP;DEL04-SP;UOP01-DEL04-SP;false
563085.0;2023-11-23;quinta-feira;13:15:00;SP;116.0;139,8;SAO JOSE DOS CAMPOS;Demais falhas mecânicas ou elétricas;Tombamento;Com Vítimas Feridas;Pleno dia;Crescente;Céu Claro;Dupla;Reta;Não;2;0;2;0;0;0;2;1;-23,16153216;-45,80400592;SPRF-SP;DEL02-SP;UOP01-DEL02-SP;false
563093.0;2023-11-23;quinta-feira;15:10:00;SP;153.0;120;UBARANA;Acessar a via sem observar a presença dos outros veículos;Colisão transversal;Com Vítimas Feridas;Pleno dia;Decrescente;Chuva;Simples;Reta;Não;5;0;4;0;1;0;4;2;-21,16208007;-49,71112986;SPRF-SP;DEL09-SP;UOP01-DEL09-SP;false
563132.0;2023-04-26;quarta-feira;06:30:00;SP;116.0;226;GUARULHOS;Ausência de reação do condutor;Colisão traseira;Com Vítimas Feridas;Pleno dia;Crescente;Nublado;Múltipla;Reta;Sim;2;0;1;0;1;0;1;2;-23,49102507;-46,54878195;SPRF-SP;DEL01-SP;UOP01-DEL01-SP;false
563164.0;2023-11-23;quinta-feira;20:05:00;SP;116.0;225;GUARULHOS;Reação tardia ou ineficiente do condutor;Colisão com objeto;Com Vítimas Feridas;Plena Noite;Crescente;Garoa/Chuvisco;Múltipla;Reta;Sim;1;0;1;0;0;0;1;1;-23,48586772;-46,54075317;SPRF-SP;DEL01-SP;UOP01-DEL01-SP;false