id;data_inversa;dia_semana;horario;uf;br;km;municipio;causa_acidente;tipo_acidente;classificacao_acidente;fase_dia;sentido_via;condicao_metereologica;tipo_pista;tracado_via;uso_solo;pessoas;mortos;feridos_leves;feridos_graves;ilesos;ignorados;feridos;veiculos;latitude;longitude;regional;delegacia;uop;feriado
563171.0;2023-11-23;quinta-feira;20:10:00;SP;381.0;82;SAO PAULO;Entrada inopinada do pedestre;Atropelamento de Pedestre;Com Vítimas Fatais;Plena Noite;Decrescente;Chuva;Múltipla;"Reta;Aclive                   ";Sim;2;1;0;0;1;0;0;2;-23,42399;-46,575112;SPRF-SP;DEL03-SP;UOP01-DEL03-SP;false
563177.0;2023-11-23;quinta-feira;21:45:00;SP;116.0;117,6;TAUBATE;Ausência de reação do condutor;Capotamento;Com Vítimas Feridas;Plena Noite;Decrescente;Nublado;Dupla;"Reta;Aclive                   ";Não;1;0;1;0;0;0;1;1;-23,0582298;-45,6176951;SPRF-SP;DEL02-SP;UOP02-DEL02-SP;false
563183.0;2023-11-23;quinta-feira;23:20:00;SP;116.0;140,4;SAO JOSE DOS CAMPOS;Ausência de reação do condutor;Colisão traseira;Com Vítimas Feridas;Plena Noite;Decrescente;Chuva;Dupla;Reta;Não;3;0;0;1;0;2;1;3;-23,16577714;-45,81246193;SPRF-SP;DEL02-SP;UOP01-DEL02-SP;false
563219.0;2023-11-24;sexta-feira;07:50:00;SP;116.0;220;GUARULHOS;Reação tardia ou ineficiente do condutor;Colisão traseira;Com Vítimas Feridas;Pleno dia;Crescente;Garoa/Chuvisco;Múltipla;Reta;Sim;2;0;1;0;0;1;1;2;-23,46472809;-46,49793962;SPRF-SP;DEL01-SP;UOP01-DEL01-SP;false
563297.0;2023-11-24;sexta-feira;15:50:00;SP;116.0;105;TAUBATE;Reação tardia ou ineficiente do condutor;Capotamento;Com Vítimas Feridas;Pleno dia;Decrescente;Céu Claro;Dupla;Reta;Não;1;0;0;1;0;0;1;1;-23,00757973;-45,51466613;SPRF-SP;DEL02-SP;UOP02-DEL02-SP;false
563324.0;2023-11-24;sexta-feira;18:30:00;SP;116.0;142;SAO JOSE DOS CAMPOS;Reação tardia ou ineficiente do condutor;Colisão lateral mesmo sentido;Com Vítimas Feridas;Plena Noite;Decrescente;Nublado;Dupla;Reta;Sim;2;0;1;0;1;0;1;2;-23,17426078;-45,82940111;SPRF-SP;DEL02-SP;UOP01-DEL02-SP;false
563326.0;2023-11-24;sexta-feira;18:00:00;SP;116.0;215,7;GUARULHOS;Manobra de mudança de faixa;Colisão traseira;Com Vítimas Feridas;Anoitecer;Decrescente;Garoa/Chuvisco;Múltipla;Reta;Não;2;0;1;0;1;0;1;2;-23,44695693;-46,45394103;SPRF-SP;DEL01-SP;UOP01-DEL01-SP;false
563374.0;2023-11-24;sexta-feira;22:00:00;SP;116.0;212,2;GUARULHOS;Reação tardia ou ineficiente do condutor;Colisão com objeto;Com Vítimas Feridas;Plena Noite;Decrescente;Garoa/Chuvisco;Múltipla;Reta;Sim;3;0;2;0;0;1;2;2;-23,43851458;-46,43400979;SPRF-SP;DEL01-SP;UOP01-DEL01-SP;false
563454.0;2023-11-25;sábado;06:30:00;SP;116.0;270;TABOAO DA SERRA;Ausência de reação do condutor;Tombamento;Sem Vítimas;Pleno dia;Decrescente;Céu Claro;Múltipla;Reta;Sim;1;0;0;0;1;0;0;1;-23,61799728;-46,79677694;SPRF-SP;DEL04-SP;UOP01-DEL04-SP;false
563472.0;2023-11-25;sábado;07:50:00;SP;116.0;500;CAJATI;Reação tardia ou ineficiente do condutor;Capotamento;Com Vítimas Feridas;Pleno dia;Crescente;Nublado;Dupla;Curva;Não;5;0;1;0;4;0;1;1;-24,78162109;-48,18342711;SPRF-SP;DEL05-SP;UOP02-DEL05-SP;false
563530.0;2023-11-25;sábado;15:20:00;SP;116.0;216;GUARULHOS;Reação tardia ou ineficiente do condutor;Atropelamento de Pedestre;Com Vítimas Feridas;Pleno dia;Crescente;Chuva;Múltipla;Reta;Sim;2;0;0;1;0;1;1;2;-23,45056589;-46,46258105;SPRF-SP;DEL01-SP;UOP01-DEL01-SP;false
563556.0;2023-11-25;sábado;17:05:00;SP;153.0;49,2;SAO JOSE DO RIO PRETO;Ausência de reação do condutor;Colisão transversal;Sem Vítimas;Pleno dia;Crescente;Nublado;Simples;Retorno Regulamentado;Sim;4;0;0;0;4;0;0;2;-20,70000401;-49,33945823;SPRF-SP;DEL09-SP;UOP01-DEL09-SP;false
563567.0;2023-11-21;terça-feira;11:45:00;SP;381.0;61;MAIRIPORA;Ausência de reação do condutor;Queda de ocupante de veículo;Com Vítimas Feridas;Pleno dia;Crescente;Céu Claro;Dupla;"Declive;Reta                  ";Não;1;0;0;1;0;0;1;1;-23,29011611;-46,5800681;SPRF-SP;DEL03-SP;UOP01-DEL03-SP;false
563579.0;2023-11-25;sábado;18:20:00;SP;116.0;157;SAO JOSE DOS CAMPOS;Transitar no Acostamento;Queda de ocupante de veículo;Com Vítimas Feridas;Plena Noite;Decrescente;Céu Claro;Simples;"Curva;Aclive;Interseção de Via";Não;1;0;1;0;0;0;1;1;-23,25558031;-45,9437828;SPRF-SP;DEL02-SP;UOP01-DEL02-SP;false
563599.0;2023-11-25;sábado;17:20:00;SP;381.0;74,8;SAO PAULO;Reação tardia ou ineficiente do condutor;Capotamento;Com Vítimas Feridas;Pleno dia;Decrescente;Chuva;Dupla;"Curva;Declive                 ";Não;2;0;1;0;1;0;1;1;-23,37208014;-46,55700294;SPRF-SP;DEL03-SP;UOP01-DEL03-SP;false
563612.0;2023-11-25;sábado;21:50:00;SP;153.0;341;OURINHOS;Pista esburacada;Tombamento;Com Vítimas Feridas;Plena Noite;Crescente;Céu Claro;Dupla;Reta;Não;1;0;1;0;0;0;1;1;-22,94053093;-49,91226196;SPRF-SP;DEL07-SP;UOP03-DEL07-SP;false
563641.0;2023-11-26;domingo;00:00:00;SP;381.0;74;SAO PAULO;Reação tardia ou ineficiente do condutor;Tombamento;Com Vítimas Feridas;Plena Noite;Decrescente;Garoa/Chuvisco;Dupla;Reta;Não;1;0;1;0;0;0;1;1;-23,37208014;-46,55700294;SPRF-SP;DEL03-SP;UOP01-DEL03-SP;false
563655.0;2023-11-26;domingo;02:45:00;SP;116.0;314,7;JUQUITIBA;Reação tardia ou ineficiente do condutor;Queda de ocupante de veículo;Com Vítimas Feridas;Plena Noite;Crescente;Céu Claro;Dupla;Reta;Não;1;0;1;0;0;0;1;1;-23,89562822;-46,98556063;SPRF-SP;DEL04-SP;UOP01-DEL04-SP;false
563668.0;2023-11-26;domingo;04:15:00;SP;116.0;432;REGISTRO;Ausência de reação do condutor;Colisão traseira;Com Vítimas Feridas;Plena Noite;Decrescente;Nublado;Dupla;Reta;Não;4;0;1;0;2;1;1;2;-24,41194876;-47,75392914;SPRF-SP;DEL05-SP;UOP01-DEL05-SP;false
563685.0;2023-11-26;domingo;06:50:00;SP;116.0;292;ITAPECERICA DA SERRA;Reação tardia ou ineficiente do condutor;Colisão com objeto;Sem Vítimas;Pleno dia;Decrescente;Nublado;Simples;Curva;Sim;1;0;0;0;1;0;0;1;-23,74581995;-46,90003027;SPRF-SP;DEL04-SP;UOP01-DEL04-SP;false
563767.0;2023-11-26;domingo;16:25:00;SP;101.0;35;UBATUBA;Carga excessiva e/ou mal acondicionada;Derramamento de carga;Com Vítimas Feridas;Pleno dia;Crescente;Nublado;Simples;Declive;Sim;2;0;1;0;1;0;1;2;-23,39244374;-45,00823311;SPRF-SP;DEL06-SP;UOP01-DEL06-SP;false
563774.0;2023-11-26;domingo;15:45:00;SP;116.0;505;CAJATI;Reação tardia ou ineficiente do condutor;Saída de leito carroçável;Com Vítimas Feridas;Pleno dia;Crescente;Nublado;Simples;"Curva;Declive                 ";Não;2;0;2;0;0;0;2;1;-24,79028098;-48,21075278;SPRF-SP;DEL05-SP;UOP02-DEL05-SP;false
563785.0;2023-11-26;domingo;19:00:00;SP;381.0;89;GUARULHOS;Pista esburacada;Tombamento;Com Vítimas Feridas;Plena Noite;Decrescente;Céu Claro;Múltipla;Reta;Sim;1;0;1;0;0;0;1;1;-23,48469299;-46,55983288;SPRF-SP;DEL03-SP;UOP01-DEL03-SP;false
563798.0;2023-11-26;domingo;20:10:00;SP;116.0;154,6;SAO JOSE DOS CAMPOS;Ausência de reação do condutor;Colisão lateral mesmo sentido;Com Vítimas Feridas;Plena Noite;Crescente;Nublado;Dupla;Reta;Não;2;0;1;0;1;0;1;2;-23,23903999;-45,92061901;SPRF-SP;DEL02-SP;UOP01-DEL02-SP;false
563806.0;2023-11-26;domingo;20:00:00;SP;381.0;73;MAIRIPORA;Ausência de reação do condutor;Tombamento;Com Vítimas Feridas;Plena Noite;Crescente;Nublado;Múltipla;"Curva;Aclive                  ";Não;1;0;1;0;0;0;1;1;-23,36553404;-46,55253934;SPRF-SP;DEL03-SP;UOP01-DEL03-SP;false
563822.0;2023-11-26;domingo;20:50:00;SP;116.0;505;CAJATI;Reação tardia ou ineficiente do condutor;Saída de leito carroçável;Com Vítimas Feridas;Plena Noite;Crescente;Garoa/Chuvisco;Simples;"Curva;Declive                 ";Não;1;0;1;0;0;0;1;1;-24,79028098;-48,21075278;SPRF-SP;DEL05-SP;UOP02-DEL05-SP;false
563832.0;2023-11-26;domingo;22:15:00;SP;116.0;219;GUARULHOS;Afundamento ou ondulação no pavimento;Tombamento;Com Vítimas Feridas;Plena Noite;Decrescente;Ignorado;Múltipla;Reta;Sim;1;0;1;0;0;0;1;1;-23,46527628;-46,49958112;SPRF-SP;DEL01-SP;UOP01-DEL01-SP;false
563867.0;2023-11-27;segunda-feira;05:00:00;SP;116.0;178;GUARAREMA;Reação tardia ou ineficiente do condutor;Colisão traseira;Com Vítimas Feridas;Pleno dia;Decrescente;Céu Claro;Dupla;Reta;Não;3;0;2;0;1;0;2;2;-23,327667;-46,128108;SPRF-SP;DEL01-SP;UOP01-DEL01-SP;false
563868.0;2023-11-27;segunda-feira;06:00:00;SP;116.0;287;ITAPECERICA DA SERRA;Reação tardia ou ineficiente do condutor;Colisão com objeto;Com Vítimas Feridas;Pleno dia;Decrescente;Céu Claro;Dupla;Reta;Não;1;0;1;0;0;0;1;1;-23,71441779;-46,87929634;SPRF-SP;DEL04-SP;UOP01-DEL04-SP;false
563884.0;2023-11-27;segunda-feira;07:35:00;SP;116.0;199;ARUJA;Ausência de reação do condutor;Atropelamento de Pedestre;Com Vítimas Feridas;Pleno dia;Crescente;Nublado;Dupla;Reta;Não;2;0;1;0;1;0;1;2;-23,40185327;-46,31154312;SPRF-SP;DEL01-SP;UOP01-DEL01-SP;false
563903.0;2023-11-27;segunda-feira;09:15:00;SP;116.0;499;CAJATI;Reação tardia ou ineficiente do condutor;Saída de leito carroçável;Com Vítimas Feridas;Pleno dia;Crescente;Chuva;Simples;"Aclive;Curva                  ";Não;1;0;1;0;0;0;1;1;-24,78228753;-48,17695233;SPRF-SP;DEL05-SP;UOP02-DEL05-SP;false
563945.0;2023-11-27;segunda-feira;13:00:00;SP;153.0;63;SAO JOSE DO RIO PRETO;Ausência de reação do condutor;Engavetamento;Com Vítimas Feridas;Pleno dia;Crescente;Nublado;Dupla;Aclive;Sim;4;0;2;0;2;0;2;3;-20,82149698;-49,35764818;SPRF-SP;DEL09-SP;UOP01-DEL09-SP;false
563969.0;2023-11-27;segunda-feira;15:50:00;SP;116.0;0,5;QUELUZ;Manobra de mudança de faixa;Colisão com objeto;Com Vítimas Feridas;Pleno dia;Crescente;Nublado;Dupla;Reta;Não;2;0;1;0;1;0;1;1;-22,51857322;-44,70793587;SPRF-SP;DEL08-SP;UOP02-DEL08-SP;false
563989.0;2023-11-27;segunda-feira;17:00:00;SP;116.0;275;EMBU DAS ARTES;Avarias e/ou desgaste excessivo no pneu;Queda de ocupante de veículo;Sem Vítimas;Pleno dia;Crescente;Chuva;Dupla;Reta;Sim;2;0;0;0;2;0;0;1;-23,63638826;-46,83251584;SPRF-SP;DEL04-SP;UOP01-DEL04-SP;false
563998.0;2023-11-27;segunda-feira;18:40:00;SP;116.0;103;TAUBATE;Reação tardia ou ineficiente do condutor;Colisão traseira;Com Vítimas Feridas;Anoitecer;Decrescente;Chuva;Dupla;Reta;Sim;3;0;2;0;0;1;2;3;-22,99919465;-45,49788917;SPRF-SP;DEL02-SP;UOP02-DEL02-SP;false
564010.0;2023-11-27;segunda-feira;19:20:00;SP;116.0;115,3;TAUBATE;Reação tardia ou ineficiente do condutor;Tombamento;Com Vítimas Feridas;Pleno dia;Crescente;Chuva;Dupla;Reta;Não;1;0;1;0;0;0;1;1;-23,0496047;-45,59973712;SPRF-SP;DEL02-SP;UOP02-DEL02-SP;false
564016.0;2023-11-27;segunda-feira;18:15:00;SP;153.0;60,7;SAO JOSE DO RIO PRETO;Reação tardia ou ineficiente do condutor;Engavetamento;Com Vítimas Feridas;Plena Noite;Crescente;Céu Claro;Dupla;Reta;Sim;4;0;1;0;3;0;1;3;-20,79627979;-49,35480206;SPRF-SP;DEL09-SP;UOP01-DEL09-SP;false
564060.0;2023-11-28;terça-feira;03:52:00;SP;381.0;7;VARGEM;Ausência de reação do condutor;Saída de leito carroçável;Com Vítimas Feridas;Plena Noite;Crescente;Nublado;Dupla;Reta;Não;1;0;0;1;0;0;1;1;-22,90533708;-46,42270582;SPRF-SP;DEL03-SP;UOP02-DEL03-SP;false
564079.0;2023-11-28;terça-feira;07:22:00;SP;116.0;273;TABOAO DA SERRA;Ausência de reação do condutor;Colisão lateral mesmo sentido;Com Vítimas Feridas;Pleno dia;Decrescente;Céu Claro;Dupla;Reta;Sim;2;0;1;0;1;0;1;2;-23,62809795;-46,81870306;SPRF-SP;DEL04-SP;UOP01-DEL04-SP;false
564091.0;2023-11-28;terça-feira;08:40:00;SP;116.0;210;GUARULHOS;Trafegar com motocicleta (ou similar) entre as faixas;Colisão traseira;Com Vítimas Feridas;Pleno dia;Crescente;Nublado;Dupla;"Reta;Aclive                   ";Sim;2;0;1;0;0;1;1;2;-23,42870023;-46,41085991;SPRF-SP;DEL01-SP;UOP01-DEL01-SP;false
564094.0;2023-11-28;terça-feira;10:00:00;SP;116.0;223;GUARULHOS;Manobra de mudança de faixa;Colisão traseira;Com Vítimas Feridas;Pleno dia;Crescente;Céu Claro;Múltipla;Reta;Sim;2;0;1;0;1;0;1;2;-23,48079989;-46,53330624;SPRF-SP;DEL01-SP;UOP01-DEL01-SP;false
564097.0;2023-11-28;terça-feira;07:30:00;SP;116.0;230;SAO PAULO;Trafegar com motocicleta (ou similar) entre as faixas;Colisão traseira;Com Vítimas Feridas;Pleno dia;Crescente;Nublado;Múltipla;Reta;Sim;3;0;1;0;2;0;1;2;-23,52251783;-46,5855702;SPRF-SP;DEL01-SP;UOP01-DEL01-SP;false
564115.0;2023-11-28;terça-feira;09:30:00;SP;101.0;52;UBATUBA;Reação tardia ou ineficiente do condutor;Colisão traseira;Com Vítimas Feridas;Pleno dia;Decrescente;Céu Claro;Simples;"Reta;Rotatória                ";Sim;2;0;1;0;0;1;1;2;-23,4623355;-45,06476561;SPRF-SP;DEL06-SP;UOP01-DEL06-SP;false
564171.0;2023-11-28;terça-feira;17:45:00;SP;381.0;58;MAIRIPORA;Chuva;Queda de ocupante de veículo;Com Vítimas Feridas;Pleno dia;Crescente;Chuva;Dupla;Reta;Não;1;0;1;0;0;0;1;1;-23,27438497;-46,58530615;SPRF-SP;DEL03-SP;UOP01-DEL03-SP;false
564291.0;2023-11-29;quarta-feira;08:40:00;SP;381.0;61;MAIRIPORA;Ausência de reação do condutor;Tombamento;Com Vítimas Feridas;Pleno dia;Crescente;Garoa/Chuvisco;Dupla;Curva;Não;2;0;2;0;0;0;2;1;-23,29216;-46,575468;SPRF-SP;DEL03-SP;UOP01-DEL03-SP;false
564349.0;2023-11-29;quarta-feira;16:20:00;SP;116.0;305;SAO LOURENCO DA SERRA;Avarias e/ou desgaste excessivo no pneu;Tombamento;Com Vítimas Feridas;Pleno dia;Crescente;Céu Claro;Dupla;Reta;Não;2;0;1;0;1;0;1;1;-23,84287313;-46,93238591;SPRF-SP;DEL04-SP;UOP01-DEL04-SP;false
564362.0;2023-11-29;quarta-feira;17:30:00;SP;116.0;230;SAO PAULO;Ausência de reação do condutor;Queda de ocupante de veículo;Com Vítimas Feridas;Anoitecer;Crescente;Nublado;Múltipla;Reta;Não;2;0;1;0;0;1;1;2;-23,52251783;-46,5855702;SPRF-SP;DEL01-SP;UOP01-DEL01-SP;false
564374.0;2023-11-29;quarta-feira;19:00:00;SP;116.0;222;GUARULHOS;Trafegar com motocicleta (ou similar) entre as faixas;Queda de ocupante de veículo;Com Vítimas Feridas;Plena Noite;Decrescente;Garoa/Chuvisco;Múltipla;Reta;Não;2;0;1;0;1;0;1;1;-23,47093408;-46,51631097;SPRF-SP;DEL01-SP;UOP01-DEL01-SP;false
564375.0;2023-11-29;quarta-feira;18:00:00;SP;116.0;144,9;SAO JOSE DOS CAMPOS;Ausência de reação do condutor;Colisão traseira;Com Vítimas Feridas;Plena Noite;Decrescente;Chuva;Dupla;Declive;Sim;3;0;2;0;1;0;2;3;-23,18274416;-45,84633592;SPRF-SP;DEL02-SP;UOP01-DEL02-SP;false
564380.0;2023-11-29;quarta-feira;19:03:00;SP;116.0;45,5;CANAS;Transitar na contramão;Colisão frontal;Com Vítimas Feridas;Plena Noite;Crescente;Céu Claro;Dupla;Reta;Não;2;0;2;0;0;0;2;2;-22,70843505;-45,04559397;SPRF-SP;DEL08-SP;UOP02-DEL08-SP;false
564397.0;2023-11-29;quarta-feira;21:00:00;SP;116.0;218;GUARULHOS;Pista Escorregadia;Queda de ocupante de veículo;Com Vítimas Feridas;Plena Noite;Crescente;Nublado;Múltipla;Reta;Não;1;0;1;0;0;0;1;1;-23,45769012;-46,4806856;SPRF-SP;DEL01-SP;UOP01-DEL01-SP;false
564438.0;2023-11-30;quinta-feira;07:00:00;SP;116.0;219;GUARULHOS;Trafegar com motocicleta (ou similar) entre as faixas;Colisão traseira;Com Vítimas Feridas;Pleno dia;Crescente;Céu Claro;Múltipla;Reta;Sim;2;0;1;0;1;0;1;2;-23,46143954;-46,48885316;SPRF-SP;DEL01-SP;UOP01-DEL01-SP;false
564498.0;2023-11-30;quinta-feira;14:00:00;SP;116.0;166;JACAREI;Reação tardia ou ineficiente do condutor;Engavetamento;Com Vítimas Feridas;Pleno dia;Decrescente;Sol;Dupla;Reta;Sim;4;0;2;0;2;0;2;3;-23,30055667;-46,01686506;SPRF-SP;DEL02-SP;UOP01-DEL02-SP;false
564508.0;2023-11-30;quinta-feira;15:15:00;SP;116.0;230;SAO PAULO;Manobra de mudança de faixa;Colisão lateral mesmo sentido;Com Vítimas Feridas;Pleno dia;Decrescente;Céu Claro;Múltipla;Reta;Sim;2;0;1;0;0;1;1;2;-23,52251783;-46,5855702;SPRF-SP;DEL01-SP;UOP01-DEL01-SP;false
564514.0;2023-11-30;quinta-feira;15:00:00;SP;116.0;281;EMBU DAS ARTES;Trafegar com motocicleta (ou similar) entre as faixas;Colisão traseira;Com Vítimas Feridas;Pleno dia;Decrescente;Céu Claro;Dupla;Reta;Sim;2;0;1;0;1;0;1;2;-23,67784787;-46,85769227;SPRF-SP;DEL04-SP;UOP01-DEL04-SP;false
564532.0;2023-11-30;quinta-feira;17:20:00;SP;153.0;57,4;SAO JOSE DO RIO PRETO;Manobra de mudança de faixa;Saída de leito carroçável;Com Vítimas Feridas;Pleno dia;Crescente;Céu Claro;Dupla;Reta;Sim;4;0;4;0;0;0;4;2;-20,76991095;-49,34982212;SPRF-SP;DEL09-SP;UOP01-DEL09-SP;false
564556.0;2023-11-30;quinta-feira;18:30:00;SP;116.0;219;GUARULHOS;Trafegar com motocicleta (ou similar) entre as faixas;Colisão lateral mesmo sentido;Com Vítimas Feridas;Plena Noite;Crescente;Céu Claro;Múltipla;Reta;Sim;3;0;1;0;1;1;1;3;-23,46143954;-46,48885316;SPRF-SP;DEL01-SP;UOP01-DEL01-SP;false
564557.0;2023-11-30;quinta-feira;18:00:00;SP;116.0;115;TAUBATE;Acessar a via sem observar a presença dos outros veículos;Colisão transversal;Com Vítimas Feridas;Plena Noite;Crescente;Céu Claro;Dupla;Reta;Sim;2;0;1;0;1;0;1;2;-23,0496047;-45,59973712;SPRF-SP;DEL02-SP;UOP02-DEL02-SP;false
564569.0;2023-11-30;quinta-feira;19:40:00;SP;116.0;277;EMBU DAS ARTES;Manobra de mudança de faixa;Colisão lateral mesmo sentido;Com Vítimas Feridas;Plena Noite;Crescente;Nublado;Múltipla;"Curva;Declive                 ";Sim;2;0;1;0;1;0;1;2;-23,64870535;-46,84395469;SPRF-SP;DEL04-SP;UOP01-DEL04-SP;false
564613.0;2023-12-01;sexta-feira;00:30:00;SP;101.0;49;UBATUBA;Manobra de mudança de faixa;Colisão transversal;Com Vítimas Feridas;Plena Noite;Decrescente;Nublado;Simples;Reta;Sim;2;0;2;0;0;0;2;2;-23,44410908;-45,08375708;SPRF-SP;DEL06-SP;UOP01-DEL06-SP;false
564616.0;2023-12-01;sexta-feira;02:00:00;SP;101.0;32;UBATUBA;Ingestão de álcool pelo condutor;Tombamento;Com Vítimas Feridas;Plena Noite;Decrescente;Nublado;Simples;Curva;Não;2;0;0;1;1;0;1;1;-23,38790115;-44,98068892;SPRF-SP;DEL06-SP;UOP01-DEL06-SP;false
564623.0;2023-12-01;sexta-feira;04:00:00;SP;116.0;212;GUARULHOS;Ausência de reação do condutor;Colisão com objeto;Com Vítimas Feridas;Amanhecer;Decrescente;Céu Claro;Múltipla;Reta;Sim;2;0;1;0;1;0;1;1;-23,43608315;-46,42805094;SPRF-SP;DEL01-SP;UOP01-DEL01-SP;false
564629.0;2023-12-01;sexta-feira;05:20:00;SP;116.0;116;TAUBATE;Demais falhas mecânicas ou elétricas;Incêndio;Sem Vítimas;Amanhecer;Crescente;Nublado;Dupla;Reta;Não;1;0;0;0;1;0;0;1;-23,05376319;-45,6088049;SPRF-SP;DEL02-SP;UOP02-DEL02-SP;false
564675.0;2023-12-01;sexta-feira;09:15:00;SP;116.0;504;CAJATI;Reação tardia ou ineficiente do condutor;Colisão com objeto;Com Vítimas Fatais;Pleno dia;Crescente;Céu Claro;Simples;"Curva;Aclive                  ";Não;2;1;0;0;0;1;0;2;-24,78266496;-48,20865858;SPRF-SP;DEL05-SP;UOP02-DEL05-SP;false
564676.0;2023-12-01;sexta-feira;09:00:00;SP;116.0;289;ITAPECERICA DA SERRA;Ausência de reação do condutor;Colisão lateral mesmo sentido;Com Vítimas Feridas;Pleno dia;Decrescente;Céu Claro;Dupla;Reta;Não;2;0;2;0;0;0;2;2;-23,72000275;-46,88476537;SPRF-SP;DEL04-SP;UOP01-DEL04-SP;false
564744.0;2023-12-01;sexta-feira;16:20:00;SP;116.0;152,6;SAO JOSE DOS CAMPOS;Reação tardia ou ineficiente do condutor;Colisão traseira;Com Vítimas Feridas;Pleno dia;Decrescente;Céu Claro;Múltipla;Reta;Sim;2;0;0;1;0;1;1;2;-23,22620401;-45,90682999;SPRF-SP;DEL02-SP;UOP01-DEL02-SP;false
564752.0;2023-12-01;sexta-feira;16:40:00;SP;381.0;89;GUARULHOS;Ausência de reação do condutor;Colisão traseira;Com Vítimas Feridas;Pleno dia;Crescente;Céu Claro;Múltipla;Reta;Sim;2;0;1;0;1;0;1;2;-23,48469299;-46,55983288;SPRF-SP;DEL03-SP;UOP01-DEL03-SP;false
564754.0;2023-12-01;sexta-feira;17:30:00;SP;116.0;279;EMBU DAS ARTES;Manobra de mudança de faixa;Colisão lateral mesmo sentido;Com Vítimas Feridas;Pleno dia;Decrescente;Nublado;Dupla;Reta;Não;2;0;0;1;1;0;1;2;-23,66233697;-46,85292907;SPRF-SP;DEL04-SP;UOP01-DEL04-SP;false
564757.0;2023-12-01;sexta-feira;17:50:00;SP;116.0;229;SAO PAULO;Reação tardia ou ineficiente do condutor;Colisão traseira;Com Vítimas Feridas;Pleno dia;Decrescente;Céu Claro;Múltipla;Reta;Sim;2;0;1;0;1;0;1;2;-23,51291902;-46,57604698;SPRF-SP;DEL01-SP;UOP01-DEL01-SP;false
564759.0;2023-12-01;sexta-feira;17:40:00;SP;381.0;21,3;BRAGANCA PAULISTA;Pista esburacada;Tombamento;Com Vítimas Feridas;Anoitecer;Crescente;Sol;Dupla;Reta;Não;1;0;1;0;0;0;1;1;-22,99140199;-46,50878201;SPRF-SP;DEL03-SP;UOP02-DEL03-SP;false
564766.0;2023-12-01;sexta-feira;19:00:00;SP;116.0;229;SAO PAULO;Reação tardia ou ineficiente do condutor;Colisão lateral mesmo sentido;Com Vítimas Feridas;Plena Noite;Decrescente;Céu Claro;Dupla;Reta;Sim;2;0;1;0;1;0;1;2;-23,51291902;-46,57604698;SPRF-SP;DEL01-SP;UOP01-DEL01-SP;false
564791.0;2023-12-01;sexta-feira;19:50:00;SP;153.0;14;ICEM;Ausência de reação do condutor;Colisão traseira;Com Vítimas Feridas;Plena Noite;Decrescente;Nublado;Simples;Reta;Não;5;0;2;0;3;0;2;2;-20,41841134;-49,2663971;SPRF-SP;DEL09-SP;UOP01-DEL09-SP;false
564796.0;2023-12-01;sexta-feira;20:00:00;SP;116.0;221;GUARULHOS;Condutor Dormindo;Colisão traseira;Com Vítimas Feridas;Plena Noite;Decrescente;Céu Claro;Múltipla;Reta;Sim;2;0;1;0;1;0;1;2;-23,47093408;-46,51631097;SPRF-SP;DEL01-SP;UOP01-DEL01-SP;false
564812.0;2023-12-01;sexta-feira;20:50:00;SP;116.0;119,4;CACAPAVA;Ausência de reação do condutor;Colisão traseira;Com Vítimas Fatais;Plena Noite;Decrescente;Céu Claro;Dupla;Reta;Não;3;1;0;1;1;0;1;2;-23,06710044;-45,63562878;SPRF-SP;DEL02-SP;UOP02-DEL02-SP;false
564856.0;2023-12-02;sábado;03:10:00;SP;116.0;128;CACAPAVA;Reação tardia ou ineficiente do condutor;Colisão traseira;Com Vítimas Feridas;Plena Noite;Decrescente;Céu Claro;Dupla;Reta;Sim;3;0;1;0;1;1;1;2;-23,11454664;-45,71105567;SPRF-SP;DEL02-SP;UOP02-DEL02-SP;false
564859.0;2023-12-01;sexta-feira;22:59:00;SP;116.0;446,5;REGISTRO;Ausência de reação do condutor;Tombamento;Com Vítimas Feridas;Plena Noite;Crescente;Céu Claro;Dupla;Reta;Sim;2;0;2;0;0;0;2;1;-24,50467087;-47,84772743;SPRF-SP;DEL05-SP;UOP01-DEL05-SP;false
564918.0;2023-12-02;sábado;09:00:00;SP;116.0;269;TABOAO DA SERRA;Ausência de reação do condutor;Atropelamento de Pedestre;Com Vítimas Fatais;Pleno dia;Crescente;Céu Claro;Múltipla;Reta;Sim;3;1;0;0;1;1;0;2;-23,61593059;-46,78826044;SPRF-SP;DEL04-SP;UOP01-DEL04-SP;false
564921.0;2023-12-02;sábado;11:00:00;SP;116.0;225;GUARULHOS;Ausência de reação do condutor;Queda de ocupante de veículo;Com Vítimas Feridas;Pleno dia;Crescente;Céu Claro;Múltipla;"Aclive;Reta                   ";Sim;1;0;1;0;0;0;1;1;-23,48586772;-46,54075317;SPRF-SP;DEL01-SP;UOP01-DEL01-SP;false
564933.0;2023-12-02;sábado;11:45:00;SP;116.0;214;GUARULHOS;Reação tardia ou ineficiente do condutor;Colisão traseira;Com Vítimas Feridas;Pleno dia;Decrescente;Céu Claro;Dupla;Reta;Sim;5;0;1;0;4;0;1;2;-23,44333014;-46,44531294;SPRF-SP;DEL01-SP;UOP01-DEL01-SP;false
564939.0;2023-12-02;sábado;12:40:00;SP;381.0;81;SAO PAULO;Reação tardia ou ineficiente do condutor;Colisão traseira;Sem Vítimas;Pleno dia;Decrescente;Céu Claro;Dupla;Reta;Não;2;0;0;0;2;0;0;2;-23,42148819;-46,57734811;SPRF-SP;DEL03-SP;UOP01-DEL03-SP;false