id;data_inversa;dia_semana;horario;uf;br;km;municipio;causa_acidente;tipo_acidente;classificacao_acidente;fase_dia;sentido_via;condicao_metereologica;tipo_pista;tracado_via;uso_solo;pessoas;mortos;feridos_leves;feridos_graves;ilesos;ignorados;feridos;veiculos;latitude;longitude;regional;delegacia;uop;feriado
566643.0;2023-12-09;sábado;19:00:00;SP;116.0;120;CACAPAVA;Reação tardia ou ineficiente do condutor;Saída de leito carroçável;Sem Vítimas;Plena Noite;Decrescente;Nublado;Dupla;Reta;Não;1;0;0;0;1;0;0;1;-23,0715638;-45,64459209;SPRF-SP;DEL02-SP;UOP02-DEL02-SP;false
566698.0;2023-12-09;sábado;18:30:00;SP;116.0;36,7;CACHOEIRA PAULISTA;Velocidade Incompatível;Colisão com objeto;Com Vítimas Feridas;Plena Noite;Crescente;Chuva;Dupla;Curva;Não;2;0;1;0;0;1;1;2;-22,66104604;-44,97604019;SPRF-SP;DEL08-SP;UOP02-DEL08-SP;false
566741.0;2023-12-10;domingo;02:40:00;SP;116.0;561;BARRA DO TURVO;Reação tardia ou ineficiente do condutor;Saída de leito carroçável;Com Vítimas Feridas;Plena Noite;Decrescente;Garoa/Chuvisco;Dupla;"Curva;Aclive                  ";Não;5;0;1;0;4;0;1;1;-25,02045097;-48,51586004;SPRF-SP;DEL05-SP;UOP02-DEL05-SP;false
566754.0;2023-12-10;domingo;04:00:00;SP;459.0;30;LORENA;Ingestão de álcool pelo condutor;Colisão traseira;Sem Vítimas;Amanhecer;Decrescente;Nublado;Simples;Reta;Não;3;0;0;0;2;1;0;3;-22,725021;-45,103531;SPRF-SP;DEL08-SP;UOP02-DEL08-SP;false
566786.0;2023-12-10;domingo;09:45:00;SP;116.0;280;EMBU DAS ARTES;Trafegar com motocicleta (ou similar) entre as faixas;Colisão traseira;Com Vítimas Feridas;Pleno dia;Crescente;Céu Claro;Dupla;Reta;Sim;3;0;1;0;1;1;1;2;-23,66996108;-46,85590758;SPRF-SP;DEL04-SP;UOP01-DEL04-SP;false
566795.0;2023-12-10;domingo;08:35:00;SP;116.0;102;TAUBATE;Condutor deixou de manter distância do veículo da frente;Colisão traseira;Sem Vítimas;Pleno dia;Decrescente;Céu Claro;Dupla;Reta;Não;4;0;0;0;4;0;0;2;-22,99497994;-45,48951403;SPRF-SP;DEL08-SP;UOP01-DEL08-SP;false
566823.0;2023-12-10;domingo;14:40:00;SP;116.0;101,1;PINDAMONHANGABA;Manobra de mudança de faixa;Colisão lateral mesmo sentido;Com Vítimas Feridas;Pleno dia;Decrescente;Céu Claro;Dupla;"Aclive;Reta                   ";Não;2;0;1;0;1;0;1;2;-22,99074204;-45,48115098;SPRF-SP;DEL08-SP;UOP01-DEL08-SP;false
566833.0;2023-12-10;domingo;16:00:00;SP;116.0;108,4;TAUBATE;Reação tardia ou ineficiente do condutor;Tombamento;Com Vítimas Feridas;Pleno dia;Crescente;Céu Claro;Dupla;Reta;Sim;2;0;0;1;1;0;1;2;-23,0233097;-45,53763622;SPRF-SP;DEL02-SP;UOP02-DEL02-SP;false
566846.0;2023-12-10;domingo;16:40:00;SP;116.0;205;ARUJA;Trafegar com motocicleta (ou similar) entre as faixas;Colisão lateral mesmo sentido;Com Vítimas Feridas;Pleno dia;Crescente;Céu Claro;Múltipla;Reta;Sim;3;0;1;0;2;0;1;2;-23,41475243;-46,36600788;SPRF-SP;DEL01-SP;UOP01-DEL01-SP;false
566847.0;2023-12-10;domingo;16:00:00;SP;116.0;509,2;CAJATI;Chuva;Capotamento;Com Vítimas Feridas;Pleno dia;Crescente;Chuva;Simples;Curva;Não;2;0;1;0;1;0;1;1;-24,82768986;-48,21855823;SPRF-SP;DEL05-SP;UOP02-DEL05-SP;false
566871.0;2023-12-10;domingo;16:30:00;SP;116.0;284;ITAPECERICA DA SERRA;Reação tardia ou ineficiente do condutor;Colisão lateral mesmo sentido;Com Vítimas Feridas;Pleno dia;Decrescente;Nublado;Dupla;Reta;Sim;3;0;2;0;1;0;2;2;-23,69998;-46,867767;SPRF-SP;DEL04-SP;UOP01-DEL04-SP;false
566873.0;2023-12-10;domingo;18:05:00;SP;116.0;227;SAO PAULO;Demais falhas mecânicas ou elétricas;Incêndio;Sem Vítimas;Pleno dia;Crescente;Céu Claro;Dupla;Aclive;Sim;1;0;0;0;1;0;0;1;-23,49659264;-46,55648754;SPRF-SP;DEL01-SP;UOP01-DEL01-SP;false
566915.0;2023-12-10;domingo;20:25:00;SP;101.0;47,9;UBATUBA;Condutor deixou de manter distância do veículo da frente;Colisão traseira;Com Vítimas Feridas;Plena Noite;Crescente;Céu Claro;Simples;Rotatória;Sim;2;0;0;1;1;0;1;2;-23,429897;-45,082436;SPRF-SP;DEL06-SP;UOP01-DEL06-SP;false
566935.0;2023-12-10;domingo;21:45:00;SP;101.0;46,7;UBATUBA;Ausência de reação do condutor;Tombamento;Com Vítimas Feridas;Plena Noite;Decrescente;Nublado;Simples;Reta;Sim;2;0;1;0;1;0;1;1;-23,42403383;-45,07492113;SPRF-SP;DEL06-SP;UOP01-DEL06-SP;false
566951.0;2023-12-10;domingo;23:10:00;SP;116.0;291;ITAPECERICA DA SERRA;Reação tardia ou ineficiente do condutor;Colisão lateral mesmo sentido;Com Vítimas Feridas;Plena Noite;Decrescente;Chuva;Múltipla;Reta;Sim;4;0;1;0;3;0;1;2;-23,73826593;-46,89672721;SPRF-SP;DEL04-SP;UOP01-DEL04-SP;false
566953.0;2023-12-10;domingo;22:30:00;SP;116.0;288;ITAPECERICA DA SERRA;Ingestão de álcool pelo condutor;Saída de leito carroçável;Sem Vítimas;Plena Noite;Crescente;Chuva;Dupla;"Reta;Rotatória;Retorno Regulam";Sim;3;0;0;0;3;0;0;1;-23,719254;-46,883144;SPRF-SP;DEL04-SP;UOP01-DEL04-SP;false
566956.0;2023-12-10;domingo;21:15:00;SP;153.0;159;PROMISSAO;Transitar na contramão;Colisão frontal;Com Vítimas Feridas;Plena Noite;Decrescente;Céu Claro;Simples;Reta;Não;5;0;4;0;1;0;4;2;-21,49830402;-49,78000966;SPRF-SP;DEL07-SP;UOP01-DEL07-SP;false
566957.0;2023-12-10;domingo;23:10:00;SP;116.0;186;SANTA ISABEL;Conversão proibida;Colisão transversal;Com Vítimas Feridas;Plena Noite;Crescente;Chuva;Dupla;"Curva;Interseção de Vias;Acliv";Não;4;0;1;0;3;0;1;2;-23,35220682;-46,19934905;SPRF-SP;DEL01-SP;UOP01-DEL01-SP;false
566980.0;2023-12-11;segunda-feira;02:50:00;SP;116.0;144,9;SAO JOSE DOS CAMPOS;Avarias e/ou desgaste excessivo no pneu;Tombamento;Com Vítimas Feridas;Plena Noite;Decrescente;Nublado;Dupla;"Reta;Declive                  ";Sim;1;0;1;0;0;0;1;1;-23,18274416;-45,84633592;SPRF-SP;DEL02-SP;UOP01-DEL02-SP;false
567009.0;2023-12-11;segunda-feira;06:30:00;SP;116.0;230;SAO PAULO;Manobra de mudança de faixa;Queda de ocupante de veículo;Com Vítimas Feridas;Pleno dia;Crescente;Céu Claro;Múltipla;Reta;Sim;1;0;1;0;0;0;1;1;-23,52251783;-46,5855702;SPRF-SP;DEL01-SP;UOP01-DEL01-SP;false
567016.0;2023-12-11;segunda-feira;07:48:00;SP;116.0;158,9;JACAREI;Trafegar com motocicleta (ou similar) entre as faixas;Colisão traseira;Com Vítimas Feridas;Pleno dia;Decrescente;Céu Claro;Dupla;"Em Obras;Reta;Declive         ";Sim;2;0;1;0;1;0;1;2;-23,26072137;-45,95179176;SPRF-SP;DEL02-SP;UOP01-DEL02-SP;false
567052.0;2023-12-11;segunda-feira;09:45:00;SP;381.0;38,7;ATIBAIA;Condutor deixou de manter distância do veículo da frente;Engavetamento;Com Vítimas Feridas;Pleno dia;Decrescente;Céu Claro;Dupla;Reta;Sim;4;0;1;0;3;0;1;3;-23,1133221;-46,57174974;SPRF-SP;DEL03-SP;UOP01-DEL03-SP;false
567069.0;2023-12-11;segunda-feira;10:10:00;SP;116.0;225;GUARULHOS;Reação tardia ou ineficiente do condutor;Tombamento;Sem Vítimas;Pleno dia;Decrescente;Nublado;Múltipla;Declive;Sim;1;0;0;0;1;0;0;1;-23,48586772;-46,54075317;SPRF-SP;DEL01-SP;UOP01-DEL01-SP;false
567071.0;2023-12-09;sábado;16:25:00;SP;381.0;86;SAO PAULO;Reação tardia ou ineficiente do condutor;Eventos atípicos;Com Vítimas Feridas;Pleno dia;Decrescente;Sol;Dupla;Reta;Sim;2;0;0;1;1;0;1;1;-23,45930499;-46,57161179;SPRF-SP;DEL03-SP;UOP01-DEL03-SP;false
567119.0;2023-12-11;segunda-feira;15:00:00;SP;116.0;191;SANTA ISABEL;Avarias e/ou desgaste excessivo no pneu;Tombamento;Com Vítimas Feridas;Pleno dia;Crescente;Céu Claro;Dupla;Curva;Não;2;0;1;0;1;0;1;1;-23,37124281;-46,2426022;SPRF-SP;DEL01-SP;UOP01-DEL01-SP;false
567120.0;2023-12-11;segunda-feira;15:30:00;SP;116.0;223,7;GUARULHOS;Ausência de reação do condutor;Queda de ocupante de veículo;Com Vítimas Feridas;Pleno dia;Decrescente;Nublado;Múltipla;Reta;Sim;1;0;1;0;0;0;1;1;-23,47559815;-46,5246609;SPRF-SP;DEL01-SP;UOP01-DEL01-SP;false
567121.0;2023-12-11;segunda-feira;12:34:00;SP;116.0;561;BARRA DO TURVO;Ausência de reação do condutor;Saída de leito carroçável;Com Vítimas Feridas;Pleno dia;Decrescente;Garoa/Chuvisco;Dupla;"Curva;Declive                 ";Não;2;0;1;0;1;0;1;1;-25,02045097;-48,51586004;SPRF-SP;DEL05-SP;UOP02-DEL05-SP;false
567125.0;2023-12-11;segunda-feira;16:30:00;SP;116.0;220;GUARULHOS;Reação tardia ou ineficiente do condutor;Tombamento;Com Vítimas Feridas;Pleno dia;Crescente;Nublado;Múltipla;Reta;Sim;1;0;1;0;0;0;1;1;-23,46472809;-46,49793962;SPRF-SP;DEL01-SP;UOP01-DEL01-SP;false
567137.0;2023-12-11;segunda-feira;16:30:00;SP;101.0;49;UBATUBA;Condutor deixou de manter distância do veículo da frente;Engavetamento;Com Vítimas Feridas;Pleno dia;Crescente;Chuva;Dupla;Reta;Sim;3;0;1;0;2;0;1;3;-23,44410908;-45,08375708;SPRF-SP;DEL06-SP;UOP01-DEL06-SP;false
567153.0;2023-12-12;terça-feira;17:00:00;SP;381.0;5;VARGEM;Ausência de reação do condutor;Saída de leito carroçável;Com Vítimas Feridas;Pleno dia;Crescente;Céu Claro;Dupla;Curva;Sim;2;0;1;0;0;1;1;2;-22,89377;-46,41555;SPRF-SP;DEL03-SP;UOP02-DEL03-SP;false
567176.0;2023-12-11;segunda-feira;20:30:00;SP;116.0;216;GUARULHOS;Ausência de reação do condutor;Queda de ocupante de veículo;Com Vítimas Feridas;Plena Noite;Crescente;Nublado;Múltipla;Reta;Sim;1;0;1;0;0;0;1;1;-23,45056589;-46,46258105;SPRF-SP;DEL01-SP;UOP01-DEL01-SP;false
567192.0;2023-12-11;segunda-feira;21:30:00;SP;153.0;68;SAO JOSE DO RIO PRETO;Ausência de reação do condutor;Colisão traseira;Com Vítimas Feridas;Plena Noite;Crescente;Céu Claro;Dupla;Reta;Sim;3;0;2;0;1;0;2;3;-20,8505829;-49,383795;SPRF-SP;DEL09-SP;UOP01-DEL09-SP;false
567214.0;2023-12-12;terça-feira;03:40:00;SP;116.0;329,3;JUQUITIBA;Objeto estático sobre o leito carroçável;Saída de leito carroçável;Com Vítimas Feridas;Amanhecer;Decrescente;Nublado;Dupla;Reta;Não;2;0;2;0;0;0;2;1;-23,93981788;-47,08868406;SPRF-SP;DEL04-SP;UOP03-DEL04-SP;false
567218.0;2023-12-12;terça-feira;05:00:00;SP;116.0;280;EMBU DAS ARTES;Acessar a via sem observar a presença dos outros veículos;Colisão com objeto;Sem Vítimas;Amanhecer;Decrescente;Céu Claro;Dupla;Curva;Sim;1;0;0;0;1;0;0;1;-23,66996108;-46,85590758;SPRF-SP;DEL04-SP;UOP01-DEL04-SP;false
567227.0;2023-12-12;terça-feira;07:00:00;SP;116.0;219;GUARULHOS;Condutor deixou de manter distância do veículo da frente;Colisão traseira;Com Vítimas Feridas;Amanhecer;Crescente;Céu Claro;Múltipla;Reta;Sim;2;0;1;0;1;0;1;2;-23,46143954;-46,48885316;SPRF-SP;DEL01-SP;UOP01-DEL01-SP;false
567269.0;2023-12-12;terça-feira;11:00:00;SP;116.0;228;SAO PAULO;Ausência de reação do condutor;Engavetamento;Com Vítimas Feridas;Pleno dia;Crescente;Nublado;Múltipla;Reta;Sim;3;0;1;0;2;0;1;3;-23,50343484;-46,56638712;SPRF-SP;DEL01-SP;UOP01-DEL01-SP;false
567270.0;2023-12-12;terça-feira;10:00:00;SP;116.0;221;GUARULHOS;Manobra de mudança de faixa;Colisão traseira;Com Vítimas Feridas;Pleno dia;Crescente;Céu Claro;Dupla;Reta;Sim;2;0;1;0;1;0;1;2;-23,46802395;-46,50704901;SPRF-SP;DEL01-SP;UOP01-DEL01-SP;false
567274.0;2023-12-12;terça-feira;10:40:00;SP;116.0;274;EMBU DAS ARTES;Velocidade Incompatível;Colisão traseira;Com Vítimas Feridas;Pleno dia;Decrescente;Sol;Dupla;Reta;Não;2;0;1;0;1;0;1;2;-23,63445084;-46,82418514;SPRF-SP;DEL04-SP;UOP01-DEL04-SP;false
567308.0;2023-12-12;terça-feira;14:23:00;SP;153.0;4,9;ICEM;Ingestão de álcool pelo condutor;Colisão frontal;Com Vítimas Fatais;Pleno dia;Decrescente;Céu Claro;Simples;Reta;Não;3;1;0;2;0;0;2;2;-20,347367;-49,215031;SPRF-SP;DEL09-SP;UOP01-DEL09-SP;false
567343.0;2023-12-12;terça-feira;16:20:00;SP;116.0;453;PARIQUERA-ACU;Reação tardia ou ineficiente do condutor;Saída de leito carroçável;Com Vítimas Feridas;Anoitecer;Decrescente;Céu Claro;Dupla;Reta;Não;1;0;0;1;0;0;1;1;-24,56168114;-47,86752174;SPRF-SP;DEL05-SP;UOP01-DEL05-SP;false
567344.0;2023-12-12;terça-feira;17:45:00;SP;116.0;219;GUARULHOS;Pedestre cruzava a pista fora da faixa;Atropelamento de Pedestre;Com Vítimas Feridas;Pleno dia;Crescente;Céu Claro;Dupla;Reta;Sim;2;0;0;1;1;0;1;2;-23,46143954;-46,48885316;SPRF-SP;DEL01-SP;UOP01-DEL01-SP;false
567351.0;2023-12-12;terça-feira;18:00:00;SP;116.0;72,5;APARECIDA;Reação tardia ou ineficiente do condutor;Queda de ocupante de veículo;Com Vítimas Feridas;Anoitecer;Crescente;Nublado;Múltipla;Reta;Não;2;0;2;0;0;0;2;1;-22,86354218;-45,23746093;SPRF-SP;DEL08-SP;UOP01-DEL08-SP;false
567352.0;2023-12-12;terça-feira;18:10:00;SP;116.0;230;SAO PAULO;Condutor deixou de manter distância do veículo da frente;Colisão lateral mesmo sentido;Com Vítimas Feridas;Amanhecer;Decrescente;Céu Claro;Múltipla;Reta;Não;2;0;1;0;1;0;1;2;-23,52251783;-46,5855702;SPRF-SP;DEL01-SP;UOP01-DEL01-SP;false
567360.0;2023-12-12;terça-feira;19:00:00;SP;381.0;88;SAO PAULO;Reação tardia ou ineficiente do condutor;Queda de ocupante de veículo;Com Vítimas Feridas;Plena Noite;Decrescente;Céu Claro;Múltipla;Reta;Sim;1;0;1;0;0;0;1;1;-23,47469314;-46,56112919;SPRF-SP;DEL03-SP;UOP01-DEL03-SP;false
567380.0;2023-12-12;terça-feira;21:30:00;SP;116.0;222;GUARULHOS;Manobra de mudança de faixa;Colisão lateral mesmo sentido;Com Vítimas Feridas;Plena Noite;Decrescente;Ignorado;Múltipla;"Interseção de Vias;Reta       ";Sim;2;0;1;0;1;0;1;2;-23,47093408;-46,51631097;SPRF-SP;DEL01-SP;UOP01-DEL01-SP;false
567399.0;2023-12-13;quarta-feira;00:30:00;SP;116.0;148;SAO JOSE DOS CAMPOS;Avarias e/ou desgaste excessivo no pneu;Tombamento;Com Vítimas Feridas;Plena Noite;Decrescente;Céu Claro;Dupla;Reta;Sim;1;0;1;0;0;0;1;1;-23,20067421;-45,8795018;SPRF-SP;DEL02-SP;UOP01-DEL02-SP;false
567407.0;2023-12-13;quarta-feira;03:30:00;SP;153.0;112;JOSE BONIFACIO;Afundamento ou ondulação no pavimento;Tombamento;Com Vítimas Feridas;Plena Noite;Crescente;Céu Claro;Simples;Declive;Não;1;0;1;0;0;0;1;1;-21,10480404;-49,68274492;SPRF-SP;DEL09-SP;UOP01-DEL09-SP;false
567419.0;2023-12-13;quarta-feira;05:30:00;SP;116.0;152;SAO JOSE DOS CAMPOS;Ausência de reação do condutor;Capotamento;Com Vítimas Feridas;Pleno dia;Decrescente;Céu Claro;Múltipla;Reta;Sim;1;0;0;1;0;0;1;1;-23,22620401;-45,90682999;SPRF-SP;DEL02-SP;UOP01-DEL02-SP;false
567428.0;2023-12-13;quarta-feira;06:33:00;SP;153.0;72,2;SAO JOSE DO RIO PRETO;Frear bruscamente;Colisão traseira;Com Vítimas Feridas;Pleno dia;Decrescente;Céu Claro;Dupla;"Aclive;Reta                   ";Sim;3;0;1;0;2;0;1;2;-20,86715501;-49,41334398;SPRF-SP;DEL09-SP;UOP01-DEL09-SP;false
567437.0;2023-12-13;quarta-feira;07:40:00;SP;116.0;271,1;TABOAO DA SERRA;Reação tardia ou ineficiente do condutor;Colisão lateral mesmo sentido;Com Vítimas Feridas;Pleno dia;Decrescente;Céu Claro;Dupla;Reta;Sim;3;0;2;0;1;0;2;2;-23,61809286;-46,80556302;SPRF-SP;DEL04-SP;UOP01-DEL04-SP;false
567439.0;2023-12-13;quarta-feira;07:40:00;SP;153.0;60,5;SAO JOSE DO RIO PRETO;Reação tardia ou ineficiente do condutor;Engavetamento;Com Vítimas Feridas;Pleno dia;Crescente;Céu Claro;Dupla;Reta;Sim;5;0;1;0;4;0;1;4;-20,79627979;-49,35480206;SPRF-SP;DEL09-SP;UOP01-DEL09-SP;false
567443.0;2023-12-13;quarta-feira;08:50:00;SP;116.0;64,6;GUARATINGUETA;Frear bruscamente;Tombamento;Com Vítimas Feridas;Pleno dia;Decrescente;Céu Claro;Dupla;Reta;Não;2;0;2;0;0;0;2;1;-22,81942006;-45,18421298;SPRF-SP;DEL08-SP;UOP01-DEL08-SP;false
567468.0;2023-12-13;quarta-feira;08:40:00;SP;116.0;158,4;JACAREI;Manobra de mudança de faixa;Colisão lateral mesmo sentido;Com Vítimas Feridas;Pleno dia;Decrescente;Céu Claro;Dupla;Reta;Sim;3;0;2;0;1;0;2;2;-23,26072137;-45,95179176;SPRF-SP;DEL02-SP;UOP01-DEL02-SP;false
567470.0;2023-12-13;quarta-feira;11:20:00;SP;101.0;48;UBATUBA;Acessar a via sem observar a presença dos outros veículos;Colisão transversal;Com Vítimas Feridas;Pleno dia;Crescente;Nublado;Simples;Curva;Sim;2;0;1;0;1;0;1;2;-23,43696329;-45,08768768;SPRF-SP;DEL06-SP;UOP01-DEL06-SP;false
567486.0;2023-12-13;quarta-feira;12:39:00;SP;116.0;284;ITAPECERICA DA SERRA;Ausência de reação do condutor;Colisão traseira;Sem Vítimas;Pleno dia;Decrescente;Céu Claro;Dupla;Reta;Sim;2;0;0;0;2;0;0;2;-23,69998;-46,867767;SPRF-SP;DEL04-SP;UOP01-DEL04-SP;false
567516.0;2023-12-13;quarta-feira;16:50:00;SP;116.0;208;GUARULHOS;Manobra de mudança de faixa;Queda de ocupante de veículo;Com Vítimas Feridas;Pleno dia;Decrescente;Céu Claro;Múltipla;"Aclive;Reta                   ";Sim;2;0;1;0;1;0;1;2;-23,4255945;-46,40318155;SPRF-SP;DEL01-SP;UOP01-DEL01-SP;false
567564.0;2023-12-13;quarta-feira;21:00:00;SP;116.0;50;LORENA;Pedestre andava na pista;Atropelamento de Pedestre;Com Vítimas Feridas;Plena Noite;Crescente;Céu Claro;Dupla;Reta;Sim;2;0;0;1;0;1;1;2;-22,73603721;-45,08433485;SPRF-SP;DEL08-SP;UOP02-DEL08-SP;false
567572.0;2023-12-13;quarta-feira;21:55:00;SP;116.0;216;GUARULHOS;Reação tardia ou ineficiente do condutor;Colisão traseira;Sem Vítimas;Plena Noite;Crescente;Vento;Múltipla;Declive;Sim;3;0;0;0;3;0;0;2;-23,45056589;-46,46258105;SPRF-SP;DEL01-SP;UOP01-DEL01-SP;false
567635.0;2023-12-14;quinta-feira;08:00:00;SP;116.0;454;REGISTRO;Ausência de reação do condutor;Saída de leito carroçável;Com Vítimas Feridas;Pleno dia;Crescente;Sol;Dupla;Curva;Não;2;0;1;0;1;0;1;1;-24,56704392;-47,87450304;SPRF-SP;DEL05-SP;UOP01-DEL05-SP;false
567639.0;2023-12-14;quinta-feira;08:45:00;SP;101.0;46;UBATUBA;Acessar a via sem observar a presença dos outros veículos;Colisão transversal;Com Vítimas Feridas;Pleno dia;Decrescente;Céu Claro;Simples;Interseção de Vias;Sim;2;0;1;0;1;0;1;2;-23,42403383;-45,07492113;SPRF-SP;DEL06-SP;UOP01-DEL06-SP;false
567658.0;2023-12-14;quinta-feira;06:20:00;SP;381.0;4;VARGEM;Manobra de mudança de faixa;Queda de ocupante de veículo;Com Vítimas Feridas;Pleno dia;Decrescente;Sol;Dupla;Reta;Não;1;0;1;0;0;0;1;1;-22,8826217;-46,40779515;SPRF-SP;DEL03-SP;UOP02-DEL03-SP;false
567676.0;2023-12-14;quinta-feira;12:05:00;SP;381.0;65;MAIRIPORA;Ultrapassagem Indevida;Colisão traseira;Sem Vítimas;Pleno dia;Decrescente;Céu Claro;Dupla;Reta;Não;3;0;0;0;3;0;0;2;-23,316547;-46,58251;SPRF-SP;DEL03-SP;UOP01-DEL03-SP;false
567699.0;2023-12-14;quinta-feira;13:30:00;SP;153.0;62,5;SAO JOSE DO RIO PRETO;Condutor deixou de manter distância do veículo da frente;Colisão traseira;Com Vítimas Feridas;Pleno dia;Crescente;Céu Claro;Dupla;"Aclive;Reta                   ";Sim;2;0;1;0;1;0;1;2;-20,81325404;-49,35675563;SPRF-SP;DEL09-SP;UOP01-DEL09-SP;false
567742.0;2023-12-14;quinta-feira;17:30:00;SP;116.0;94,5;PINDAMONHANGABA;Ausência de reação do condutor;Tombamento;Com Vítimas Feridas;Pleno dia;Crescente;Céu Claro;Dupla;Reta;Não;1;0;1;0;0;0;1;1;-22,96083987;-45,42156507;SPRF-SP;DEL08-SP;UOP01-DEL08-SP;false
567748.0;2023-12-14;quinta-feira;17:30:00;SP;116.0;217;GUARULHOS;Trafegar com motocicleta (ou similar) entre as faixas;Colisão traseira;Com Vítimas Feridas;Anoitecer;Decrescente;Céu Claro;Múltipla;Aclive;Sim;2;0;0;1;1;0;1;2;-23,45423824;-46,47119028;SPRF-SP;DEL01-SP;UOP01-DEL01-SP;false
567790.0;2023-12-14;quinta-feira;21:40:00;SP;116.0;426;JUQUIA;Reação tardia ou ineficiente do condutor;Colisão com objeto;Com Vítimas Feridas;Plena Noite;Crescente;Céu Claro;Múltipla;Curva;Não;1;0;0;1;0;0;1;1;-24,38748887;-47,71796823;SPRF-SP;DEL05-SP;UOP01-DEL05-SP;false
567841.0;2023-12-15;sexta-feira;07:10:00;SP;116.0;154,5;SAO JOSE DOS CAMPOS;Avarias e/ou desgaste excessivo no pneu;Tombamento;Com Vítimas Feridas;Pleno dia;Decrescente;Céu Claro;Múltipla;Reta;Sim;2;0;2;0;0;0;2;1;-23,23903999;-45,92061901;SPRF-SP;DEL02-SP;UOP01-DEL02-SP;false
567850.0;2023-12-15;sexta-feira;06:30:00;SP;116.0;275;TABOAO DA SERRA;Ausência de reação do condutor;Queda de ocupante de veículo;Com Vítimas Feridas;Pleno dia;Crescente;Céu Claro;Dupla;Reta;Sim;1;0;1;0;0;0;1;1;-23,63638826;-46,83251584;SPRF-SP;DEL04-SP;UOP01-DEL04-SP;false
567877.0;2023-12-15;sexta-feira;07:10:00;SP;153.0;148,9;PROMISSAO;Carga excessiva e/ou mal acondicionada;Saída de leito carroçável;Com Vítimas Feridas;Pleno dia;Decrescente;Céu Claro;Simples;Reta;Não;5;0;5;0;0;0;5;1;-21,39944496;-49,78902362;SPRF-SP;DEL07-SP;UOP01-DEL07-SP;false
567907.0;2023-12-15;sexta-feira;12:20:00;SP;116.0;205;GUARULHOS;Condutor deixou de manter distância do veículo da frente;Colisão lateral mesmo sentido;Com Vítimas Feridas;Pleno dia;Crescente;Céu Claro;Dupla;"Reta;Declive                  ";Não;2;0;1;0;1;0;1;2;-23,41475243;-46,36600788;SPRF-SP;DEL01-SP;UOP01-DEL01-SP;false
567919.0;2023-12-15;sexta-feira;13:35:00;SP;116.0;215;GUARULHOS;Ausência de reação do condutor;Colisão lateral mesmo sentido;Com Vítimas Feridas;Pleno dia;Decrescente;Sol;Múltipla;Reta;Sim;2;0;1;0;1;0;1;2;-23,44695693;-46,45394103;SPRF-SP;DEL01-SP;UOP01-DEL01-SP;false
567959.0;2023-12-15;sexta-feira;15:45:00;SP;116.0;217;GUARULHOS;Manobra de mudança de faixa;Engavetamento;Com Vítimas Feridas;Pleno dia;Crescente;Céu Claro;Múltipla;Reta;Não;3;0;1;0;2;0;1;3;-23,45423824;-46,47119028;SPRF-SP;DEL01-SP;UOP01-DEL01-SP;false
568008.0;2023-12-15;sexta-feira;17:30:00;SP;116.0;270;TABOAO DA SERRA;Trafegar com motocicleta (ou similar) entre as faixas;Colisão lateral mesmo sentido;Com Vítimas Feridas;Pleno dia;Decrescente;Céu Claro;Dupla;Reta;Sim;2;0;1;0;1;0;1;2;-23,61799728;-46,79677694;SPRF-SP;DEL04-SP;UOP01-DEL04-SP;false
568022.0;2023-12-15;sexta-feira;16:20:00;SP;116.0;390;MIRACATU;Reação tardia ou ineficiente do condutor;Engavetamento;Com Vítimas Feridas;Anoitecer;Decrescente;Céu Claro;Dupla;Reta;Não;4;0;1;0;3;0;1;4;-24,27643929;-47,41504088;SPRF-SP;DEL04-SP;UOP02-DEL04-SP;false
568030.0;2023-12-15;sexta-feira;19:00:00;SP;381.0;3;VARGEM;Condutor Dormindo;Saída de leito carroçável;Sem Vítimas;Plena Noite;Decrescente;Céu Claro;Múltipla;"Reta;Declive                  ";Não;4;0;0;0;4;0;0;2;-22,87841483;-46,39917107;SPRF-SP;DEL03-SP;UOP02-DEL03-SP;false
568052.0;2023-12-15;sexta-feira;19:50:00;SP;116.0;218;GUARULHOS;Reação tardia ou ineficiente do condutor;Colisão traseira;Com Vítimas Feridas;Plena Noite;Decrescente;Céu Claro;Múltipla;Reta;Sim;2;0;1;0;1;0;1;2;-23,457972;-46,479927;SPRF-SP;DEL01-SP;UOP01-DEL01-SP;false
568063.0;2023-12-15;sexta-feira;22:00:00;SP;116.0;230;SAO PAULO;Ausência de reação do condutor;Engavetamento;Sem Vítimas;Plena Noite;Crescente;Nublado;Múltipla;Reta;Sim;5;0;0;0;3;2;0;5;-23,52251783;-46,5855702;SPRF-SP;DEL01-SP;UOP01-DEL01-SP;false
568090.0;2023-12-15;sexta-feira;23:48:00;SP;116.0;220;GUARULHOS;Ingestão de álcool pelo condutor;Colisão traseira;Sem Vítimas;Plena Noite;Decrescente;Nublado;Múltipla;"Reta;Em Obras                 ";Sim;3;0;0;0;3;0;0;2;-23,46657279;-46,50320649;SPRF-SP;DEL01-SP;UOP01-DEL01-SP;false