id;data_inversa;dia_semana;horario;uf;br;km;municipio;causa_acidente;tipo_acidente;classificacao_acidente;fase_dia;sentido_via;condicao_metereologica;tipo_pista;tracado_via;uso_solo;pessoas;mortos;feridos_leves;feridos_graves;ilesos;ignorados;feridos;veiculos;latitude;longitude;regional;delegacia;uop;feriado
569743.0;2023-12-22;sexta-feira;16:20:00;SP;116.0;118;TAUBATE;Ausência de reação do condutor;Saída de leito carroçável;Com Vítimas Feridas;Pleno dia;Decrescente;Nublado;Dupla;Reta;Sim;5;0;3;2;0;0;5;1;-23,06266296;-45,62665044;SPRF-SP;DEL02-SP;UOP02-DEL02-SP;false
569744.0;2023-12-22;sexta-feira;16:15:00;SP;116.0;228;SAO PAULO;Suicídio (presumido);Atropelamento de Pedestre;Com Vítimas Feridas;Pleno dia;Crescente;Céu Claro;Múltipla;Reta;Sim;2;0;0;1;0;1;1;2;-23,50343484;-46,56638712;SPRF-SP;DEL01-SP;UOP01-DEL01-SP;false
569768.0;2023-12-22;sexta-feira;14:10:00;SP;116.0;228;SAO PAULO;Reação tardia ou ineficiente do condutor;Colisão lateral mesmo sentido;Com Vítimas Feridas;Pleno dia;Decrescente;Céu Claro;Múltipla;Reta;Sim;2;0;0;1;0;1;1;2;-23,50343484;-46,56638712;SPRF-SP;DEL01-SP;UOP01-DEL01-SP;false
569790.0;2023-12-22;sexta-feira;18:40:00;SP;381.0;38;ATIBAIA;Trafegar com motocicleta (ou similar) entre as faixas;Colisão lateral mesmo sentido;Com Vítimas Feridas;Plena Noite;Decrescente;Chuva;Dupla;Reta;Não;3;0;1;0;2;0;1;3;-23,1133221;-46,57174974;SPRF-SP;DEL03-SP;UOP01-DEL03-SP;false
569819.0;2023-12-22;sexta-feira;20:35:00;SP;116.0;217;GUARULHOS;Pista Escorregadia;Colisão com objeto;Com Vítimas Feridas;Plena Noite;Crescente;Chuva;Múltipla;"Reta;Declive                  ";Sim;1;0;1;0;0;0;1;1;-23,457886;-46,480956;SPRF-SP;DEL01-SP;UOP01-DEL01-SP;false
569843.0;2023-12-22;sexta-feira;21:30:00;SP;116.0;122;CACAPAVA;Reação tardia ou ineficiente do condutor;Colisão traseira;Sem Vítimas;Plena Noite;Decrescente;Nublado;Dupla;Reta;Sim;3;0;0;0;3;0;0;2;-23,08192414;-45,66154591;SPRF-SP;DEL02-SP;UOP02-DEL02-SP;false
569853.0;2023-12-22;sexta-feira;22:00:00;SP;116.0;341;MIRACATU;Condutor Dormindo;Colisão com objeto;Com Vítimas Feridas;Plena Noite;Decrescente;Céu Claro;Dupla;Reta;Não;1;0;0;1;0;0;1;1;-24,00990014;-47,16199395;SPRF-SP;DEL04-SP;UOP03-DEL04-SP;false
569915.0;2023-12-23;sábado;06:30:00;SP;116.0;219;GUARULHOS;Velocidade Incompatível;Colisão com objeto;Com Vítimas Feridas;Pleno dia;Decrescente;Céu Claro;Múltipla;Reta;Sim;2;0;1;0;1;0;1;1;-23,46143954;-46,48885316;SPRF-SP;DEL01-SP;UOP01-DEL01-SP;false
569921.0;2023-12-23;sábado;06:50:00;SP;153.0;62;SAO JOSE DO RIO PRETO;Ingestão de álcool pelo condutor;Tombamento;Com Vítimas Feridas;Pleno dia;Crescente;Céu Claro;Dupla;Reta;Sim;1;0;1;0;0;0;1;1;-20,81325404;-49,35675563;SPRF-SP;DEL09-SP;UOP01-DEL09-SP;false
569946.0;2023-12-23;sábado;08:30:00;SP;116.0;23,4;LAVRINHAS;Velocidade Incompatível;Saída de leito carroçável;Com Vítimas Feridas;Pleno dia;Decrescente;Céu Claro;Dupla;Curva;Não;3;0;3;0;0;0;3;1;-22,58978112;-44,88535587;SPRF-SP;DEL08-SP;UOP02-DEL08-SP;false
569954.0;2023-12-23;sábado;08:00:00;SP;381.0;57;MAIRIPORA;Ausência de reação do condutor;Colisão lateral mesmo sentido;Com Vítimas Feridas;Pleno dia;Decrescente;Céu Claro;Dupla;Reta;Sim;3;0;2;0;1;0;2;2;-23,2658219;-46,5839857;SPRF-SP;DEL03-SP;UOP01-DEL03-SP;false
569970.0;2023-12-23;sábado;08:00:00;SP;381.0;44;ATIBAIA;Reação tardia ou ineficiente do condutor;Colisão traseira;Com Vítimas Feridas;Pleno dia;Decrescente;Céu Claro;Dupla;Reta;Não;4;0;1;0;3;0;1;2;-23,16031378;-46,57331407;SPRF-SP;DEL03-SP;UOP01-DEL03-SP;false
569973.0;2023-12-23;sábado;09:50:00;SP;116.0;146;SAO JOSE DOS CAMPOS;Ausência de reação do condutor;Colisão lateral mesmo sentido;Com Vítimas Feridas;Pleno dia;Decrescente;Céu Claro;Dupla;Reta;Não;1;0;1;0;0;0;1;1;-23,19122919;-45,86327591;SPRF-SP;DEL02-SP;UOP01-DEL02-SP;false
570055.0;2023-12-23;sábado;15:40:00;SP;381.0;11;VARGEM;Reação tardia ou ineficiente do condutor;Engavetamento;Com Vítimas Feridas;Pleno dia;Decrescente;Nublado;Dupla;"Reta;Aclive                   ";Não;12;0;1;0;11;0;1;5;-22,92508;-46,4524;SPRF-SP;DEL03-SP;UOP02-DEL03-SP;false
570076.0;2023-12-23;sábado;16:30:00;SP;116.0;82,2;ROSEIRA;Reação tardia ou ineficiente do condutor;Colisão traseira;Com Vítimas Feridas;Pleno dia;Decrescente;Chuva;Dupla;Reta;Não;4;0;2;0;2;0;2;3;-22,91011705;-45,32060562;SPRF-SP;DEL08-SP;UOP01-DEL08-SP;false
570110.0;2023-12-23;sábado;18:00:00;SP;116.0;146;SAO JOSE DOS CAMPOS;Ausência de reação do condutor;Colisão com objeto;Sem Vítimas;Plena Noite;Decrescente;Chuva;Dupla;Reta;Não;1;0;0;0;1;0;0;1;-23,19122919;-45,86327591;SPRF-SP;DEL02-SP;UOP01-DEL02-SP;false
570160.0;2023-12-23;sábado;19:55:00;SP;381.0;51;ATIBAIA;Entrada inopinada do pedestre;Atropelamento de Pedestre;Com Vítimas Feridas;Plena Noite;Crescente;Céu Claro;Múltipla;"Aclive;Curva                  ";Não;2;0;0;1;1;0;1;2;-23,221911;-46,59644;SPRF-SP;DEL03-SP;UOP01-DEL03-SP;false
570186.0;2023-12-23;sábado;23:20:00;SP;116.0;85,9;PINDAMONHANGABA;Ausência de reação do condutor;Queda de ocupante de veículo;Com Vítimas Feridas;Plena Noite;Decrescente;Céu Claro;Dupla;Reta;Não;1;0;1;0;0;0;1;1;-22,92211829;-45,34450085;SPRF-SP;DEL08-SP;UOP01-DEL08-SP;false
570203.0;2023-12-24;domingo;01:20:00;SP;381.0;32;ATIBAIA;Reação tardia ou ineficiente do condutor;Colisão com objeto;Sem Vítimas;Plena Noite;Decrescente;Céu Claro;Dupla;Reta;Não;1;0;0;0;1;0;0;1;-23,063857;-46,570435;SPRF-SP;DEL03-SP;UOP02-DEL03-SP;false
570206.0;2023-12-24;domingo;01:50:00;SP;153.0;64;SAO JOSE DO RIO PRETO;Velocidade Incompatível;Saída de leito carroçável;Com Vítimas Feridas;Plena Noite;Crescente;Céu Claro;Simples;Curva;Sim;1;0;1;0;0;0;1;1;-20,82919401;-49,36046325;SPRF-SP;DEL09-SP;UOP01-DEL09-SP;false
570208.0;2023-12-24;domingo;02:15:00;SP;116.0;211;GUARULHOS;Ausência de reação do condutor;Colisão traseira;Com Vítimas Feridas;Plena Noite;Decrescente;Céu Claro;Dupla;Reta;Sim;2;0;1;0;1;0;1;2;-23,4324306;-46,4194352;SPRF-SP;DEL01-SP;UOP01-DEL01-SP;false
570224.0;2023-12-24;domingo;03:50:00;SP;116.0;385,9;MIRACATU;Ingestão de álcool pelo condutor;Saída de leito carroçável;Com Vítimas Feridas;Plena Noite;Decrescente;Nublado;Dupla;Reta;Não;1;0;1;0;0;0;1;1;-24,26684079;-47,3915863;SPRF-SP;DEL04-SP;UOP02-DEL04-SP;false
570255.0;2023-12-24;domingo;06:40:00;SP;116.0;285;ITAPECERICA DA SERRA;Reação tardia ou ineficiente do condutor;Queda de ocupante de veículo;Com Vítimas Feridas;Pleno dia;Decrescente;Céu Claro;Dupla;Curva;Sim;1;0;1;0;0;0;1;1;-23,70407794;-46,87249709;SPRF-SP;DEL04-SP;UOP01-DEL04-SP;false
570284.0;2023-12-24;domingo;09:35:00;SP;116.0;216;GUARULHOS;Demais falhas mecânicas ou elétricas;Incêndio;Sem Vítimas;Pleno dia;Decrescente;Céu Claro;Múltipla;Reta;Não;7;0;0;0;7;0;0;1;-23,45056589;-46,46258105;SPRF-SP;DEL01-SP;UOP01-DEL01-SP;false
570347.0;2023-12-24;domingo;15:20:00;SP;116.0;413;JUQUIA;Avarias e/ou desgaste excessivo no pneu;Queda de ocupante de veículo;Com Vítimas Feridas;Pleno dia;Crescente;Sol;Dupla;Curva;Não;2;0;2;0;0;0;2;1;-24,33005991;-47,62299901;SPRF-SP;DEL05-SP;UOP01-DEL05-SP;false
570368.0;2023-12-24;domingo;17:27:00;SP;116.0;461;PARIQUERA-ACU;Ausência de reação do condutor;Colisão com objeto;Com Vítimas Feridas;Pleno dia;Decrescente;Céu Claro;Dupla;Reta;Não;1;0;0;1;0;0;1;1;-24,61672184;-47,88933615;SPRF-SP;DEL05-SP;UOP01-DEL05-SP;false
570391.0;2023-12-24;domingo;22:10:00;SP;116.0;284;EMBU DAS ARTES;Reação tardia ou ineficiente do condutor;Tombamento;Com Vítimas Feridas;Plena Noite;Decrescente;Céu Claro;Dupla;Reta;Sim;2;0;1;0;1;0;1;2;-23,69998;-46,867767;SPRF-SP;DEL04-SP;UOP01-DEL04-SP;false
570430.0;2023-12-25;segunda-feira;06:15:00;SP;116.0;70,7;APARECIDA;Condutor Dormindo;Colisão traseira;Sem Vítimas;Pleno dia;Crescente;Céu Claro;Dupla;Curva;Sim;2;0;0;0;2;0;0;2;-22,84899417;-45,22733818;SPRF-SP;DEL08-SP;UOP01-DEL08-SP;true
570468.0;2023-12-25;segunda-feira;11:15:00;SP;101.0;48;UBATUBA;Acesso irregular;Colisão traseira;Com Vítimas Feridas;Pleno dia;Decrescente;Céu Claro;Simples;Curva;Sim;3;0;2;0;1;0;2;2;-23,44087126;-45,08695185;SPRF-SP;DEL06-SP;UOP01-DEL06-SP;true
570525.0;2023-12-25;segunda-feira;16:50:00;SP;153.0;161;PROMISSAO;Velocidade Incompatível;Queda de ocupante de veículo;Com Vítimas Feridas;Pleno dia;Crescente;Céu Claro;Simples;Rotatória;Não;1;0;1;0;0;0;1;1;-21,51633598;-49,78087709;SPRF-SP;DEL07-SP;UOP01-DEL07-SP;true
570530.0;2023-12-25;segunda-feira;17:30:00;SP;116.0;216;GUARULHOS;Avarias e/ou desgaste excessivo no pneu;Tombamento;Com Vítimas Feridas;Anoitecer;Crescente;Céu Claro;Dupla;Aclive;Sim;2;0;2;0;0;0;2;1;-23,45056589;-46,46258105;SPRF-SP;DEL01-SP;UOP01-DEL01-SP;true
570538.0;2023-12-25;segunda-feira;15:50:00;SP;116.0;7,2;QUELUZ;Ausência de reação do condutor;Colisão com objeto;Com Vítimas Feridas;Pleno dia;Crescente;Céu Claro;Dupla;Curva;Não;5;0;2;2;0;1;4;2;-22,53531603;-44,76219097;SPRF-SP;DEL08-SP;UOP02-DEL08-SP;true
570558.0;2023-12-25;segunda-feira;18:30:00;SP;101.0;46;UBATUBA;Trafegar com motocicleta (ou similar) entre as faixas;Colisão transversal;Com Vítimas Feridas;Anoitecer;Decrescente;Céu Claro;Dupla;Reta;Sim;3;0;1;0;2;0;1;2;-23,42403383;-45,07492113;SPRF-SP;DEL06-SP;UOP01-DEL06-SP;true
570607.0;2023-12-26;terça-feira;00:15:00;SP;116.0;230;SAO PAULO;Entrada inopinada do pedestre;Atropelamento de Pedestre;Com Vítimas Fatais;Plena Noite;Crescente;Céu Claro;Múltipla;Reta;Sim;2;1;0;0;1;0;0;2;-23,52251783;-46,5855702;SPRF-SP;DEL01-SP;UOP01-DEL01-SP;false
570618.0;2023-12-26;terça-feira;03:00:00;SP;116.0;227;GUARULHOS;Pedestre andava na pista;Atropelamento de Pedestre;Com Vítimas Feridas;Plena Noite;Decrescente;Ignorado;Múltipla;Reta;Sim;2;0;2;0;0;0;2;2;-23,49659264;-46,55648754;SPRF-SP;DEL01-SP;UOP01-DEL01-SP;false
570667.0;2023-12-23;sábado;02:40:00;SP;381.0;84,5;SAO PAULO;Pedestre andava na pista;Atropelamento de Pedestre;Com Vítimas Fatais;Plena Noite;Crescente;Nublado;Dupla;Reta;Sim;2;1;0;0;0;1;0;2;-23,43937;-46,56807;SPRF-SP;DEL03-SP;UOP01-DEL03-SP;false
570686.0;2023-12-26;terça-feira;11:30:00;SP;381.0;30;BRAGANCA PAULISTA;Reação tardia ou ineficiente do condutor;Colisão traseira;Sem Vítimas;Pleno dia;Decrescente;Céu Claro;Dupla;Reta;Sim;3;0;0;0;3;0;0;2;-23,04885102;-46,56482797;SPRF-SP;DEL03-SP;UOP02-DEL03-SP;false
570719.0;2023-12-26;terça-feira;15:25:00;SP;116.0;129;CACAPAVA;Reação tardia ou ineficiente do condutor;Tombamento;Com Vítimas Feridas;Pleno dia;Decrescente;Céu Claro;Dupla;Reta;Não;1;0;0;1;0;0;1;1;-23,11885593;-45,71948203;SPRF-SP;DEL02-SP;UOP02-DEL02-SP;false
570739.0;2023-12-26;terça-feira;16:40:00;SP;101.0;47,9;UBATUBA;Ingestão de álcool pelo condutor;Colisão transversal;Com Vítimas Feridas;Pleno dia;Crescente;Garoa/Chuvisco;Simples;Rotatória;Sim;6;0;1;0;5;0;1;2;-23,43374826;-45,08613348;SPRF-SP;DEL06-SP;UOP01-DEL06-SP;false
570743.0;2023-12-26;terça-feira;17:10:00;SP;101.0;48;UBATUBA;Retorno proibido;Colisão transversal;Com Vítimas Feridas;Pleno dia;Crescente;Chuva;Simples;Reta;Sim;3;0;1;0;2;0;1;2;-23,43492864;-45,08687139;SPRF-SP;DEL06-SP;UOP01-DEL06-SP;false
570788.0;2023-11-24;sexta-feira;18:40:00;SP;101.0;21;UBATUBA;Acessar a via sem observar a presença dos outros veículos;Colisão transversal;Com Vítimas Feridas;Plena Noite;Decrescente;Garoa/Chuvisco;Simples;Reta;Não;4;0;1;0;3;0;1;2;-23,33171514;-44,92195845;SPRF-SP;DEL06-SP;UOP01-DEL06-SP;false
570803.0;2023-12-26;terça-feira;22:15:00;SP;101.0;16,7;UBATUBA;Ausência de reação do condutor;Saída de leito carroçável;Com Vítimas Feridas;Plena Noite;Decrescente;Garoa/Chuvisco;Simples;Reta;Não;2;0;2;0;0;0;2;1;-23,32700315;-44,88452224;SPRF-SP;DEL06-SP;UOP01-DEL06-SP;false
570816.0;2023-12-27;quarta-feira;01:50:00;SP;116.0;270,9;TABOAO DA SERRA;Reação tardia ou ineficiente do condutor;Colisão com objeto;Com Vítimas Feridas;Plena Noite;Decrescente;Céu Claro;Dupla;Reta;Sim;1;0;1;0;0;0;1;1;-23,61799728;-46,79677694;SPRF-SP;DEL04-SP;UOP01-DEL04-SP;false
570832.0;2023-12-27;quarta-feira;07:35:00;SP;116.0;124;CACAPAVA;Condutor deixou de manter distância do veículo da frente;Engavetamento;Com Vítimas Feridas;Pleno dia;Decrescente;Céu Claro;Dupla;Reta;Sim;6;0;1;0;5;0;1;5;-23,093116;-45,677904;SPRF-SP;DEL02-SP;UOP02-DEL02-SP;false
570836.0;2023-12-18;segunda-feira;22:30:00;SP;381.0;84,8;SAO PAULO;Demais falhas mecânicas ou elétricas;Incêndio;Sem Vítimas;Plena Noite;Decrescente;Céu Claro;Dupla;Reta;Sim;1;0;0;0;1;0;0;1;-23,43937;-46,56807;SPRF-SP;DEL03-SP;UOP01-DEL03-SP;false
570843.0;2023-12-27;quarta-feira;08:20:00;SP;116.0;75,3;APARECIDA;Frear bruscamente;Colisão traseira;Com Vítimas Feridas;Pleno dia;Decrescente;Nublado;Dupla;Reta;Sim;3;0;1;0;1;1;1;2;-22,87521876;-45,26277018;SPRF-SP;DEL08-SP;UOP01-DEL08-SP;false
570844.0;2023-12-27;quarta-feira;08:45:00;SP;153.0;84,5;MIRASSOL;Afundamento ou ondulação no pavimento;Tombamento;Com Vítimas Feridas;Pleno dia;Decrescente;Nublado;Dupla;"Reta;Declive                  ";Não;1;0;1;0;0;0;1;1;-20,92853368;-49,51181226;SPRF-SP;DEL09-SP;UOP01-DEL09-SP;false
570892.0;2023-12-27;quarta-feira;09:05:00;SP;101.0;46,9;UBATUBA;Transitar na contramão;Colisão frontal;Com Vítimas Feridas;Pleno dia;Decrescente;Sol;Simples;Reta;Não;2;0;1;0;1;0;1;2;-23,42403383;-45,07492113;SPRF-SP;DEL06-SP;UOP01-DEL06-SP;false
570921.0;2023-12-27;quarta-feira;15:10:00;SP;381.0;58,5;MAIRIPORA;Reação tardia ou ineficiente do condutor;Engavetamento;Com Vítimas Feridas;Pleno dia;Crescente;Céu Claro;Dupla;Reta;Não;9;0;0;1;8;0;1;3;-23,27987;-46,58647;SPRF-SP;DEL03-SP;UOP01-DEL03-SP;false
570943.0;2023-12-27;quarta-feira;16:45:00;SP;116.0;100,4;PINDAMONHANGABA;Condutor deixou de manter distância do veículo da frente;Colisão traseira;Com Vítimas Feridas;Pleno dia;Crescente;Céu Claro;Dupla;Reta;Não;5;0;1;0;3;1;1;2;-22,986552;-45,47276;SPRF-SP;DEL08-SP;UOP01-DEL08-SP;false
571037.0;2023-12-28;quinta-feira;07:36:00;SP;116.0;499;CAJATI;Reação tardia ou ineficiente do condutor;Colisão traseira;Com Vítimas Feridas;Pleno dia;Crescente;Sol;Simples;Reta;Não;3;0;1;0;2;0;1;2;-24,78228753;-48,17695233;SPRF-SP;DEL05-SP;UOP02-DEL05-SP;false
571044.0;2023-12-28;quinta-feira;08:40:00;SP;116.0;269;TABOAO DA SERRA;Reação tardia ou ineficiente do condutor;Colisão traseira;Com Vítimas Feridas;Pleno dia;Crescente;Céu Claro;Dupla;Reta;Sim;2;0;1;0;1;0;1;2;-23,61593059;-46,78826044;SPRF-SP;DEL04-SP;UOP01-DEL04-SP;false
571084.0;2023-10-26;quinta-feira;09:20:00;SP;116.0;219;GUARULHOS;Trafegar com motocicleta (ou similar) entre as faixas;Colisão traseira;Com Vítimas Feridas;Pleno dia;Crescente;Nublado;Dupla;Reta;Não;2;0;1;0;1;0;1;2;-23,46143954;-46,48885316;SPRF-SP;DEL01-SP;UOP01-DEL01-SP;false
571104.0;2023-12-28;quinta-feira;15:03:00;SP;101.0;49,5;UBATUBA;Acessar a via sem observar a presença dos outros veículos;Colisão transversal;Com Vítimas Feridas;Pleno dia;Crescente;Céu Claro;Simples;Reta;Sim;2;0;1;0;1;0;1;2;-23,44410908;-45,08375708;SPRF-SP;DEL06-SP;UOP01-DEL06-SP;false
571119.0;2023-12-28;quinta-feira;16:05:00;SP;101.0;37;UBATUBA;Ultrapassagem Indevida;Colisão lateral mesmo sentido;Sem Vítimas;Pleno dia;Decrescente;Céu Claro;Simples;Curva;Não;2;0;0;0;2;0;0;2;-23,39871277;-45,02091491;SPRF-SP;DEL06-SP;UOP01-DEL06-SP;false
571207.0;2023-12-29;sexta-feira;01:48:00;SP;116.0;223;GUARULHOS;Ausência de reação do condutor;Queda de ocupante de veículo;Com Vítimas Feridas;Plena Noite;Crescente;Céu Claro;Múltipla;Reta;Sim;1;0;1;0;0;0;1;1;-23,47559815;-46,5246609;SPRF-SP;DEL01-SP;UOP01-DEL01-SP;false
571221.0;2023-12-29;sexta-feira;06:10:00;SP;101.0;38;UBATUBA;Ausência de reação do condutor;Colisão lateral sentido oposto;Com Vítimas Feridas;Pleno dia;Decrescente;Céu Claro;Simples;Curva;Não;3;0;1;0;2;0;1;2;-23,41211265;-45,02005219;SPRF-SP;DEL06-SP;UOP01-DEL06-SP;false
571236.0;2023-12-29;sexta-feira;08:00:00;SP;116.0;370;MIRACATU;Manobra de mudança de faixa;Colisão lateral mesmo sentido;Com Vítimas Feridas;Pleno dia;Crescente;Nublado;Múltipla;"Curva;Declive                 ";Não;2;0;1;0;0;1;1;2;-24,15230452;-47,32081981;SPRF-SP;DEL04-SP;UOP02-DEL04-SP;false
571277.0;2023-12-29;sexta-feira;12:00:00;SP;116.0;219;GUARULHOS;Pista Escorregadia;Tombamento;Com Vítimas Feridas;Pleno dia;Decrescente;Sol;Múltipla;Reta;Não;1;0;1;0;0;0;1;1;-23,46143954;-46,48885316;SPRF-SP;DEL01-SP;UOP01-DEL01-SP;false
571287.0;2023-12-29;sexta-feira;13:45:00;SP;101.0;51;UBATUBA;Trafegar com motocicleta (ou similar) entre as faixas;Colisão transversal;Com Vítimas Feridas;Pleno dia;Decrescente;Céu Claro;Simples;Reta;Sim;3;0;1;0;2;0;1;2;-23,45627795;-45,07111896;SPRF-SP;DEL06-SP;UOP01-DEL06-SP;false
571317.0;2023-12-29;sexta-feira;16:15:00;SP;101.0;19,1;UBATUBA;Acessar a via sem observar a presença dos outros veículos;Colisão transversal;Com Vítimas Feridas;Pleno dia;Decrescente;Céu Claro;Simples;"Retorno Regulamentado;Reta    ";Não;5;0;1;0;4;0;1;2;-23,32230369;-44,90866726;SPRF-SP;DEL06-SP;UOP01-DEL06-SP;false
571322.0;2023-12-29;sexta-feira;15:15:00;SP;153.0;152,1;PROMISSAO;Velocidade Incompatível;Capotamento;Com Vítimas Feridas;Pleno dia;Crescente;Céu Claro;Simples;Reta;Não;3;0;3;0;0;0;3;1;-21,435386;-49,78542703;SPRF-SP;DEL07-SP;UOP01-DEL07-SP;false
571331.0;2023-12-29;sexta-feira;17:00:00;SP;101.0;50;UBATUBA;Condutor Dormindo;Engavetamento;Sem Vítimas;Pleno dia;Decrescente;Céu Claro;Simples;Reta;Sim;3;0;0;0;3;0;0;3;-23,45018939;-45,07743735;SPRF-SP;DEL06-SP;UOP01-DEL06-SP;false
571356.0;2023-12-29;sexta-feira;19:30:00;SP;116.0;219;GUARULHOS;Reação tardia ou ineficiente do condutor;Queda de ocupante de veículo;Com Vítimas Feridas;Plena Noite;Decrescente;Céu Claro;Múltipla;Reta;Sim;1;0;1;0;0;0;1;1;-23,46143954;-46,48885316;SPRF-SP;DEL01-SP;UOP01-DEL01-SP;false
571369.0;2023-12-29;sexta-feira;20:00:00;SP;381.0;0;VARGEM;Demais falhas mecânicas ou elétricas;Incêndio;Sem Vítimas;Plena Noite;Crescente;Céu Claro;Dupla;"Curva;Declive                 ";Não;1;0;0;0;1;0;0;1;-22,878674;-46,372143;SPRF-SP;DEL03-SP;UOP02-DEL03-SP;false
571408.0;2023-12-29;sexta-feira;23:40:00;SP;116.0;51,5;LORENA;Pedestre andava na pista;Atropelamento de Pedestre;Com Vítimas Fatais;Plena Noite;Crescente;Céu Claro;Dupla;Interseção de Vias;Não;2;1;0;0;1;0;0;2;-22,74361753;-45,09522915;SPRF-SP;DEL08-SP;UOP02-DEL08-SP;false
571410.0;2023-12-29;sexta-feira;23:50:00;SP;116.0;108;TAUBATE;Avarias e/ou desgaste excessivo no pneu;Tombamento;Com Vítimas Feridas;Plena Noite;Crescente;Céu Claro;Dupla;Reta;Sim;2;0;2;0;0;0;2;1;-23,0233097;-45,53763622;SPRF-SP;DEL02-SP;UOP02-DEL02-SP;false
571450.0;2023-12-30;sábado;07:10:00;SP;116.0;518;CAJATI;Reação tardia ou ineficiente do condutor;Saída de leito carroçável;Com Vítimas Feridas;Amanhecer;Decrescente;Chuva;Dupla;Curva;Não;2;0;2;0;0;0;2;1;-24,88391594;-48,22626356;SPRF-SP;DEL05-SP;UOP02-DEL05-SP;false
571455.0;2023-12-30;sábado;07:30:00;SP;116.0;518;CAJATI;Acostamento em desnível;Colisão com objeto;Sem Vítimas;Amanhecer;Decrescente;Chuva;Dupla;"Curva;Declive                 ";Não;2;0;0;0;2;0;0;1;-24,88391594;-48,22626356;SPRF-SP;DEL05-SP;UOP02-DEL05-SP;false
571462.0;2023-12-30;sábado;08:00:00;SP;381.0;37;ATIBAIA;Mal súbito do condutor;Saída de leito carroçável;Com Vítimas Feridas;Pleno dia;Crescente;Céu Claro;Dupla;Reta;Não;1;0;1;0;0;0;1;1;-23,10506237;-46,56881577;SPRF-SP;DEL03-SP;UOP01-DEL03-SP;false
571466.0;2023-12-30;sábado;08:15:00;SP;116.0;218,3;GUARULHOS;Reação tardia ou ineficiente do condutor;Tombamento;Com Vítimas Feridas;Pleno dia;Crescente;Chuva;Simples;"Curva;Aclive                  ";Sim;2;0;2;0;0;0;2;1;-23,45958516;-46,49080396;SPRF-SP;DEL01-SP;UOP01-DEL01-SP;false
571472.0;2023-12-30;sábado;09:30:00;SP;116.0;488;CAJATI;Avarias e/ou desgaste excessivo no pneu;Colisão frontal;Com Vítimas Feridas;Pleno dia;Crescente;Nublado;Dupla;Curva;Sim;3;0;2;0;1;0;2;1;-24,72987286;-48,10660895;SPRF-SP;DEL05-SP;UOP01-DEL05-SP;false
571482.0;2023-12-30;sábado;10:45:00;SP;381.0;74,9;SAO PAULO;Velocidade Incompatível;Tombamento;Com Vítimas Feridas;Pleno dia;Decrescente;Nublado;Dupla;"Curva;Aclive                  ";Não;1;0;1;0;0;0;1;1;-23,37208014;-46,55700294;SPRF-SP;DEL03-SP;UOP01-DEL03-SP;false
571512.0;2023-12-30;sábado;13:50:00;SP;381.0;61;MAIRIPORA;Avarias e/ou desgaste excessivo no pneu;Capotamento;Com Vítimas Feridas;Pleno dia;Crescente;Chuva;Dupla;Curva;Sim;3;0;3;0;0;0;3;1;-23,29121762;-46,58616722;SPRF-SP;DEL03-SP;UOP01-DEL03-SP;false
571522.0;2023-12-30;sábado;14:10:00;SP;116.0;380;MIRACATU;Acesso irregular;Colisão transversal;Com Vítimas Feridas;Pleno dia;Decrescente;Céu Claro;Dupla;Reta;Não;4;0;1;3;0;0;4;2;-24,21753686;-47,36651776;SPRF-SP;DEL04-SP;UOP02-DEL04-SP;false
571548.0;2023-12-30;sábado;15:00:00;SP;116.0;86,6;PINDAMONHANGABA;Reação tardia ou ineficiente do condutor;Colisão traseira;Com Vítimas Feridas;Pleno dia;Crescente;Garoa/Chuvisco;Dupla;Reta;Não;4;0;2;0;2;0;2;2;-22,92869382;-45,3578496;SPRF-SP;DEL08-SP;UOP01-DEL08-SP;false
571566.0;2023-12-30;sábado;18:00:00;SP;381.0;86;GUARULHOS;Mal súbito do condutor;Colisão com objeto;Com Vítimas Feridas;Anoitecer;Crescente;Nublado;Múltipla;Reta;Sim;2;0;0;1;1;0;1;2;-23,45930499;-46,57161179;SPRF-SP;DEL03-SP;UOP01-DEL03-SP;false
571568.0;2023-12-30;sábado;18:00:00;SP;116.0;104;TAUBATE;Demais falhas mecânicas ou elétricas;Tombamento;Com Vítimas Feridas;Anoitecer;Crescente;Nublado;Dupla;Reta;Não;2;0;2;0;0;0;2;1;-23,00340176;-45,50626912;SPRF-SP;DEL02-SP;UOP02-DEL02-SP;false
571579.0;2023-12-30;sábado;19:20:00;SP;153.0;74,4;BADY BASSITT;Reação tardia ou ineficiente do condutor;Saída de leito carroçável;Com Vítimas Feridas;Plena Noite;Decrescente;Nublado;Dupla;Reta;Não;1;0;0;1;0;0;1;1;-20,88538598;-49,42676402;SPRF-SP;DEL09-SP;UOP01-DEL09-SP;false
571584.0;2023-12-30;sábado;20:20:00;SP;116.0;214;GUARULHOS;Ausência de reação do condutor;Colisão traseira;Com Vítimas Feridas;Plena Noite;Decrescente;Céu Claro;Múltipla;Reta;Sim;3;0;2;0;0;1;2;2;-23,45032059;-46,46190584;SPRF-SP;DEL01-SP;UOP01-DEL01-SP;false
571598.0;2023-12-30;sábado;21:40:00;SP;116.0;218;GUARULHOS;Ausência de reação do condutor;Colisão traseira;Com Vítimas Fatais;Plena Noite;Crescente;Nublado;Múltipla;Reta;Sim;2;1;0;0;1;0;0;2;-23,457972;-46,479927;SPRF-SP;DEL01-SP;UOP01-DEL01-SP;false