id;data_inversa;dia_semana;horario;uf;br;km;municipio;causa_acidente;tipo_acidente;classificacao_acidente;fase_dia;sentido_via;condicao_metereologica;tipo_pista;tracado_via;uso_solo;pessoas;mortos;feridos_leves;feridos_graves;ilesos;ignorados;feridos;veiculos;latitude;longitude;regional;delegacia;uop;feriado
575900.0;2024-01-20;sábado;06:10:00;SP;116.0;141;SAO JOSE DOS CAMPOS;Reação tardia ou ineficiente do condutor;Colisão lateral mesmo sentido;Com Vítimas Fatais;Pleno dia;Decrescente;Nublado;Dupla;Reta;Sim;8;1;0;5;0;2;5;4;-23,17004717;-45,82091491;SPRF-SP;DEL02-SP;UOP01-DEL02-SP;false
575986.0;2024-01-20;sábado;16:30:00;SP;116.0;225;GUARULHOS;Reação tardia ou ineficiente do condutor;Colisão transversal;Com Vítimas Feridas;Anoitecer;Crescente;Nublado;Múltipla;Reta;Sim;2;0;2;0;0;0;2;2;-23,48586772;-46,54075317;SPRF-SP;DEL01-SP;UOP01-DEL01-SP;false
576141.0;2024-01-21;domingo;07:00:00;SP;116.0;511;CAJATI;Velocidade Incompatível;Tombamento;Com Vítimas Feridas;Pleno dia;Decrescente;Céu Claro;Dupla;Reta;Não;2;0;0;1;0;1;1;2;-24,83558399;-48,2223738;SPRF-SP;DEL05-SP;UOP02-DEL05-SP;false
576182.0;2024-01-21;domingo;12:00:00;SP;116.0;380;MIRACATU;Pista Escorregadia;Colisão transversal;Com Vítimas Feridas;Pleno dia;Decrescente;Chuva;Dupla;Curva;Não;4;0;4;0;0;0;4;3;-24,21753686;-47,36651776;SPRF-SP;DEL04-SP;UOP02-DEL04-SP;false
576199.0;2024-01-21;domingo;13:05:00;SP;153.0;76,6;BADY BASSITT;Ausência de reação do condutor;Colisão com objeto;Sem Vítimas;Pleno dia;Crescente;Nublado;Dupla;Reta;Não;3;0;0;0;1;2;0;2;-20,89941041;-49,4431879;SPRF-SP;DEL09-SP;UOP01-DEL09-SP;false
576351.0;2024-01-22;segunda-feira;07:00:00;SP;116.0;545;BARRA DO TURVO;Velocidade Incompatível;Tombamento;Com Vítimas Feridas;Pleno dia;Crescente;Céu Claro;Simples;"Declive;Curva";Não;2;0;1;0;0;1;1;2;-24,95016699;-48,42400302;SPRF-SP;DEL05-SP;UOP02-DEL05-SP;false
576428.0;2024-01-22;segunda-feira;13:00:00;SP;116.0;513,3;CAJATI;Reação tardia ou ineficiente do condutor;Tombamento;Com Vítimas Fatais;Pleno dia;Decrescente;Nublado;Simples;"Curva;Declive";Não;3;1;0;0;1;1;0;2;-24,84870719;-48,21109772;SPRF-SP;DEL05-SP;UOP02-DEL05-SP;false
576517.0;2024-01-22;segunda-feira;21:10:00;SP;116.0;399;MIRACATU;Manobra de mudança de faixa;Colisão lateral mesmo sentido;Com Vítimas Feridas;Plena Noite;Crescente;Chuva;Dupla;Curva;Não;2;0;1;0;0;1;1;2;-24,30685192;-47,49673259;SPRF-SP;DEL04-SP;UOP02-DEL04-SP;false
576601.0;2024-01-23;terça-feira;10:34:00;SP;116.0;388;MIRACATU;Ausência de reação do condutor;Engavetamento;Sem Vítimas;Pleno dia;Decrescente;Chuva;Dupla;Reta;Não;3;0;0;0;3;0;0;3;-24,26919492;-47,39740603;SPRF-SP;DEL04-SP;UOP02-DEL04-SP;false
576606.0;2024-01-23;terça-feira;11:35:00;SP;116.0;299;ITAPECERICA DA SERRA;Reação tardia ou ineficiente do condutor;Colisão traseira;Com Vítimas Feridas;Pleno dia;Crescente;Chuva;Múltipla;"Aclive;Reta";Não;5;0;2;0;2;2;2;4;-23,7823995;-46,91522598;SPRF-SP;DEL04-SP;UOP01-DEL04-SP;false
576625.0;2024-01-23;terça-feira;12:40:00;SP;116.0;360;MIRACATU;Demais falhas mecânicas ou elétricas;Incêndio;Sem Vítimas;Pleno dia;Decrescente;Chuva;Múltipla;Reta;Não;2;0;0;0;1;1;0;2;-24,11248793;-47,26510606;SPRF-SP;DEL04-SP;UOP03-DEL04-SP;false
576634.0;2024-01-23;terça-feira;15:10:00;SP;116.0;222;GUARULHOS;Manobra de mudança de faixa;Colisão lateral mesmo sentido;Com Vítimas Feridas;Pleno dia;Crescente;Chuva;Múltipla;Reta;Sim;2;0;1;0;1;0;1;2;-23,47093408;-46,51631097;SPRF-SP;DEL01-SP;UOP01-DEL01-SP;false
576690.0;2024-01-23;terça-feira;17:31:00;SP;116.0;286;ITAPECERICA DA SERRA;Condutor deixou de manter distância do veículo da frente;Colisão traseira;Sem Vítimas;Pleno dia;Decrescente;Chuva;Dupla;Reta;Sim;3;0;0;0;2;1;0;3;-23,70925128;-46,87588966;SPRF-SP;DEL04-SP;UOP01-DEL04-SP;false
576691.0;2024-01-23;terça-feira;17:30:00;SP;116.0;362;MIRACATU;Ausência de reação do condutor;Tombamento;Com Vítimas Feridas;Pleno dia;Crescente;Chuva;Dupla;"Declive;Curva";Não;2;0;0;1;0;1;1;2;-24,1220177;-47,27047772;SPRF-SP;DEL04-SP;UOP03-DEL04-SP;false
576754.0;2024-01-24;quarta-feira;05:40:00;SP;116.0;31;CRUZEIRO;Ausência de reação do condutor;Colisão traseira;Sem Vítimas;Amanhecer;Crescente;Céu Claro;Múltipla;"Reta;Aclive";Não;2;0;0;0;2;0;0;2;-22,63966194;-44,93868903;SPRF-SP;DEL08-SP;UOP02-DEL08-SP;false
576773.0;2024-01-24;quarta-feira;09:50:00;SP;116.0;218;GUARULHOS;Ausência de reação do condutor;Engavetamento;Com Vítimas Feridas;Pleno dia;Crescente;Sol;Múltipla;Reta;Sim;5;0;1;0;3;1;1;5;-23,457972;-46,479927;SPRF-SP;DEL01-SP;UOP01-DEL01-SP;false
576841.0;2024-01-24;quarta-feira;16:05:00;SP;381.0;88,5;GUARULHOS;Reação tardia ou ineficiente do condutor;Colisão traseira;Com Vítimas Feridas;Pleno dia;Crescente;Nublado;Múltipla;Reta;Sim;3;0;1;0;1;1;1;3;-23,48245;-46,56017;SPRF-SP;DEL03-SP;UOP01-DEL03-SP;false
576940.0;2024-01-25;quinta-feira;07:00:00;SP;116.0;140,3;SAO JOSE DOS CAMPOS;Condutor deixou de manter distância do veículo da frente;Tombamento;Com Vítimas Fatais;Pleno dia;Crescente;Nublado;Dupla;Reta;Sim;3;1;0;0;1;1;0;3;-23,16577714;-45,81246193;SPRF-SP;DEL02-SP;UOP01-DEL02-SP;false
576971.0;2024-01-25;quinta-feira;11:00:00;SP;116.0;222;GUARULHOS;Velocidade Incompatível;Colisão traseira;Com Vítimas Feridas;Pleno dia;Crescente;Céu Claro;Múltipla;Reta;Não;4;0;1;0;3;0;1;4;-23,47093408;-46,51631097;SPRF-SP;DEL01-SP;UOP01-DEL01-SP;false
576973.0;2024-01-25;quinta-feira;12:40:00;SP;116.0;560;BARRA DO TURVO;Reação tardia ou ineficiente do condutor;Colisão com objeto;Com Vítimas Feridas;Pleno dia;Crescente;Garoa/Chuvisco;Simples;Curva;Não;3;0;1;0;1;2;1;4;-24,99813554;-48,51081848;SPRF-SP;DEL05-SP;UOP02-DEL05-SP;false
577011.0;2024-01-25;quinta-feira;14:35:00;SP;116.0;222;GUARULHOS;Ausência de reação do condutor;Colisão lateral mesmo sentido;Com Vítimas Feridas;Pleno dia;Decrescente;Nublado;Múltipla;"Reta;Interseção de Vias;Desvio Temporário";Sim;3;0;1;0;1;1;1;3;-23,474442;-46,522883;SPRF-SP;DEL01-SP;UOP01-DEL01-SP;false
577288.0;2024-01-26;sexta-feira;19:42:00;SP;153.0;262;MARILIA;Ausência de reação do condutor;Colisão traseira;Com Vítimas Feridas;Plena Noite;Decrescente;Céu Claro;Simples;Reta;Não;3;0;1;0;2;0;1;2;-22,28307122;-49,91788954;SPRF-SP;DEL07-SP;UOP02-DEL07-SP;false
577299.0;2024-01-27;sábado;00:05:00;SP;116.0;59,4;GUARATINGUETA;Condutor deixou de manter distância do veículo da frente;Colisão traseira;Com Vítimas Feridas;Plena Noite;Crescente;Céu Claro;Dupla;Reta;Sim;2;0;1;0;1;0;1;2;-22,78555649;-45,15339465;SPRF-SP;DEL08-SP;UOP01-DEL08-SP;false
577352.0;2024-01-27;sábado;09:40:00;SP;116.0;134;CACAPAVA;Avarias e/ou desgaste excessivo no pneu;Colisão lateral mesmo sentido;Sem Vítimas;Pleno dia;Crescente;Céu Claro;Dupla;Reta;Não;2;0;0;0;2;0;0;2;-23,1402216;-45,7617252;SPRF-SP;DEL02-SP;UOP02-DEL02-SP;false
577417.0;2024-01-27;sábado;14:35:00;SP;116.0;26,2;SILVEIRAS;Reação tardia ou ineficiente do condutor;Colisão traseira;Com Vítimas Feridas;Pleno dia;Decrescente;Sol;Múltipla;"Reta;Aclive";Não;3;0;1;0;1;1;1;3;-22,61419397;-44,90005302;SPRF-SP;DEL08-SP;UOP02-DEL08-SP;false
577744.0;2024-01-29;segunda-feira;07:00:00;SP;116.0;287;ITAPECERICA DA SERRA;Acessar a via sem observar a presença dos outros veículos;Colisão lateral mesmo sentido;Com Vítimas Feridas;Pleno dia;Decrescente;Céu Claro;Dupla;Reta;Não;3;0;1;0;1;1;1;3;-23,71441779;-46,87929634;SPRF-SP;DEL04-SP;UOP01-DEL04-SP;false
577778.0;2024-01-29;segunda-feira;10:00:00;SP;116.0;519;CAJATI;Reação tardia ou ineficiente do condutor;Saída de leito carroçável;Com Vítimas Feridas;Pleno dia;Crescente;Sol;Simples;Reta;Não;2;0;1;0;0;2;1;3;-24,88391594;-48,22626356;SPRF-SP;DEL05-SP;UOP02-DEL05-SP;false
577893.0;2024-01-29;segunda-feira;15:05:00;SP;116.0;430,9;REGISTRO;Condutor deixou de manter distância do veículo da frente;Colisão traseira;Com Vítimas Feridas;Pleno dia;Crescente;Chuva;Dupla;Reta;Não;4;0;0;2;1;3;2;6;-24,40730885;-47,7459871;SPRF-SP;DEL05-SP;UOP01-DEL05-SP;false
577912.0;2024-01-29;segunda-feira;23:30:00;SP;116.0;557;BARRA DO TURVO;Reação tardia ou ineficiente do condutor;Saída de leito carroçável;Com Vítimas Feridas;Plena Noite;Decrescente;Garoa/Chuvisco;Simples;Curva;Não;2;0;1;0;0;1;1;2;-24,99089107;-48,50734616;SPRF-SP;DEL05-SP;UOP02-DEL05-SP;false
577989.0;2024-01-30;terça-feira;10:50:00;SP;153.0;114,3;JOSE BONIFACIO;Reação tardia ou ineficiente do condutor;Colisão traseira;Com Vítimas Fatais;Pleno dia;Decrescente;Céu Claro;Simples;"Reta;Em Obras";Não;8;1;2;2;2;3;4;7;-21,12117412;-49,69084075;SPRF-SP;DEL09-SP;UOP01-DEL09-SP;false
578081.0;2024-01-30;terça-feira;20:15:00;SP;381.0;67,5;MAIRIPORA;Velocidade Incompatível;Tombamento;Com Vítimas Feridas;Plena Noite;Decrescente;Céu Claro;Múltipla;Curva;Não;3;0;1;0;1;1;1;3;-23,33226094;-46,57675379;SPRF-SP;DEL03-SP;UOP01-DEL03-SP;false
578106.0;2024-01-30;terça-feira;23:00:00;SP;116.0;79,2;ROSEIRA;Demais falhas mecânicas ou elétricas;Saída de leito carroçável;Com Vítimas Feridas;Plena Noite;Crescente;Céu Claro;Dupla;Reta;Não;2;0;1;0;0;1;1;2;-22,89420903;-45,29471098;SPRF-SP;DEL08-SP;UOP01-DEL08-SP;false
578120.0;2024-01-31;quarta-feira;04:40:00;SP;381.0;86;SAO PAULO;Entrada inopinada do pedestre;Atropelamento de Pedestre;Com Vítimas Fatais;Amanhecer;Decrescente;Céu Claro;Múltipla;Reta;Sim;3;1;0;0;1;1;0;3;-23,45930499;-46,57161179;SPRF-SP;DEL03-SP;UOP01-DEL03-SP;false
578138.0;2024-01-31;quarta-feira;07:25:00;SP;116.0;335;JUQUITIBA;Reação tardia ou ineficiente do condutor;Tombamento;Com Vítimas Feridas;Pleno dia;Crescente;Céu Claro;Dupla;Curva;Não;2;0;1;0;0;1;1;2;-23,96963408;-47,1337469;SPRF-SP;DEL04-SP;UOP03-DEL04-SP;false
578208.0;2024-01-23;terça-feira;12:00:00;SP;116.0;561;BARRA DO TURVO;Velocidade Incompatível;Capotamento;Com Vítimas Feridas;Pleno dia;Crescente;Chuva;Dupla;Curva;Não;6;0;1;0;5;0;1;2;-25,02045097;-48,51586004;SPRF-SP;DEL05-SP;UOP02-DEL05-SP;false
578381.0;2024-02-01;quinta-feira;13:00:00;SP;381.0;47;ATIBAIA;Avarias e/ou desgaste excessivo no pneu;Eventos atípicos;Com Vítimas Feridas;Pleno dia;Crescente;Céu Claro;Múltipla;Reta;Não;3;0;1;0;1;1;1;3;-23,18904617;-46,58407757;SPRF-SP;DEL03-SP;UOP01-DEL03-SP;false
578469.0;2024-02-02;sexta-feira;01:55:00;SP;116.0;394;MIRACATU;Condutor Dormindo;Saída de leito carroçável;Com Vítimas Feridas;Plena Noite;Decrescente;Nublado;Dupla;Reta;Não;2;0;0;1;0;1;1;2;-24,28717454;-47,45143994;SPRF-SP;DEL04-SP;UOP02-DEL04-SP;false
578534.0;2024-02-02;sexta-feira;10:50:00;SP;116.0;506;CAJATI;Problema com o freio;Incêndio;Com Vítimas Feridas;Pleno dia;Decrescente;Céu Claro;Simples;Curva;Não;2;0;1;0;0;1;1;2;-24,79704815;-48,2145174;SPRF-SP;DEL05-SP;UOP02-DEL05-SP;false
578556.0;2024-02-02;sexta-feira;13:20:00;SP;116.0;214;GUARULHOS;Acessar a via sem observar a presença dos outros veículos;Colisão traseira;Com Vítimas Feridas;Pleno dia;Decrescente;Chuva;Dupla;Reta;Não;2;0;0;1;1;0;1;2;-23,44333014;-46,44531294;SPRF-SP;DEL01-SP;UOP01-DEL01-SP;false
578558.0;2024-02-02;sexta-feira;12:50:00;SP;116.0;161,6;JACAREI;Condutor deixou de manter distância do veículo da frente;Engavetamento;Com Vítimas Feridas;Pleno dia;Decrescente;Garoa/Chuvisco;Múltipla;Reta;Sim;3;0;1;0;2;0;1;3;-23,27617003;-45,97592098;SPRF-SP;DEL02-SP;UOP01-DEL02-SP;false
578594.0;2024-02-02;sexta-feira;18:00:00;SP;116.0;566;BARRA DO TURVO;Reação tardia ou ineficiente do condutor;Colisão lateral mesmo sentido;Com Vítimas Feridas;Anoitecer;Crescente;Garoa/Chuvisco;Simples;Curva;Não;3;0;1;0;2;0;1;3;-25,041697;-48,549812;SPRF-SP;DEL05-SP;UOP02-DEL05-SP;false
578616.0;2024-02-02;sexta-feira;19:30:00;SP;116.0;464;PARIQUERA-ACU;Problema com o freio;Incêndio;Sem Vítimas;Plena Noite;Decrescente;Garoa/Chuvisco;Dupla;Reta;Não;2;0;0;0;1;1;0;2;-24,63517676;-47,90877722;SPRF-SP;DEL05-SP;UOP01-DEL05-SP;false
578645.0;2024-02-02;sexta-feira;09:40:00;SP;116.0;209;GUARULHOS;Ausência de reação do condutor;Colisão lateral mesmo sentido;Sem Vítimas;Pleno dia;Crescente;Céu Claro;Múltipla;Reta;Não;2;0;0;0;2;0;0;2;-23,42511799;-46,40221101;SPRF-SP;DEL01-SP;UOP01-DEL01-SP;false
578713.0;2024-02-03;sábado;07:20:00;SP;116.0;349;MIRACATU;Condutor deixou de manter distância do veículo da frente;Colisão lateral mesmo sentido;Com Vítimas Feridas;Pleno dia;Decrescente;Céu Claro;Dupla;Reta;Não;8;0;3;0;5;0;3;2;-24,05190879;-47,213052;SPRF-SP;DEL04-SP;UOP03-DEL04-SP;false
578819.0;2024-02-03;sábado;19:24:00;SP;116.0;137;SAO JOSE DOS CAMPOS;Pedestre andava na pista;Atropelamento de Pedestre;Com Vítimas Fatais;Plena Noite;Decrescente;Chuva;Dupla;Reta;Não;6;1;0;0;3;2;0;6;-23,15300766;-45,78709317;SPRF-SP;DEL02-SP;UOP01-DEL02-SP;false
579174.0;2024-02-05;segunda-feira;12:50:00;SP;116.0;477,3;JACUPIRANGA;Pedestre cruzava a pista fora da faixa;Atropelamento de Pedestre;Com Vítimas Feridas;Pleno dia;Crescente;Sol;Dupla;Reta;Sim;3;0;0;1;1;1;1;3;-24,69842695;-48,00304804;SPRF-SP;DEL05-SP;UOP01-DEL05-SP;false
579495.0;2024-02-07;quarta-feira;01:20:00;SP;116.0;58,9;GUARATINGUETA;Acessar a via sem observar a presença dos outros veículos;Colisão traseira;Com Vítimas Feridas;Plena Noite;Crescente;Céu Claro;Múltipla;Reta;Sim;3;0;2;0;1;0;2;2;-22,78005511;-45,14572791;SPRF-SP;DEL08-SP;UOP01-DEL08-SP;false
579546.0;2024-02-07;quarta-feira;07:48:00;SP;116.0;499;CAJATI;Reação tardia ou ineficiente do condutor;Tombamento;Com Vítimas Fatais;Pleno dia;Crescente;Céu Claro;Múltipla;Curva;Não;2;1;0;0;0;1;0;2;-24,78228753;-48,17695233;SPRF-SP;DEL05-SP;UOP02-DEL05-SP;false
579555.0;2024-02-07;quarta-feira;11:00:00;SP;116.0;279,3;EMBU DAS ARTES;Reação tardia ou ineficiente do condutor;Colisão traseira;Com Vítimas Feridas;Pleno dia;Crescente;Céu Claro;Dupla;Reta;Sim;4;0;1;0;2;1;1;4;-23,66233697;-46,85292907;SPRF-SP;DEL04-SP;UOP01-DEL04-SP;false
579620.0;2024-02-07;quarta-feira;13:55:00;SP;488.0;0,1;APARECIDA;Afundamento ou ondulação no pavimento;Eventos atípicos;Sem Vítimas;Pleno dia;Decrescente;Céu Claro;Simples;Rotatória;Sim;2;0;0;0;1;4;0;5;-22,85856;-45,233116;SPRF-SP;DEL08-SP;UOP01-DEL08-SP;false
579622.0;2024-02-07;quarta-feira;13:00:00;SP;116.0;520;CAJATI;Reação tardia ou ineficiente do condutor;Saída de leito carroçável;Com Vítimas Feridas;Pleno dia;Decrescente;Céu Claro;Simples;"Declive;Reta";Não;3;0;1;0;1;1;1;2;-24,89364369;-48,24164206;SPRF-SP;DEL05-SP;UOP02-DEL05-SP;false
579842.0;2024-02-08;quinta-feira;14:30:00;SP;116.0;340,9;MIRACATU;Ausência de reação do condutor;Saída de leito carroçável;Com Vítimas Feridas;Pleno dia;Crescente;Céu Claro;Múltipla;Curva;Não;1;0;1;0;0;0;1;1;-24,00328505;-47,15633198;SPRF-SP;DEL04-SP;UOP03-DEL04-SP;false
579857.0;2024-02-08;quinta-feira;18:00:00;SP;116.0;275;EMBU DAS ARTES;Acessar a via sem observar a presença dos outros veículos;Colisão transversal;Com Vítimas Feridas;Anoitecer;Crescente;Céu Claro;Dupla;Curva;Sim;4;0;2;0;1;1;2;3;-23,63638826;-46,83251584;SPRF-SP;DEL04-SP;UOP01-DEL04-SP;false
579889.0;2024-02-08;quinta-feira;22:40:00;SP;116.0;488;CAJATI;Velocidade Incompatível;Colisão traseira;Com Vítimas Feridas;Plena Noite;Decrescente;Céu Claro;Dupla;Reta;Não;4;0;1;0;2;1;1;3;-24,73097634;-48,09815591;SPRF-SP;DEL05-SP;UOP01-DEL05-SP;false
579975.0;2024-01-29;segunda-feira;07:10:00;SP;116.0;285,5;ITAPECERICA DA SERRA;Trafegar com motocicleta (ou similar) entre as faixas;Queda de ocupante de veículo;Com Vítimas Feridas;Pleno dia;Decrescente;Ignorado;Dupla;Reta;Não;2;0;1;0;0;1;1;2;-23,70407794;-46,87249709;SPRF-SP;DEL04-SP;UOP01-DEL04-SP;false
580043.0;2024-02-09;sexta-feira;13:40:00;SP;116.0;116,4;TAUBATE;Condutor deixou de manter distância do veículo da frente;Colisão lateral mesmo sentido;Com Vítimas Feridas;Pleno dia;Crescente;Sol;Dupla;Reta;Sim;2;0;1;0;1;0;1;2;-23,05376319;-45,6088049;SPRF-SP;DEL02-SP;UOP02-DEL02-SP;false
580049.0;2024-02-09;sexta-feira;17:20:00;SP;116.0;220;GUARULHOS;Trafegar com motocicleta (ou similar) entre as faixas;Queda de ocupante de veículo;Com Vítimas Fatais;Pleno dia;Decrescente;Céu Claro;Múltipla;Reta;Não;3;1;0;0;1;1;0;3;-23,46759;-46,50599;SPRF-SP;DEL01-SP;UOP01-DEL01-SP;false
580327.0;2024-02-10;sábado;17:10:00;SP;116.0;348,5;MIRACATU;Reação tardia ou ineficiente do condutor;Saída de leito carroçável;Com Vítimas Feridas;Pleno dia;Decrescente;Nublado;Dupla;Curva;Não;2;0;1;0;0;1;1;2;-24,05143375;-47,20399492;SPRF-SP;DEL04-SP;UOP03-DEL04-SP;false
580516.0;2024-02-11;domingo;12:25:00;SP;381.0;37;ATIBAIA;Ultrapassagem Indevida;Colisão com objeto;Sem Vítimas;Pleno dia;Decrescente;Céu Claro;Dupla;Reta;Sim;3;0;0;0;1;2;0;3;-23,10506237;-46,56881577;SPRF-SP;DEL03-SP;UOP01-DEL03-SP;false
580688.0;2024-02-12;segunda-feira;06:05:00;SP;116.0;13,8;QUELUZ;Acumulo de água sobre o pavimento;Tombamento;Sem Vítimas;Amanhecer;Decrescente;Chuva;Dupla;Reta;Não;2;0;0;0;1;1;0;2;-22,55663517;-44,81924057;SPRF-SP;DEL08-SP;UOP02-DEL08-SP;false
580789.0;2024-02-12;segunda-feira;16:00:00;SP;459.0;9,8;PIQUETE;Demais falhas mecânicas ou elétricas;Saída de leito carroçável;Com Vítimas Feridas;Pleno dia;Crescente;Céu Claro;Simples;Reta;Não;1;0;0;1;0;0;1;1;-22,580744;-45,196285;SPRF-SP;DEL08-SP;UOP02-DEL08-SP;false
580946.0;2024-02-13;terça-feira;14:13:00;SP;381.0;89;GUARULHOS;Ausência de reação do condutor;Saída de leito carroçável;Com Vítimas Feridas;Pleno dia;Crescente;Céu Claro;Dupla;Reta;Não;2;0;1;0;0;1;1;2;-23,497294;-46,559729;SPRF-SP;DEL03-SP;UOP01-DEL03-SP;false
581091.0;2024-02-14;quarta-feira;10:10:00;SP;116.0;283;EMBU DAS ARTES;Manobra de mudança de faixa;Colisão lateral mesmo sentido;Com Vítimas Feridas;Pleno dia;Decrescente;Céu Claro;Dupla;Reta;Sim;3;0;2;0;1;0;2;2;-23,69297005;-46,86352786;SPRF-SP;DEL04-SP;UOP01-DEL04-SP;false
581170.0;2024-02-14;quarta-feira;17:50:00;SP;381.0;56;MAIRIPORA;Reação tardia ou ineficiente do condutor;Colisão traseira;Com Vítimas Feridas;Anoitecer;Crescente;Chuva;Múltipla;"Reta;Declive";Sim;4;0;1;0;2;1;1;3;-23,25907163;-46,58982662;SPRF-SP;DEL03-SP;UOP01-DEL03-SP;false
581182.0;2024-02-14;quarta-feira;18:30:00;SP;116.0;414;JUQUIA;Pista Escorregadia;Colisão com objeto;Com Vítimas Feridas;Anoitecer;Decrescente;Chuva;Dupla;Curva;Sim;2;0;1;0;0;1;1;2;-24,33164;-47,632774;SPRF-SP;DEL05-SP;UOP01-DEL05-SP;false
581240.0;2024-02-15;quinta-feira;03:20:00;SP;116.0;516;CAJATI;Reação tardia ou ineficiente do condutor;Tombamento;Com Vítimas Feridas;Plena Noite;Decrescente;Chuva;Simples;"Curva;Declive;Ponte";Não;2;0;1;0;0;1;1;2;-24,87423036;-48,2190838;SPRF-SP;DEL05-SP;UOP02-DEL05-SP;false
581278.0;2024-02-15;quinta-feira;10:15:00;SP;381.0;76,5;SAO PAULO;Velocidade Incompatível;Tombamento;Sem Vítimas;Pleno dia;Crescente;Garoa/Chuvisco;Dupla;"Curva;Declive";Não;2;0;0;0;1;2;0;3;-23,38372401;-46,56502116;SPRF-SP;DEL03-SP;UOP01-DEL03-SP;false
581538.0;2024-02-16;sexta-feira;18:30:00;SP;381.0;33;ATIBAIA;Condutor deixou de manter distância do veículo da frente;Colisão lateral mesmo sentido;Com Vítimas Feridas;Anoitecer;Decrescente;Céu Claro;Dupla;Reta;Não;2;0;1;0;0;1;1;2;-23,0728028;-46,56673562;SPRF-SP;DEL03-SP;UOP02-DEL03-SP;false
581676.0;2024-02-17;sábado;14:00:00;SP;153.0;113,8;JOSE BONIFACIO;Ingestão de álcool pelo condutor;Colisão traseira;Com Vítimas Feridas;Pleno dia;Crescente;Céu Claro;Simples;"Reta;Em Obras";Não;4;0;1;0;2;1;1;3;-21,11299309;-49,68678482;SPRF-SP;DEL09-SP;UOP01-DEL09-SP;false
581725.0;2024-02-17;sábado;18:20:00;SP;116.0;223;GUARULHOS;Ausência de reação do condutor;Colisão traseira;Sem Vítimas;Plena Noite;Crescente;Nublado;Múltipla;Reta;Sim;2;0;0;0;0;2;0;2;-23,47559815;-46,5246609;SPRF-SP;DEL01-SP;UOP01-DEL01-SP;false
581787.0;2024-02-18;domingo;01:50:00;SP;116.0;172;JACAREI;Ausência de reação do condutor;Saída de leito carroçável;Com Vítimas Feridas;Plena Noite;Crescente;Céu Claro;Dupla;Reta;Não;2;0;1;0;0;1;1;2;-23,31527532;-46,07231796;SPRF-SP;DEL02-SP;UOP01-DEL02-SP;false
581885.0;2024-02-18;domingo;14:15:00;SP;0.0;0;BADY BASSITT;Ausência de reação do condutor;Incêndio;Sem Vítimas;Pleno dia;Não Informado;Nublado;Dupla;Reta;Não;2;0;0;0;1;1;0;2;-20,91678258;-49,49721334;SPRF-SP;DEL09-SP;UOP01-DEL09-SP;false
581886.0;2024-02-18;domingo;16:00:00;SP;116.0;312;SAO LOURENCO DA SERRA;Trafegar com motocicleta (ou similar) entre as faixas;Colisão lateral mesmo sentido;Com Vítimas Feridas;Pleno dia;Decrescente;Nublado;Dupla;"Declive;Reta";Sim;4;0;0;1;1;2;1;4;-23,88342825;-46,97368879;SPRF-SP;DEL04-SP;UOP01-DEL04-SP;false
581927.0;2024-02-18;domingo;15:22:00;SP;116.0;564;BARRA DO TURVO;Velocidade Incompatível;Saída de leito carroçável;Com Vítimas Feridas;Pleno dia;Crescente;Chuva;Simples;Curva;Não;6;0;1;0;4;1;1;3;-25,03458919;-48,53543877;SPRF-SP;DEL05-SP;UOP02-DEL05-SP;false
582014.0;2024-02-19;segunda-feira;10:10:00;SP;116.0;222;GUARULHOS;Reação tardia ou ineficiente do condutor;Colisão lateral mesmo sentido;Com Vítimas Feridas;Pleno dia;Decrescente;Sol;Múltipla;Reta;Sim;3;0;1;0;1;1;1;3;-23,47093408;-46,51631097;SPRF-SP;DEL01-SP;UOP01-DEL01-SP;false
582066.0;2024-02-19;segunda-feira;14:00:00;SP;116.0;102,3;PINDAMONHANGABA;Ausência de reação do condutor;Colisão com objeto;Com Vítimas Feridas;Pleno dia;Crescente;Chuva;Múltipla;Reta;Não;1;0;1;0;0;0;1;1;-22,99497994;-45,48951403;SPRF-SP;DEL08-SP;UOP01-DEL08-SP;false
582301.0;2024-02-20;terça-feira;20:20:00;SP;116.0;415;JUQUIA;Acessar a via sem observar a presença dos outros veículos;Colisão traseira;Com Vítimas Feridas;Plena Noite;Crescente;Nublado;Dupla;Reta;Sim;4;0;2;0;2;0;2;2;-24,334489;-47,641203;SPRF-SP;DEL05-SP;UOP01-DEL05-SP;false
582322.0;2024-02-20;terça-feira;23:11:00;SP;116.0;111,9;TAUBATE;Ausência de reação do condutor;Colisão traseira;Com Vítimas Feridas;Plena Noite;Crescente;Nublado;Dupla;Reta;Sim;3;0;0;1;1;1;1;3;-23,03887149;-45,56097419;SPRF-SP;DEL02-SP;UOP02-DEL02-SP;false
582489.0;2024-02-21;quarta-feira;20:50:00;SP;116.0;415;JUQUIA;Condutor Dormindo;Tombamento;Sem Vítimas;Plena Noite;Decrescente;Garoa/Chuvisco;Dupla;Reta;Não;1;0;0;0;1;0;0;1;-24,334489;-47,641203;SPRF-SP;DEL05-SP;UOP01-DEL05-SP;false
582491.0;2024-02-21;quarta-feira;19:40:00;SP;116.0;127,8;CACAPAVA;Suicídio (presumido);Atropelamento de Pedestre;Com Vítimas Feridas;Plena Noite;Crescente;Garoa/Chuvisco;Dupla;Curva;Sim;3;0;0;2;0;1;2;3;-23,11454664;-45,71105567;SPRF-SP;DEL02-SP;UOP02-DEL02-SP;false