id;data_inversa;dia_semana;horario;uf;br;km;municipio;causa_acidente;tipo_acidente;classificacao_acidente;fase_dia;sentido_via;condicao_metereologica;tipo_pista;tracado_via;uso_solo;pessoas;mortos;feridos_leves;feridos_graves;ilesos;ignorados;feridos;veiculos;latitude;longitude;regional;delegacia;uop;feriado
582492.0;2024-02-21;quarta-feira;20:55:00;SP;116.0;67,7;GUARATINGUETA;Chuva;Colisão traseira;Com Vítimas Feridas;Plena Noite;Decrescente;Chuva;Dupla;"Reta;Declive";Sim;6;0;2;1;2;1;3;4;-22,82867578;-45,2088941;SPRF-SP;DEL08-SP;UOP01-DEL08-SP;false
582528.0;2024-02-21;quarta-feira;13:20:00;SP;116.0;135;SAO JOSE DOS CAMPOS;Manobra de mudança de faixa;Colisão lateral mesmo sentido;Sem Vítimas;Pleno dia;Decrescente;Sol;Dupla;Reta;Não;3;0;0;0;2;1;0;3;-23,144484;-45,77018;SPRF-SP;DEL02-SP;UOP01-DEL02-SP;false
582529.0;2024-02-22;quinta-feira;06:20:00;SP;116.0;55;LORENA;Demais falhas mecânicas ou elétricas;Colisão com objeto;Com Vítimas Feridas;Pleno dia;Decrescente;Céu Claro;Dupla;Reta;Não;2;0;1;0;1;0;1;2;-22,76356421;-45,12272385;SPRF-SP;DEL08-SP;UOP02-DEL08-SP;false
582568.0;2024-02-22;quinta-feira;10:40:00;SP;116.0;157;SAO JOSE DOS CAMPOS;Carga excessiva e/ou mal acondicionada;Derramamento de carga;Com Vítimas Feridas;Pleno dia;Decrescente;Sol;Dupla;Reta;Sim;2;0;1;0;1;0;1;1;-23,25558031;-45,9437828;SPRF-SP;DEL02-SP;UOP01-DEL02-SP;false
582572.0;2024-02-22;quinta-feira;11:30:00;SP;116.0;388;MIRACATU;Condutor deixou de manter distância do veículo da frente;Colisão traseira;Sem Vítimas;Pleno dia;Decrescente;Céu Claro;Dupla;Reta;Não;2;0;0;0;2;0;0;2;-24,26919492;-47,39740603;SPRF-SP;DEL04-SP;UOP02-DEL04-SP;false
582577.0;2024-02-22;quinta-feira;09:50:00;SP;116.0;542;BARRA DO TURVO;Frear bruscamente;Derramamento de carga;Sem Vítimas;Pleno dia;Crescente;Nublado;Dupla;Reta;Não;3;0;0;0;1;2;0;3;-24,96898395;-48,40753695;SPRF-SP;DEL05-SP;UOP02-DEL05-SP;false
582663.0;2024-02-22;quinta-feira;20:00:00;SP;116.0;137;SAO JOSE DOS CAMPOS;Reação tardia ou ineficiente do condutor;Engavetamento;Com Vítimas Fatais;Plena Noite;Crescente;Céu Claro;Dupla;Reta;Não;6;1;4;0;0;1;4;4;-23,15300766;-45,78709317;SPRF-SP;DEL02-SP;UOP01-DEL02-SP;false
582665.0;2024-02-22;quinta-feira;19:55:00;SP;116.0;432;REGISTRO;Ausência de reação do condutor;Colisão traseira;Com Vítimas Feridas;Plena Noite;Crescente;Chuva;Dupla;Reta;Não;8;0;1;0;6;3;1;7;-24,416593;-47,76187;SPRF-SP;DEL05-SP;UOP01-DEL05-SP;false
582700.0;2024-02-23;sexta-feira;03:55:00;SP;116.0;478;JACUPIRANGA;Suicídio (presumido);Atropelamento de Pedestre;Com Vítimas Fatais;Plena Noite;Crescente;Garoa/Chuvisco;Dupla;Reta;Sim;3;1;0;0;1;1;0;2;-24,70388258;-48,01063531;SPRF-SP;DEL05-SP;UOP01-DEL05-SP;false
582744.0;2024-02-23;sexta-feira;08:00:00;SP;116.0;162,2;JACAREI;Reação tardia ou ineficiente do condutor;Colisão lateral mesmo sentido;Com Vítimas Feridas;Pleno dia;Decrescente;Nublado;Dupla;Reta;Sim;2;0;1;0;1;0;1;2;-23,28133317;-45,98394689;SPRF-SP;DEL02-SP;UOP01-DEL02-SP;false
582758.0;2024-02-23;sexta-feira;11:20:00;SP;116.0;216;GUARULHOS;Reação tardia ou ineficiente do condutor;Colisão lateral mesmo sentido;Com Vítimas Feridas;Pleno dia;Decrescente;Céu Claro;Múltipla;Reta;Sim;3;0;1;0;2;0;1;3;-23,45056589;-46,46258105;SPRF-SP;DEL01-SP;UOP01-DEL01-SP;false
582785.0;2024-02-23;sexta-feira;14:00:00;SP;116.0;228;GUARULHOS;Acessar a via sem observar a presença dos outros veículos;Colisão lateral mesmo sentido;Com Vítimas Feridas;Pleno dia;Decrescente;Céu Claro;Múltipla;"Interseção de Vias;Reta";Sim;3;0;1;0;1;1;1;3;-23,50343484;-46,56638712;SPRF-SP;DEL01-SP;UOP01-DEL01-SP;false
582806.0;2024-02-23;sexta-feira;15:10:00;SP;153.0;31,5;NOVA GRANADA;Conversão proibida;Colisão transversal;Com Vítimas Fatais;Pleno dia;Crescente;Nublado;Simples;"Reta;Declive";Sim;4;2;0;0;2;0;0;2;-20,54746171;-49,32959617;SPRF-SP;DEL09-SP;UOP01-DEL09-SP;false
582834.0;2024-02-23;sexta-feira;17:30:00;SP;381.0;38;ATIBAIA;Chuva;Colisão traseira;Com Vítimas Fatais;Anoitecer;Decrescente;Chuva;Dupla;"Reta;Aclive";Sim;2;1;0;0;0;1;0;2;-23,1133221;-46,57174974;SPRF-SP;DEL03-SP;UOP01-DEL03-SP;false
582921.0;2024-02-24;sábado;04:35:00;SP;116.0;447;REGISTRO;Ausência de reação do condutor;Colisão transversal;Com Vítimas Feridas;Amanhecer;Decrescente;Nevoeiro/Neblina;Dupla;Reta;Sim;3;0;1;0;1;1;1;3;-24,51285376;-47,85054871;SPRF-SP;DEL05-SP;UOP01-DEL05-SP;false
582972.0;2024-02-24;sábado;10:40:00;SP;116.0;215;GUARULHOS;Reação tardia ou ineficiente do condutor;Colisão lateral mesmo sentido;Com Vítimas Feridas;Pleno dia;Crescente;Céu Claro;Múltipla;Reta;Sim;5;0;0;2;2;1;2;3;-23,44695693;-46,45394103;SPRF-SP;DEL01-SP;UOP01-DEL01-SP;false
582994.0;2024-02-24;sábado;12:45:00;SP;116.0;561;BARRA DO TURVO;Reação tardia ou ineficiente do condutor;Tombamento;Com Vítimas Feridas;Pleno dia;Crescente;Céu Claro;Dupla;"Declive;Curva";Não;2;0;1;0;0;1;1;2;-25,018987;-48,51311;SPRF-SP;DEL05-SP;UOP02-DEL05-SP;false
583005.0;2024-02-24;sábado;05:20:00;SP;116.0;300;SAO LOURENCO DA SERRA;Manobra de mudança de faixa;Colisão lateral mesmo sentido;Com Vítimas Feridas;Amanhecer;Decrescente;Céu Claro;Dupla;Reta;Não;3;0;1;0;0;3;1;4;-23,79791758;-46,91475576;SPRF-SP;DEL04-SP;UOP01-DEL04-SP;false
583133.0;2024-02-25;domingo;00:30:00;SP;381.0;88;SAO PAULO;Ausência de reação do condutor;Tombamento;Sem Vítimas;Plena Noite;Crescente;Céu Claro;Dupla;Reta;Sim;2;0;0;0;1;2;0;3;-23,47469314;-46,56112919;SPRF-SP;DEL03-SP;UOP01-DEL03-SP;false
583160.0;2024-02-25;domingo;03:40:00;SP;116.0;55,1;LORENA;Ingestão de álcool pelo condutor;Colisão traseira;Com Vítimas Feridas;Plena Noite;Decrescente;Nevoeiro/Neblina;Dupla;Reta;Não;4;0;0;2;1;1;2;3;-22,76356421;-45,12272385;SPRF-SP;DEL08-SP;UOP02-DEL08-SP;false
583420.0;2024-02-26;segunda-feira;09:35:00;SP;116.0;305,6;SAO LOURENCO DA SERRA;Manobra de mudança de faixa;Colisão lateral mesmo sentido;Sem Vítimas;Pleno dia;Decrescente;Céu Claro;Dupla;Curva;Sim;3;0;0;0;2;1;0;3;-23,84287313;-46,93238591;SPRF-SP;DEL04-SP;UOP01-DEL04-SP;false
583507.0;2024-02-26;segunda-feira;17:02:00;SP;381.0;30;ATIBAIA;Ausência de reação do condutor;Colisão traseira;Sem Vítimas;Pleno dia;Crescente;Nublado;Dupla;Reta;Não;2;0;0;0;2;0;0;2;-23,04885102;-46,56482797;SPRF-SP;DEL03-SP;UOP02-DEL03-SP;false
583509.0;2024-02-26;segunda-feira;17:30:00;SP;116.0;61;GUARATINGUETA;Ausência de reação do condutor;Colisão traseira;Com Vítimas Feridas;Anoitecer;Decrescente;Chuva;Dupla;Reta;Não;2;0;1;0;0;1;1;2;-22,79763613;-45,1674588;SPRF-SP;DEL08-SP;UOP01-DEL08-SP;false
583524.0;2024-02-26;segunda-feira;20:10:00;SP;381.0;30;ATIBAIA;Entrada inopinada do pedestre;Atropelamento de Pedestre;Com Vítimas Feridas;Plena Noite;Decrescente;Céu Claro;Dupla;Reta;Sim;2;0;0;1;1;0;1;2;-23,04885102;-46,56482797;SPRF-SP;DEL03-SP;UOP02-DEL03-SP;false
583535.0;2024-02-26;segunda-feira;20:10:00;SP;116.0;127,8;CACAPAVA;Manobra de mudança de faixa;Colisão lateral mesmo sentido;Com Vítimas Feridas;Plena Noite;Crescente;Céu Claro;Dupla;Reta;Sim;3;0;1;0;2;0;1;3;-23,10991026;-45,70246044;SPRF-SP;DEL02-SP;UOP02-DEL02-SP;false
583623.0;2024-02-07;quarta-feira;10:20:00;SP;116.0;219;GUARULHOS;Ausência de reação do condutor;Engavetamento;Com Vítimas Feridas;Pleno dia;Crescente;Sol;Múltipla;Reta;Sim;3;0;1;0;2;0;1;3;-23,46143954;-46,48885316;SPRF-SP;DEL01-SP;UOP01-DEL01-SP;false
583648.0;2024-02-27;terça-feira;11:30:00;SP;116.0;228;SAO PAULO;Reação tardia ou ineficiente do condutor;Colisão lateral mesmo sentido;Com Vítimas Feridas;Pleno dia;Decrescente;Céu Claro;Dupla;Reta;Não;2;0;1;0;1;0;1;2;-23,50343484;-46,56638712;SPRF-SP;DEL01-SP;UOP01-DEL01-SP;false
583740.0;2024-02-27;terça-feira;22:00:00;SP;116.0;223;GUARULHOS;Reação tardia ou ineficiente do condutor;Colisão lateral mesmo sentido;Com Vítimas Feridas;Plena Noite;Crescente;Ignorado;Múltipla;Reta;Sim;2;0;1;0;0;1;1;2;-23,47559815;-46,5246609;SPRF-SP;DEL01-SP;UOP01-DEL01-SP;false
583753.0;2024-02-27;terça-feira;22:15:00;SP;116.0;160,1;JACAREI;Ausência de reação do condutor;Colisão traseira;Com Vítimas Fatais;Plena Noite;Decrescente;Nublado;Dupla;Reta;Sim;2;1;0;0;1;0;0;2;-23,27101606;-45,96787896;SPRF-SP;DEL02-SP;UOP01-DEL02-SP;false
583838.0;2024-02-28;quarta-feira;12:10:00;SP;116.0;96;PINDAMONHANGABA;Condutor deixou de manter distância do veículo da frente;Colisão traseira;Com Vítimas Feridas;Pleno dia;Crescente;Céu Claro;Dupla;"Retorno Regulamentado;Reta";Não;4;0;2;0;2;0;2;2;-22,96945055;-45,43869623;SPRF-SP;DEL08-SP;UOP01-DEL08-SP;false
583844.0;2024-02-28;quarta-feira;13:00:00;SP;116.0;117;TAUBATE;Reação tardia ou ineficiente do condutor;Engavetamento;Com Vítimas Feridas;Pleno dia;Crescente;Céu Claro;Dupla;Reta;Sim;7;0;2;0;4;1;2;4;-23,0582298;-45,6176951;SPRF-SP;DEL02-SP;UOP02-DEL02-SP;false
584086.0;2024-02-29;quinta-feira;17:00:00;SP;381.0;57,5;MAIRIPORA;Reação tardia ou ineficiente do condutor;Colisão traseira;Com Vítimas Feridas;Pleno dia;Decrescente;Céu Claro;Dupla;Reta;Não;3;0;1;0;2;0;1;2;-23,271569;-46,584544;SPRF-SP;DEL03-SP;UOP01-DEL03-SP;false
584137.0;2024-02-29;quinta-feira;23:50:00;SP;116.0;487;CAJATI;Velocidade Incompatível;Colisão traseira;Com Vítimas Feridas;Plena Noite;Crescente;Nublado;Dupla;Reta;Não;3;0;1;0;1;2;1;4;-24,72633575;-48,08998415;SPRF-SP;DEL05-SP;UOP01-DEL05-SP;false
584148.0;2024-03-01;sexta-feira;01:00:00;SP;116.0;487,5;CAJATI;Velocidade Incompatível;Colisão traseira;Com Vítimas Feridas;Plena Noite;Decrescente;Céu Claro;Dupla;Reta;Sim;3;0;1;0;1;1;1;3;-24,72633575;-48,08998415;SPRF-SP;DEL05-SP;UOP01-DEL05-SP;false
584164.0;2024-03-01;sexta-feira;04:16:00;SP;116.0;550;BARRA DO TURVO;Reação tardia ou ineficiente do condutor;Tombamento;Com Vítimas Feridas;Plena Noite;Decrescente;Garoa/Chuvisco;Dupla;Curva;Não;2;0;1;0;0;1;1;2;-24,95749618;-48,46440871;SPRF-SP;DEL05-SP;UOP02-DEL05-SP;false
584210.0;2024-03-01;sexta-feira;11:00:00;SP;116.0;230;SAO PAULO;Manobra de mudança de faixa;Colisão lateral mesmo sentido;Com Vítimas Feridas;Pleno dia;Crescente;Céu Claro;Múltipla;Reta;Sim;3;0;1;0;1;2;1;4;-23,52251783;-46,5855702;SPRF-SP;DEL01-SP;UOP01-DEL01-SP;false
584231.0;2024-03-01;sexta-feira;12:55:00;SP;116.0;224;GUARULHOS;Ausência de reação do condutor;Colisão traseira;Com Vítimas Feridas;Pleno dia;Crescente;Céu Claro;Múltipla;Reta;Não;2;0;1;0;1;0;1;2;-23,48071896;-46,53271603;SPRF-SP;DEL01-SP;UOP01-DEL01-SP;false
584239.0;2024-02-12;segunda-feira;11:10:00;SP;116.0;131;CACAPAVA;Demais falhas mecânicas ou elétricas;Incêndio;Sem Vítimas;Pleno dia;Crescente;Sol;Dupla;Reta;Sim;2;0;0;0;1;1;0;2;-23,12742083;-45,73636609;SPRF-SP;DEL02-SP;UOP02-DEL02-SP;false
584245.0;2024-03-01;sexta-feira;14:15:00;SP;116.0;228;SAO PAULO;Mal súbito do condutor;Saída de leito carroçável;Com Vítimas Feridas;Pleno dia;Decrescente;Céu Claro;Múltipla;Reta;Sim;1;0;1;0;0;0;1;1;-23,50343484;-46,56638712;SPRF-SP;DEL01-SP;UOP01-DEL01-SP;false
584393.0;2024-03-02;sábado;05:30:00;SP;116.0;513;CAJATI;Reação tardia ou ineficiente do condutor;Tombamento;Com Vítimas Feridas;Amanhecer;Decrescente;Céu Claro;Simples;Curva;Não;4;0;1;0;3;0;1;1;-24,85109616;-48,21802405;SPRF-SP;DEL05-SP;UOP02-DEL05-SP;false
584398.0;2024-03-02;sábado;07:00:00;SP;116.0;191;SANTA ISABEL;Animais na Pista;Colisão traseira;Com Vítimas Feridas;Pleno dia;Crescente;Céu Claro;Múltipla;Reta;Não;2;0;0;1;1;0;1;2;-23,37124281;-46,2426022;SPRF-SP;DEL01-SP;UOP01-DEL01-SP;false
584411.0;2024-03-02;sábado;07:50:00;SP;116.0;347;MIRACATU;Demais falhas mecânicas ou elétricas;Tombamento;Com Vítimas Feridas;Pleno dia;Crescente;Sol;Dupla;Curva;Não;1;0;1;0;0;0;1;1;-24,04699491;-47,19706111;SPRF-SP;DEL04-SP;UOP03-DEL04-SP;false
584486.0;2024-03-02;sábado;13:50:00;SP;116.0;341;MIRACATU;Reação tardia ou ineficiente do condutor;Colisão com objeto;Com Vítimas Feridas;Pleno dia;Crescente;Céu Claro;Dupla;Curva;Não;2;0;1;0;0;1;1;2;-24,00990014;-47,16199395;SPRF-SP;DEL04-SP;UOP03-DEL04-SP;false
584520.0;2024-03-02;sábado;17:58:00;SP;116.0;346;MIRACATU;Demais falhas mecânicas ou elétricas;Engavetamento;Sem Vítimas;Anoitecer;Crescente;Nublado;Dupla;Reta;Não;5;0;0;0;4;3;0;7;-24,04051503;-47,19268341;SPRF-SP;DEL04-SP;UOP03-DEL04-SP;false
584648.0;2024-03-03;domingo;05:00:00;SP;153.0;158,9;PROMISSAO;Condutor Dormindo;Colisão frontal;Com Vítimas Feridas;Plena Noite;Crescente;Céu Claro;Simples;Reta;Não;3;0;0;1;2;0;1;2;-21,493169;-49,779784;SPRF-SP;DEL07-SP;UOP01-DEL07-SP;false
584699.0;2024-03-03;domingo;11:05:00;SP;116.0;359;MIRACATU;Reação tardia ou ineficiente do condutor;Tombamento;Com Vítimas Feridas;Pleno dia;Decrescente;Céu Claro;Múltipla;"Declive;Curva";Não;2;0;0;1;0;1;1;2;-24,10862227;-47,26589989;SPRF-SP;DEL04-SP;UOP03-DEL04-SP;false
584913.0;2024-03-04;segunda-feira;09:00:00;SP;116.0;211;GUARULHOS;Ausência de reação do condutor;Colisão lateral mesmo sentido;Com Vítimas Feridas;Pleno dia;Crescente;Sol;Múltipla;Reta;Sim;3;0;2;0;0;1;2;2;-23,4324306;-46,4194352;SPRF-SP;DEL01-SP;UOP01-DEL01-SP;false
585150.0;2024-03-05;terça-feira;11:35:00;SP;116.0;96,9;PINDAMONHANGABA;Reação tardia ou ineficiente do condutor;Colisão traseira;Com Vítimas Fatais;Pleno dia;Decrescente;Sol;Dupla;Reta;Não;4;1;0;0;2;1;0;4;-22,97375666;-45,44726115;SPRF-SP;DEL08-SP;UOP01-DEL08-SP;false
585248.0;2024-03-05;terça-feira;21:50:00;SP;116.0;280;EMBU DAS ARTES;Manobra de mudança de faixa;Colisão lateral mesmo sentido;Com Vítimas Feridas;Plena Noite;Crescente;Garoa/Chuvisco;Dupla;"Interseção de Vias;Curva";Sim;4;0;1;0;2;1;1;3;-23,66996108;-46,85590758;SPRF-SP;DEL04-SP;UOP01-DEL04-SP;false
585277.0;2024-03-06;quarta-feira;05:50:00;SP;116.0;201,7;ARUJA;Objeto estático sobre o leito carroçável;Tombamento;Com Vítimas Feridas;Amanhecer;Decrescente;Ignorado;Dupla;Reta;Sim;2;0;1;0;0;1;1;2;-23,40362877;-46,33050107;SPRF-SP;DEL01-SP;UOP01-DEL01-SP;false
585279.0;2024-03-06;quarta-feira;05:05:00;SP;262.0;321;CASTILHO;Reação tardia ou ineficiente do condutor;Tombamento;Com Vítimas Feridas;Pleno dia;Crescente;Céu Claro;Simples;Reta;Não;2;0;1;0;1;0;1;1;-20,78935176;-51,61112808;SPRF-MS;DEL07-MS;UOP01-DEL07-MS;false
585490.0;2024-03-06;quarta-feira;18:00:00;SP;116.0;328,8;JUQUITIBA;Ausência de reação do condutor;Saída de leito carroçável;Com Vítimas Feridas;Pleno dia;Decrescente;Nublado;Dupla;Aclive;Não;3;0;1;0;1;1;1;3;-23,93652709;-47,08014299;SPRF-SP;DEL04-SP;UOP03-DEL04-SP;false
585620.0;2024-02-22;quinta-feira;20:00:00;SP;116.0;141;SAO JOSE DOS CAMPOS;Demais falhas mecânicas ou elétricas;Tombamento;Com Vítimas Feridas;Plena Noite;Crescente;Chuva;Dupla;Reta;Sim;7;0;3;0;4;0;3;5;-23,17004717;-45,82091491;SPRF-SP;DEL02-SP;UOP01-DEL02-SP;false
585682.0;2024-03-07;quinta-feira;16:00:00;SP;116.0;84,3;PINDAMONHANGABA;Ausência de reação do condutor;Saída de leito carroçável;Com Vítimas Feridas;Pleno dia;Decrescente;Chuva;Dupla;Reta;Não;2;0;1;0;0;1;1;1;-22,91777173;-45,33596814;SPRF-SP;DEL08-SP;UOP01-DEL08-SP;false
585836.0;2024-03-08;sexta-feira;10:30:00;SP;116.0;308;SAO LOURENCO DA SERRA;Entrada inopinada do pedestre;Atropelamento de Pedestre;Com Vítimas Feridas;Pleno dia;Crescente;Sol;Dupla;Curva;Sim;3;0;0;1;1;1;1;3;-23,86213995;-46,94718508;SPRF-SP;DEL04-SP;UOP01-DEL04-SP;false
585891.0;2024-03-08;sexta-feira;14:12:00;SP;116.0;149,2;SAO JOSE DOS CAMPOS;Ausência de reação do condutor;Colisão traseira;Com Vítimas Feridas;Pleno dia;Crescente;Céu Claro;Múltipla;Reta;Sim;5;0;1;2;1;1;3;3;-23,20700047;-45,88626861;SPRF-SP;DEL02-SP;UOP01-DEL02-SP;false
585911.0;2024-03-08;sexta-feira;16:51:00;SP;116.0;509;CAJATI;Reação tardia ou ineficiente do condutor;Saída de leito carroçável;Com Vítimas Feridas;Pleno dia;Crescente;Garoa/Chuvisco;Múltipla;Curva;Não;1;0;1;0;0;0;1;1;-24,82178987;-48,21419034;SPRF-SP;DEL05-SP;UOP02-DEL05-SP;false
585931.0;2024-03-08;sexta-feira;17:46:00;SP;153.0;105,7;JOSE BONIFACIO;Ausência de reação do condutor;Saída de leito carroçável;Com Vítimas Feridas;Pleno dia;Decrescente;Céu Claro;Simples;Reta;Não;2;0;1;0;0;1;1;2;-21,047516;-49,654482;SPRF-SP;DEL09-SP;UOP01-DEL09-SP;false
585974.0;2024-03-08;sexta-feira;20:50:00;SP;116.0;76,8;ROSEIRA;Deficiência do Sistema de Iluminação/Sinalização;Colisão traseira;Com Vítimas Feridas;Plena Noite;Decrescente;Nublado;Dupla;Reta;Não;3;0;2;0;1;0;2;2;-22,87747687;-45,27203908;SPRF-SP;DEL08-SP;UOP01-DEL08-SP;false
586142.0;2024-03-09;sábado;16:00:00;SP;381.0;85;SAO PAULO;Ausência de reação do condutor;Tombamento;Com Vítimas Fatais;Pleno dia;Crescente;Nublado;Dupla;"Aclive;Reta";Sim;2;1;0;0;0;1;0;2;-23,45730871;-46,571433;SPRF-SP;DEL03-SP;UOP01-DEL03-SP;false
586351.0;2024-03-10;domingo;16:00:00;SP;381.0;72;MAIRIPORA;Ausência de reação do condutor;Colisão traseira;Com Vítimas Feridas;Pleno dia;Crescente;Chuva;Simples;Reta;Sim;3;0;1;0;1;1;1;3;-23,35761806;-46,54970281;SPRF-SP;DEL03-SP;UOP01-DEL03-SP;false
586481.0;2024-03-11;segunda-feira;03:00:00;SP;116.0;514;CAJATI;Reação tardia ou ineficiente do condutor;Tombamento;Com Vítimas Feridas;Pleno dia;Decrescente;Nublado;Simples;"Aclive;Curva";Não;1;0;1;0;0;0;1;1;-24,85874304;-48,21731282;SPRF-SP;DEL05-SP;UOP02-DEL05-SP;false
586687.0;2024-03-12;terça-feira;00:05:00;SP;116.0;161,9;JACAREI;Reação tardia ou ineficiente do condutor;Colisão traseira;Com Vítimas Feridas;Plena Noite;Decrescente;Céu Claro;Dupla;Reta;Não;4;0;2;0;1;1;2;4;-23,27617003;-45,97592098;SPRF-SP;DEL02-SP;UOP01-DEL02-SP;false
586721.0;2024-03-12;terça-feira;09:30:00;SP;101.0;51,1;UBATUBA;Conversão proibida;Colisão transversal;Com Vítimas Feridas;Pleno dia;Crescente;Nublado;Simples;"Reta;Interseção de Vias";Sim;2;0;1;0;1;0;1;2;-23,45627795;-45,07111896;SPRF-SP;DEL06-SP;UOP01-DEL06-SP;false
586745.0;2024-03-12;terça-feira;11:00:00;SP;381.0;87;GUARULHOS;Reação tardia ou ineficiente do condutor;Colisão traseira;Com Vítimas Feridas;Pleno dia;Crescente;Sol;Múltipla;Reta;Sim;3;0;1;0;1;2;1;4;-23,46885001;-46,56996601;SPRF-SP;DEL03-SP;UOP01-DEL03-SP;false
586794.0;2024-03-12;terça-feira;13:10:00;SP;116.0;339;JUQUITIBA;Reação tardia ou ineficiente do condutor;Tombamento;Com Vítimas Feridas;Pleno dia;Decrescente;Céu Claro;Dupla;Reta;Não;2;0;1;0;0;1;1;2;-23,9983939;-47,14927316;SPRF-SP;DEL04-SP;UOP03-DEL04-SP;false
586830.0;2024-03-12;terça-feira;18:30:00;SP;116.0;216;GUARULHOS;Ausência de reação do condutor;Colisão traseira;Com Vítimas Feridas;Anoitecer;Crescente;Nublado;Múltipla;Reta;Sim;3;0;1;0;2;0;1;3;-23,45056589;-46,46258105;SPRF-SP;DEL01-SP;UOP01-DEL01-SP;false
586996.0;2024-01-20;sábado;03:05:00;SP;116.0;459,5;PARIQUERA-ACU;Estacionar ou parar em local proibido;Colisão traseira;Com Vítimas Fatais;Plena Noite;Crescente;Céu Claro;Dupla;Reta;Não;4;1;1;0;1;2;1;4;-24,60917609;-47,88176537;SPRF-SP;DEL05-SP;UOP01-DEL05-SP;false
587101.0;2024-03-13;quarta-feira;23:15:00;SP;116.0;85;PINDAMONHANGABA;Ausência de reação do condutor;Colisão traseira;Com Vítimas Feridas;Plena Noite;Decrescente;Céu Claro;Dupla;Reta;Sim;2;0;1;0;1;0;1;2;-22,92211829;-45,34450085;SPRF-SP;DEL08-SP;UOP01-DEL08-SP;false
587127.0;2024-03-14;quinta-feira;06:50:00;SP;381.0;80;SAO PAULO;Reação tardia ou ineficiente do condutor;Colisão traseira;Com Vítimas Feridas;Pleno dia;Decrescente;Céu Claro;Dupla;"Aclive;Curva";Sim;2;0;1;0;0;1;1;2;-23,40889686;-46,58095945;SPRF-SP;DEL03-SP;UOP01-DEL03-SP;false
587222.0;2024-03-14;quinta-feira;16:30:00;SP;116.0;356;MIRACATU;Velocidade Incompatível;Colisão traseira;Sem Vítimas;Pleno dia;Crescente;Céu Claro;Dupla;"Túnel;Reta;Declive";Não;5;0;0;0;3;3;0;5;-24,09650594;-47,25670436;SPRF-SP;DEL04-SP;UOP03-DEL04-SP;false
587326.0;2024-03-14;quinta-feira;17:00:00;SP;116.0;91,8;PINDAMONHANGABA;Ausência de reação do condutor;Colisão traseira;Com Vítimas Fatais;Pleno dia;Decrescente;Céu Claro;Dupla;Declive;Sim;2;1;0;0;1;0;0;2;-22,94792286;-45,39587407;SPRF-SP;DEL08-SP;UOP01-DEL08-SP;false
587328.0;2024-03-14;quinta-feira;12:10:00;SP;116.0;223;GUARULHOS;Reação tardia ou ineficiente do condutor;Colisão lateral mesmo sentido;Com Vítimas Feridas;Pleno dia;Crescente;Sol;Múltipla;Reta;Sim;3;0;0;1;1;2;1;4;-23,47559815;-46,5246609;SPRF-SP;DEL01-SP;UOP01-DEL01-SP;false
587329.0;2024-03-15;sexta-feira;06:45:00;SP;116.0;365;MIRACATU;Demais falhas mecânicas ou elétricas;Incêndio;Sem Vítimas;Pleno dia;Crescente;Céu Claro;Dupla;Reta;Não;2;0;0;0;1;1;0;2;-24,14533813;-47,27537401;SPRF-SP;DEL04-SP;UOP02-DEL04-SP;false
587393.0;2024-03-14;quinta-feira;06:15:00;SP;116.0;4,5;QUELUZ;Acessar a via sem observar a presença dos outros veículos;Colisão lateral mesmo sentido;Com Vítimas Feridas;Pleno dia;Decrescente;Céu Claro;Dupla;Reta;Não;2;0;1;0;1;0;1;2;-22,52543456;-44,73580573;SPRF-SP;DEL08-SP;UOP02-DEL08-SP;false
587398.0;2024-03-15;sexta-feira;11:10:00;SP;381.0;60,5;MAIRIPORA;Reação tardia ou ineficiente do condutor;Tombamento;Com Vítimas Fatais;Pleno dia;Crescente;Céu Claro;Dupla;"Curva;Declive";Não;2;1;0;1;0;0;1;1;-23,29129517;-46,5859741;SPRF-SP;DEL03-SP;UOP01-DEL03-SP;false
587543.0;2024-03-15;sexta-feira;20:17:00;SP;381.0;37,5;ATIBAIA;Condutor deixou de manter distância do veículo da frente;Colisão traseira;Com Vítimas Feridas;Plena Noite;Decrescente;Céu Claro;Dupla;Reta;Sim;4;0;1;1;1;1;2;3;-23,09707232;-46,57180706;SPRF-SP;DEL03-SP;UOP01-DEL03-SP;false
587605.0;2024-03-16;sábado;05:20:00;SP;116.0;22;LAVRINHAS;Condutor Dormindo;Tombamento;Sem Vítimas;Amanhecer;Crescente;Céu Claro;Dupla;"Curva;Aclive";Não;2;0;0;0;1;1;0;2;-22,58368521;-44,87772952;SPRF-SP;DEL08-SP;UOP02-DEL08-SP;false
587674.0;2024-03-16;sábado;13:50:00;SP;153.0;119;UBARANA;Ausência de reação do condutor;Engavetamento;Com Vítimas Feridas;Pleno dia;Crescente;Céu Claro;Simples;Reta;Não;8;0;1;0;6;3;1;7;-21,16208007;-49,71112986;SPRF-SP;DEL09-SP;UOP01-DEL09-SP;false
587841.0;2024-03-17;domingo;12:15:00;SP;116.0;445;REGISTRO;Acessar a via sem observar a presença dos outros veículos;Colisão transversal;Com Vítimas Feridas;Pleno dia;Crescente;Céu Claro;Dupla;"Interseção de Vias;Reta";Sim;2;0;0;1;1;0;1;2;-24,49790715;-47,84208686;SPRF-SP;DEL05-SP;UOP01-DEL05-SP;false