id;data_inversa;dia_semana;horario;uf;br;km;municipio;causa_acidente;tipo_acidente;classificacao_acidente;fase_dia;sentido_via;condicao_metereologica;tipo_pista;tracado_via;uso_solo;pessoas;mortos;feridos_leves;feridos_graves;ilesos;ignorados;feridos;veiculos;latitude;longitude;regional;delegacia;uop;feriado
587857.0;2024-03-17;domingo;11:00:00;SP;459.0;2,5;PIQUETE;Reação tardia ou ineficiente do condutor;Colisão com objeto;Com Vítimas Feridas;Pleno dia;Crescente;Céu Claro;Simples;Curva;Não;2;0;1;0;0;1;1;2;-22,568756;-45,21368;SPRF-SP;DEL08-SP;UOP02-DEL08-SP;false
587873.0;2024-03-17;domingo;15:30:00;SP;116.0;282;EMBU DAS ARTES;Reação tardia ou ineficiente do condutor;Colisão traseira;Com Vítimas Feridas;Pleno dia;Crescente;Céu Claro;Simples;Retorno Regulamentado;Sim;4;0;1;0;3;0;1;2;-23,68570216;-46,85970975;SPRF-SP;DEL04-SP;UOP01-DEL04-SP;false
587877.0;2024-03-17;domingo;16:00:00;SP;116.0;372;MIRACATU;Velocidade Incompatível;Tombamento;Com Vítimas Fatais;Pleno dia;Decrescente;Chuva;Dupla;Reta;Sim;4;1;0;1;1;1;1;3;-24,16540804;-47,33274697;SPRF-SP;DEL04-SP;UOP02-DEL04-SP;false
587981.0;2024-03-17;domingo;22:10:00;SP;116.0;283;EMBU DAS ARTES;Carga excessiva e/ou mal acondicionada;Derramamento de carga;Com Vítimas Feridas;Plena Noite;Decrescente;Céu Claro;Dupla;Reta;Sim;2;0;1;0;0;2;1;3;-23,69297005;-46,86352786;SPRF-SP;DEL04-SP;UOP01-DEL04-SP;false
588008.0;2024-03-18;segunda-feira;03:20:00;SP;116.0;228;SAO PAULO;Condutor Dormindo;Colisão traseira;Com Vítimas Feridas;Plena Noite;Decrescente;Céu Claro;Múltipla;Aclive;Sim;3;0;1;0;1;1;1;3;-23,50343484;-46,56638712;SPRF-SP;DEL01-SP;UOP01-DEL01-SP;false
588188.0;2024-03-18;segunda-feira;16:46:00;SP;116.0;288;ITAPECERICA DA SERRA;Manobra de mudança de faixa;Colisão traseira;Com Vítimas Feridas;Pleno dia;Decrescente;Chuva;Dupla;Reta;Não;2;0;0;1;1;0;1;2;-23,719254;-46,883144;SPRF-SP;DEL04-SP;UOP01-DEL04-SP;false
588225.0;2024-03-18;segunda-feira;17:10:00;SP;158.0;7;PAULICEIA;Retorno proibido;Colisão transversal;Com Vítimas Feridas;Anoitecer;Crescente;Nublado;Simples;Reta;Não;2;0;0;1;1;0;1;2;-21,308463;-51,820673;SPRF-MS;DEL07-MS;UOP01-DEL07-MS;false
588239.0;2024-03-18;segunda-feira;20:30:00;SP;116.0;123;CACAPAVA;Ausência de reação do condutor;Colisão traseira;Com Vítimas Feridas;Plena Noite;Decrescente;Garoa/Chuvisco;Dupla;Reta;Não;3;0;0;1;1;1;1;3;-23,08754228;-45,66969781;SPRF-SP;DEL02-SP;UOP02-DEL02-SP;false
588266.0;2024-03-19;terça-feira;00:50:00;SP;153.0;100;JOSE BONIFACIO;Reação tardia ou ineficiente do condutor;Colisão com objeto;Com Vítimas Feridas;Amanhecer;Decrescente;Nublado;Dupla;"Declive;Curva";Não;2;0;0;1;0;1;1;2;-20,99894814;-49,6292216;SPRF-SP;DEL09-SP;UOP01-DEL09-SP;false
588288.0;2024-03-19;terça-feira;07:30:00;SP;116.0;319;JUQUITIBA;Reação tardia ou ineficiente do condutor;Tombamento;Com Vítimas Feridas;Pleno dia;Decrescente;Céu Claro;Dupla;Reta;Não;2;0;1;0;0;1;1;2;-23,93100968;-46,9996511;SPRF-SP;DEL04-SP;UOP03-DEL04-SP;false
588325.0;2024-03-19;terça-feira;11:35:00;SP;116.0;229;SAO PAULO;Ausência de reação do condutor;Colisão transversal;Com Vítimas Feridas;Pleno dia;Crescente;Nublado;Múltipla;Reta;Sim;3;0;1;0;2;0;1;3;-23,51291902;-46,57604698;SPRF-SP;DEL01-SP;UOP01-DEL01-SP;false
588344.0;2024-03-19;terça-feira;02:45:00;SP;116.0;486;CAJATI;Demais falhas mecânicas ou elétricas;Incêndio;Sem Vítimas;Plena Noite;Decrescente;Céu Claro;Múltipla;Reta;Sim;2;0;0;0;1;1;0;2;-24,7217453;-48,08178493;SPRF-SP;DEL05-SP;UOP01-DEL05-SP;false
588390.0;2024-03-19;terça-feira;17:15:00;SP;381.0;86;SAO PAULO;Reação tardia ou ineficiente do condutor;Colisão traseira;Com Vítimas Feridas;Plena Noite;Decrescente;Céu Claro;Dupla;Curva;Sim;4;0;2;0;1;1;2;3;-23,45930499;-46,57161179;SPRF-SP;DEL03-SP;UOP01-DEL03-SP;false
588405.0;2024-03-19;terça-feira;18:30:00;SP;116.0;74,4;APARECIDA;Objeto estático sobre o leito carroçável;Colisão com objeto;Com Vítimas Feridas;Anoitecer;Decrescente;Nublado;Dupla;Reta;Não;3;0;1;0;1;1;1;3;-22,87478032;-45,25991303;SPRF-SP;DEL08-SP;UOP01-DEL08-SP;false
588468.0;2024-03-20;quarta-feira;03:30:00;SP;116.0;122,1;CACAPAVA;Reação tardia ou ineficiente do condutor;Colisão traseira;Com Vítimas Feridas;Plena Noite;Crescente;Céu Claro;Dupla;Reta;Não;3;0;0;1;1;2;1;4;-23,08192414;-45,66154591;SPRF-SP;DEL02-SP;UOP02-DEL02-SP;false
588563.0;2024-03-20;quarta-feira;14:10:00;SP;116.0;47;CANAS;Reação tardia ou ineficiente do condutor;Engavetamento;Com Vítimas Feridas;Pleno dia;Decrescente;Céu Claro;Dupla;"Em Obras;Reta";Não;4;0;1;0;2;5;1;8;-22,71946606;-45,06109596;SPRF-SP;DEL08-SP;UOP02-DEL08-SP;false
588632.0;2024-03-20;quarta-feira;17:00:00;SP;381.0;74;SAO PAULO;Demais falhas mecânicas ou elétricas;Incêndio;Sem Vítimas;Pleno dia;Crescente;Nublado;Dupla;Declive;Não;1;0;0;0;1;0;0;1;-23,37208014;-46,55700294;SPRF-SP;DEL03-SP;UOP01-DEL03-SP;false
588656.0;2024-03-20;quarta-feira;20:00:00;SP;116.0;314;SAO LOURENCO DA SERRA;Demais falhas mecânicas ou elétricas;Incêndio;Sem Vítimas;Plena Noite;Decrescente;Céu Claro;Dupla;Reta;Sim;2;0;0;0;1;2;0;3;-23,89562822;-46,98556063;SPRF-SP;DEL04-SP;UOP01-DEL04-SP;false
588707.0;2024-03-21;quinta-feira;05:30:00;SP;116.0;230;SAO PAULO;Condutor Dormindo;Colisão traseira;Com Vítimas Fatais;Amanhecer;Crescente;Céu Claro;Múltipla;Reta;Sim;5;1;0;1;2;2;1;5;-23,52251783;-46,5855702;SPRF-SP;DEL01-SP;UOP01-DEL01-SP;false
588717.0;2024-03-21;quinta-feira;06:20:00;SP;153.0;295,8;SAO PEDRO DO TURVO;Condutor Dormindo;Tombamento;Com Vítimas Feridas;Amanhecer;Decrescente;Céu Claro;Simples;"Reta;Aclive";Não;1;0;1;0;0;0;1;1;-22,536635;-49,8895271;SPRF-SP;DEL07-SP;UOP02-DEL07-SP;false
588745.0;2024-03-21;quinta-feira;08:00:00;SP;116.0;138;SAO JOSE DOS CAMPOS;Reação tardia ou ineficiente do condutor;Colisão traseira;Com Vítimas Feridas;Pleno dia;Crescente;Céu Claro;Dupla;Reta;Não;2;0;0;1;1;0;1;2;-23,1572739;-45,79554605;SPRF-SP;DEL02-SP;UOP01-DEL02-SP;false
588754.0;2024-03-12;terça-feira;12:55:00;SP;381.0;88;GUARULHOS;Frear bruscamente;Colisão traseira;Com Vítimas Feridas;Pleno dia;Decrescente;Céu Claro;Múltipla;Reta;Sim;3;0;0;1;1;1;1;3;-23,47469314;-46,56112919;SPRF-SP;DEL03-SP;UOP01-DEL03-SP;false
588764.0;2024-03-21;quinta-feira;10:40:00;SP;381.0;86;SAO PAULO;Acessar a via sem observar a presença dos outros veículos;Colisão lateral mesmo sentido;Com Vítimas Feridas;Pleno dia;Crescente;Céu Claro;Dupla;Reta;Não;2;0;1;0;1;0;1;2;-23,45930499;-46,57161179;SPRF-SP;DEL03-SP;UOP01-DEL03-SP;false
588790.0;2024-03-21;quinta-feira;13:00:00;SP;116.0;210;GUARULHOS;Demais falhas mecânicas ou elétricas;Colisão com objeto;Com Vítimas Feridas;Pleno dia;Crescente;Céu Claro;Dupla;"Aclive;Reta;Em Obras";Sim;3;0;1;0;1;1;1;3;-23,42870023;-46,41085991;SPRF-SP;DEL01-SP;UOP01-DEL01-SP;false
588875.0;2024-03-21;quinta-feira;20:35:00;SP;153.0;180,6;LINS;Demais falhas mecânicas ou elétricas;Incêndio;Com Vítimas Feridas;Plena Noite;Crescente;Nublado;Simples;Curva;Não;1;0;1;0;0;0;1;1;-21,68278303;-49,79066455;SPRF-SP;DEL07-SP;UOP01-DEL07-SP;false
588888.0;2024-03-21;quinta-feira;22:50:00;SP;116.0;306,5;SAO LOURENCO DA SERRA;Reação tardia ou ineficiente do condutor;Atropelamento de Pedestre;Com Vítimas Feridas;Plena Noite;Crescente;Garoa/Chuvisco;Dupla;Curva;Não;3;0;1;0;2;0;1;3;-23,8486091;-46,93801566;SPRF-SP;DEL04-SP;UOP01-DEL04-SP;false
588943.0;2024-03-22;sexta-feira;07:55:00;SP;116.0;285;EMBU DAS ARTES;Trafegar com motocicleta (ou similar) entre as faixas;Colisão lateral mesmo sentido;Com Vítimas Feridas;Pleno dia;Decrescente;Garoa/Chuvisco;Dupla;Reta;Sim;2;0;1;0;1;0;1;2;-23,70407794;-46,87249709;SPRF-SP;DEL04-SP;UOP01-DEL04-SP;false
588971.0;2024-03-22;sexta-feira;09:31:00;SP;381.0;37;ATIBAIA;Acessar a via sem observar a presença dos outros veículos;Colisão traseira;Com Vítimas Feridas;Pleno dia;Decrescente;Garoa/Chuvisco;Dupla;Reta;Não;3;0;1;0;2;0;1;2;-23,10506237;-46,56881577;SPRF-SP;DEL03-SP;UOP01-DEL03-SP;false
588986.0;2024-03-22;sexta-feira;11:10:00;SP;116.0;226;GUARULHOS;Reação tardia ou ineficiente do condutor;Colisão lateral mesmo sentido;Com Vítimas Feridas;Pleno dia;Decrescente;Garoa/Chuvisco;Múltipla;Reta;Sim;2;0;1;0;0;1;1;2;-23,49102507;-46,54878195;SPRF-SP;DEL01-SP;UOP01-DEL01-SP;false
588987.0;2024-03-22;sexta-feira;11:25:00;SP;381.0;69;MAIRIPORA;Reação tardia ou ineficiente do condutor;Colisão traseira;Com Vítimas Feridas;Pleno dia;Crescente;Chuva;Dupla;"Reta;Aclive";Não;2;0;1;0;1;0;1;2;-23,34553108;-46,56787903;SPRF-SP;DEL03-SP;UOP01-DEL03-SP;false
588991.0;2024-03-22;sexta-feira;08:30:00;SP;116.0;511;CAJATI;Reação tardia ou ineficiente do condutor;Tombamento;Com Vítimas Feridas;Pleno dia;Crescente;Chuva;Simples;"Curva;Aclive";Não;1;0;1;0;0;0;1;1;-24,83558399;-48,2223738;SPRF-SP;DEL05-SP;UOP02-DEL05-SP;false
589015.0;2024-03-22;sexta-feira;13:50:00;SP;116.0;137;SAO JOSE DOS CAMPOS;Manobra de mudança de faixa;Colisão lateral mesmo sentido;Com Vítimas Feridas;Pleno dia;Crescente;Chuva;Dupla;Reta;Sim;2;0;1;0;0;1;1;2;-23,15300766;-45,78709317;SPRF-SP;DEL02-SP;UOP01-DEL02-SP;false
589091.0;2024-03-22;sexta-feira;19:40:00;SP;116.0;56;LORENA;Reação tardia ou ineficiente do condutor;Colisão lateral mesmo sentido;Com Vítimas Feridas;Plena Noite;Crescente;Chuva;Dupla;Reta;Não;2;0;1;0;1;0;1;2;-22,76904403;-45,13040598;SPRF-SP;DEL08-SP;UOP02-DEL08-SP;false
589441.0;2024-03-24;domingo;11:55:00;SP;153.0;221;MARILIA;Reação tardia ou ineficiente do condutor;Colisão lateral sentido oposto;Com Vítimas Feridas;Pleno dia;Crescente;Nublado;Simples;Reta;Não;4;0;1;0;2;1;1;3;-22,00556207;-49,91107634;SPRF-SP;DEL07-SP;UOP02-DEL07-SP;false
589573.0;2024-03-25;segunda-feira;01:35:00;SP;116.0;170;JACAREI;Condutor Dormindo;Colisão traseira;Com Vítimas Feridas;Plena Noite;Crescente;Céu Claro;Dupla;Reta;Não;2;0;1;0;1;0;1;2;-23,30794749;-46,0548351;SPRF-SP;DEL02-SP;UOP01-DEL02-SP;false
589574.0;2024-03-25;segunda-feira;03:20:00;SP;116.0;452;REGISTRO;Demais falhas mecânicas ou elétricas;Incêndio;Sem Vítimas;Plena Noite;Decrescente;Céu Claro;Dupla;Reta;Não;2;0;0;0;1;1;0;2;-24,55357585;-47,86460045;SPRF-SP;DEL05-SP;UOP01-DEL05-SP;false
589636.0;2024-03-25;segunda-feira;10:30:00;SP;381.0;50,1;ATIBAIA;Demais falhas mecânicas ou elétricas;Incêndio;Sem Vítimas;Pleno dia;Decrescente;Céu Claro;Dupla;Reta;Não;4;0;0;0;3;1;0;2;-23,21359807;-46,59367981;SPRF-SP;DEL03-SP;UOP01-DEL03-SP;false
589760.0;2024-03-25;segunda-feira;22:55:00;SP;116.0;322,8;JUQUITIBA;Ausência de reação do condutor;Colisão traseira;Com Vítimas Feridas;Plena Noite;Crescente;Céu Claro;Dupla;Reta;Não;3;0;1;0;1;1;1;3;-23,935106;-47,026682;SPRF-SP;DEL04-SP;UOP03-DEL04-SP;false
589953.0;2024-03-27;quarta-feira;00:10:00;SP;116.0;34,5;CACHOEIRA PAULISTA;Manobra de mudança de faixa;Colisão traseira;Com Vítimas Feridas;Plena Noite;Crescente;Garoa/Chuvisco;Dupla;"Declive;Reta";Não;3;0;1;0;2;0;1;2;-22,65447396;-44,95940103;SPRF-SP;DEL08-SP;UOP02-DEL08-SP;false
590114.0;2024-03-27;quarta-feira;14:52:00;SP;116.0;150,4;SAO JOSE DOS CAMPOS;Condutor deixou de manter distância do veículo da frente;Colisão traseira;Com Vítimas Feridas;Pleno dia;Crescente;Nublado;Múltipla;Reta;Sim;3;0;1;0;1;1;1;3;-23,21335525;-45,8930588;SPRF-SP;DEL02-SP;UOP01-DEL02-SP;false
590120.0;2024-03-27;quarta-feira;16:40:00;SP;116.0;107;TAUBATE;Manobra de mudança de faixa;Colisão lateral mesmo sentido;Com Vítimas Feridas;Pleno dia;Decrescente;Chuva;Dupla;Reta;Sim;4;0;0;1;3;0;1;3;-23,01791287;-45,53009409;SPRF-SP;DEL02-SP;UOP02-DEL02-SP;false
590141.0;2024-03-27;quarta-feira;18:19:00;SP;116.0;316,5;JUQUITIBA;Velocidade Incompatível;Colisão lateral mesmo sentido;Com Vítimas Feridas;Plena Noite;Crescente;Céu Claro;Dupla;Curva;Sim;5;0;1;0;2;2;1;4;-23,91054997;-46,99149375;SPRF-SP;DEL04-SP;UOP03-DEL04-SP;false
590432.0;2024-03-28;quinta-feira;22:40:00;SP;381.0;65;MAIRIPORA;Ingestão de álcool pelo condutor;Colisão lateral mesmo sentido;Sem Vítimas;Plena Noite;Decrescente;Nublado;Dupla;Reta;Sim;2;0;0;0;2;0;0;2;-23,316547;-46,58251;SPRF-SP;DEL03-SP;UOP01-DEL03-SP;false
590457.0;2024-03-29;sexta-feira;01:30:00;SP;116.0;407;MIRACATU;Ausência de reação do condutor;Colisão traseira;Com Vítimas Feridas;Plena Noite;Crescente;Céu Claro;Dupla;Reta;Não;3;0;1;0;1;1;1;3;-24,32689195;-47,56569901;SPRF-SP;DEL05-SP;UOP01-DEL05-SP;true
590467.0;2024-03-29;sexta-feira;00:08:00;SP;116.0;512;CAJATI;Acumulo de óleo sobre o pavimento;Engavetamento;Com Vítimas Feridas;Plena Noite;Decrescente;Garoa/Chuvisco;Dupla;Curva;Não;6;0;2;0;3;3;2;7;-24,84304306;-48,22027915;SPRF-SP;DEL05-SP;UOP02-DEL05-SP;true
590639.0;2024-03-29;sexta-feira;22:30:00;SP;116.0;536,9;BARRA DO TURVO;Retorno proibido;Colisão transversal;Com Vítimas Feridas;Plena Noite;Crescente;Nublado;Dupla;Reta;Não;2;0;1;0;1;0;1;2;-24,97138929;-48,3547251;SPRF-SP;DEL05-SP;UOP02-DEL05-SP;true
590651.0;2024-03-30;sábado;05:10:00;SP;116.0;340,2;MIRACATU;Chuva;Colisão com objeto;Com Vítimas Feridas;Amanhecer;Crescente;Garoa/Chuvisco;Dupla;Curva;Não;1;0;1;0;0;0;1;1;-24,00328505;-47,15633198;SPRF-SP;DEL04-SP;UOP03-DEL04-SP;false
590739.0;2024-03-30;sábado;16:00:00;SP;381.0;80,5;SAO PAULO;Manobra de mudança de faixa;Colisão lateral mesmo sentido;Com Vítimas Feridas;Pleno dia;Crescente;Sol;Dupla;Reta;Não;4;0;1;1;0;2;2;3;-23,40889686;-46,58095945;SPRF-SP;DEL03-SP;UOP01-DEL03-SP;false
590773.0;2024-03-30;sábado;18:40:00;SP;116.0;151,7;SAO JOSE DOS CAMPOS;Ausência de reação do condutor;Colisão traseira;Com Vítimas Feridas;Plena Noite;Crescente;Nublado;Dupla;Reta;Sim;3;0;2;0;1;0;2;2;-23,21980694;-45,89991605;SPRF-SP;DEL02-SP;UOP01-DEL02-SP;false
590814.0;2024-03-30;sábado;22:15:00;SP;116.0;211;GUARULHOS;Entrada inopinada do pedestre;Atropelamento de Pedestre;Com Vítimas Fatais;Plena Noite;Crescente;Céu Claro;Múltipla;Reta;Sim;2;1;0;0;0;1;0;2;-23,4324306;-46,4194352;SPRF-SP;DEL01-SP;UOP01-DEL01-SP;false
591257.0;2024-04-01;segunda-feira;20:10:00;SP;116.0;507;CAJATI;Velocidade Incompatível;Saída de leito carroçável;Com Vítimas Feridas;Plena Noite;Decrescente;Céu Claro;Dupla;"Curva;Declive";Não;2;0;0;1;0;1;1;2;-24,805288;-48,214966;SPRF-SP;DEL05-SP;UOP02-DEL05-SP;false
591317.0;2024-04-02;terça-feira;07:30:00;SP;116.0;48,9;CANAS;Condutor deixou de manter distância do veículo da frente;Colisão traseira;Com Vítimas Feridas;Pleno dia;Crescente;Céu Claro;Dupla;Reta;Não;3;0;0;2;0;1;2;2;-22,72498915;-45,06884189;SPRF-SP;DEL08-SP;UOP02-DEL08-SP;false
591391.0;2024-04-02;terça-feira;15:00:00;SP;116.0;349;MIRACATU;Ingestão de álcool pelo condutor;Colisão traseira;Sem Vítimas;Pleno dia;Decrescente;Céu Claro;Dupla;"Reta;Aclive";Sim;3;0;0;0;2;2;0;4;-24,05190879;-47,213052;SPRF-SP;DEL04-SP;UOP03-DEL04-SP;false
591421.0;2024-04-02;terça-feira;16:25:00;SP;116.0;322;JUQUITIBA;Manobra de mudança de faixa;Colisão lateral mesmo sentido;Com Vítimas Feridas;Pleno dia;Decrescente;Céu Claro;Dupla;Reta;Não;4;0;1;0;2;1;1;3;-23,935106;-47,026682;SPRF-SP;DEL04-SP;UOP03-DEL04-SP;false
591459.0;2024-04-02;terça-feira;19:20:00;SP;153.0;272;OCAUCU;Reação tardia ou ineficiente do condutor;Colisão lateral sentido oposto;Sem Vítimas;Plena Noite;Decrescente;Nublado;Simples;Declive;Não;3;0;0;0;2;1;0;3;-22,36254299;-49,88596698;SPRF-SP;DEL07-SP;UOP02-DEL07-SP;false
591478.0;2024-04-02;terça-feira;21:50:00;SP;116.0;555;BARRA DO TURVO;Reação tardia ou ineficiente do condutor;Saída de leito carroçável;Com Vítimas Feridas;Plena Noite;Crescente;Nublado;Simples;Curva;Não;2;0;1;0;0;1;1;2;-24,97447301;-48,504597;SPRF-SP;DEL05-SP;UOP02-DEL05-SP;false
591498.0;2024-04-03;quarta-feira;02:20:00;SP;381.0;88;GUARULHOS;Ausência de reação do condutor;Colisão lateral mesmo sentido;Sem Vítimas;Pleno dia;Crescente;Céu Claro;Dupla;Reta;Não;3;0;0;0;1;2;0;3;-23,47469314;-46,56112919;SPRF-SP;DEL03-SP;UOP01-DEL03-SP;false
591505.0;2024-04-03;quarta-feira;05:45:00;SP;116.0;309;SAO LOURENCO DA SERRA;Condutor Dormindo;Colisão traseira;Com Vítimas Feridas;Amanhecer;Decrescente;Céu Claro;Dupla;"Reta;Aclive";Não;3;0;1;0;1;2;1;4;-23,86766013;-46,95354593;SPRF-SP;DEL04-SP;UOP01-DEL04-SP;false
591522.0;2024-04-03;quarta-feira;09:30:00;SP;381.0;77;SAO PAULO;Acessar a via sem observar a presença dos outros veículos;Queda de ocupante de veículo;Com Vítimas Feridas;Pleno dia;Decrescente;Céu Claro;Dupla;"Aclive;Curva";Não;3;0;0;1;2;0;1;3;-23,388839;-46,5693478;SPRF-SP;DEL03-SP;UOP01-DEL03-SP;false
591649.0;2024-04-03;quarta-feira;21:15:00;SP;381.0;61;MAIRIPORA;Reação tardia ou ineficiente do condutor;Tombamento;Com Vítimas Feridas;Plena Noite;Crescente;Céu Claro;Dupla;"Declive;Curva";Não;6;0;3;1;1;3;4;5;-23,29011611;-46,5800681;SPRF-SP;DEL03-SP;UOP01-DEL03-SP;false
591818.0;2024-04-04;quinta-feira;21:00:00;SP;116.0;228,7;SAO PAULO;Suicídio (presumido);Atropelamento de Pedestre;Com Vítimas Fatais;Plena Noite;Crescente;Nublado;Múltipla;Reta;Não;3;1;0;0;1;1;0;3;-23,50343484;-46,56638712;SPRF-SP;DEL01-SP;UOP01-DEL01-SP;false
591848.0;2024-04-05;sexta-feira;02:40:00;SP;116.0;513;CAJATI;Reação tardia ou ineficiente do condutor;Colisão com objeto;Com Vítimas Feridas;Plena Noite;Decrescente;Garoa/Chuvisco;Dupla;Curva;Não;2;0;1;0;0;1;1;2;-24,85109616;-48,21802405;SPRF-SP;DEL05-SP;UOP02-DEL05-SP;false
591908.0;2024-04-04;quinta-feira;15:00:00;SP;153.0;216,9;MARILIA;Ausência de reação do condutor;Colisão traseira;Sem Vítimas;Pleno dia;Crescente;Céu Claro;Simples;Reta;Não;2;0;0;0;2;0;0;2;-21,96180388;-49,92179359;SPRF-SP;DEL07-SP;UOP02-DEL07-SP;false
591947.0;2024-04-05;sexta-feira;12:00:00;SP;116.0;223;GUARULHOS;Trafegar com motocicleta (ou similar) entre as faixas;Engavetamento;Com Vítimas Feridas;Pleno dia;Decrescente;Céu Claro;Múltipla;Reta;Sim;4;0;1;0;3;0;1;4;-23,47559815;-46,5246609;SPRF-SP;DEL01-SP;UOP01-DEL01-SP;false
592015.0;2024-04-05;sexta-feira;21:05:00;SP;153.0;49,9;SAO JOSE DO RIO PRETO;Acessar a via sem observar a presença dos outros veículos;Colisão transversal;Com Vítimas Fatais;Plena Noite;Crescente;Céu Claro;Simples;Reta;Não;7;1;0;1;1;5;1;5;-20,708187;-49,339137;SPRF-SP;DEL09-SP;UOP01-DEL09-SP;false
592040.0;2024-04-05;sexta-feira;23:15:00;SP;116.0;101,5;PINDAMONHANGABA;Ausência de reação do condutor;Colisão traseira;Com Vítimas Feridas;Plena Noite;Decrescente;Céu Claro;Dupla;"Aclive;Reta";Não;3;0;1;0;2;0;1;3;-22,99473592;-45,48903205;SPRF-SP;DEL08-SP;UOP01-DEL08-SP;false
592045.0;2024-04-05;sexta-feira;23:30:00;SP;381.0;1,6;VARGEM;Estacionar ou parar em local proibido;Engavetamento;Com Vítimas Feridas;Plena Noite;Crescente;Céu Claro;Múltipla;Reta;Não;4;0;1;0;3;0;1;4;-22,88146043;-46,38105397;SPRF-SP;DEL03-SP;UOP02-DEL03-SP;false
592047.0;2024-04-06;sábado;00:07:00;SP;381.0;71;SAO PAULO;Manobra de mudança de faixa;Colisão traseira;Com Vítimas Feridas;Plena Noite;Decrescente;Céu Claro;Múltipla;"Reta;Aclive";Não;2;0;0;1;1;0;1;2;-23,35761806;-46,54970281;SPRF-SP;DEL03-SP;UOP01-DEL03-SP;false
592203.0;2024-04-06;sábado;17:25:00;SP;116.0;155;SAO JOSE DOS CAMPOS;Reação tardia ou ineficiente do condutor;Colisão transversal;Com Vítimas Feridas;Pleno dia;Crescente;Céu Claro;Dupla;Reta;Não;9;0;5;0;3;1;5;4;-23,24524337;-45,92772774;SPRF-SP;DEL02-SP;UOP01-DEL02-SP;false
592613.0;2024-04-08;segunda-feira;09:40:00;SP;116.0;168,3;JACAREI;Pedestre cruzava a pista fora da faixa;Atropelamento de Pedestre;Com Vítimas Fatais;Pleno dia;Decrescente;Céu Claro;Dupla;Reta;Não;2;1;0;0;1;0;0;2;-23,30545902;-46,03567599;SPRF-SP;DEL02-SP;UOP01-DEL02-SP;false
592658.0;2024-04-08;segunda-feira;14:15:00;SP;116.0;220;GUARULHOS;Reação tardia ou ineficiente do condutor;Colisão traseira;Com Vítimas Feridas;Pleno dia;Decrescente;Céu Claro;Múltipla;Reta;Sim;2;0;1;0;0;1;1;2;-23,46472809;-46,49793962;SPRF-SP;DEL01-SP;UOP01-DEL01-SP;false
592680.0;2024-04-08;segunda-feira;14:00:00;SP;116.0;339;MIRACATU;Ausência de reação do condutor;Colisão com objeto;Com Vítimas Feridas;Pleno dia;Crescente;Céu Claro;Dupla;Curva;Não;2;0;1;0;1;0;1;2;-23,9983939;-47,14927316;SPRF-SP;DEL04-SP;UOP03-DEL04-SP;false
592712.0;2024-04-08;segunda-feira;17:25:00;SP;381.0;63;MAIRIPORA;Reação tardia ou ineficiente do condutor;Colisão com objeto;Com Vítimas Feridas;Anoitecer;Crescente;Chuva;Dupla;"Reta;Declive";Sim;2;0;1;0;0;1;1;2;-23,302805;-46,572767;SPRF-SP;DEL03-SP;UOP01-DEL03-SP;false
592765.0;2024-04-08;segunda-feira;22:10:00;SP;116.0;155,4;SAO JOSE DOS CAMPOS;Reação tardia ou ineficiente do condutor;Colisão traseira;Com Vítimas Feridas;Plena Noite;Crescente;Céu Claro;Dupla;Reta;Sim;2;0;1;0;0;1;1;2;-23,2453189;-45,92813015;SPRF-SP;DEL02-SP;UOP01-DEL02-SP;false
592799.0;2024-04-09;terça-feira;06:00:00;SP;116.0;227;GUARULHOS;Manobra de mudança de faixa;Tombamento;Com Vítimas Feridas;Amanhecer;Crescente;Sol;Múltipla;Reta;Sim;2;0;0;1;1;0;1;2;-23,49659264;-46,55648754;SPRF-SP;DEL01-SP;UOP01-DEL01-SP;false
592817.0;2024-04-09;terça-feira;08:10:00;SP;116.0;211;GUARULHOS;Manobra de mudança de faixa;Colisão traseira;Com Vítimas Feridas;Pleno dia;Crescente;Céu Claro;Múltipla;"Em Obras;Reta";Sim;3;0;1;0;1;1;1;2;-23,4324306;-46,4194352;SPRF-SP;DEL01-SP;UOP01-DEL01-SP;false
592864.0;2024-04-09;terça-feira;11:30:00;SP;116.0;28,9;CRUZEIRO;Manobra de mudança de faixa;Colisão lateral mesmo sentido;Com Vítimas Feridas;Pleno dia;Decrescente;Céu Claro;Dupla;Declive;Não;2;0;1;0;0;1;1;2;-22,62492006;-44,91571997;SPRF-SP;DEL08-SP;UOP02-DEL08-SP;false
592902.0;2024-04-09;terça-feira;14:00:00;SP;116.0;315;SAO LOURENCO DA SERRA;Carga excessiva e/ou mal acondicionada;Eventos atípicos;Sem Vítimas;Pleno dia;Crescente;Céu Claro;Dupla;Reta;Não;3;0;0;0;2;1;0;3;-23,90251888;-46,99049317;SPRF-SP;DEL04-SP;UOP03-DEL04-SP;false
592957.0;2024-04-09;terça-feira;21:00:00;SP;116.0;223,8;GUARULHOS;Manobra de mudança de faixa;Colisão traseira;Com Vítimas Feridas;Plena Noite;Crescente;Nublado;Múltipla;Reta;Sim;3;0;1;0;1;1;1;3;-23,47559815;-46,5246609;SPRF-SP;DEL01-SP;UOP01-DEL01-SP;false
592959.0;2024-04-09;terça-feira;19:30:00;SP;116.0;513;CAJATI;Reação tardia ou ineficiente do condutor;Colisão lateral mesmo sentido;Com Vítimas Feridas;Plena Noite;Decrescente;Nevoeiro/Neblina;Dupla;"Declive;Curva";Não;3;0;1;0;1;1;1;3;-24,85109616;-48,21802405;SPRF-SP;DEL05-SP;UOP02-DEL05-SP;false