id;data_inversa;dia_semana;horario;uf;br;km;municipio;causa_acidente;tipo_acidente;classificacao_acidente;fase_dia;sentido_via;condicao_metereologica;tipo_pista;tracado_via;uso_solo;pessoas;mortos;feridos_leves;feridos_graves;ilesos;ignorados;feridos;veiculos;latitude;longitude;regional;delegacia;uop;feriado
592980.0;2024-04-09;terça-feira;22:00:00;SP;116.0;561;BARRA DO TURVO;Reação tardia ou ineficiente do condutor;Tombamento;Com Vítimas Feridas;Plena Noite;Decrescente;Céu Claro;Dupla;"Declive;Curva";Não;2;0;1;0;0;1;1;2;-25,02045097;-48,51586004;SPRF-SP;DEL05-SP;UOP02-DEL05-SP;false
592986.0;2024-04-10;quarta-feira;01:10:00;SP;116.0;449;REGISTRO;Estacionar ou parar em local proibido;Colisão traseira;Com Vítimas Fatais;Plena Noite;Crescente;Ignorado;Dupla;Reta;Sim;3;1;0;0;1;1;0;3;-24,52913591;-47,85619324;SPRF-SP;DEL05-SP;UOP01-DEL05-SP;false
592997.0;2024-04-10;quarta-feira;04:25:00;SP;381.0;82;SAO PAULO;Ausência de reação do condutor;Colisão com objeto;Com Vítimas Feridas;Plena Noite;Decrescente;Nublado;Dupla;Reta;Não;2;0;1;0;0;1;1;2;-23,42399;-46,575112;SPRF-SP;DEL03-SP;UOP01-DEL03-SP;false
593003.0;2024-04-10;quarta-feira;05:50:00;SP;116.0;17,8;LAVRINHAS;Condutor Dormindo;Colisão com objeto;Com Vítimas Feridas;Amanhecer;Crescente;Nublado;Dupla;Reta;Não;2;0;1;0;0;2;1;3;-22,55763946;-44,84739708;SPRF-SP;DEL08-SP;UOP02-DEL08-SP;false
593047.0;2024-04-10;quarta-feira;09:20:00;SP;153.0;72;SAO JOSE DO RIO PRETO;Demais falhas mecânicas ou elétricas;Colisão com objeto;Com Vítimas Feridas;Pleno dia;Decrescente;Céu Claro;Simples;"Reta;Aclive";Não;2;0;1;0;1;0;1;2;-20,86715501;-49,41334398;SPRF-SP;DEL09-SP;UOP01-DEL09-SP;false
593096.0;2024-04-10;quarta-feira;15:25:00;SP;116.0;196;ARUJA;Reação tardia ou ineficiente do condutor;Engavetamento;Com Vítimas Feridas;Pleno dia;Decrescente;Céu Claro;Dupla;Reta;Não;4;0;1;0;2;1;1;4;-23,39265978;-46,2844631;SPRF-SP;DEL01-SP;UOP01-DEL01-SP;false
593122.0;2024-04-10;quarta-feira;17:00:00;SP;116.0;205;ARUJA;Condutor deixou de manter distância do veículo da frente;Colisão traseira;Com Vítimas Feridas;Anoitecer;Crescente;Céu Claro;Múltipla;Reta;Sim;3;0;1;0;1;1;1;3;-23,41475243;-46,36600788;SPRF-SP;DEL01-SP;UOP01-DEL01-SP;false
593204.0;2024-04-11;quinta-feira;03:35:00;SP;116.0;415,1;JUQUIA;Ausência de reação do condutor;Saída de leito carroçável;Com Vítimas Feridas;Plena Noite;Decrescente;Nublado;Múltipla;Reta;Não;1;0;1;0;0;0;1;1;-24,334489;-47,641203;SPRF-SP;DEL05-SP;UOP01-DEL05-SP;false
593206.0;2024-04-11;quinta-feira;03:45:00;SP;116.0;39,4;CACHOEIRA PAULISTA;Ausência de reação do condutor;Tombamento;Com Vítimas Feridas;Plena Noite;Decrescente;Céu Claro;Dupla;Reta;Não;2;0;1;0;0;1;1;2;-22,67527958;-44,99918431;SPRF-SP;DEL08-SP;UOP02-DEL08-SP;false
593333.0;2024-04-11;quinta-feira;18:30:00;SP;116.0;223;GUARULHOS;Reação tardia ou ineficiente do condutor;Colisão lateral mesmo sentido;Com Vítimas Feridas;Pleno dia;Decrescente;Céu Claro;Dupla;Reta;Não;3;0;1;0;1;1;1;3;-23,47559815;-46,5246609;SPRF-SP;DEL01-SP;UOP01-DEL01-SP;false
593364.0;2024-04-11;quinta-feira;22:15:00;SP;116.0;231;SAO PAULO;Reação tardia ou ineficiente do condutor;Colisão lateral mesmo sentido;Com Vítimas Feridas;Pleno dia;Decrescente;Céu Claro;Múltipla;Reta;Sim;2;0;1;0;0;1;1;2;-23,5290581;-46,59398303;SPRF-SP;DEL01-SP;UOP01-DEL01-SP;false
593381.0;2024-04-12;sexta-feira;03:30:00;SP;116.0;30;CRUZEIRO;Condutor Dormindo;Colisão traseira;Com Vítimas Feridas;Plena Noite;Decrescente;Nublado;Dupla;"Reta;Declive";Não;2;0;1;0;1;0;1;2;-22,63400287;-44,93203106;SPRF-SP;DEL08-SP;UOP02-DEL08-SP;false
593893.0;2024-04-06;sábado;15:47:00;SP;153.0;264,2;MARILIA;Demais falhas mecânicas ou elétricas;Incêndio;Sem Vítimas;Pleno dia;Decrescente;Céu Claro;Simples;Aclive;Sim;2;0;0;0;1;1;0;2;-22,29842576;-49,90881386;SPRF-SP;DEL07-SP;UOP02-DEL07-SP;false
594069.0;2024-04-15;segunda-feira;04:00:00;SP;116.0;285;ITAPECERICA DA SERRA;Acessar a via sem observar a presença dos outros veículos;Atropelamento de Pedestre;Com Vítimas Fatais;Plena Noite;Decrescente;Chuva;Dupla;Reta;Não;2;1;0;0;0;1;0;2;-23,70407794;-46,87249709;SPRF-SP;DEL04-SP;UOP01-DEL04-SP;false
594079.0;2024-04-15;segunda-feira;06:30:00;SP;116.0;344;MIRACATU;Velocidade Incompatível;Saída de leito carroçável;Com Vítimas Feridas;Amanhecer;Crescente;Chuva;Dupla;Reta;Sim;2;0;0;1;0;1;1;2;-24,030436;-47,178276;SPRF-SP;DEL04-SP;UOP03-DEL04-SP;false
594095.0;2024-04-15;segunda-feira;07:35:00;SP;116.0;162,5;JACAREI;Reação tardia ou ineficiente do condutor;Colisão traseira;Com Vítimas Feridas;Pleno dia;Decrescente;Céu Claro;Dupla;Reta;Não;6;0;0;1;4;2;1;5;-23,28133317;-45,98394689;SPRF-SP;DEL02-SP;UOP01-DEL02-SP;false
594265.0;2024-04-16;terça-feira;02:37:00;SP;381.0;76;SAO PAULO;Velocidade Incompatível;Tombamento;Sem Vítimas;Plena Noite;Crescente;Céu Claro;Dupla;"Declive;Curva";Não;1;0;0;0;1;0;0;1;-23,38372401;-46,56502116;SPRF-SP;DEL03-SP;UOP01-DEL03-SP;false
594267.0;2024-04-16;terça-feira;04:00:00;SP;116.0;501;CAJATI;Demais falhas mecânicas ou elétricas;Incêndio;Sem Vítimas;Plena Noite;Decrescente;Céu Claro;Dupla;Reta;Não;2;0;0;0;0;2;0;2;-24,77859381;-48,1923679;SPRF-SP;DEL05-SP;UOP02-DEL05-SP;false
594298.0;2024-04-16;terça-feira;05:50:00;SP;381.0;2;VARGEM;Condutor Dormindo;Colisão com objeto;Sem Vítimas;Pleno dia;Crescente;Céu Claro;Dupla;Reta;Não;2;0;0;0;1;1;0;2;-22,88187369;-46,39059388;SPRF-SP;DEL03-SP;UOP02-DEL03-SP;false
594355.0;2024-04-16;terça-feira;14:35:00;SP;116.0;287;ITAPECERICA DA SERRA;Suicídio (presumido);Atropelamento de Pedestre;Com Vítimas Feridas;Pleno dia;Decrescente;Céu Claro;Dupla;Reta;Sim;2;0;0;1;1;0;1;2;-23,69334837;-46,86369896;SPRF-SP;DEL04-SP;UOP01-DEL04-SP;false
594358.0;2024-04-16;terça-feira;15:00:00;SP;116.0;347;MIRACATU;Problema com o freio;Colisão traseira;Com Vítimas Feridas;Pleno dia;Crescente;Nublado;Dupla;Curva;Não;3;0;1;0;1;2;1;4;-24,04699491;-47,19706111;SPRF-SP;DEL04-SP;UOP03-DEL04-SP;false
594450.0;2024-04-17;quarta-feira;04:30:00;SP;116.0;219;GUARULHOS;Manobra de mudança de faixa;Colisão lateral mesmo sentido;Com Vítimas Feridas;Amanhecer;Crescente;Garoa/Chuvisco;Múltipla;Reta;Sim;5;0;1;0;2;2;1;4;-23,46143954;-46,48885316;SPRF-SP;DEL01-SP;UOP01-DEL01-SP;false
594495.0;2024-04-17;quarta-feira;09:20:00;SP;116.0;388;MIRACATU;Reação tardia ou ineficiente do condutor;Colisão traseira;Com Vítimas Feridas;Pleno dia;Decrescente;Céu Claro;Dupla;Reta;Não;3;0;1;0;1;2;1;4;-24,26919492;-47,39740603;SPRF-SP;DEL04-SP;UOP02-DEL04-SP;false
594636.0;2024-04-18;quinta-feira;02:30:00;SP;116.0;445;REGISTRO;Condutor Dormindo;Tombamento;Com Vítimas Feridas;Plena Noite;Decrescente;Garoa/Chuvisco;Dupla;Reta;Sim;1;0;0;1;0;0;1;1;-24,49790715;-47,84208686;SPRF-SP;DEL05-SP;UOP01-DEL05-SP;false
594675.0;2024-04-18;quinta-feira;07:50:00;SP;116.0;284,5;ITAPECERICA DA SERRA;Trafegar com motocicleta (ou similar) entre as faixas;Colisão lateral mesmo sentido;Com Vítimas Feridas;Pleno dia;Crescente;Chuva;Dupla;Reta;Não;3;0;1;0;1;1;1;3;-23,69998;-46,867767;SPRF-SP;DEL04-SP;UOP01-DEL04-SP;false
594685.0;2024-04-18;quinta-feira;06:30:00;SP;153.0;164,5;PROMISSAO;Reação tardia ou ineficiente do condutor;Colisão lateral mesmo sentido;Com Vítimas Feridas;Pleno dia;Crescente;Céu Claro;Simples;Reta;Não;3;0;1;0;1;1;1;3;-21,543305;-49,78222494;SPRF-SP;DEL07-SP;UOP01-DEL07-SP;false
594712.0;2024-04-17;quarta-feira;04:00:00;SP;116.0;32;CRUZEIRO;Ausência de reação do condutor;Colisão traseira;Com Vítimas Feridas;Plena Noite;Decrescente;Céu Claro;Múltipla;Reta;Não;2;0;0;1;1;0;1;2;-22,6422031;-44,94731891;SPRF-SP;DEL08-SP;UOP02-DEL08-SP;false
594715.0;2024-04-18;quinta-feira;11:30:00;SP;116.0;152;SAO JOSE DOS CAMPOS;Reação tardia ou ineficiente do condutor;Tombamento;Com Vítimas Feridas;Pleno dia;Decrescente;Nublado;Dupla;Reta;Sim;4;0;3;0;0;1;3;2;-23,22620401;-45,90682999;SPRF-SP;DEL02-SP;UOP01-DEL02-SP;false
594853.0;2024-04-19;sexta-feira;03:00:00;SP;116.0;483;CAJATI;Entrada inopinada do pedestre;Atropelamento de Pedestre;Com Vítimas Fatais;Plena Noite;Decrescente;Nevoeiro/Neblina;Dupla;Reta;Não;2;1;0;0;1;0;0;2;-24,72274238;-48,05286602;SPRF-SP;DEL05-SP;UOP01-DEL05-SP;false
594856.0;2024-04-19;sexta-feira;02:20:00;SP;116.0;512;CAJATI;Reação tardia ou ineficiente do condutor;Tombamento;Com Vítimas Feridas;Plena Noite;Decrescente;Céu Claro;Simples;"Curva;Declive";Não;2;0;1;0;0;1;1;2;-24,84304306;-48,22027915;SPRF-SP;DEL05-SP;UOP02-DEL05-SP;false
594918.0;2024-04-19;sexta-feira;06:50:00;SP;116.0;222;GUARULHOS;Reação tardia ou ineficiente do condutor;Colisão lateral mesmo sentido;Com Vítimas Feridas;Pleno dia;Decrescente;Céu Claro;Dupla;Reta;Sim;2;0;0;1;1;0;1;2;-23,47093408;-46,51631097;SPRF-SP;DEL01-SP;UOP01-DEL01-SP;false
594926.0;2024-04-19;sexta-feira;10:55:00;SP;153.0;78,8;BADY BASSITT;Acessar a via sem observar a presença dos outros veículos;Atropelamento de Pedestre;Com Vítimas Fatais;Pleno dia;Decrescente;Céu Claro;Dupla;"Reta;Aclive";Sim;4;1;0;0;2;1;0;3;-20,90580481;-49,46695089;SPRF-SP;DEL09-SP;UOP01-DEL09-SP;false
594931.0;2024-03-15;sexta-feira;01:13:00;SP;116.0;350;MIRACATU;Ausência de reação do condutor;Colisão traseira;Com Vítimas Feridas;Plena Noite;Decrescente;Céu Claro;Dupla;"Reta;Aclive";Não;3;0;1;0;1;2;1;4;-24,05853299;-47,21739301;SPRF-SP;DEL04-SP;UOP03-DEL04-SP;false
595004.0;2024-04-19;sexta-feira;16:39:00;SP;116.0;358;MIRACATU;Demais falhas mecânicas ou elétricas;Incêndio;Sem Vítimas;Pleno dia;Crescente;Céu Claro;Dupla;"Declive;Curva";Não;2;0;0;0;1;1;0;2;-24,10289207;-47,25984898;SPRF-SP;DEL04-SP;UOP03-DEL04-SP;false
595044.0;2024-04-19;sexta-feira;18:02:00;SP;116.0;229;SAO PAULO;Reação tardia ou ineficiente do condutor;Colisão lateral mesmo sentido;Com Vítimas Feridas;Plena Noite;Decrescente;Céu Claro;Múltipla;Reta;Sim;2;0;1;0;1;0;1;2;-23,51291902;-46,57604698;SPRF-SP;DEL01-SP;UOP01-DEL01-SP;false
595105.0;2024-04-19;sexta-feira;23:30:00;SP;381.0;79;SAO PAULO;Reação tardia ou ineficiente do condutor;Tombamento;Sem Vítimas;Plena Noite;Decrescente;Céu Claro;Dupla;Curva;Não;2;0;0;0;1;1;0;2;-23,40319901;-46,57564699;SPRF-SP;DEL03-SP;UOP01-DEL03-SP;false
595132.0;2024-04-20;sábado;05:10:00;SP;116.0;488;CAJATI;Suicídio (presumido);Eventos atípicos;Com Vítimas Feridas;Amanhecer;Decrescente;Nublado;Simples;Reta;Sim;2;0;0;1;1;0;1;1;-24,73097634;-48,09815591;SPRF-SP;DEL05-SP;UOP01-DEL05-SP;false
595307.0;2024-04-20;sábado;19:15:00;SP;116.0;281;EMBU DAS ARTES;Velocidade Incompatível;Colisão traseira;Com Vítimas Feridas;Plena Noite;Decrescente;Nublado;Dupla;Reta;Sim;5;0;2;0;2;2;2;5;-23,67784787;-46,85769227;SPRF-SP;DEL04-SP;UOP01-DEL04-SP;false
595365.0;2024-04-21;domingo;02:00:00;SP;116.0;26;LAVRINHAS;Ausência de reação do condutor;Colisão traseira;Com Vítimas Feridas;Plena Noite;Decrescente;Céu Claro;Múltipla;Reta;Não;8;0;4;1;3;0;5;2;-22,61419397;-44,90005302;SPRF-SP;DEL08-SP;UOP02-DEL08-SP;true
595447.0;2024-04-21;domingo;13:50:00;SP;116.0;182;SANTA ISABEL;Demais falhas na via;Colisão traseira;Com Vítimas Feridas;Pleno dia;Decrescente;Céu Claro;Dupla;Reta;Sim;8;0;3;0;4;1;3;4;-23,34505765;-46,16213519;SPRF-SP;DEL01-SP;UOP01-DEL01-SP;true
595621.0;2024-04-22;segunda-feira;05:30:00;SP;116.0;128,6;CACAPAVA;Ausência de reação do condutor;Atropelamento de Pedestre;Com Vítimas Feridas;Amanhecer;Crescente;Céu Claro;Dupla;Reta;Sim;2;0;1;0;0;1;1;2;-23,11454664;-45,71105567;SPRF-SP;DEL02-SP;UOP02-DEL02-SP;false
595671.0;2024-04-22;segunda-feira;09:00:00;SP;116.0;513;CAJATI;Reação tardia ou ineficiente do condutor;Tombamento;Com Vítimas Feridas;Pleno dia;Decrescente;Céu Claro;Simples;"Aclive;Curva";Não;2;0;0;1;0;1;1;2;-24,85109616;-48,21802405;SPRF-SP;DEL05-SP;UOP02-DEL05-SP;false
595694.0;2024-03-20;quarta-feira;05:15:00;SP;116.0;305;SAO LOURENCO DA SERRA;Entrada inopinada do pedestre;Colisão traseira;Com Vítimas Fatais;Amanhecer;Decrescente;Nublado;Múltipla;Curva;Não;5;1;0;0;3;2;0;5;-23,84287313;-46,93238591;SPRF-SP;DEL04-SP;UOP01-DEL04-SP;false
595792.0;2024-04-23;terça-feira;01:20:00;SP;116.0;227;GUARULHOS;Pedestre andava na pista;Atropelamento de Pedestre;Com Vítimas Fatais;Plena Noite;Crescente;Céu Claro;Múltipla;"Declive;Reta";Não;3;1;0;0;1;2;0;4;-23,49659264;-46,55648754;SPRF-SP;DEL01-SP;UOP01-DEL01-SP;false
595814.0;2024-04-23;terça-feira;07:40:00;SP;381.0;30;ATIBAIA;Condutor deixou de manter distância do veículo da frente;Engavetamento;Com Vítimas Feridas;Pleno dia;Crescente;Céu Claro;Dupla;Reta;Sim;4;0;1;0;1;2;1;3;-23,04885102;-46,56482797;SPRF-SP;DEL03-SP;UOP02-DEL03-SP;false
595831.0;2024-04-19;sexta-feira;12:20:00;SP;381.0;22;BRAGANCA PAULISTA;Condutor deixou de manter distância do veículo da frente;Colisão traseira;Com Vítimas Feridas;Pleno dia;Decrescente;Céu Claro;Dupla;"Aclive;Reta";Sim;2;0;1;0;1;0;1;2;-22,99697186;-46,5163051;SPRF-SP;DEL03-SP;UOP02-DEL03-SP;false
595965.0;2024-04-24;quarta-feira;03:40:00;SP;116.0;485;CAJATI;Estacionar ou parar em local proibido;Colisão lateral mesmo sentido;Com Vítimas Feridas;Plena Noite;Decrescente;Céu Claro;Dupla;Reta;Sim;2;0;1;0;0;1;1;2;-24,72188994;-48,072155;SPRF-SP;DEL05-SP;UOP01-DEL05-SP;false
595996.0;2024-04-24;quarta-feira;08:10:00;SP;101.0;51;UBATUBA;Acessar a via sem observar a presença dos outros veículos;Colisão transversal;Com Vítimas Feridas;Pleno dia;Crescente;Céu Claro;Dupla;Reta;Sim;3;0;2;0;0;1;2;3;-23,45627795;-45,07111896;SPRF-SP;DEL06-SP;UOP01-DEL06-SP;false
596020.0;2024-04-24;quarta-feira;08:45:00;SP;116.0;142;SAO JOSE DOS CAMPOS;Reação tardia ou ineficiente do condutor;Colisão lateral mesmo sentido;Com Vítimas Feridas;Pleno dia;Decrescente;Céu Claro;Dupla;Reta;Sim;3;0;0;1;1;1;1;3;-23,17426078;-45,82940111;SPRF-SP;DEL02-SP;UOP01-DEL02-SP;false
596042.0;2024-04-24;quarta-feira;09:15:00;SP;116.0;550;BARRA DO TURVO;Reação tardia ou ineficiente do condutor;Tombamento;Com Vítimas Feridas;Pleno dia;Decrescente;Céu Claro;Simples;Curva;Não;2;0;1;0;0;1;1;2;-24,96633469;-48,46871853;SPRF-SP;DEL05-SP;UOP02-DEL05-SP;false
596105.0;2024-04-24;quarta-feira;15:00:00;SP;116.0;290,3;ITAPECERICA DA SERRA;Reação tardia ou ineficiente do condutor;Engavetamento;Com Vítimas Fatais;Pleno dia;Decrescente;Céu Claro;Dupla;Curva;Sim;9;4;2;0;1;5;2;9;-23,72273299;-46,88956261;SPRF-SP;DEL04-SP;UOP01-DEL04-SP;false
596113.0;2024-04-24;quarta-feira;17:40:00;SP;116.0;426;JUQUIA;Acessar a via sem observar a presença dos outros veículos;Colisão traseira;Com Vítimas Feridas;Plena Noite;Crescente;Céu Claro;Dupla;Curva;Não;3;0;1;0;1;1;1;3;-24,38735659;-47,7169352;SPRF-SP;DEL05-SP;UOP01-DEL05-SP;false
596174.0;2024-04-25;quinta-feira;01:00:00;SP;381.0;86;SAO PAULO;Mal súbito do condutor;Atropelamento de Pedestre;Com Vítimas Fatais;Plena Noite;Crescente;Céu Claro;Múltipla;Reta;Sim;3;1;0;0;1;1;0;3;-23,45930499;-46,57161179;SPRF-SP;DEL03-SP;UOP01-DEL03-SP;false
596190.0;2024-04-25;quinta-feira;07:00:00;SP;116.0;208;GUARULHOS;Ausência de reação do condutor;Colisão traseira;Com Vítimas Fatais;Pleno dia;Crescente;Céu Claro;Dupla;Reta;Sim;3;1;0;0;2;0;0;2;-23,42222263;-46,3932771;SPRF-SP;DEL01-SP;UOP01-DEL01-SP;false
596236.0;2024-04-25;quinta-feira;09:00:00;SP;116.0;144,3;SAO JOSE DOS CAMPOS;Reação tardia ou ineficiente do condutor;Colisão traseira;Com Vítimas Feridas;Pleno dia;Crescente;Sol;Múltipla;Reta;Sim;3;0;1;0;2;0;1;2;-23,18274416;-45,84633592;SPRF-SP;DEL02-SP;UOP01-DEL02-SP;false
596262.0;2024-04-25;quinta-feira;08:35:00;SP;116.0;307;SAO LOURENCO DA SERRA;Velocidade Incompatível;Tombamento;Com Vítimas Feridas;Pleno dia;Decrescente;Sol;Dupla;Curva;Não;3;0;2;0;0;1;2;2;-23,85630016;-46,94096988;SPRF-SP;DEL04-SP;UOP01-DEL04-SP;false
596364.0;2024-04-25;quinta-feira;21:10:00;SP;116.0;307;SAO LOURENCO DA SERRA;Reação tardia ou ineficiente do condutor;Tombamento;Com Vítimas Feridas;Plena Noite;Crescente;Céu Claro;Dupla;Curva;Não;2;0;1;0;0;1;1;2;-23,85630016;-46,94096988;SPRF-SP;DEL04-SP;UOP01-DEL04-SP;false
596401.0;2024-04-26;sexta-feira;04:50:00;SP;381.0;69,7;MAIRIPORA;Condutor Dormindo;Tombamento;Com Vítimas Feridas;Amanhecer;Decrescente;Nublado;Dupla;"Declive;Curva";Não;2;0;1;0;0;1;1;2;-23,34553108;-46,56787903;SPRF-SP;DEL03-SP;UOP01-DEL03-SP;false
596421.0;2024-04-26;sexta-feira;00:45:00;SP;116.0;135,6;SAO JOSE DOS CAMPOS;Transtornos Mentais (exceto suicidio);Colisão com objeto;Com Vítimas Fatais;Plena Noite;Crescente;Nublado;Dupla;Reta;Não;3;1;0;0;0;2;0;3;-23,144484;-45,77018;SPRF-SP;DEL02-SP;UOP01-DEL02-SP;false
596458.0;2024-04-26;sexta-feira;09:40:00;SP;381.0;50;ATIBAIA;Reação tardia ou ineficiente do condutor;Colisão traseira;Com Vítimas Feridas;Pleno dia;Decrescente;Céu Claro;Dupla;Reta;Sim;3;0;1;0;2;0;1;2;-23,21359807;-46,59367981;SPRF-SP;DEL03-SP;UOP01-DEL03-SP;false
596511.0;2024-04-14;domingo;08:30:00;SP;381.0;36;ATIBAIA;Manobra de mudança de faixa;Colisão traseira;Com Vítimas Feridas;Pleno dia;Decrescente;Céu Claro;Dupla;Reta;Não;2;0;0;1;0;1;1;2;-23,09731913;-46,57132387;SPRF-SP;DEL03-SP;UOP01-DEL03-SP;false
596550.0;2024-04-26;sexta-feira;18:20:00;SP;116.0;163,8;JACAREI;Reação tardia ou ineficiente do condutor;Colisão lateral mesmo sentido;Com Vítimas Feridas;Plena Noite;Decrescente;Céu Claro;Dupla;Reta;Não;3;0;1;0;1;1;1;3;-23,28649584;-45,9919851;SPRF-SP;DEL02-SP;UOP01-DEL02-SP;false
596582.0;2024-04-26;sexta-feira;19:55:00;SP;116.0;347;MIRACATU;Problema com o freio;Colisão traseira;Com Vítimas Feridas;Plena Noite;Crescente;Nublado;Múltipla;"Curva;Declive";Não;4;0;2;0;1;1;2;3;-24,05155872;-47,2025013;SPRF-SP;DEL04-SP;UOP03-DEL04-SP;false
596598.0;2024-04-26;sexta-feira;20:45:00;SP;153.0;49,3;SAO JOSE DO RIO PRETO;Ingestão de álcool pelo condutor;Colisão traseira;Sem Vítimas;Plena Noite;Decrescente;Céu Claro;Simples;Reta;Não;2;0;0;0;2;0;0;2;-20,70000401;-49,33945823;SPRF-SP;DEL09-SP;UOP01-DEL09-SP;false
596602.0;2024-04-18;quinta-feira;22:00:00;SP;116.0;514;CAJATI;Reação tardia ou ineficiente do condutor;Colisão traseira;Com Vítimas Feridas;Plena Noite;Decrescente;Céu Claro;Simples;"Declive;Curva";Não;5;0;1;2;1;4;3;7;-24,85874304;-48,21731282;SPRF-SP;DEL05-SP;UOP02-DEL05-SP;false
596609.0;2024-04-26;sexta-feira;22:20:00;SP;116.0;131;CACAPAVA;Animais na Pista;Atropelamento de Animal;Com Vítimas Feridas;Plena Noite;Crescente;Céu Claro;Dupla;Reta;Não;10;0;4;0;5;1;4;4;-23,12742083;-45,73636609;SPRF-SP;DEL02-SP;UOP02-DEL02-SP;false
596673.0;2024-04-27;sábado;06:00:00;SP;116.0;93;PINDAMONHANGABA;Ausência de reação do condutor;Colisão traseira;Com Vítimas Feridas;Amanhecer;Crescente;Céu Claro;Dupla;Reta;Não;3;0;1;0;1;3;1;5;-22,95653207;-45,41300297;SPRF-SP;DEL08-SP;UOP01-DEL08-SP;false
596728.0;2024-04-27;sábado;08:50:00;SP;116.0;43,6;CANAS;Ausência de reação do condutor;Colisão traseira;Com Vítimas Feridas;Pleno dia;Crescente;Céu Claro;Dupla;Reta;Não;3;0;0;1;1;1;1;3;-22,6973511;-45,03013594;SPRF-SP;DEL08-SP;UOP02-DEL08-SP;false
596883.0;2024-04-28;domingo;05:45:00;SP;116.0;47,3;CANAS;Condutor Dormindo;Saída de leito carroçável;Com Vítimas Feridas;Amanhecer;Decrescente;Céu Claro;Dupla;Reta;Não;1;0;1;0;0;0;1;1;-22,71946606;-45,06109596;SPRF-SP;DEL08-SP;UOP02-DEL08-SP;false
596913.0;2024-04-28;domingo;07:40:00;SP;116.0;169;JACAREI;Carga excessiva e/ou mal acondicionada;Derramamento de carga;Sem Vítimas;Pleno dia;Crescente;Céu Claro;Dupla;"Curva;Declive";Não;2;0;0;0;1;1;0;2;-23,307652;-46,045128;SPRF-SP;DEL02-SP;UOP01-DEL02-SP;false
596918.0;2024-04-28;domingo;10:45:00;SP;116.0;104,7;TAUBATE;Manobra de mudança de faixa;Colisão lateral mesmo sentido;Com Vítimas Feridas;Pleno dia;Decrescente;Céu Claro;Dupla;Reta;Não;6;0;1;0;4;1;1;6;-23,00340176;-45,50626912;SPRF-SP;DEL02-SP;UOP02-DEL02-SP;false
597201.0;2024-04-29;segunda-feira;11:50:00;SP;381.0;14;VARGEM;Manobra de mudança de faixa;Colisão traseira;Com Vítimas Feridas;Pleno dia;Decrescente;Céu Claro;Dupla;Reta;Não;4;0;1;0;2;2;1;5;-22,94112083;-46,47449533;SPRF-SP;DEL03-SP;UOP02-DEL03-SP;false
597220.0;2024-04-29;segunda-feira;12:00:00;SP;116.0;197;ARUJA;Condutor deixou de manter distância do veículo da frente;Colisão traseira;Com Vítimas Feridas;Pleno dia;Crescente;Céu Claro;Dupla;"Aclive;Curva";Não;2;0;1;0;1;0;1;2;-23,39721625;-46,29284287;SPRF-SP;DEL01-SP;UOP01-DEL01-SP;false
597234.0;2024-04-29;segunda-feira;15:10:00;SP;116.0;542;BARRA DO TURVO;Reação tardia ou ineficiente do condutor;Colisão com objeto;Com Vítimas Feridas;Pleno dia;Crescente;Céu Claro;Dupla;Reta;Não;1;0;1;0;0;0;1;1;-24,96898395;-48,40753695;SPRF-SP;DEL05-SP;UOP02-DEL05-SP;false
597309.0;2024-04-29;segunda-feira;20:00:00;SP;116.0;221;GUARULHOS;Velocidade Incompatível;Colisão traseira;Com Vítimas Feridas;Plena Noite;Crescente;Nevoeiro/Neblina;Múltipla;Reta;Sim;4;0;3;0;0;1;3;3;-23,46741916;-46,50655389;SPRF-SP;DEL01-SP;UOP01-DEL01-SP;false
597345.0;2024-04-30;terça-feira;04:00:00;SP;116.0;216,1;GUARULHOS;Manobra de mudança de faixa;Colisão lateral mesmo sentido;Com Vítimas Feridas;Plena Noite;Decrescente;Céu Claro;Múltipla;Reta;Sim;4;0;1;1;1;1;2;4;-23,45100957;-46,46419471;SPRF-SP;DEL01-SP;UOP01-DEL01-SP;false
597355.0;2024-04-30;terça-feira;05:00:00;SP;116.0;221;GUARULHOS;Acessar a via sem observar a presença dos outros veículos;Colisão traseira;Com Vítimas Feridas;Amanhecer;Crescente;Nevoeiro/Neblina;Múltipla;Reta;Sim;4;0;2;0;1;1;2;4;-23,46802395;-46,50704901;SPRF-SP;DEL01-SP;UOP01-DEL01-SP;false
597364.0;2024-04-30;terça-feira;06:00:00;SP;116.0;175;GUARAREMA;Acessar a via sem observar a presença dos outros veículos;Atropelamento de Pedestre;Sem Vítimas;Pleno dia;Crescente;Céu Claro;Múltipla;Reta;Sim;2;0;0;0;1;1;0;2;-23,32173972;-46,100353;SPRF-SP;DEL02-SP;UOP01-DEL02-SP;false
597370.0;2024-04-30;terça-feira;07:27:00;SP;116.0;145;SAO JOSE DOS CAMPOS;Reação tardia ou ineficiente do condutor;Colisão traseira;Com Vítimas Feridas;Pleno dia;Crescente;Céu Claro;Dupla;"Reta;Aclive";Sim;3;0;1;0;2;0;1;2;-23,1869844;-45,8548078;SPRF-SP;DEL02-SP;UOP01-DEL02-SP;false
597391.0;2024-04-30;terça-feira;09:45:00;SP;381.0;33;ATIBAIA;Reação tardia ou ineficiente do condutor;Colisão transversal;Com Vítimas Feridas;Pleno dia;Crescente;Céu Claro;Dupla;"Curva;Declive";Sim;3;0;1;0;2;0;1;3;-23,0728028;-46,56673562;SPRF-SP;DEL03-SP;UOP02-DEL03-SP;false