id;data_inversa;dia_semana;horario;uf;br;km;municipio;causa_acidente;tipo_acidente;classificacao_acidente;fase_dia;sentido_via;condicao_metereologica;tipo_pista;tracado_via;uso_solo;pessoas;mortos;feridos_leves;feridos_graves;ilesos;ignorados;feridos;veiculos;latitude;longitude;regional;delegacia;uop;feriado
597448.0;2024-03-26;terça-feira;01:10:00;SP;116.0;28,9;CRUZEIRO;Reação tardia ou ineficiente do condutor;Colisão traseira;Com Vítimas Feridas;Plena Noite;Decrescente;Garoa/Chuvisco;Dupla;"Reta;Declive";Não;3;0;1;0;1;1;1;2;-22,62492006;-44,91571997;SPRF-SP;DEL08-SP;UOP02-DEL08-SP;false
597519.0;2024-04-30;terça-feira;20:30:00;SP;153.0;99,8;JOSE BONIFACIO;Sinalização mal posicionada;Tombamento;Com Vítimas Feridas;Plena Noite;Decrescente;Céu Claro;Simples;"Curva;Declive";Não;2;0;0;1;0;1;1;2;-21,00415374;-49,63202477;SPRF-SP;DEL09-SP;UOP01-DEL09-SP;false
597536.0;2024-04-30;terça-feira;22:30:00;SP;116.0;509;CAJATI;Reação tardia ou ineficiente do condutor;Saída de leito carroçável;Com Vítimas Feridas;Plena Noite;Crescente;Nevoeiro/Neblina;Dupla;Curva;Não;2;0;0;1;0;1;1;2;-24,82178987;-48,21419034;SPRF-SP;DEL05-SP;UOP02-DEL05-SP;false
597563.0;2024-05-01;quarta-feira;05:10:00;SP;116.0;30,1;CRUZEIRO;Reação tardia ou ineficiente do condutor;Colisão traseira;Com Vítimas Feridas;Plena Noite;Crescente;Nublado;Dupla;Aclive;Não;5;0;2;1;1;1;3;3;-22,63400287;-44,93203106;SPRF-SP;DEL08-SP;UOP02-DEL08-SP;true
597671.0;2024-05-01;quarta-feira;19:00:00;SP;116.0;146,8;SAO JOSE DOS CAMPOS;Condutor deixou de manter distância do veículo da frente;Engavetamento;Com Vítimas Feridas;Plena Noite;Crescente;Céu Claro;Múltipla;Reta;Não;4;0;1;0;3;0;1;3;-23,19122919;-45,86327591;SPRF-SP;DEL02-SP;UOP01-DEL02-SP;true
597914.0;2024-05-03;sexta-feira;02:15:00;SP;116.0;80,4;ROSEIRA;Ausência de reação do condutor;Colisão traseira;Com Vítimas Feridas;Plena Noite;Crescente;Céu Claro;Dupla;Reta;Não;3;0;1;0;2;0;1;3;-22,89958454;-45,30245564;SPRF-SP;DEL08-SP;UOP01-DEL08-SP;false
597981.0;2024-05-03;sexta-feira;09:50:00;SP;116.0;358;MIRACATU;Demais falhas mecânicas ou elétricas;Incêndio;Sem Vítimas;Pleno dia;Decrescente;Céu Claro;Simples;"Curva;Aclive";Não;2;0;0;0;1;1;0;2;-24,10289207;-47,25984898;SPRF-SP;DEL04-SP;UOP03-DEL04-SP;false
597988.0;2024-05-03;sexta-feira;11:35:00;SP;116.0;510;CAJATI;Ausência de reação do condutor;Colisão traseira;Com Vítimas Fatais;Pleno dia;Crescente;Céu Claro;Dupla;Reta;Não;3;1;0;0;1;3;0;5;-24,82768986;-48,21855823;SPRF-SP;DEL05-SP;UOP02-DEL05-SP;false
598015.0;2024-03-20;quarta-feira;20:00:00;SP;116.0;282;EMBU DAS ARTES;Acessar a via sem observar a presença dos outros veículos;Colisão lateral mesmo sentido;Com Vítimas Feridas;Plena Noite;Crescente;Nublado;Dupla;Reta;Sim;3;0;1;0;2;0;1;2;-23,68570216;-46,85970975;SPRF-SP;DEL04-SP;UOP01-DEL04-SP;false
598048.0;2024-05-03;sexta-feira;17:00:00;SP;116.0;558;BARRA DO TURVO;Ausência de reação do condutor;Colisão traseira;Com Vítimas Feridas;Pleno dia;Crescente;Céu Claro;Dupla;Reta;Não;4;0;2;0;1;1;2;3;-24,999136;-48,508858;SPRF-SP;DEL05-SP;UOP02-DEL05-SP;false
598119.0;2024-05-03;sexta-feira;23:30:00;SP;116.0;276,3;EMBU DAS ARTES;Ausência de reação do condutor;Engavetamento;Com Vítimas Feridas;Plena Noite;Decrescente;Céu Claro;Dupla;Reta;Sim;3;0;1;0;2;0;1;3;-23,64262417;-46,83811382;SPRF-SP;DEL04-SP;UOP01-DEL04-SP;false
598178.0;2024-05-04;sábado;06:15:00;SP;116.0;99;PINDAMONHANGABA;Ausência de reação do condutor;Colisão traseira;Com Vítimas Feridas;Pleno dia;Decrescente;Sol;Dupla;Reta;Não;2;0;1;0;1;0;1;2;-22,98236971;-45,46436617;SPRF-SP;DEL08-SP;UOP01-DEL08-SP;false
598264.0;2024-05-04;sábado;16:25:00;SP;116.0;359;MIRACATU;Velocidade Incompatível;Colisão com objeto;Com Vítimas Feridas;Pleno dia;Crescente;Céu Claro;Dupla;Curva;Não;2;0;1;0;1;0;1;1;-24,10862227;-47,26589989;SPRF-SP;DEL04-SP;UOP03-DEL04-SP;false
598524.0;2024-05-05;domingo;18:00:00;SP;116.0;101,6;PINDAMONHANGABA;Demais falhas mecânicas ou elétricas;Colisão lateral mesmo sentido;Com Vítimas Feridas;Plena Noite;Decrescente;Céu Claro;Múltipla;"Reta;Aclive";Não;4;0;0;1;2;1;1;3;-22,99074204;-45,48115098;SPRF-SP;DEL08-SP;UOP01-DEL08-SP;false
598756.0;2024-05-07;terça-feira;03:40:00;SP;116.0;514;CAJATI;Demais falhas mecânicas ou elétricas;Incêndio;Sem Vítimas;Amanhecer;Crescente;Céu Claro;Simples;Reta;Não;2;0;0;0;1;1;0;2;-24,8622468;-48,21824312;SPRF-SP;DEL05-SP;UOP02-DEL05-SP;false
598766.0;2024-05-06;segunda-feira;20:00:00;SP;116.0;199;ARUJA;Reação tardia ou ineficiente do condutor;Colisão traseira;Sem Vítimas;Plena Noite;Crescente;Céu Claro;Múltipla;"Reta;Aclive";Sim;2;0;0;0;2;0;0;2;-23,40185327;-46,31154312;SPRF-SP;DEL01-SP;UOP01-DEL01-SP;false
598769.0;2024-05-07;terça-feira;06:25:00;SP;153.0;14,7;NOVA GRANADA;Condutor deixou de manter distância do veículo da frente;Colisão traseira;Com Vítimas Feridas;Pleno dia;Decrescente;Céu Claro;Simples;"Ponte;Reta";Não;3;0;2;0;1;0;2;2;-20,4189259;-49,26722717;SPRF-SP;DEL09-SP;UOP01-DEL09-SP;false
598945.0;2024-05-07;terça-feira;19:50:00;SP;381.0;75;SAO PAULO;Reação tardia ou ineficiente do condutor;Tombamento;Com Vítimas Feridas;Plena Noite;Decrescente;Céu Claro;Dupla;"Curva;Declive";Não;3;0;2;0;0;1;2;2;-23,37660089;-46,56409613;SPRF-SP;DEL03-SP;UOP01-DEL03-SP;false
598964.0;2024-05-08;quarta-feira;04:20:00;SP;116.0;471,2;JACUPIRANGA;Ausência de reação do condutor;Saída de leito carroçável;Com Vítimas Feridas;Plena Noite;Decrescente;Céu Claro;Dupla;Reta;Não;2;0;1;0;0;1;1;2;-24,65864797;-47,96724403;SPRF-SP;DEL05-SP;UOP01-DEL05-SP;false
599174.0;2024-05-08;quarta-feira;23:20:00;SP;381.0;74;SAO PAULO;Frear bruscamente;Tombamento;Com Vítimas Feridas;Plena Noite;Decrescente;Céu Claro;Múltipla;"Curva;Aclive";Não;2;0;1;0;0;1;1;2;-23,37208014;-46,55700294;SPRF-SP;DEL03-SP;UOP01-DEL03-SP;false
599197.0;2024-05-09;quinta-feira;06:15:00;SP;153.0;67,6;SAO JOSE DO RIO PRETO;Condutor Dormindo;Saída de leito carroçável;Com Vítimas Feridas;Amanhecer;Crescente;Céu Claro;Dupla;Reta;Sim;2;0;1;0;0;1;1;2;-20,85053035;-49,38755751;SPRF-SP;DEL09-SP;UOP01-DEL09-SP;false
599202.0;2024-05-09;quinta-feira;07:00:00;SP;116.0;160,6;JACAREI;Reação tardia ou ineficiente do condutor;Colisão lateral mesmo sentido;Com Vítimas Feridas;Pleno dia;Decrescente;Sol;Dupla;Reta;Sim;4;0;1;1;1;1;2;3;-23,26586112;-45,95968593;SPRF-SP;DEL02-SP;UOP01-DEL02-SP;false
599253.0;2024-02-15;quinta-feira;07:23:00;SP;116.0;74,5;APARECIDA;Acumulo de água sobre o pavimento;Colisão lateral mesmo sentido;Com Vítimas Feridas;Pleno dia;Decrescente;Chuva;Dupla;Aclive;Sim;3;0;1;0;1;1;1;3;-22,87353809;-45,25320023;SPRF-SP;DEL08-SP;UOP01-DEL08-SP;false
599360.0;2024-05-09;quinta-feira;21:00:00;SP;116.0;292;ITAPECERICA DA SERRA;Acessar a via sem observar a presença dos outros veículos;Atropelamento de Pedestre;Com Vítimas Fatais;Plena Noite;Crescente;Céu Claro;Dupla;Reta;Não;2;1;0;0;1;0;0;2;-23,73689303;-46,89647382;SPRF-SP;DEL04-SP;UOP01-DEL04-SP;false
599361.0;2024-05-09;quinta-feira;19:45:00;SP;116.0;347;MIRACATU;Demais falhas mecânicas ou elétricas;Incêndio;Sem Vítimas;Plena Noite;Decrescente;Chuva;Dupla;"Aclive;Curva";Não;2;0;0;0;1;1;0;2;-24,04699491;-47,19706111;SPRF-SP;DEL04-SP;UOP03-DEL04-SP;false
599419.0;2024-05-10;sexta-feira;07:30:00;SP;116.0;225;GUARULHOS;Ausência de reação do condutor;Colisão traseira;Com Vítimas Feridas;Pleno dia;Decrescente;Céu Claro;Múltipla;Reta;Sim;3;0;2;0;1;0;2;2;-23,48586772;-46,54075317;SPRF-SP;DEL01-SP;UOP01-DEL01-SP;false
599448.0;2024-05-10;sexta-feira;09:20:00;SP;116.0;24,7;LAVRINHAS;Reação tardia ou ineficiente do condutor;Colisão traseira;Com Vítimas Feridas;Pleno dia;Crescente;Céu Claro;Dupla;"Aclive;Reta";Não;4;0;2;0;2;0;2;2;-22,59895814;-44,88797962;SPRF-SP;DEL08-SP;UOP02-DEL08-SP;false
599449.0;2024-05-10;sexta-feira;08:15:00;SP;116.0;360;MIRACATU;Velocidade Incompatível;Tombamento;Com Vítimas Feridas;Pleno dia;Decrescente;Céu Claro;Dupla;Curva;Não;2;0;1;0;0;1;1;2;-24,11296341;-47,26890183;SPRF-SP;DEL04-SP;UOP03-DEL04-SP;false
599460.0;2024-05-10;sexta-feira;10:21:00;SP;116.0;277;EMBU DAS ARTES;Demais falhas mecânicas ou elétricas;Colisão lateral mesmo sentido;Com Vítimas Feridas;Pleno dia;Decrescente;Céu Claro;Múltipla;Reta;Não;2;0;1;0;1;0;1;2;-23,64870535;-46,84395469;SPRF-SP;DEL04-SP;UOP01-DEL04-SP;false
599464.0;2024-05-10;sexta-feira;11:00:00;SP;116.0;213;GUARULHOS;Demais falhas mecânicas ou elétricas;Colisão com objeto;Com Vítimas Feridas;Pleno dia;Crescente;Céu Claro;Múltipla;Reta;Sim;1;0;1;0;0;0;1;1;-23,43971486;-46,43667806;SPRF-SP;DEL01-SP;UOP01-DEL01-SP;false
599490.0;2024-04-09;terça-feira;21:28:00;SP;116.0;230;SAO PAULO;Reação tardia ou ineficiente do condutor;Engavetamento;Com Vítimas Fatais;Plena Noite;Crescente;Céu Claro;Múltipla;Reta;Sim;5;1;0;1;3;0;1;4;-23,52251783;-46,5855702;SPRF-SP;DEL01-SP;UOP01-DEL01-SP;false
599657.0;2024-05-11;sábado;02:40:00;SP;116.0;325,8;JUQUITIBA;Pedestre andava na pista;Atropelamento de Pedestre;Com Vítimas Fatais;Plena Noite;Decrescente;Céu Claro;Dupla;Reta;Sim;2;1;0;0;0;1;0;2;-23,94085262;-47,05337099;SPRF-SP;DEL04-SP;UOP03-DEL04-SP;false
599676.0;2024-05-11;sábado;06:30:00;SP;116.0;210;GUARULHOS;Ausência de reação do condutor;Colisão traseira;Com Vítimas Feridas;Pleno dia;Crescente;Céu Claro;Múltipla;Aclive;Não;3;0;1;0;2;0;1;2;-23,42870023;-46,41085991;SPRF-SP;DEL01-SP;UOP01-DEL01-SP;false
599748.0;2024-05-11;sábado;09:45:00;SP;116.0;22,1;LAVRINHAS;Velocidade Incompatível;Tombamento;Com Vítimas Feridas;Pleno dia;Decrescente;Céu Claro;Dupla;Curva;Não;2;0;1;0;0;1;1;2;-22,58368521;-44,87772952;SPRF-SP;DEL08-SP;UOP02-DEL08-SP;false
600061.0;2024-05-12;domingo;17:30:00;SP;116.0;380;MIRACATU;Condutor Dormindo;Saída de leito carroçável;Com Vítimas Feridas;Anoitecer;Crescente;Céu Claro;Dupla;Reta;Não;3;0;1;0;1;1;1;2;-24,21753686;-47,36651776;SPRF-SP;DEL04-SP;UOP02-DEL04-SP;false
600112.0;2024-05-12;domingo;20:30:00;SP;116.0;515;CAJATI;Reação tardia ou ineficiente do condutor;Tombamento;Com Vítimas Feridas;Plena Noite;Decrescente;Céu Claro;Dupla;Curva;Não;1;0;1;0;0;0;1;1;-24,86704083;-48,21738184;SPRF-SP;DEL05-SP;UOP02-DEL05-SP;false
600114.0;2024-05-12;domingo;20:40:00;SP;116.0;516;CAJATI;Reação tardia ou ineficiente do condutor;Colisão lateral mesmo sentido;Com Vítimas Feridas;Plena Noite;Decrescente;Céu Claro;Simples;"Declive;Curva";Não;5;0;1;0;3;4;1;8;-24,87423036;-48,2190838;SPRF-SP;DEL05-SP;UOP02-DEL05-SP;false
600136.0;2024-05-13;segunda-feira;00:30:00;SP;116.0;311;SAO LOURENCO DA SERRA;Condutor Dormindo;Saída de leito carroçável;Com Vítimas Feridas;Plena Noite;Decrescente;Céu Claro;Dupla;"Curva;Aclive";Sim;1;0;1;0;0;0;1;1;-23,87725502;-46,96775798;SPRF-SP;DEL04-SP;UOP01-DEL04-SP;false
600291.0;2024-05-13;segunda-feira;15:50:00;SP;116.0;511;CAJATI;Reação tardia ou ineficiente do condutor;Tombamento;Com Vítimas Feridas;Pleno dia;Decrescente;Céu Claro;Simples;"Curva;Declive";Não;2;0;1;0;0;1;1;2;-24,83558399;-48,2223738;SPRF-SP;DEL05-SP;UOP02-DEL05-SP;false
600308.0;2024-05-13;segunda-feira;17:25:00;SP;381.0;86;SAO PAULO;Ausência de reação do condutor;Colisão com objeto;Com Vítimas Feridas;Anoitecer;Crescente;Céu Claro;Múltipla;Reta;Sim;3;0;1;0;1;1;1;3;-23,45930499;-46,57161179;SPRF-SP;DEL03-SP;UOP01-DEL03-SP;false
600378.0;2024-05-14;terça-feira;00:30:00;SP;116.0;545;BARRA DO TURVO;Reação tardia ou ineficiente do condutor;Colisão com objeto;Com Vítimas Feridas;Plena Noite;Crescente;Garoa/Chuvisco;Simples;"Curva;Declive";Não;2;0;1;0;0;2;1;3;-24,95016699;-48,42400302;SPRF-SP;DEL05-SP;UOP02-DEL05-SP;false
600480.0;2024-05-14;terça-feira;13:20:00;SP;153.0;150;PROMISSAO;Acessar a via sem observar a presença dos outros veículos;Colisão transversal;Sem Vítimas;Pleno dia;Decrescente;Céu Claro;Simples;"Reta;Interseção de Vias";Não;3;0;0;0;3;0;0;2;-21,41741598;-49,78723082;SPRF-SP;DEL07-SP;UOP01-DEL07-SP;false
600492.0;2024-05-14;terça-feira;13:20:00;SP;153.0;285;OCAUCU;Mal súbito do condutor;Saída de leito carroçável;Com Vítimas Feridas;Pleno dia;Crescente;Céu Claro;Simples;Reta;Não;2;0;0;1;0;1;1;2;-22,45381704;-49,86982698;SPRF-SP;DEL07-SP;UOP02-DEL07-SP;false
600498.0;2024-05-14;terça-feira;16:15:00;SP;116.0;133;CACAPAVA;Reação tardia ou ineficiente do condutor;Colisão lateral mesmo sentido;Com Vítimas Feridas;Pleno dia;Decrescente;Céu Claro;Dupla;Reta;Não;3;0;0;1;2;0;1;3;-23,1359564;-45,7532708;SPRF-SP;DEL02-SP;UOP02-DEL02-SP;false
600559.0;2024-05-14;terça-feira;20:45:00;SP;381.0;18;BRAGANCA PAULISTA;Ausência de reação do condutor;Colisão com objeto;Com Vítimas Feridas;Plena Noite;Decrescente;Céu Claro;Múltipla;"Reta;Aclive";Não;2;0;1;0;0;1;1;2;-22,9746091;-46,48838277;SPRF-SP;DEL03-SP;UOP02-DEL03-SP;false
600561.0;2024-05-14;terça-feira;20:00:00;SP;116.0;290;ITAPECERICA DA SERRA;Manobra de mudança de faixa;Colisão lateral mesmo sentido;Sem Vítimas;Plena Noite;Crescente;Céu Claro;Dupla;Curva;Sim;3;0;0;0;2;1;0;3;-23,7303281;-46,89425963;SPRF-SP;DEL04-SP;UOP01-DEL04-SP;false
600575.0;2024-05-14;terça-feira;22:30:00;SP;381.0;19;BRAGANCA PAULISTA;Condutor deixou de manter distância do veículo da frente;Colisão traseira;Com Vítimas Feridas;Plena Noite;Decrescente;Céu Claro;Dupla;Reta;Não;6;0;0;1;5;0;1;6;-22,98125485;-46,49450306;SPRF-SP;DEL03-SP;UOP02-DEL03-SP;false
600578.0;2024-05-14;terça-feira;23:44:00;SP;116.0;145,2;SAO JOSE DOS CAMPOS;Manobra de mudança de faixa;Colisão transversal;Sem Vítimas;Plena Noite;Decrescente;Céu Claro;Dupla;Reta;Não;3;0;0;0;2;1;0;3;-23,1869844;-45,8548078;SPRF-SP;DEL02-SP;UOP01-DEL02-SP;false
600627.0;2024-05-15;quarta-feira;08:50:00;SP;153.0;41,6;ONDA VERDE;Manobra de mudança de faixa;Colisão frontal;Com Vítimas Feridas;Pleno dia;Decrescente;Sol;Simples;"Reta;Declive";Não;2;0;0;1;1;0;1;2;-20,63503334;-49,337883;SPRF-SP;DEL09-SP;UOP01-DEL09-SP;false
600641.0;2024-05-15;quarta-feira;09:00:00;SP;116.0;161,5;JACAREI;Velocidade Incompatível;Colisão traseira;Com Vítimas Feridas;Pleno dia;Decrescente;Nublado;Dupla;Reta;Sim;3;0;0;1;1;1;1;3;-23,27617003;-45,97592098;SPRF-SP;DEL02-SP;UOP01-DEL02-SP;false
600698.0;2024-05-15;quarta-feira;15:10:00;SP;116.0;301,8;SAO LOURENCO DA SERRA;Carga excessiva e/ou mal acondicionada;Tombamento;Com Vítimas Feridas;Pleno dia;Crescente;Nublado;Dupla;Curva;Não;2;0;1;0;0;1;1;2;-23,81147602;-46,92298208;SPRF-SP;DEL04-SP;UOP01-DEL04-SP;false
600800.0;2024-05-16;quinta-feira;01:41:00;SP;116.0;513;CAJATI;Reação tardia ou ineficiente do condutor;Tombamento;Com Vítimas Feridas;Plena Noite;Decrescente;Céu Claro;Dupla;"Curva;Declive";Não;1;0;1;0;0;0;1;1;-24,85109616;-48,21802405;SPRF-SP;DEL05-SP;UOP02-DEL05-SP;false
600806.0;2024-05-16;quinta-feira;06:20:00;SP;116.0;161;JACAREI;Reação tardia ou ineficiente do condutor;Colisão traseira;Com Vítimas Feridas;Pleno dia;Decrescente;Céu Claro;Dupla;Reta;Sim;4;0;0;1;3;0;1;3;-23,27617003;-45,97592098;SPRF-SP;DEL02-SP;UOP01-DEL02-SP;false
600843.0;2024-05-16;quinta-feira;08:00:00;SP;116.0;225;GUARULHOS;Reação tardia ou ineficiente do condutor;Colisão traseira;Com Vítimas Feridas;Pleno dia;Crescente;Céu Claro;Múltipla;"Reta;Em Obras";Sim;2;0;1;0;1;0;1;2;-23,493013;-46,552721;SPRF-SP;DEL01-SP;UOP01-DEL01-SP;false
600904.0;2024-05-16;quinta-feira;16:30:00;SP;153.0;287;OCAUCU;Acessar a via sem observar a presença dos outros veículos;Colisão transversal;Sem Vítimas;Pleno dia;Decrescente;Sol;Simples;Reta;Não;2;0;0;0;2;0;0;2;-22,46683224;-49,88292673;SPRF-SP;DEL07-SP;UOP02-DEL07-SP;false
600906.0;2024-05-16;quinta-feira;17:25:00;SP;116.0;285;ITAPECERICA DA SERRA;Ausência de reação do condutor;Tombamento;Com Vítimas Feridas;Anoitecer;Decrescente;Céu Claro;Dupla;Interseção de Vias;Sim;1;0;1;0;0;0;1;1;-23,70407794;-46,87249709;SPRF-SP;DEL04-SP;UOP01-DEL04-SP;false
600957.0;2024-05-16;quinta-feira;20:40:00;SP;381.0;85;SAO PAULO;Entrada inopinada do pedestre;Atropelamento de Pedestre;Com Vítimas Fatais;Plena Noite;Decrescente;Céu Claro;Múltipla;"Aclive;Viaduto;Reta";Sim;2;1;0;0;0;1;0;2;-23,449343;-46,56983501;SPRF-SP;DEL03-SP;UOP01-DEL03-SP;false
600986.0;2024-05-17;sexta-feira;05:30:00;SP;116.0;306;SAO LOURENCO DA SERRA;Ausência de reação do condutor;Colisão lateral mesmo sentido;Com Vítimas Feridas;Amanhecer;Decrescente;Céu Claro;Dupla;Reta;Sim;10;0;5;2;2;1;7;2;-23,8486091;-46,93801566;SPRF-SP;DEL04-SP;UOP01-DEL04-SP;false
601026.0;2024-05-17;sexta-feira;09:00:00;SP;153.0;72;SAO JOSE DO RIO PRETO;Ultrapassagem Indevida;Colisão lateral mesmo sentido;Com Vítimas Feridas;Pleno dia;Decrescente;Céu Claro;Dupla;Interseção de Vias;Sim;3;0;1;0;1;3;1;5;-20,86715501;-49,41334398;SPRF-SP;DEL09-SP;UOP01-DEL09-SP;false
601062.0;2024-05-17;sexta-feira;12:00:00;SP;116.0;511;CAJATI;Reação tardia ou ineficiente do condutor;Colisão traseira;Com Vítimas Feridas;Pleno dia;Decrescente;Céu Claro;Simples;"Curva;Declive";Não;4;0;1;1;1;1;2;4;-24,83558399;-48,2223738;SPRF-SP;DEL05-SP;UOP02-DEL05-SP;false
601242.0;2024-05-18;sábado;06:05:00;SP;116.0;144,9;SAO JOSE DOS CAMPOS;Ausência de reação do condutor;Colisão traseira;Com Vítimas Feridas;Amanhecer;Decrescente;Céu Claro;Múltipla;Reta;Sim;2;0;0;1;0;1;1;2;-23,1869844;-45,8548078;SPRF-SP;DEL02-SP;UOP01-DEL02-SP;false
601268.0;2024-05-18;sábado;07:50:00;SP;116.0;202;ARUJA;Reação tardia ou ineficiente do condutor;Colisão lateral mesmo sentido;Com Vítimas Feridas;Amanhecer;Decrescente;Céu Claro;Dupla;Reta;Não;2;0;1;0;1;0;1;2;-23,40809408;-46,33859597;SPRF-SP;DEL01-SP;UOP01-DEL01-SP;false
601292.0;2024-05-18;sábado;09:05:00;SP;116.0;112;TAUBATE;Condutor deixou de manter distância do veículo da frente;Colisão traseira;Com Vítimas Feridas;Pleno dia;Crescente;Céu Claro;Dupla;Reta;Sim;3;0;0;2;1;0;2;2;-23,04159343;-45,57065616;SPRF-SP;DEL02-SP;UOP02-DEL02-SP;false
601305.0;2024-05-18;sábado;11:00:00;SP;116.0;521;CAJATI;Ausência de reação do condutor;Saída de leito carroçável;Com Vítimas Feridas;Pleno dia;Crescente;Garoa/Chuvisco;Dupla;Curva;Não;2;0;1;0;0;1;1;2;-24,8997218;-48,24745938;SPRF-SP;DEL05-SP;UOP02-DEL05-SP;false
601350.0;2024-05-18;sábado;13:18:00;SP;116.0;127;CACAPAVA;Acessar a via sem observar a presença dos outros veículos;Colisão lateral mesmo sentido;Com Vítimas Feridas;Pleno dia;Crescente;Céu Claro;Múltipla;"Reta;Interseção de Vias";Não;3;0;1;0;1;1;1;3;-23,10991026;-45,70246044;SPRF-SP;DEL02-SP;UOP02-DEL02-SP;false
601417.0;2024-05-18;sábado;20:10:00;SP;116.0;347;MIRACATU;Chuva;Saída de leito carroçável;Com Vítimas Feridas;Plena Noite;Crescente;Chuva;Dupla;Curva;Não;2;0;1;0;1;0;1;1;-24,04699491;-47,19706111;SPRF-SP;DEL04-SP;UOP03-DEL04-SP;false
601471.0;2024-05-19;domingo;01:15:00;SP;116.0;104;TAUBATE;Reação tardia ou ineficiente do condutor;Colisão traseira;Com Vítimas Feridas;Plena Noite;Decrescente;Céu Claro;Dupla;Reta;Não;3;0;1;0;1;1;1;2;-23,00340176;-45,50626912;SPRF-SP;DEL02-SP;UOP02-DEL02-SP;false
601562.0;2024-05-19;domingo;10:45:00;SP;116.0;122,7;CACAPAVA;Manobra de mudança de faixa;Colisão lateral mesmo sentido;Com Vítimas Feridas;Pleno dia;Decrescente;Sol;Dupla;"Reta;Aclive";Não;5;0;1;0;3;1;1;4;-23,08187757;-45,66158663;SPRF-SP;DEL02-SP;UOP02-DEL02-SP;false
601625.0;2024-05-19;domingo;16:44:00;SP;459.0;31,7;LORENA;Transitar na contramão;Colisão frontal;Com Vítimas Feridas;Pleno dia;Crescente;Nublado;Simples;Reta;Sim;4;0;2;0;1;1;2;3;-22,732813;-45,098679;SPRF-SP;DEL08-SP;UOP02-DEL08-SP;false
601747.0;2024-05-20;segunda-feira;07:15:00;SP;116.0;161;JACAREI;Manobra de mudança de faixa;Colisão lateral mesmo sentido;Com Vítimas Feridas;Pleno dia;Decrescente;Sol;Dupla;Reta;Sim;3;0;2;0;0;1;2;2;-23,27617003;-45,97592098;SPRF-SP;DEL02-SP;UOP01-DEL02-SP;false
601750.0;2024-05-20;segunda-feira;06:00:00;SP;116.0;231;SAO PAULO;Objeto estático sobre o leito carroçável;Colisão com objeto;Com Vítimas Feridas;Amanhecer;Crescente;Céu Claro;Múltipla;Reta;Sim;3;0;1;0;1;1;1;3;-23,525292;-46,587781;SPRF-SP;DEL01-SP;UOP01-DEL01-SP;false
601819.0;2024-05-20;segunda-feira;13:50:00;SP;381.0;84;SAO PAULO;Acessar a via sem observar a presença dos outros veículos;Colisão transversal;Com Vítimas Feridas;Pleno dia;Crescente;Céu Claro;Múltipla;Interseção de Vias;Não;2;0;1;0;1;0;1;2;-23,43937;-46,56807;SPRF-SP;DEL03-SP;UOP01-DEL03-SP;false
601932.0;2024-05-21;terça-feira;01:25:00;SP;116.0;477;JACUPIRANGA;Velocidade Incompatível;Colisão traseira;Com Vítimas Fatais;Plena Noite;Decrescente;Céu Claro;Dupla;Reta;Sim;3;1;0;0;1;2;0;4;-24,69842695;-48,00304804;SPRF-SP;DEL05-SP;UOP01-DEL05-SP;false
601933.0;2024-05-20;segunda-feira;21:00:00;SP;116.0;504;CAJATI;Problema com o freio;Incêndio;Sem Vítimas;Plena Noite;Decrescente;Céu Claro;Simples;"Reta;Aclive";Não;2;0;0;0;1;1;0;2;-24,78266496;-48,20865858;SPRF-SP;DEL05-SP;UOP02-DEL05-SP;false
601988.0;2024-01-31;quarta-feira;15:21:00;SP;116.0;291;ITAPECERICA DA SERRA;Condutor deixou de manter distância do veículo da frente;Engavetamento;Com Vítimas Feridas;Pleno dia;Decrescente;Chuva;Dupla;Reta;Sim;4;0;1;0;2;3;1;6;-23,73826593;-46,89672721;SPRF-SP;DEL04-SP;UOP01-DEL04-SP;false
602007.0;2024-02-02;sexta-feira;02:02:00;SP;116.0;558;BARRA DO TURVO;Reação tardia ou ineficiente do condutor;Colisão traseira;Com Vítimas Feridas;Plena Noite;Crescente;Céu Claro;Dupla;Reta;Não;4;0;1;0;2;1;1;4;-24,999136;-48,508858;SPRF-SP;DEL05-SP;UOP02-DEL05-SP;false
602226.0;2024-05-22;quarta-feira;13:20:00;SP;116.0;161;JACAREI;Reação tardia ou ineficiente do condutor;Colisão lateral mesmo sentido;Com Vítimas Feridas;Pleno dia;Decrescente;Sol;Dupla;Reta;Não;3;0;1;0;1;1;1;3;-23,27617003;-45,97592098;SPRF-SP;DEL02-SP;UOP01-DEL02-SP;false
602231.0;2024-05-22;quarta-feira;09:30:00;SP;116.0;513;CAJATI;Ausência de reação do condutor;Saída de leito carroçável;Com Vítimas Feridas;Pleno dia;Decrescente;Sol;Simples;"Curva;Declive";Não;2;0;1;0;0;1;1;2;-24,85109616;-48,21802405;SPRF-SP;DEL05-SP;UOP02-DEL05-SP;false
602236.0;2024-04-30;terça-feira;15:00:00;SP;116.0;132;CACAPAVA;Reação tardia ou ineficiente do condutor;Engavetamento;Com Vítimas Feridas;Pleno dia;Decrescente;Céu Claro;Dupla;Reta;Não;5;0;1;0;2;2;1;4;-23,13169757;-45,74481322;SPRF-SP;DEL02-SP;UOP02-DEL02-SP;false