id;data_inversa;dia_semana;horario;uf;br;km;municipio;causa_acidente;tipo_acidente;classificacao_acidente;fase_dia;sentido_via;condicao_metereologica;tipo_pista;tracado_via;uso_solo;pessoas;mortos;feridos_leves;feridos_graves;ilesos;ignorados;feridos;veiculos;latitude;longitude;regional;delegacia;uop;feriado
572658.0;2024-01-04;quinta-feira;21:38:00;SP;116.0;320;JUQUITIBA;Ultrapassagem Indevida;Saída de leito carroçável;Sem Vítimas;Plena Noite;Decrescente;Céu Claro;Dupla;Reta;Sim;1;0;0;0;1;0;0;1;-23,93226;-47,00835;SPRF-SP;DEL04-SP;UOP03-DEL04-SP;false
572664.0;2024-01-04;quinta-feira;23:00:00;SP;116.0;221;GUARULHOS;Pedestre andava na pista;Atropelamento de Pedestre;Com Vítimas Feridas;Plena Noite;Decrescente;Céu Claro;Múltipla;Reta;Não;2;0;0;1;1;0;1;2;-23,46802395;-46,50704901;SPRF-SP;DEL01-SP;UOP01-DEL01-SP;false
572675.0;2024-01-04;quinta-feira;23:50:00;SP;116.0;226,3;GUARULHOS;Reação tardia ou ineficiente do condutor;Colisão traseira;Com Vítimas Feridas;Plena Noite;Decrescente;Garoa/Chuvisco;Múltipla;Reta;Não;3;0;1;0;2;0;1;3;-23,49102507;-46,54878195;SPRF-SP;DEL01-SP;UOP01-DEL01-SP;false
572713.0;2024-01-05;sexta-feira;09:00:00;SP;116.0;306;SAO LOURENCO DA SERRA;Reação tardia ou ineficiente do condutor;Tombamento;Com Vítimas Feridas;Pleno dia;Decrescente;Céu Claro;Múltipla;"Reta;Aclive";Sim;1;0;1;0;0;0;1;1;-23,8486091;-46,93801566;SPRF-SP;DEL04-SP;UOP01-DEL04-SP;false
572782.0;2024-01-05;sexta-feira;16:10:00;SP;116.0;147;SAO JOSE DOS CAMPOS;Reação tardia ou ineficiente do condutor;Colisão traseira;Com Vítimas Feridas;Pleno dia;Crescente;Céu Claro;Dupla;Reta;Sim;2;0;1;0;1;0;1;2;-23,19542994;-45,87176303;SPRF-SP;DEL02-SP;UOP01-DEL02-SP;false
572820.0;2024-01-05;sexta-feira;19:40:00;SP;116.0;168,1;JACAREI;Avarias e/ou desgaste excessivo no pneu;Tombamento;Com Vítimas Feridas;Plena Noite;Decrescente;Céu Claro;Múltipla;"Reta;Aclive";Não;2;0;2;0;0;0;2;1;-23,30545902;-46,03567599;SPRF-SP;DEL02-SP;UOP01-DEL02-SP;false
572846.0;2024-01-05;sexta-feira;21:40:00;SP;116.0;48,3;CANAS;Transitar no Acostamento;Tombamento;Com Vítimas Feridas;Plena Noite;Decrescente;Céu Claro;Dupla;Reta;Não;1;0;1;0;0;0;1;1;-22,72498915;-45,06884189;SPRF-SP;DEL08-SP;UOP02-DEL08-SP;false
572894.0;2024-01-06;sábado;08:15:00;SP;116.0;133;CACAPAVA;Ausência de reação do condutor;Capotamento;Com Vítimas Feridas;Pleno dia;Crescente;Céu Claro;Dupla;Reta;Não;4;0;0;2;2;0;2;3;-23,1359564;-45,7532708;SPRF-SP;DEL02-SP;UOP02-DEL02-SP;false
572930.0;2024-01-06;sábado;12:00:00;SP;381.0;12;BRAGANCA PAULISTA;Condutor deixou de manter distância do veículo da frente;Colisão traseira;Com Vítimas Feridas;Pleno dia;Crescente;Céu Claro;Dupla;"Reta;Retorno Regulamentado";Não;3;0;1;0;2;0;1;2;-22,92855105;-46,46168398;SPRF-SP;DEL03-SP;UOP02-DEL03-SP;false
572950.0;2024-01-06;sábado;13:50:00;SP;116.0;51;LORENA;Reação tardia ou ineficiente do condutor;Colisão traseira;Com Vítimas Feridas;Pleno dia;Crescente;Céu Claro;Dupla;Retorno Regulamentado;Sim;3;0;0;1;1;1;1;3;-22,74157511;-45,09206392;SPRF-SP;DEL08-SP;UOP02-DEL08-SP;false
572969.0;2024-01-06;sábado;15:45:00;SP;381.0;32;ATIBAIA;Condutor deixou de manter distância do veículo da frente;Engavetamento;Com Vítimas Feridas;Pleno dia;Crescente;Sol;Dupla;Reta;Não;4;0;1;0;3;0;1;3;-23,06461405;-46,57048121;SPRF-SP;DEL03-SP;UOP02-DEL03-SP;false
572984.0;2024-01-06;sábado;16:40:00;SP;101.0;40;UBATUBA;Reação tardia ou ineficiente do condutor;Colisão traseira;Sem Vítimas;Pleno dia;Crescente;Céu Claro;Simples;Reta;Sim;2;0;0;0;2;0;0;2;-23,41821571;-45,03929549;SPRF-SP;DEL06-SP;UOP01-DEL06-SP;false
572996.0;2024-01-06;sábado;17:50:00;SP;116.0;497,9;CAJATI;Reação tardia ou ineficiente do condutor;Colisão lateral mesmo sentido;Com Vítimas Feridas;Anoitecer;Crescente;Céu Claro;Dupla;"Retorno Regulamentado;Reta";Não;2;0;1;0;1;0;1;2;-24,77566399;-48,17082817;SPRF-SP;DEL05-SP;UOP02-DEL05-SP;false
573050.0;2024-01-06;sábado;22:30:00;SP;116.0;228;SAO PAULO;Mal súbito do condutor;Colisão com objeto;Com Vítimas Feridas;Plena Noite;Decrescente;Nublado;Múltipla;Reta;Não;1;0;1;0;0;0;1;1;-23,50343484;-46,56638712;SPRF-SP;DEL01-SP;UOP01-DEL01-SP;false
573066.0;2024-01-07;domingo;00:30:00;SP;381.0;87;SAO PAULO;Condutor deixou de manter distância do veículo da frente;Colisão traseira;Com Vítimas Feridas;Plena Noite;Decrescente;Céu Claro;Múltipla;Curva;Não;2;0;1;0;1;0;1;2;-23,46885001;-46,56996601;SPRF-SP;DEL03-SP;UOP01-DEL03-SP;false
573072.0;2024-01-07;domingo;00:15:00;SP;101.0;48;UBATUBA;Acessar a via sem observar a presença dos outros veículos;Colisão transversal;Com Vítimas Feridas;Plena Noite;Crescente;Céu Claro;Dupla;Reta;Sim;2;0;2;0;0;0;2;2;-23,43696329;-45,08768768;SPRF-SP;DEL06-SP;UOP01-DEL06-SP;false
573076.0;2024-01-07;domingo;01:10:00;SP;381.0;87;SAO PAULO;Ausência de reação do condutor;Colisão com objeto;Sem Vítimas;Plena Noite;Decrescente;Céu Claro;Múltipla;Curva;Sim;1;0;0;0;1;0;0;1;-23,46885001;-46,56996601;SPRF-SP;DEL03-SP;UOP01-DEL03-SP;false
573089.0;2024-01-07;domingo;03:00:00;SP;116.0;166,3;JACAREI;Demais falhas mecânicas ou elétricas;Incêndio;Sem Vítimas;Plena Noite;Decrescente;Nublado;Dupla;Reta;Sim;1;0;0;0;1;0;0;1;-23,30055667;-46,01686506;SPRF-SP;DEL02-SP;UOP01-DEL02-SP;false
573096.0;2024-01-06;sábado;20:45:00;SP;153.0;70,1;SAO JOSE DO RIO PRETO;Ausência de reação do condutor;Colisão traseira;Com Vítimas Feridas;Plena Noite;Decrescente;Nublado;Dupla;Reta;Sim;3;0;2;0;0;1;2;2;-20,85197874;-49,40070263;SPRF-SP;DEL09-SP;UOP01-DEL09-SP;false
573110.0;2024-01-07;domingo;05:00:00;SP;116.0;511;CAJATI;Condutor Dormindo;Colisão com objeto;Com Vítimas Feridas;Amanhecer;Crescente;Nublado;Simples;Reta;Não;3;0;1;0;2;0;1;1;-24,83558399;-48,2223738;SPRF-SP;DEL05-SP;UOP02-DEL05-SP;false
573125.0;2024-01-07;domingo;08:15:00;SP;116.0;290;ITAPECERICA DA SERRA;Pedestre andava na pista;Atropelamento de Pedestre;Com Vítimas Feridas;Pleno dia;Crescente;Céu Claro;Dupla;Curva;Sim;3;0;2;1;0;0;3;2;-23,7303281;-46,89425963;SPRF-SP;DEL04-SP;UOP01-DEL04-SP;false
573133.0;2024-01-07;domingo;10:30:00;SP;381.0;86,6;SAO PAULO;Reação tardia ou ineficiente do condutor;Saída de leito carroçável;Com Vítimas Feridas;Pleno dia;Crescente;Sol;Múltipla;Reta;Sim;6;0;0;1;5;0;1;1;-23,45930499;-46,57161179;SPRF-SP;DEL03-SP;UOP01-DEL03-SP;false
573178.0;2024-01-07;domingo;14:30:00;SP;116.0;99;PINDAMONHANGABA;Reação tardia ou ineficiente do condutor;Engavetamento;Com Vítimas Feridas;Pleno dia;Crescente;Céu Claro;Dupla;Reta;Não;6;0;2;1;3;0;3;3;-22,98236971;-45,46436617;SPRF-SP;DEL08-SP;UOP01-DEL08-SP;false
573200.0;2024-01-07;domingo;17:30:00;SP;116.0;154;SAO JOSE DOS CAMPOS;Ausência de reação do condutor;Engavetamento;Com Vítimas Feridas;Pleno dia;Crescente;Nublado;Dupla;Reta;Sim;5;0;1;0;4;0;1;4;-23,23903999;-45,92061901;SPRF-SP;DEL02-SP;UOP01-DEL02-SP;false
573201.0;2024-01-07;domingo;17:50:00;SP;381.0;67;MAIRIPORA;Ingestão de álcool pelo condutor;Colisão traseira;Sem Vítimas;Pleno dia;Decrescente;Céu Claro;Dupla;Reta;Não;4;0;0;0;4;0;0;2;-23,33226094;-46,57675379;SPRF-SP;DEL03-SP;UOP01-DEL03-SP;false
573214.0;2024-01-07;domingo;19:20:00;SP;116.0;326;JUQUITIBA;Pedestre cruzava a pista fora da faixa;Queda de ocupante de veículo;Com Vítimas Feridas;Plena Noite;Crescente;Céu Claro;Dupla;Rotatória;Não;1;0;1;0;0;0;1;1;-23,93901304;-47,06241203;SPRF-SP;DEL04-SP;UOP03-DEL04-SP;false
573227.0;2024-01-07;domingo;18:00:00;SP;116.0;218,8;GUARULHOS;Transitar na contramão;Colisão frontal;Com Vítimas Feridas;Plena Noite;Crescente;Céu Claro;Múltipla;Reta;Não;3;0;2;0;1;0;2;2;-23,457972;-46,479927;SPRF-SP;DEL01-SP;UOP01-DEL01-SP;false
573236.0;2024-01-07;domingo;20:55:00;SP;116.0;274;TABOAO DA SERRA;Acessar a via sem observar a presença dos outros veículos;Colisão transversal;Sem Vítimas;Plena Noite;Decrescente;Céu Claro;Dupla;Reta;Sim;3;0;0;0;3;0;0;3;-23,61822139;-46,80619955;SPRF-SP;DEL04-SP;UOP01-DEL04-SP;false
573243.0;2024-01-07;domingo;20:55:00;SP;116.0;96;PINDAMONHANGABA;Reação tardia ou ineficiente do condutor;Colisão traseira;Com Vítimas Feridas;Plena Noite;Crescente;Céu Claro;Dupla;"Reta;Aclive";Não;3;0;1;0;2;0;1;2;-22,96945055;-45,43869623;SPRF-SP;DEL08-SP;UOP01-DEL08-SP;false
573262.0;2024-01-07;domingo;22:40:00;SP;116.0;281,3;EMBU DAS ARTES;Pedestre andava na pista;Atropelamento de Pedestre;Com Vítimas Feridas;Plena Noite;Decrescente;Céu Claro;Dupla;Reta;Sim;2;0;1;0;1;0;1;2;-23,67784787;-46,85769227;SPRF-SP;DEL04-SP;UOP01-DEL04-SP;false
573269.0;2024-01-07;domingo;23:00:00;SP;459.0;29;LORENA;Reação tardia ou ineficiente do condutor;Tombamento;Com Vítimas Feridas;Plena Noite;Crescente;Céu Claro;Simples;Reta;Não;1;0;1;0;0;0;1;1;-22,717228;-45,108387;SPRF-SP;DEL08-SP;UOP02-DEL08-SP;false
573278.0;2024-01-07;domingo;21:00:00;SP;459.0;28;LORENA;Reação tardia ou ineficiente do condutor;Colisão traseira;Com Vítimas Feridas;Plena Noite;Crescente;Céu Claro;Simples;Reta;Não;3;0;1;1;1;0;2;2;-22,709425;-45,113232;SPRF-SP;DEL08-SP;UOP02-DEL08-SP;false
573307.0;2024-01-08;segunda-feira;08:00:00;SP;116.0;144;SAO JOSE DOS CAMPOS;Reação tardia ou ineficiente do condutor;Colisão traseira;Com Vítimas Feridas;Pleno dia;Crescente;Céu Claro;Múltipla;Reta;Sim;6;0;2;0;4;0;2;2;-23,18274416;-45,84633592;SPRF-SP;DEL02-SP;UOP01-DEL02-SP;false
573333.0;2024-01-08;segunda-feira;11:00:00;SP;116.0;227;GUARULHOS;Ausência de reação do condutor;Colisão traseira;Com Vítimas Feridas;Pleno dia;Decrescente;Nublado;Múltipla;Reta;Sim;2;0;1;0;1;0;1;2;-23,49659264;-46,55648754;SPRF-SP;DEL01-SP;UOP01-DEL01-SP;false
573374.0;2024-01-08;segunda-feira;13:50:00;SP;116.0;292;ITAPECERICA DA SERRA;Velocidade Incompatível;Tombamento;Com Vítimas Feridas;Pleno dia;Crescente;Nublado;Simples;Retorno Regulamentado;Não;1;0;1;0;0;0;1;1;-23,74581995;-46,90003027;SPRF-SP;DEL04-SP;UOP01-DEL04-SP;false
573379.0;2024-01-08;segunda-feira;14:40:00;SP;116.0;230;SAO PAULO;Reação tardia ou ineficiente do condutor;Colisão lateral mesmo sentido;Com Vítimas Feridas;Pleno dia;Crescente;Nublado;Múltipla;Reta;Sim;2;0;1;0;1;0;1;2;-23,52251783;-46,5855702;SPRF-SP;DEL01-SP;UOP01-DEL01-SP;false
573381.0;2024-01-08;segunda-feira;14:40:00;SP;101.0;18,7;UBATUBA;Acessar a via sem observar a presença dos outros veículos;Colisão transversal;Com Vítimas Feridas;Pleno dia;Crescente;Céu Claro;Simples;"Reta;Interseção de Vias";Não;8;0;4;0;4;0;4;2;-23,31746811;-44,899601;SPRF-SP;DEL06-SP;UOP01-DEL06-SP;false
573408.0;2024-01-08;segunda-feira;17:00:00;SP;153.0;74,6;BADY BASSITT;Avarias e/ou desgaste excessivo no pneu;Tombamento;Com Vítimas Feridas;Pleno dia;Crescente;Céu Claro;Dupla;"Reta;Aclive";Sim;2;0;2;0;0;0;2;1;-20,88538598;-49,42676402;SPRF-SP;DEL09-SP;UOP01-DEL09-SP;false
573410.0;2024-01-08;segunda-feira;17:00:00;SP;116.0;433;REGISTRO;Manobra de mudança de faixa;Colisão traseira;Com Vítimas Feridas;Pleno dia;Decrescente;Céu Claro;Dupla;Reta;Não;2;0;1;0;1;0;1;2;-24,42030004;-47,77032299;SPRF-SP;DEL05-SP;UOP01-DEL05-SP;false
573430.0;2024-01-08;segunda-feira;17:50:00;SP;381.0;33;ATIBAIA;Ausência de reação do condutor;Queda de ocupante de veículo;Com Vítimas Feridas;Pleno dia;Crescente;Nublado;Dupla;Reta;Sim;1;0;1;0;0;0;1;1;-23,0728028;-46,56673562;SPRF-SP;DEL03-SP;UOP02-DEL03-SP;false
573438.0;2024-01-08;segunda-feira;19:00:00;SP;116.0;222;GUARULHOS;Condutor deixou de manter distância do veículo da frente;Colisão traseira;Com Vítimas Feridas;Plena Noite;Crescente;Garoa/Chuvisco;Múltipla;Reta;Sim;2;0;1;0;1;0;1;2;-23,47093408;-46,51631097;SPRF-SP;DEL01-SP;UOP01-DEL01-SP;false
573439.0;2024-01-08;segunda-feira;18:15:00;SP;116.0;153;SAO JOSE DOS CAMPOS;Trafegar com motocicleta (ou similar) entre as faixas;Colisão lateral mesmo sentido;Com Vítimas Feridas;Anoitecer;Crescente;Céu Claro;Múltipla;Reta;Sim;3;0;1;0;2;0;1;3;-23,23262274;-45,91372624;SPRF-SP;DEL02-SP;UOP01-DEL02-SP;false
573452.0;2024-01-08;segunda-feira;20:50:00;SP;116.0;63,8;GUARATINGUETA;Trafegar com motocicleta (ou similar) entre as faixas;Colisão transversal;Com Vítimas Feridas;Plena Noite;Decrescente;Céu Claro;Dupla;Curva;Sim;2;0;0;1;1;0;1;2;-22,81269631;-45,1780086;SPRF-SP;DEL08-SP;UOP01-DEL08-SP;false
573497.0;2024-01-09;terça-feira;07:00:00;SP;116.0;228;SAO PAULO;Reação tardia ou ineficiente do condutor;Colisão traseira;Com Vítimas Feridas;Pleno dia;Crescente;Céu Claro;Múltipla;Reta;Sim;2;0;1;0;1;0;1;2;-23,50343484;-46,56638712;SPRF-SP;DEL01-SP;UOP01-DEL01-SP;false
573518.0;2024-01-09;terça-feira;08:45:00;SP;116.0;186;SANTA ISABEL;Avarias e/ou desgaste excessivo no pneu;Tombamento;Com Vítimas Feridas;Pleno dia;Decrescente;Céu Claro;Dupla;Reta;Não;2;0;2;0;0;0;2;1;-23,35220682;-46,19934905;SPRF-SP;DEL01-SP;UOP01-DEL01-SP;false
573579.0;2024-01-09;terça-feira;13:40:00;SP;116.0;55,1;LORENA;Mal súbito do condutor;Colisão com objeto;Com Vítimas Feridas;Pleno dia;Crescente;Céu Claro;Dupla;Reta;Não;3;0;2;0;1;0;2;1;-22,76356421;-45,12272385;SPRF-SP;DEL08-SP;UOP02-DEL08-SP;false
573592.0;2024-01-09;terça-feira;15:30:00;SP;116.0;282;EMBU DAS ARTES;Ausência de reação do condutor;Queda de ocupante de veículo;Com Vítimas Feridas;Pleno dia;Crescente;Nublado;Dupla;"Declive;Curva";Não;1;0;1;0;0;0;1;1;-23,68570216;-46,85970975;SPRF-SP;DEL04-SP;UOP01-DEL04-SP;false
573623.0;2024-01-09;terça-feira;17:50:00;SP;116.0;164,8;JACAREI;Manobra de mudança de faixa;Colisão lateral mesmo sentido;Com Vítimas Feridas;Pleno dia;Crescente;Sol;Dupla;Reta;Não;2;0;1;0;1;0;1;2;-23,29691791;-46,00798704;SPRF-SP;DEL02-SP;UOP01-DEL02-SP;false
573632.0;2024-01-09;terça-feira;18:20:00;SP;116.0;225;GUARULHOS;Chuva;Tombamento;Com Vítimas Feridas;Anoitecer;Decrescente;Chuva;Dupla;Reta;Sim;1;0;1;0;0;0;1;1;-23,48586772;-46,54075317;SPRF-SP;DEL01-SP;UOP01-DEL01-SP;false
573651.0;2024-01-09;terça-feira;19:10:00;SP;116.0;226;GUARULHOS;Chuva;Queda de ocupante de veículo;Com Vítimas Feridas;Plena Noite;Decrescente;Chuva;Dupla;"Aclive;Reta";Não;1;0;1;0;0;0;1;1;-23,49102507;-46,54878195;SPRF-SP;DEL01-SP;UOP01-DEL01-SP;false
573659.0;2024-01-09;terça-feira;20:30:00;SP;116.0;489;CAJATI;Reação tardia ou ineficiente do condutor;Queda de ocupante de veículo;Com Vítimas Feridas;Plena Noite;Decrescente;Céu Claro;Simples;"Rotatória;Curva";Sim;1;0;1;0;0;0;1;1;-24,73034183;-48,10760707;SPRF-SP;DEL05-SP;UOP01-DEL05-SP;false
573674.0;2024-01-10;quarta-feira;02:00:00;SP;116.0;275;EMBU DAS ARTES;Transitar na contramão;Colisão frontal;Com Vítimas Feridas;Plena Noite;Crescente;Céu Claro;Dupla;Reta;Sim;2;0;1;0;1;0;1;2;-23,63638826;-46,83251584;SPRF-SP;DEL04-SP;UOP01-DEL04-SP;false
573696.0;2024-01-10;quarta-feira;06:30:00;SP;116.0;207;GUARULHOS;Reação tardia ou ineficiente do condutor;Colisão traseira;Sem Vítimas;Pleno dia;Crescente;Céu Claro;Múltipla;Reta;Não;3;0;0;0;3;0;0;2;-23,41972188;-46,38419203;SPRF-SP;DEL01-SP;UOP01-DEL01-SP;false
573698.0;2024-01-10;quarta-feira;07:15:00;SP;153.0;61,9;SAO JOSE DO RIO PRETO;Manobra de mudança de faixa;Colisão lateral mesmo sentido;Com Vítimas Feridas;Pleno dia;Crescente;Céu Claro;Dupla;Reta;Não;2;0;1;0;1;0;1;2;-20,80502876;-49,35574909;SPRF-SP;DEL09-SP;UOP01-DEL09-SP;false
573706.0;2024-01-10;quarta-feira;07:55:00;SP;153.0;61;SAO JOSE DO RIO PRETO;Condutor deixou de manter distância do veículo da frente;Colisão traseira;Com Vítimas Feridas;Pleno dia;Decrescente;Nublado;Dupla;Reta;Sim;2;0;1;0;1;0;1;2;-20,80502876;-49,35574909;SPRF-SP;DEL09-SP;UOP01-DEL09-SP;false
573711.0;2024-01-10;quarta-feira;07:45:00;SP;116.0;218;GUARULHOS;Condutor deixou de manter distância do veículo da frente;Colisão traseira;Com Vítimas Feridas;Amanhecer;Crescente;Céu Claro;Múltipla;Declive;Sim;2;0;0;1;0;1;1;2;-23,457972;-46,479927;SPRF-SP;DEL01-SP;UOP01-DEL01-SP;false
573727.0;2024-01-10;quarta-feira;09:00:00;SP;101.0;52;UBATUBA;Ausência de reação do condutor;Colisão traseira;Com Vítimas Feridas;Pleno dia;Crescente;Céu Claro;Simples;Rotatória;Sim;2;0;1;0;1;0;1;2;-23,4623355;-45,06476561;SPRF-SP;DEL06-SP;UOP01-DEL06-SP;false
573732.0;2024-01-10;quarta-feira;07:50:00;SP;116.0;497;CAJATI;Acessar a via sem observar a presença dos outros veículos;Atropelamento de Pedestre;Com Vítimas Feridas;Pleno dia;Crescente;Céu Claro;Dupla;Curva;Não;2;0;1;0;1;0;1;2;-24,76728682;-48,16859721;SPRF-SP;DEL05-SP;UOP01-DEL05-SP;false
573781.0;2024-01-10;quarta-feira;14:40:00;SP;116.0;209;GUARULHOS;Trafegar com motocicleta (ou similar) entre as faixas;Colisão traseira;Com Vítimas Feridas;Pleno dia;Decrescente;Céu Claro;Múltipla;Reta;Sim;2;0;1;0;1;0;1;2;-23,42511799;-46,40221101;SPRF-SP;DEL01-SP;UOP01-DEL01-SP;false
573818.0;2024-01-10;quarta-feira;18:00:00;SP;153.0;110,1;JOSE BONIFACIO;Ausência de reação do condutor;Colisão traseira;Com Vítimas Feridas;Plena Noite;Decrescente;Nublado;Simples;Reta;Não;2;0;1;0;1;0;1;2;-21,08845219;-49,67466361;SPRF-SP;DEL09-SP;UOP01-DEL09-SP;false
573837.0;2024-01-10;quarta-feira;19:40:00;SP;116.0;226;GUARULHOS;Reação tardia ou ineficiente do condutor;Engavetamento;Com Vítimas Feridas;Plena Noite;Decrescente;Ignorado;Múltipla;Reta;Sim;3;0;1;0;2;0;1;3;-23,49102507;-46,54878195;SPRF-SP;DEL01-SP;UOP01-DEL01-SP;false
573844.0;2024-01-10;quarta-feira;20:05:00;SP;116.0;469;PARIQUERA-ACU;Velocidade Incompatível;Queda de ocupante de veículo;Com Vítimas Feridas;Plena Noite;Decrescente;Céu Claro;Dupla;Reta;Não;1;0;1;0;0;0;1;1;-24,65247192;-47,95005601;SPRF-SP;DEL05-SP;UOP01-DEL05-SP;false
573871.0;2024-01-10;quarta-feira;22:30:00;SP;116.0;439;REGISTRO;Pista Escorregadia;Queda de ocupante de veículo;Com Vítimas Feridas;Plena Noite;Decrescente;Garoa/Chuvisco;Simples;"Curva;Retorno Regulamentado";Não;2;0;1;0;1;0;1;1;-24,45434475;-47,81204635;SPRF-SP;DEL05-SP;UOP01-DEL05-SP;false
573878.0;2024-01-11;quinta-feira;01:00:00;SP;116.0;228;SAO PAULO;Reação tardia ou ineficiente do condutor;Colisão traseira;Com Vítimas Feridas;Plena Noite;Crescente;Nublado;Múltipla;Reta;Sim;2;0;1;0;0;1;1;2;-23,50343484;-46,56638712;SPRF-SP;DEL01-SP;UOP01-DEL01-SP;false
573891.0;2024-01-11;quinta-feira;06:30:00;SP;116.0;269;TABOAO DA SERRA;Trafegar com motocicleta (ou similar) entre as faixas;Colisão lateral mesmo sentido;Com Vítimas Feridas;Pleno dia;Decrescente;Céu Claro;Dupla;Reta;Sim;3;0;1;0;2;0;1;2;-23,61593059;-46,78826044;SPRF-SP;DEL04-SP;UOP01-DEL04-SP;false
573901.0;2024-01-11;quinta-feira;06:43:00;SP;116.0;374;MIRACATU;Reação tardia ou ineficiente do condutor;Atropelamento de Pedestre;Com Vítimas Feridas;Pleno dia;Crescente;Céu Claro;Dupla;Reta;Não;3;0;1;0;2;0;1;2;-24,17696369;-47,34705324;SPRF-SP;DEL04-SP;UOP02-DEL04-SP;false
573908.0;2024-01-11;quinta-feira;07:30:00;SP;381.0;37;ATIBAIA;Reação tardia ou ineficiente do condutor;Colisão lateral mesmo sentido;Sem Vítimas;Pleno dia;Crescente;Céu Claro;Dupla;Curva;Não;3;0;0;0;3;0;0;2;-23,10506237;-46,56881577;SPRF-SP;DEL03-SP;UOP01-DEL03-SP;false
573952.0;2024-01-11;quinta-feira;12:10:00;SP;488.0;1,3;APARECIDA;Pedestre cruzava a pista fora da faixa;Atropelamento de Pedestre;Com Vítimas Feridas;Pleno dia;Decrescente;Céu Claro;Dupla;Reta;Sim;3;0;1;0;0;2;1;2;-22,8488899;-45,23165703;SPRF-SP;DEL08-SP;UOP01-DEL08-SP;false
573965.0;2024-01-11;quinta-feira;11:50:00;SP;116.0;74;APARECIDA;Condutor deixou de manter distância do veículo da frente;Engavetamento;Com Vítimas Feridas;Pleno dia;Crescente;Céu Claro;Dupla;"Em Obras;Reta";Não;5;0;3;0;2;0;3;3;-22,87353809;-45,25320023;SPRF-SP;DEL08-SP;UOP01-DEL08-SP;false
573972.0;2024-01-11;quinta-feira;14:20:00;SP;101.0;48;UBATUBA;Acessar a via sem observar a presença dos outros veículos;Colisão transversal;Com Vítimas Feridas;Pleno dia;Crescente;Céu Claro;Simples;Rotatória;Sim;2;0;1;0;1;0;1;2;-23,43696329;-45,08768768;SPRF-SP;DEL06-SP;UOP01-DEL06-SP;false
573984.0;2024-01-11;quinta-feira;13:28:00;SP;116.0;470;JACUPIRANGA;Reação tardia ou ineficiente do condutor;Saída de leito carroçável;Com Vítimas Feridas;Pleno dia;Decrescente;Céu Claro;Dupla;Reta;Não;2;0;1;1;0;0;2;1;-24,65403826;-47,95945895;SPRF-SP;DEL05-SP;UOP01-DEL05-SP;false
573991.0;2024-01-11;quinta-feira;14:50:00;SP;101.0;47,8;UBATUBA;Condutor deixou de manter distância do veículo da frente;Colisão lateral mesmo sentido;Com Vítimas Feridas;Pleno dia;Decrescente;Sol;Simples;Rotatória;Sim;3;0;1;0;2;0;1;2;-23,434023;-45,08571267;SPRF-SP;DEL06-SP;UOP01-DEL06-SP;false
574025.0;2024-01-11;quinta-feira;17:00:00;SP;116.0;101,7;PINDAMONHANGABA;Trafegar com motocicleta (ou similar) entre as faixas;Colisão lateral mesmo sentido;Com Vítimas Feridas;Pleno dia;Crescente;Nublado;Dupla;Declive;Não;3;0;1;0;2;0;1;2;-22,99142462;-45,48287272;SPRF-SP;DEL08-SP;UOP01-DEL08-SP;false
574062.0;2024-01-11;quinta-feira;21:05:00;SP;101.0;45,7;UBATUBA;Entrada inopinada do pedestre;Atropelamento de Pedestre;Com Vítimas Feridas;Plena Noite;Decrescente;Chuva;Simples;Reta;Sim;3;0;2;0;1;0;2;2;-23,42080198;-45,07083178;SPRF-SP;DEL06-SP;UOP01-DEL06-SP;false
574070.0;2024-01-11;quinta-feira;22:00:00;SP;101.0;39;UBATUBA;Conversão proibida;Colisão transversal;Com Vítimas Feridas;Plena Noite;Crescente;Chuva;Simples;"Aclive;Curva";Não;3;0;2;0;1;0;2;2;-23,41370139;-45,02666492;SPRF-SP;DEL06-SP;UOP01-DEL06-SP;false
574100.0;2024-01-12;sexta-feira;02:35:00;SP;116.0;499;CAJATI;Reação tardia ou ineficiente do condutor;Saída de leito carroçável;Com Vítimas Feridas;Plena Noite;Crescente;Chuva;Múltipla;Curva;Não;2;0;1;0;1;0;1;1;-24,78228753;-48,17695233;SPRF-SP;DEL05-SP;UOP02-DEL05-SP;false
574117.0;2024-01-12;sexta-feira;07:00:00;SP;116.0;211;GUARULHOS;Reação tardia ou ineficiente do condutor;Colisão traseira;Com Vítimas Feridas;Pleno dia;Crescente;Céu Claro;Dupla;Reta;Sim;3;0;1;1;1;0;2;2;-23,4324306;-46,4194352;SPRF-SP;DEL01-SP;UOP01-DEL01-SP;false
574130.0;2024-01-12;sexta-feira;07:40:00;SP;101.0;50,6;UBATUBA;Condutor deixou de manter distância do veículo da frente;Colisão lateral mesmo sentido;Com Vítimas Feridas;Pleno dia;Crescente;Nublado;Simples;Reta;Sim;2;0;2;0;0;0;2;2;-23,45391604;-45,07366419;SPRF-SP;DEL06-SP;UOP01-DEL06-SP;false
574135.0;2024-01-12;sexta-feira;08:20:00;SP;116.0;505;CAJATI;Demais falhas mecânicas ou elétricas;Colisão com objeto;Com Vítimas Feridas;Pleno dia;Decrescente;Chuva;Dupla;"Declive;Curva";Não;3;0;3;0;0;0;3;1;-24,79028098;-48,21075278;SPRF-SP;DEL05-SP;UOP02-DEL05-SP;false