id;data_inversa;dia_semana;horario;uf;br;km;municipio;causa_acidente;tipo_acidente;classificacao_acidente;fase_dia;sentido_via;condicao_metereologica;tipo_pista;tracado_via;uso_solo;pessoas;mortos;feridos_leves;feridos_graves;ilesos;ignorados;feridos;veiculos;latitude;longitude;regional;delegacia;uop;feriado
574140.0;2024-01-12;sexta-feira;08:57:00;SP;116.0;541;BARRA DO TURVO;Chuva;Capotamento;Com Vítimas Feridas;Pleno dia;Crescente;Garoa/Chuvisco;Dupla;Curva;Não;4;0;1;0;3;0;1;1;-24,97245688;-48,39976606;SPRF-SP;DEL05-SP;UOP02-DEL05-SP;false
574143.0;2024-01-12;sexta-feira;07:50:00;SP;116.0;345,1;MIRACATU;Reação tardia ou ineficiente do condutor;Colisão traseira;Com Vítimas Feridas;Amanhecer;Crescente;Céu Claro;Dupla;"Reta;Declive";Não;4;0;1;1;2;0;2;2;-24,03551364;-47,18593225;SPRF-SP;DEL04-SP;UOP03-DEL04-SP;false
574153.0;2024-01-12;sexta-feira;09:35:00;SP;116.0;499;CAJATI;Reação tardia ou ineficiente do condutor;Saída de leito carroçável;Com Vítimas Feridas;Pleno dia;Crescente;Garoa/Chuvisco;Dupla;Curva;Não;2;0;1;0;1;0;1;1;-24,78228753;-48,17695233;SPRF-SP;DEL05-SP;UOP02-DEL05-SP;false
574170.0;2024-01-12;sexta-feira;11:00:00;SP;116.0;80,7;ROSEIRA;Condutor deixou de manter distância do veículo da frente;Colisão traseira;Com Vítimas Feridas;Pleno dia;Decrescente;Nublado;Dupla;Reta;Não;2;0;1;0;1;0;1;2;-22,89958454;-45,30245564;SPRF-SP;DEL08-SP;UOP01-DEL08-SP;false
574229.0;2024-01-12;sexta-feira;16:40:00;SP;116.0;225;GUARULHOS;Acumulo de água sobre o pavimento;Tombamento;Com Vítimas Feridas;Pleno dia;Decrescente;Chuva;Múltipla;Reta;Sim;1;0;1;0;0;0;1;1;-23,48586772;-46,54075317;SPRF-SP;DEL01-SP;UOP01-DEL01-SP;false
574233.0;2024-01-12;sexta-feira;16:00:00;SP;116.0;225;GUARULHOS;Acumulo de água sobre o pavimento;Queda de ocupante de veículo;Com Vítimas Feridas;Pleno dia;Decrescente;Nublado;Múltipla;Reta;Não;1;0;1;0;0;0;1;1;-23,48586772;-46,54075317;SPRF-SP;DEL01-SP;UOP01-DEL01-SP;false
574277.0;2024-01-12;sexta-feira;19:30:00;SP;116.0;448;REGISTRO;Transitar na contramão;Colisão frontal;Com Vítimas Feridas;Plena Noite;Decrescente;Nublado;Dupla;Reta;Sim;2;0;2;0;0;0;2;2;-24,52099699;-47,85336602;SPRF-SP;DEL05-SP;UOP01-DEL05-SP;false
574316.0;2024-01-12;sexta-feira;20:10:00;SP;101.0;51,9;UBATUBA;Acessar a via sem observar a presença dos outros veículos;Colisão transversal;Com Vítimas Feridas;Plena Noite;Crescente;Chuva;Simples;Reta;Sim;3;0;0;1;0;2;1;3;-23,46159291;-45,06570339;SPRF-SP;DEL06-SP;UOP01-DEL06-SP;false
574324.0;2024-01-12;sexta-feira;23:00:00;SP;116.0;215;GUARULHOS;Reação tardia ou ineficiente do condutor;Colisão traseira;Com Vítimas Feridas;Pleno dia;Crescente;Chuva;Múltipla;Reta;Sim;2;0;1;0;0;1;1;2;-23,44695693;-46,45394103;SPRF-SP;DEL01-SP;UOP01-DEL01-SP;false
574383.0;2024-01-13;sábado;08:30:00;SP;116.0;59;GUARATINGUETA;Ausência de reação do condutor;Colisão traseira;Com Vítimas Feridas;Pleno dia;Crescente;Nublado;Dupla;Reta;Sim;4;0;0;1;3;0;1;2;-22,78555649;-45,15339465;SPRF-SP;DEL08-SP;UOP01-DEL08-SP;false
574393.0;2024-01-13;sábado;09:45:00;SP;116.0;43,1;CACHOEIRA PAULISTA;Ausência de reação do condutor;Saída de leito carroçável;Com Vítimas Feridas;Pleno dia;Crescente;Nublado;Dupla;"Reta;Declive";Não;1;0;1;0;0;0;1;1;-22,6973511;-45,03013594;SPRF-SP;DEL08-SP;UOP02-DEL08-SP;false
574413.0;2024-01-13;sábado;12:30:00;SP;101.0;50,9;UBATUBA;Reação tardia ou ineficiente do condutor;Colisão traseira;Com Vítimas Feridas;Pleno dia;Crescente;Chuva;Simples;Reta;Sim;3;0;1;0;2;0;1;3;-23,45018939;-45,07743735;SPRF-SP;DEL06-SP;UOP01-DEL06-SP;false
574435.0;2024-01-13;sábado;14:00:00;SP;116.0;76;ROSEIRA;Demais falhas mecânicas ou elétricas;Tombamento;Com Vítimas Feridas;Pleno dia;Decrescente;Nublado;Dupla;Reta;Não;1;0;1;0;0;0;1;1;-22,87747687;-45,27203908;SPRF-SP;DEL08-SP;UOP01-DEL08-SP;false
574452.0;2024-01-13;sábado;14:45:00;SP;116.0;193;ARUJA;Ingestão de álcool pelo condutor;Colisão lateral mesmo sentido;Sem Vítimas;Pleno dia;Crescente;Nublado;Dupla;"Curva;Declive";Não;2;0;0;0;2;0;0;2;-23,380407;-46,258509;SPRF-SP;DEL01-SP;UOP01-DEL01-SP;false
574482.0;2024-01-13;sábado;17:00:00;SP;116.0;226,8;GUARULHOS;Acumulo de areia ou detritos sobre o pavimento;Queda de ocupante de veículo;Com Vítimas Feridas;Pleno dia;Crescente;Céu Claro;Dupla;Curva;Não;1;0;1;0;0;0;1;1;-23,49102507;-46,54878195;SPRF-SP;DEL01-SP;UOP01-DEL01-SP;false
574523.0;2024-01-13;sábado;21:10:00;SP;116.0;220;GUARULHOS;Reação tardia ou ineficiente do condutor;Colisão traseira;Com Vítimas Feridas;Plena Noite;Crescente;Céu Claro;Múltipla;Reta;Não;2;0;1;0;1;0;1;2;-23,46472809;-46,49793962;SPRF-SP;DEL01-SP;UOP01-DEL01-SP;false
574524.0;2024-01-13;sábado;21:30:00;SP;116.0;218;GUARULHOS;Ausência de reação do condutor;Colisão traseira;Com Vítimas Fatais;Plena Noite;Decrescente;Céu Claro;Múltipla;Reta;Não;2;1;0;0;1;0;0;2;-23,457972;-46,479927;SPRF-SP;DEL01-SP;UOP01-DEL01-SP;false
574540.0;2024-01-13;sábado;22:10:00;SP;116.0;218;GUARULHOS;Reação tardia ou ineficiente do condutor;Colisão traseira;Com Vítimas Feridas;Plena Noite;Decrescente;Ignorado;Múltipla;Reta;Sim;3;0;2;0;1;0;2;2;-23,457972;-46,479927;SPRF-SP;DEL01-SP;UOP01-DEL01-SP;false
574542.0;2024-01-13;sábado;22:23:00;SP;116.0;218;GUARULHOS;Reação tardia ou ineficiente do condutor;Colisão traseira;Com Vítimas Feridas;Plena Noite;Decrescente;Ignorado;Múltipla;Reta;Sim;3;0;1;0;2;0;1;2;-23,457972;-46,479927;SPRF-SP;DEL01-SP;UOP01-DEL01-SP;false
574546.0;2024-01-13;sábado;22:00:00;SP;381.0;79;SAO PAULO;Ausência de reação do condutor;Tombamento;Com Vítimas Feridas;Plena Noite;Decrescente;Nublado;Múltipla;Reta;Não;2;0;1;1;0;0;2;1;-23,40319901;-46,57564699;SPRF-SP;DEL03-SP;UOP01-DEL03-SP;false
574547.0;2024-01-13;sábado;23:13:00;SP;116.0;218;GUARULHOS;Avarias e/ou desgaste excessivo no pneu;Queda de ocupante de veículo;Com Vítimas Feridas;Plena Noite;Decrescente;Céu Claro;Múltipla;"Aclive;Reta";Não;2;0;1;0;1;0;1;1;-23,457972;-46,479927;SPRF-SP;DEL01-SP;UOP01-DEL01-SP;false
574552.0;2024-01-13;sábado;23:00:00;SP;116.0;272;TABOAO DA SERRA;Manobra de mudança de faixa;Colisão transversal;Com Vítimas Feridas;Plena Noite;Crescente;Nublado;Dupla;Reta;Não;3;0;1;0;1;1;1;3;-23,621691;-46,813288;SPRF-SP;DEL04-SP;UOP01-DEL04-SP;false
574558.0;2024-01-13;sábado;23:13:00;SP;116.0;210;GUARULHOS;Acumulo de areia ou detritos sobre o pavimento;Colisão com objeto;Com Vítimas Feridas;Plena Noite;Decrescente;Nublado;Múltipla;Declive;Sim;1;0;1;0;0;0;1;1;-23,42870023;-46,41085991;SPRF-SP;DEL01-SP;UOP01-DEL01-SP;false
574573.0;2024-01-14;domingo;00:10:00;SP;116.0;222;GUARULHOS;Reação tardia ou ineficiente do condutor;Colisão traseira;Com Vítimas Feridas;Plena Noite;Decrescente;Nublado;Múltipla;Reta;Sim;4;0;0;2;2;0;2;3;-23,47093408;-46,51631097;SPRF-SP;DEL01-SP;UOP01-DEL01-SP;false
574622.0;2024-01-14;domingo;07:00:00;SP;116.0;127;CACAPAVA;Reação tardia ou ineficiente do condutor;Colisão com objeto;Com Vítimas Feridas;Pleno dia;Crescente;Céu Claro;Dupla;Reta;Sim;1;0;0;1;0;0;1;1;-23,10991026;-45,70246044;SPRF-SP;DEL02-SP;UOP02-DEL02-SP;false
574678.0;2024-01-14;domingo;13:50:00;SP;116.0;85;PINDAMONHANGABA;Demais falhas mecânicas ou elétricas;Queda de ocupante de veículo;Com Vítimas Feridas;Pleno dia;Crescente;Céu Claro;Dupla;Reta;Não;2;0;2;0;0;0;2;1;-22,92211829;-45,34450085;SPRF-SP;DEL08-SP;UOP01-DEL08-SP;false
574707.0;2024-01-14;domingo;17:45:00;SP;116.0;196;ARUJA;Reação tardia ou ineficiente do condutor;Engavetamento;Sem Vítimas;Anoitecer;Crescente;Nublado;Múltipla;"Declive;Reta";Sim;3;0;0;0;3;0;0;3;-23,39265978;-46,2844631;SPRF-SP;DEL01-SP;UOP01-DEL01-SP;false
574715.0;2024-01-14;domingo;17:50:00;SP;381.0;60;MAIRIPORA;Condutor deixou de manter distância do veículo da frente;Colisão traseira;Sem Vítimas;Anoitecer;Crescente;Céu Claro;Dupla;"Curva;Declive";Não;2;0;0;0;2;0;0;2;-23,28957673;-46,58729853;SPRF-SP;DEL03-SP;UOP01-DEL03-SP;false
574746.0;2024-01-14;domingo;18:35:00;SP;381.0;66,5;MAIRIPORA;Condutor deixou de manter distância do veículo da frente;Colisão traseira;Com Vítimas Feridas;Anoitecer;Crescente;Céu Claro;Múltipla;Reta;Não;4;0;3;0;1;0;3;3;-23,32451103;-46,58021504;SPRF-SP;DEL03-SP;UOP01-DEL03-SP;false
574767.0;2024-01-14;domingo;20:30:00;SP;381.0;5;VARGEM;Avarias e/ou desgaste excessivo no pneu;Tombamento;Com Vítimas Feridas;Plena Noite;Crescente;Céu Claro;Dupla;Curva;Não;2;0;2;0;0;0;2;1;-22,8899372261;-46,4130595817;SPRF-SP;DEL03-SP;UOP02-DEL03-SP;false
574772.0;2024-01-14;domingo;22:10:00;SP;116.0;230;SAO PAULO;Reação tardia ou ineficiente do condutor;Engavetamento;Com Vítimas Feridas;Plena Noite;Crescente;Nublado;Múltipla;Reta;Sim;3;0;1;0;2;0;1;3;-23,52251783;-46,5855702;SPRF-SP;DEL01-SP;UOP01-DEL01-SP;false
574787.0;2024-01-14;domingo;23:20:00;SP;116.0;219;GUARULHOS;Ausência de reação do condutor;Colisão traseira;Sem Vítimas;Plena Noite;Decrescente;Céu Claro;Múltipla;Reta;Sim;2;0;0;0;2;0;0;2;-23,46143954;-46,48885316;SPRF-SP;DEL01-SP;UOP01-DEL01-SP;false
574821.0;2024-01-15;segunda-feira;05:30:00;SP;116.0;51;LORENA;Curva acentuada;Colisão com objeto;Sem Vítimas;Amanhecer;Crescente;Céu Claro;Dupla;Reta;Não;2;0;0;0;2;0;0;1;-22,74157511;-45,09206392;SPRF-SP;DEL08-SP;UOP02-DEL08-SP;false
574827.0;2024-01-15;segunda-feira;00:45:00;SP;116.0;508;CAJATI;Reação tardia ou ineficiente do condutor;Saída de leito carroçável;Sem Vítimas;Plena Noite;Crescente;Céu Claro;Simples;Reta;Não;1;0;0;0;0;1;0;1;-24,81333299;-48,21310484;SPRF-SP;DEL05-SP;UOP02-DEL05-SP;false
574879.0;2024-01-15;segunda-feira;09:30:00;SP;101.0;41,8;UBATUBA;Manobra de mudança de faixa;Colisão lateral mesmo sentido;Com Vítimas Feridas;Pleno dia;Decrescente;Céu Claro;Simples;Reta;Não;3;0;2;0;1;0;2;2;-23,41597789;-45,03645658;SPRF-SP;DEL06-SP;UOP01-DEL06-SP;false
574932.0;2024-01-15;segunda-feira;16:40:00;SP;116.0;0;GUARULHOS;Reação tardia ou ineficiente do condutor;Tombamento;Com Vítimas Feridas;Pleno dia;Crescente;Céu Claro;Dupla;Reta;Não;2;0;2;0;0;0;2;2;-23,463257;-46,53373;SPRF-SP;DEL01-SP;UOP01-DEL01-SP;false
574980.0;2024-01-15;segunda-feira;19:33:00;SP;116.0;321;JUQUITIBA;Pedestre cruzava a pista fora da faixa;Atropelamento de Pedestre;Com Vítimas Fatais;Plena Noite;Decrescente;Ignorado;Dupla;Reta;Sim;6;1;0;1;3;1;1;2;-23,934612;-47,01729;SPRF-SP;DEL04-SP;UOP03-DEL04-SP;false
574988.0;2024-01-15;segunda-feira;21:20:00;SP;116.0;227;GUARULHOS;Iluminação deficiente;Colisão com objeto;Com Vítimas Feridas;Plena Noite;Decrescente;Nublado;Dupla;"Reta;Em Obras";Sim;2;0;1;0;0;1;1;2;-23,49659264;-46,55648754;SPRF-SP;DEL01-SP;UOP01-DEL01-SP;false
575023.0;2024-01-16;terça-feira;07:30:00;SP;116.0;210;GUARULHOS;Trafegar com motocicleta (ou similar) entre as faixas;Colisão lateral mesmo sentido;Com Vítimas Feridas;Pleno dia;Crescente;Céu Claro;Simples;Reta;Sim;2;0;1;0;1;0;1;2;-23,42870023;-46,41085991;SPRF-SP;DEL01-SP;UOP01-DEL01-SP;false
575025.0;2024-01-16;terça-feira;07:55:00;SP;116.0;209;GUARULHOS;Mal súbito do condutor;Saída de leito carroçável;Sem Vítimas;Pleno dia;Decrescente;Céu Claro;Dupla;Reta;Sim;1;0;0;0;1;0;0;1;-23,42511799;-46,40221101;SPRF-SP;DEL01-SP;UOP01-DEL01-SP;false
575026.0;2024-01-13;sábado;01:30:00;SP;381.0;52;ATIBAIA;Ausência de reação do condutor;Capotamento;Com Vítimas Feridas;Plena Noite;Decrescente;Chuva;Dupla;Reta;Sim;1;0;1;0;0;0;1;1;-23,2300622;-46,59963076;SPRF-SP;DEL03-SP;UOP01-DEL03-SP;false
575028.0;2024-01-16;terça-feira;07:40:00;SP;101.0;44,9;UBATUBA;Conversão proibida;Colisão transversal;Com Vítimas Feridas;Amanhecer;Crescente;Sol;Múltipla;Curva;Sim;2;0;1;0;1;0;1;2;-23,41014346;-45,06455371;SPRF-SP;DEL06-SP;UOP01-DEL06-SP;false
575039.0;2024-01-16;terça-feira;08:30:00;SP;116.0;217,9;GUARULHOS;Reação tardia ou ineficiente do condutor;Queda de ocupante de veículo;Com Vítimas Feridas;Pleno dia;Decrescente;Céu Claro;Múltipla;Aclive;Sim;1;0;1;0;0;0;1;1;-23,45423824;-46,47119028;SPRF-SP;DEL01-SP;UOP01-DEL01-SP;false
575046.0;2024-01-16;terça-feira;10:45:00;SP;116.0;219;GUARULHOS;Reação tardia ou ineficiente do condutor;Colisão traseira;Com Vítimas Feridas;Pleno dia;Crescente;Céu Claro;Múltipla;Reta;Sim;2;0;1;0;1;0;1;2;-23,46143954;-46,48885316;SPRF-SP;DEL01-SP;UOP01-DEL01-SP;false
575047.0;2024-01-16;terça-feira;09:40:00;SP;116.0;110,9;TAUBATE;Reação tardia ou ineficiente do condutor;Colisão traseira;Com Vítimas Feridas;Pleno dia;Crescente;Céu Claro;Dupla;Interseção de Vias;Sim;2;0;1;0;1;0;1;2;-23,03412614;-45,5526999;SPRF-SP;DEL02-SP;UOP02-DEL02-SP;false
575054.0;2024-01-16;terça-feira;10:30:00;SP;381.0;89;GUARULHOS;Acessar a via sem observar a presença dos outros veículos;Colisão lateral mesmo sentido;Com Vítimas Feridas;Pleno dia;Crescente;Céu Claro;Dupla;Reta;Sim;2;0;1;0;1;0;1;2;-23,48469299;-46,55983288;SPRF-SP;DEL03-SP;UOP01-DEL03-SP;false
575057.0;2024-01-16;terça-feira;11:30:00;SP;116.0;219;GUARULHOS;Condutor deixou de manter distância do veículo da frente;Colisão traseira;Com Vítimas Feridas;Pleno dia;Crescente;Céu Claro;Múltipla;Reta;Sim;2;0;1;0;1;0;1;2;-23,46143954;-46,48885316;SPRF-SP;DEL01-SP;UOP01-DEL01-SP;false
575121.0;2024-01-16;terça-feira;14:40:00;SP;116.0;109;TAUBATE;Ausência de reação do condutor;Tombamento;Com Vítimas Feridas;Pleno dia;Decrescente;Sol;Dupla;Reta;Sim;2;0;2;0;0;0;2;1;-23,02871304;-45,54517097;SPRF-SP;DEL02-SP;UOP02-DEL02-SP;false
575141.0;2024-01-16;terça-feira;15:10:00;SP;116.0;282;EMBU DAS ARTES;Acumulo de óleo sobre o pavimento;Queda de ocupante de veículo;Com Vítimas Fatais;Pleno dia;Decrescente;Céu Claro;Simples;"Aclive;Curva";Sim;2;1;0;0;1;0;0;2;-23,68570216;-46,85970975;SPRF-SP;DEL04-SP;UOP01-DEL04-SP;false
575155.0;2024-01-16;terça-feira;18:45:00;SP;116.0;501;CAJATI;Acessar a via sem observar a presença dos outros veículos;Colisão traseira;Com Vítimas Feridas;Anoitecer;Decrescente;Céu Claro;Dupla;Curva;Não;1;0;1;0;0;0;1;1;-24,77859381;-48,1923679;SPRF-SP;DEL05-SP;UOP02-DEL05-SP;false
575218.0;2024-01-17;quarta-feira;07:00:00;SP;116.0;226;GUARULHOS;Trafegar com motocicleta (ou similar) entre as faixas;Queda de ocupante de veículo;Com Vítimas Feridas;Amanhecer;Crescente;Nublado;Múltipla;Reta;Sim;1;0;1;0;0;0;1;1;-23,49102507;-46,54878195;SPRF-SP;DEL01-SP;UOP01-DEL01-SP;false
575237.0;2024-01-17;quarta-feira;07:50:00;SP;116.0;142,7;SAO JOSE DOS CAMPOS;Velocidade Incompatível;Colisão traseira;Com Vítimas Feridas;Pleno dia;Crescente;Céu Claro;Dupla;Reta;Sim;3;0;2;0;1;0;2;2;-23,17426078;-45,82940111;SPRF-SP;DEL02-SP;UOP01-DEL02-SP;false
575261.0;2024-01-17;quarta-feira;10:00:00;SP;116.0;152,9;SAO JOSE DOS CAMPOS;Reação tardia ou ineficiente do condutor;Colisão traseira;Com Vítimas Feridas;Pleno dia;Crescente;Sol;Múltipla;Reta;Não;2;0;1;0;1;0;1;2;-23,22620401;-45,90682999;SPRF-SP;DEL02-SP;UOP01-DEL02-SP;false
575322.0;2024-01-17;quarta-feira;16:00:00;SP;116.0;154;SAO JOSE DOS CAMPOS;Falta de acostamento;Colisão traseira;Com Vítimas Feridas;Pleno dia;Decrescente;Sol;Múltipla;"Reta;Aclive";Não;2;0;0;1;1;0;1;2;-23,23903999;-45,92061901;SPRF-SP;DEL02-SP;UOP01-DEL02-SP;false
575331.0;2024-01-17;quarta-feira;16:53:00;SP;101.0;36,6;UBATUBA;Trafegar com motocicleta (ou similar) entre as faixas;Colisão lateral mesmo sentido;Com Vítimas Feridas;Pleno dia;Crescente;Céu Claro;Simples;Reta;Não;3;0;2;0;1;0;2;2;-23,39663126;-45,01695985;SPRF-SP;DEL06-SP;UOP01-DEL06-SP;false
575337.0;2024-01-17;quarta-feira;16:10:00;SP;116.0;512;CAJATI;Reação tardia ou ineficiente do condutor;Capotamento;Com Vítimas Feridas;Pleno dia;Decrescente;Chuva;Simples;"Curva;Declive";Não;3;0;1;0;2;0;1;1;-24,84304306;-48,22027915;SPRF-SP;DEL05-SP;UOP02-DEL05-SP;false
575360.0;2024-01-17;quarta-feira;17:10:00;SP;116.0;545;BARRA DO TURVO;Reação tardia ou ineficiente do condutor;Colisão com objeto;Com Vítimas Feridas;Pleno dia;Crescente;Chuva;Simples;Curva;Não;3;0;1;0;2;0;1;1;-24,95016699;-48,42400302;SPRF-SP;DEL05-SP;UOP02-DEL05-SP;false
575365.0;2024-01-17;quarta-feira;19:40:00;SP;116.0;230;SAO PAULO;Reação tardia ou ineficiente do condutor;Queda de ocupante de veículo;Com Vítimas Feridas;Anoitecer;Decrescente;Céu Claro;Múltipla;Reta;Não;1;0;0;1;0;0;1;1;-23,52251783;-46,5855702;SPRF-SP;DEL01-SP;UOP01-DEL01-SP;false
575435.0;2024-01-18;quinta-feira;07:30:00;SP;116.0;285;ITAPECERICA DA SERRA;Condutor deixou de manter distância do veículo da frente;Colisão lateral mesmo sentido;Com Vítimas Feridas;Pleno dia;Decrescente;Nublado;Dupla;Reta;Não;2;0;1;0;1;0;1;2;-23,70407794;-46,87249709;SPRF-SP;DEL04-SP;UOP01-DEL04-SP;false
575458.0;2024-01-17;quarta-feira;18:30:00;SP;116.0;286;ITAPECERICA DA SERRA;Velocidade Incompatível;Queda de ocupante de veículo;Com Vítimas Feridas;Pleno dia;Decrescente;Garoa/Chuvisco;Dupla;Reta;Não;1;0;1;0;0;0;1;1;-23,70925128;-46,87588966;SPRF-SP;DEL04-SP;UOP01-DEL04-SP;false
575462.0;2024-01-18;quinta-feira;08:50:00;SP;116.0;221;GUARULHOS;Reação tardia ou ineficiente do condutor;Colisão traseira;Com Vítimas Feridas;Pleno dia;Decrescente;Céu Claro;Múltipla;Reta;Sim;3;0;1;0;2;0;1;3;-23,46802395;-46,50704901;SPRF-SP;DEL01-SP;UOP01-DEL01-SP;false
575463.0;2024-01-18;quinta-feira;09:00:00;SP;101.0;49;UBATUBA;Reação tardia ou ineficiente do condutor;Colisão transversal;Com Vítimas Feridas;Pleno dia;Crescente;Céu Claro;Dupla;Reta;Sim;5;0;1;0;4;0;1;2;-23,44410908;-45,08375708;SPRF-SP;DEL06-SP;UOP01-DEL06-SP;false
575477.0;2024-01-18;quinta-feira;11:00:00;SP;101.0;45;UBATUBA;Retorno proibido;Colisão transversal;Com Vítimas Feridas;Pleno dia;Decrescente;Nublado;Simples;Reta;Sim;3;0;1;0;2;0;1;2;-23,41779396;-45,06788408;SPRF-SP;DEL06-SP;UOP01-DEL06-SP;false
575479.0;2024-01-18;quinta-feira;09:50:00;SP;116.0;136,1;SAO JOSE DOS CAMPOS;Avarias e/ou desgaste excessivo no pneu;Tombamento;Com Vítimas Feridas;Pleno dia;Crescente;Céu Claro;Dupla;Reta;Não;2;0;2;0;0;0;2;1;-23,14874471;-45,77863714;SPRF-SP;DEL02-SP;UOP01-DEL02-SP;false
575481.0;2024-01-18;quinta-feira;09:55:00;SP;116.0;272;TABOAO DA SERRA;Ausência de reação do condutor;Colisão lateral mesmo sentido;Com Vítimas Feridas;Pleno dia;Decrescente;Céu Claro;Dupla;Reta;Não;1;0;1;0;0;0;1;1;-23,621691;-46,813288;SPRF-SP;DEL04-SP;UOP01-DEL04-SP;false
575548.0;2024-01-18;quinta-feira;18:10:00;SP;116.0;217;GUARULHOS;Reação tardia ou ineficiente do condutor;Colisão traseira;Com Vítimas Feridas;Anoitecer;Crescente;Nublado;Múltipla;Reta;Sim;2;0;1;0;1;0;1;2;-23,45423824;-46,47119028;SPRF-SP;DEL01-SP;UOP01-DEL01-SP;false
575551.0;2024-01-18;quinta-feira;17:10:00;SP;381.0;61;MAIRIPORA;Avarias e/ou desgaste excessivo no pneu;Colisão com objeto;Com Vítimas Feridas;Pleno dia;Decrescente;Chuva;Dupla;Curva;Não;1;0;1;0;0;0;1;1;-23,29011611;-46,5800681;SPRF-SP;DEL03-SP;UOP01-DEL03-SP;false
575553.0;2024-01-18;quinta-feira;17:30:00;SP;116.0;521;CAJATI;Chuva;Saída de leito carroçável;Com Vítimas Feridas;Pleno dia;Crescente;Chuva;Simples;"Curva;Aclive";Não;2;0;2;0;0;0;2;1;-24,92563316;-48,26567292;SPRF-SP;DEL05-SP;UOP02-DEL05-SP;false
575571.0;2024-01-18;quinta-feira;19:15:00;SP;101.0;51,9;UBATUBA;Acessar a via sem observar a presença dos outros veículos;Colisão transversal;Com Vítimas Feridas;Plena Noite;Crescente;Céu Claro;Simples;Reta;Sim;3;0;2;0;0;1;2;3;-23,46247575;-45,0648129;SPRF-SP;DEL06-SP;UOP01-DEL06-SP;false
575578.0;2024-01-18;quinta-feira;20:20:00;SP;116.0;222;GUARULHOS;Entrada inopinada do pedestre;Atropelamento de Pedestre;Com Vítimas Fatais;Plena Noite;Crescente;Nublado;Múltipla;Reta;Sim;2;1;0;0;1;0;0;2;-23,47093408;-46,51631097;SPRF-SP;DEL01-SP;UOP01-DEL01-SP;false
575616.0;2024-01-19;sexta-feira;03:00:00;SP;116.0;212;GUARULHOS;Acesso irregular;Capotamento;Com Vítimas Feridas;Plena Noite;Decrescente;Chuva;Múltipla;Reta;Sim;2;0;2;0;0;0;2;1;-23,43608315;-46,42805094;SPRF-SP;DEL01-SP;UOP01-DEL01-SP;false
575643.0;2024-01-19;sexta-feira;08:30:00;SP;116.0;439;REGISTRO;Acumulo de óleo sobre o pavimento;Tombamento;Com Vítimas Feridas;Pleno dia;Decrescente;Nublado;Simples;Curva;Sim;1;0;1;0;0;0;1;1;-24,45863497;-47,81421661;SPRF-SP;DEL05-SP;UOP01-DEL05-SP;false
575651.0;2024-01-19;sexta-feira;08:40:00;SP;116.0;439;REGISTRO;Pista Escorregadia;Queda de ocupante de veículo;Com Vítimas Feridas;Pleno dia;Decrescente;Nublado;Simples;"Aclive;Curva";Sim;1;0;1;0;0;0;1;1;-24,45842012;-47,81421661;SPRF-SP;DEL05-SP;UOP01-DEL05-SP;false
575652.0;2024-01-19;sexta-feira;08:50:00;SP;116.0;439;REGISTRO;Acumulo de óleo sobre o pavimento;Tombamento;Com Vítimas Feridas;Pleno dia;Decrescente;Nublado;Simples;Curva;Sim;1;0;1;0;0;0;1;1;-24,45859591;-47,81421661;SPRF-SP;DEL05-SP;UOP01-DEL05-SP;false
575665.0;2024-01-19;sexta-feira;10:00:00;SP;153.0;64;SAO JOSE DO RIO PRETO;Demais falhas mecânicas ou elétricas;Tombamento;Com Vítimas Feridas;Pleno dia;Crescente;Céu Claro;Dupla;Reta;Não;1;0;1;0;0;0;1;1;-20,82919401;-49,36046325;SPRF-SP;DEL09-SP;UOP01-DEL09-SP;false
575761.0;2024-01-19;sexta-feira;17:45:00;SP;116.0;227;GUARULHOS;Ausência de reação do condutor;Tombamento;Com Vítimas Feridas;Anoitecer;Decrescente;Chuva;Múltipla;Reta;Sim;1;0;1;0;0;0;1;1;-23,49659264;-46,55648754;SPRF-SP;DEL01-SP;UOP01-DEL01-SP;false
575813.0;2024-01-19;sexta-feira;21:00:00;SP;116.0;217;GUARULHOS;Acumulo de água sobre o pavimento;Queda de ocupante de veículo;Com Vítimas Feridas;Plena Noite;Decrescente;Chuva;Dupla;Reta;Não;1;0;1;0;0;0;1;1;-23,45423824;-46,47119028;SPRF-SP;DEL01-SP;UOP01-DEL01-SP;false
575861.0;2024-01-20;sábado;03:10:00;SP;116.0;145;SAO JOSE DOS CAMPOS;Velocidade Incompatível;Colisão traseira;Com Vítimas Feridas;Plena Noite;Decrescente;Nublado;Dupla;"Aclive;Reta";Sim;3;0;3;0;0;0;3;2;-23,1869844;-45,8548078;SPRF-SP;DEL02-SP;UOP01-DEL02-SP;false
575886.0;2024-01-20;sábado;07:25:00;SP;101.0;39;UBATUBA;Reação tardia ou ineficiente do condutor;Colisão traseira;Com Vítimas Feridas;Pleno dia;Decrescente;Nublado;Simples;"Aclive;Reta";Não;6;0;1;0;5;0;1;2;-23,41312274;-45,02386093;SPRF-SP;DEL06-SP;UOP01-DEL06-SP;false
575957.0;2024-01-20;sábado;14:30:00;SP;116.0;221;GUARULHOS;Trafegar com motocicleta (ou similar) entre as faixas;Colisão lateral mesmo sentido;Com Vítimas Feridas;Pleno dia;Crescente;Nublado;Múltipla;Reta;Sim;3;0;2;0;1;0;2;2;-23,46802395;-46,50704901;SPRF-SP;DEL01-SP;UOP01-DEL01-SP;false