id;data_inversa;dia_semana;horario;uf;br;km;municipio;causa_acidente;tipo_acidente;classificacao_acidente;fase_dia;sentido_via;condicao_metereologica;tipo_pista;tracado_via;uso_solo;pessoas;mortos;feridos_leves;feridos_graves;ilesos;ignorados;feridos;veiculos;latitude;longitude;regional;delegacia;uop;feriado
575975.0;2024-01-20;sábado;16:30:00;SP;116.0;505,8;CAJATI;Reação tardia ou ineficiente do condutor;Saída de leito carroçável;Com Vítimas Feridas;Pleno dia;Crescente;Chuva;Simples;Curva;Não;2;0;1;0;1;0;1;1;-24,79028098;-48,21075278;SPRF-SP;DEL05-SP;UOP02-DEL05-SP;false
575984.0;2024-01-20;sábado;16:30:00;SP;101.0;25;UBATUBA;Reação tardia ou ineficiente do condutor;Colisão lateral mesmo sentido;Com Vítimas Feridas;Pleno dia;Crescente;Céu Claro;Múltipla;Reta;Não;4;0;2;0;2;0;2;2;-23,35526999;-44,94599221;SPRF-SP;DEL06-SP;UOP01-DEL06-SP;false
576047.0;2024-01-20;sábado;20:30:00;SP;101.0;52;UBATUBA;Manobra de mudança de faixa;Colisão transversal;Com Vítimas Feridas;Plena Noite;Crescente;Chuva;Simples;Reta;Sim;2;0;1;0;1;0;1;2;-23,4623355;-45,06476561;SPRF-SP;DEL06-SP;UOP01-DEL06-SP;false
576050.0;2024-01-20;sábado;21:10:00;SP;101.0;44,3;UBATUBA;Acessar a via sem observar a presença dos outros veículos;Colisão transversal;Com Vítimas Feridas;Plena Noite;Decrescente;Nublado;Simples;Reta;Sim;3;0;1;0;2;0;1;2;-23,41014346;-45,06455371;SPRF-SP;DEL06-SP;UOP01-DEL06-SP;false
576052.0;2024-01-20;sábado;21:30:00;SP;381.0;70,5;MAIRIPORA;Reação tardia ou ineficiente do condutor;Colisão com objeto;Sem Vítimas;Plena Noite;Crescente;Chuva;Dupla;"Aclive;Curva";Não;3;0;0;0;3;0;0;1;-23,34959;-46,55326;SPRF-SP;DEL03-SP;UOP01-DEL03-SP;false
576083.0;2024-01-20;sábado;23:46:00;SP;381.0;59,1;MAIRIPORA;Reação tardia ou ineficiente do condutor;Colisão traseira;Sem Vítimas;Plena Noite;Decrescente;Garoa/Chuvisco;Múltipla;Curva;Não;4;0;0;0;4;0;0;2;-23,28270705;-46,58787791;SPRF-SP;DEL03-SP;UOP01-DEL03-SP;false
576128.0;2024-01-21;domingo;06:12:00;SP;116.0;224;GUARULHOS;Reação tardia ou ineficiente do condutor;Capotamento;Com Vítimas Feridas;Amanhecer;Crescente;Céu Claro;Múltipla;Reta;Sim;1;0;1;0;0;0;1;1;-23,48071896;-46,53271603;SPRF-SP;DEL01-SP;UOP01-DEL01-SP;false
576172.0;2024-01-21;domingo;08:30:00;SP;116.0;538;BARRA DO TURVO;Reação tardia ou ineficiente do condutor;Colisão com objeto;Com Vítimas Feridas;Pleno dia;Crescente;Chuva;Dupla;Curva;Não;3;0;2;0;1;0;2;1;-24,97172153;-48,37309592;SPRF-SP;DEL05-SP;UOP02-DEL05-SP;false
576229.0;2024-01-21;domingo;16:00:00;SP;116.0;514;CAJATI;Reação tardia ou ineficiente do condutor;Saída de leito carroçável;Com Vítimas Feridas;Pleno dia;Crescente;Chuva;Simples;"Aclive;Curva";Não;3;0;1;0;2;0;1;1;-24,85874304;-48,21731282;SPRF-SP;DEL05-SP;UOP02-DEL05-SP;false
576244.0;2024-01-21;domingo;17:30:00;SP;381.0;10;VARGEM;Ausência de reação do condutor;Saída de leito carroçável;Sem Vítimas;Pleno dia;Crescente;Garoa/Chuvisco;Simples;"Rotatória;Viaduto";Não;1;0;0;0;1;0;0;1;-22,92240388;-46,44345503;SPRF-SP;DEL03-SP;UOP02-DEL03-SP;false
576246.0;2024-01-21;domingo;16:20:00;SP;116.0;330;JUQUITIBA;Ausência de reação do condutor;Saída de leito carroçável;Com Vítimas Feridas;Pleno dia;Crescente;Chuva;Dupla;Curva;Não;1;0;1;0;0;0;1;1;-23,9442931;-47,09668891;SPRF-SP;DEL04-SP;UOP03-DEL04-SP;false
576272.0;2024-01-21;domingo;19:40:00;SP;116.0;541;BARRA DO TURVO;Velocidade Incompatível;Colisão com objeto;Com Vítimas Feridas;Plena Noite;Crescente;Chuva;Dupla;"Aclive;Curva";Não;2;0;2;0;0;0;2;1;-24,97245688;-48,39976606;SPRF-SP;DEL05-SP;UOP02-DEL05-SP;false
576301.0;2024-01-21;domingo;22:00:00;SP;153.0;64;SAO JOSE DO RIO PRETO;Reação tardia ou ineficiente do condutor;Saída de leito carroçável;Com Vítimas Feridas;Plena Noite;Crescente;Céu Claro;Simples;Curva;Não;1;0;1;0;0;0;1;1;-20,8290998;-49,36114848;SPRF-SP;DEL09-SP;UOP01-DEL09-SP;false
576314.0;2024-01-21;domingo;22:20:00;SP;116.0;548;BARRA DO TURVO;Reação tardia ou ineficiente do condutor;Saída de leito carroçável;Com Vítimas Feridas;Plena Noite;Crescente;Chuva;Simples;Curva;Não;2;0;1;0;1;0;1;1;-24,95470506;-48,45560002;SPRF-SP;DEL05-SP;UOP02-DEL05-SP;false
576328.0;2024-01-22;segunda-feira;04:20:00;SP;116.0;222;GUARULHOS;Reação tardia ou ineficiente do condutor;Colisão com objeto;Com Vítimas Feridas;Plena Noite;Crescente;Ignorado;Múltipla;Reta;Sim;6;0;1;2;3;0;3;4;-23,47093408;-46,51631097;SPRF-SP;DEL01-SP;UOP01-DEL01-SP;false
576343.0;2024-01-22;segunda-feira;05:30:00;SP;381.0;85;SAO PAULO;Demais falhas mecânicas ou elétricas;Incêndio;Sem Vítimas;Amanhecer;Decrescente;Céu Claro;Dupla;"Aclive;Reta;Viaduto";Sim;1;0;0;0;0;1;0;1;-23,449343;-46,56983501;SPRF-SP;DEL03-SP;UOP01-DEL03-SP;false
576347.0;2024-01-22;segunda-feira;06:40:00;SP;101.0;49,3;UBATUBA;Animais na Pista;Colisão traseira;Com Vítimas Feridas;Pleno dia;Decrescente;Chuva;Simples;Reta;Não;2;0;1;0;1;0;1;2;-23,44410908;-45,08375708;SPRF-SP;DEL06-SP;UOP01-DEL06-SP;false
576392.0;2024-01-22;segunda-feira;10:00:00;SP;116.0;59,9;GUARATINGUETA;Demais falhas mecânicas ou elétricas;Queda de ocupante de veículo;Com Vítimas Feridas;Pleno dia;Decrescente;Nublado;Dupla;Declive;Sim;2;0;2;0;0;0;2;1;-22,78555649;-45,15339465;SPRF-SP;DEL08-SP;UOP01-DEL08-SP;false
576397.0;2024-01-22;segunda-feira;09:52:00;SP;116.0;224;GUARULHOS;Reação tardia ou ineficiente do condutor;Colisão lateral mesmo sentido;Com Vítimas Feridas;Pleno dia;Crescente;Nublado;Múltipla;Reta;Não;2;0;1;0;0;1;1;2;-23,48071896;-46,53271603;SPRF-SP;DEL01-SP;UOP01-DEL01-SP;false
576439.0;2024-01-22;segunda-feira;14:49:00;SP;116.0;279;EMBU DAS ARTES;Demais falhas mecânicas ou elétricas;Incêndio;Sem Vítimas;Pleno dia;Crescente;Céu Claro;Dupla;Reta;Sim;1;0;0;0;1;0;0;1;-23,66233697;-46,85292907;SPRF-SP;DEL04-SP;UOP01-DEL04-SP;false
576446.0;2024-01-22;segunda-feira;15:00:00;SP;153.0;37;ONDA VERDE;Ausência de reação do condutor;Colisão traseira;Com Vítimas Feridas;Pleno dia;Crescente;Nublado;Simples;Reta;Não;2;0;1;0;1;0;1;2;-20,59800483;-49,31715452;SPRF-SP;DEL09-SP;UOP01-DEL09-SP;false
576458.0;2024-01-22;segunda-feira;16:30:00;SP;116.0;227;GUARULHOS;Demais falhas mecânicas ou elétricas;Incêndio;Sem Vítimas;Anoitecer;Decrescente;Céu Claro;Múltipla;Declive;Sim;1;0;0;0;1;0;0;1;-23,49659264;-46,55648754;SPRF-SP;DEL01-SP;UOP01-DEL01-SP;false
576465.0;2024-01-22;segunda-feira;17:10:00;SP;116.0;227;SAO PAULO;Reação tardia ou ineficiente do condutor;Colisão lateral mesmo sentido;Sem Vítimas;Pleno dia;Crescente;Nublado;Múltipla;Declive;Sim;2;0;0;0;2;0;0;2;-23,49659264;-46,55648754;SPRF-SP;DEL01-SP;UOP01-DEL01-SP;false
576473.0;2024-01-22;segunda-feira;16:45:00;SP;116.0;227;GUARULHOS;Avarias e/ou desgaste excessivo no pneu;Queda de ocupante de veículo;Com Vítimas Feridas;Pleno dia;Crescente;Nublado;Dupla;Reta;Sim;2;0;2;0;0;0;2;1;-23,49659264;-46,55648754;SPRF-SP;DEL01-SP;UOP01-DEL01-SP;false
576508.0;2024-01-22;segunda-feira;20:30:00;SP;116.0;220;GUARULHOS;Condutor deixou de manter distância do veículo da frente;Colisão traseira;Com Vítimas Feridas;Plena Noite;Decrescente;Céu Claro;Múltipla;Reta;Sim;5;0;3;0;1;1;3;3;-23,46472809;-46,49793962;SPRF-SP;DEL01-SP;UOP01-DEL01-SP;false
576525.0;2024-01-22;segunda-feira;22:03:00;SP;116.0;229;SAO PAULO;Reação tardia ou ineficiente do condutor;Colisão lateral mesmo sentido;Com Vítimas Feridas;Plena Noite;Decrescente;Nublado;Múltipla;Reta;Sim;2;0;0;1;0;1;1;2;-23,51291902;-46,57604698;SPRF-SP;DEL01-SP;UOP01-DEL01-SP;false
576559.0;2024-01-23;terça-feira;06:50:00;SP;116.0;219;GUARULHOS;Reação tardia ou ineficiente do condutor;Colisão lateral mesmo sentido;Com Vítimas Feridas;Pleno dia;Crescente;Chuva;Múltipla;Reta;Sim;2;0;1;0;1;0;1;2;-23,46143954;-46,48885316;SPRF-SP;DEL01-SP;UOP01-DEL01-SP;false
576564.0;2024-01-23;terça-feira;07:00:00;SP;116.0;210;GUARULHOS;Reação tardia ou ineficiente do condutor;Colisão lateral mesmo sentido;Com Vítimas Feridas;Pleno dia;Crescente;Nublado;Múltipla;Aclive;Sim;2;0;1;0;0;1;1;2;-23,42870023;-46,41085991;SPRF-SP;DEL01-SP;UOP01-DEL01-SP;false
576654.0;2024-01-23;terça-feira;09:50:00;SP;153.0;257,7;MARILIA;Ausência de reação do condutor;Saída de leito carroçável;Com Vítimas Feridas;Pleno dia;Decrescente;Céu Claro;Dupla;Reta;Sim;1;0;1;0;0;0;1;1;-22,24691225;-49,92049031;SPRF-SP;DEL07-SP;UOP02-DEL07-SP;false
576661.0;2024-01-23;terça-feira;16:01:00;SP;116.0;37,8;CACHOEIRA PAULISTA;Chuva;Colisão com objeto;Sem Vítimas;Pleno dia;Decrescente;Chuva;Dupla;Curva;Sim;1;0;0;0;1;0;0;1;-22,67026579;-44,99183604;SPRF-SP;DEL08-SP;UOP02-DEL08-SP;false
576667.0;2024-01-19;sexta-feira;21:50:00;SP;116.0;217;GUARULHOS;Iluminação deficiente;Colisão com objeto;Sem Vítimas;Plena Noite;Decrescente;Garoa/Chuvisco;Múltipla;Reta;Sim;3;0;0;0;3;0;0;1;-23,45423824;-46,47119028;SPRF-SP;DEL01-SP;UOP01-DEL01-SP;false
576714.0;2024-01-23;terça-feira;20:00:00;SP;116.0;231;SAO PAULO;Demais falhas mecânicas ou elétricas;Incêndio;Sem Vítimas;Plena Noite;Decrescente;Nublado;Múltipla;Reta;Não;1;0;0;0;1;0;0;1;-23,5290581;-46,59398303;SPRF-SP;DEL01-SP;UOP01-DEL01-SP;false
576788.0;2024-01-24;quarta-feira;11:25:00;SP;116.0;227;SAO PAULO;Trafegar com motocicleta (ou similar) entre as faixas;Tombamento;Com Vítimas Feridas;Pleno dia;Crescente;Céu Claro;Múltipla;Reta;Sim;1;0;0;1;0;0;1;1;-23,49659264;-46,55648754;SPRF-SP;DEL01-SP;UOP01-DEL01-SP;false
576789.0;2024-01-24;quarta-feira;11:10:00;SP;153.0;61,8;SAO JOSE DO RIO PRETO;Condutor deixou de manter distância do veículo da frente;Colisão traseira;Com Vítimas Feridas;Pleno dia;Crescente;Sol;Dupla;Aclive;Não;3;0;1;0;2;0;1;3;-20,80502876;-49,35574909;SPRF-SP;DEL09-SP;UOP01-DEL09-SP;false
576797.0;2024-01-24;quarta-feira;12:00:00;SP;488.0;1;APARECIDA;Ausência de reação do condutor;Colisão traseira;Com Vítimas Feridas;Pleno dia;Decrescente;Céu Claro;Dupla;Reta;Sim;3;0;2;0;1;0;2;2;-22,850164;-45,231808;SPRF-SP;DEL08-SP;UOP01-DEL08-SP;false
576798.0;2024-01-24;quarta-feira;10:32:00;SP;116.0;509;CAJATI;Reação tardia ou ineficiente do condutor;Saída de leito carroçável;Com Vítimas Feridas;Pleno dia;Decrescente;Nublado;Dupla;Curva;Não;2;0;1;0;1;0;1;1;-24,82178987;-48,21419034;SPRF-SP;DEL05-SP;UOP02-DEL05-SP;false
576812.0;2024-01-24;quarta-feira;13:45:00;SP;116.0;214;GUARULHOS;Reação tardia ou ineficiente do condutor;Colisão traseira;Com Vítimas Feridas;Pleno dia;Crescente;Nublado;Múltipla;Reta;Sim;2;0;1;0;1;0;1;2;-23,44333014;-46,44531294;SPRF-SP;DEL01-SP;UOP01-DEL01-SP;false
576831.0;2024-01-24;quarta-feira;14:00:00;SP;116.0;398;MIRACATU;Acumulo de água sobre o pavimento;Saída de leito carroçável;Com Vítimas Feridas;Pleno dia;Decrescente;Chuva;Dupla;Reta;Não;2;0;2;0;0;0;2;1;-24,30085222;-47,48456072;SPRF-SP;DEL04-SP;UOP02-DEL04-SP;false
576834.0;2024-01-24;quarta-feira;15:00:00;SP;116.0;283,5;EMBU DAS ARTES;Acessar a via sem observar a presença dos outros veículos;Colisão transversal;Com Vítimas Feridas;Pleno dia;Crescente;Nublado;Dupla;Reta;Sim;2;0;2;0;0;0;2;2;-23,69297005;-46,86352786;SPRF-SP;DEL04-SP;UOP01-DEL04-SP;false
576846.0;2024-01-24;quarta-feira;16:15:00;SP;116.0;476,5;JACUPIRANGA;Ultrapassagem Indevida;Colisão lateral mesmo sentido;Com Vítimas Feridas;Pleno dia;Decrescente;Chuva;Simples;Reta;Sim;2;0;1;0;1;0;1;2;-24,6928255;-47,99567352;SPRF-SP;DEL05-SP;UOP01-DEL05-SP;false
576871.0;2024-01-24;quarta-feira;19:30:00;SP;116.0;215;GUARULHOS;Reação tardia ou ineficiente do condutor;Colisão traseira;Com Vítimas Feridas;Plena Noite;Decrescente;Nublado;Múltipla;"Reta;Declive";Sim;2;0;1;0;1;0;1;2;-23,44695693;-46,45394103;SPRF-SP;DEL01-SP;UOP01-DEL01-SP;false
576906.0;2024-01-24;quarta-feira;23:45:00;SP;381.0;0,5;VARGEM;Objeto estático sobre o leito carroçável;Colisão traseira;Com Vítimas Feridas;Plena Noite;Decrescente;Nublado;Múltipla;Curva;Sim;7;0;2;0;5;0;2;2;-22,878674;-46,372143;SPRF-SP;DEL03-SP;UOP02-DEL03-SP;false
576918.0;2024-01-25;quinta-feira;05:07:00;SP;116.0;282;EMBU DAS ARTES;Reação tardia ou ineficiente do condutor;Colisão com objeto;Com Vítimas Feridas;Amanhecer;Crescente;Céu Claro;Simples;Curva;Sim;2;0;2;0;0;0;2;1;-23,68570216;-46,85970975;SPRF-SP;DEL04-SP;UOP01-DEL04-SP;false
576942.0;2024-01-25;quinta-feira;06:20:00;SP;116.0;126;CACAPAVA;Velocidade Incompatível;Colisão com objeto;Sem Vítimas;Pleno dia;Crescente;Céu Claro;Dupla;"Aclive;Reta";Sim;1;0;0;0;0;1;0;1;-23,10433057;-45,69425762;SPRF-SP;DEL02-SP;UOP02-DEL02-SP;false
576959.0;2024-01-25;quinta-feira;10:20:00;SP;116.0;269;TABOAO DA SERRA;Reação tardia ou ineficiente do condutor;Tombamento;Com Vítimas Feridas;Pleno dia;Crescente;Chuva;Dupla;Retorno Regulamentado;Sim;2;0;1;0;1;0;1;2;-23,61593059;-46,78826044;SPRF-SP;DEL04-SP;UOP01-DEL04-SP;false
576972.0;2024-01-25;quinta-feira;11:20:00;SP;116.0;509;CAJATI;Reação tardia ou ineficiente do condutor;Saída de leito carroçável;Com Vítimas Feridas;Pleno dia;Crescente;Chuva;Simples;Curva;Não;2;0;1;0;1;0;1;1;-24,82178987;-48,21419034;SPRF-SP;DEL05-SP;UOP02-DEL05-SP;false
576986.0;2024-01-25;quinta-feira;12:05:00;SP;116.0;117,1;TAUBATE;Reação tardia ou ineficiente do condutor;Colisão lateral mesmo sentido;Com Vítimas Feridas;Pleno dia;Decrescente;Nublado;Dupla;Reta;Sim;2;0;1;0;1;0;1;2;-23,0582298;-45,6176951;SPRF-SP;DEL02-SP;UOP02-DEL02-SP;false
576989.0;2024-01-25;quinta-feira;13:00:00;SP;116.0;95,2;PINDAMONHANGABA;Ausência de reação do condutor;Tombamento;Com Vítimas Feridas;Pleno dia;Decrescente;Céu Claro;Dupla;Reta;Não;2;0;2;0;0;0;2;1;-22,96514512;-45,43013094;SPRF-SP;DEL08-SP;UOP01-DEL08-SP;false
576992.0;2024-01-25;quinta-feira;13:30:00;SP;116.0;394;MIRACATU;Avarias e/ou desgaste excessivo no pneu;Saída de leito carroçável;Com Vítimas Feridas;Pleno dia;Crescente;Garoa/Chuvisco;Dupla;Reta;Sim;1;0;1;0;0;0;1;1;-24,28717454;-47,45143994;SPRF-SP;DEL04-SP;UOP02-DEL04-SP;false
576994.0;2024-01-25;quinta-feira;12:55:00;SP;116.0;6,7;QUELUZ;Reação tardia ou ineficiente do condutor;Colisão traseira;Com Vítimas Feridas;Pleno dia;Crescente;Céu Claro;Dupla;Curva;Não;3;0;2;0;1;0;2;2;-22,53158181;-44,75374706;SPRF-SP;DEL08-SP;UOP02-DEL08-SP;false
577005.0;2024-01-25;quinta-feira;13:30:00;SP;116.0;561;BARRA DO TURVO;Reação tardia ou ineficiente do condutor;Saída de leito carroçável;Com Vítimas Fatais;Pleno dia;Decrescente;Chuva;Dupla;"Curva;Aclive";Não;7;1;4;0;1;1;4;2;-25,02045097;-48,51586004;SPRF-SP;DEL05-SP;UOP02-DEL05-SP;false
577023.0;2024-01-25;quinta-feira;16:00:00;SP;116.0;282;EMBU DAS ARTES;Trafegar com motocicleta (ou similar) entre as faixas;Colisão lateral mesmo sentido;Com Vítimas Feridas;Pleno dia;Decrescente;Chuva;Dupla;Reta;Não;2;0;2;0;0;0;2;2;-23,68570216;-46,85970975;SPRF-SP;DEL04-SP;UOP01-DEL04-SP;false
577058.0;2024-01-25;quinta-feira;17:00:00;SP;116.0;564;BARRA DO TURVO;Reação tardia ou ineficiente do condutor;Colisão com objeto;Com Vítimas Feridas;Pleno dia;Crescente;Garoa/Chuvisco;Simples;"Curva;Aclive";Não;3;0;3;0;0;0;3;1;-25,03458919;-48,53543877;SPRF-SP;DEL05-SP;UOP02-DEL05-SP;false
577062.0;2024-01-25;quinta-feira;19:40:00;SP;116.0;153;SAO JOSE DOS CAMPOS;Reação tardia ou ineficiente do condutor;Tombamento;Com Vítimas Feridas;Plena Noite;Crescente;Garoa/Chuvisco;Simples;Reta;Sim;1;0;1;0;0;0;1;1;-23,23262274;-45,91372624;SPRF-SP;DEL02-SP;UOP01-DEL02-SP;false
577070.0;2024-01-25;quinta-feira;16:55:00;SP;116.0;455;REGISTRO;Ausência de reação do condutor;Saída de leito carroçável;Com Vítimas Fatais;Pleno dia;Decrescente;Nublado;Dupla;Curva;Não;1;1;0;0;0;0;0;1;-24,57253407;-47,88134891;SPRF-SP;DEL05-SP;UOP01-DEL05-SP;false
577104.0;2024-01-25;quinta-feira;22:15:00;SP;101.0;50;UBATUBA;Conversão proibida;Colisão lateral mesmo sentido;Com Vítimas Feridas;Plena Noite;Crescente;Chuva;Simples;Reta;Não;2;0;1;0;1;0;1;2;-23,45018939;-45,07743735;SPRF-SP;DEL06-SP;UOP01-DEL06-SP;false
577105.0;2024-01-25;quinta-feira;22:30:00;SP;101.0;47,1;UBATUBA;Entrada inopinada do pedestre;Atropelamento de Pedestre;Com Vítimas Feridas;Plena Noite;Crescente;Chuva;Simples;Reta;Sim;2;0;1;0;0;1;1;2;-23,429897;-45,082436;SPRF-SP;DEL06-SP;UOP01-DEL06-SP;false
577116.0;2024-01-26;sexta-feira;05:40:00;SP;116.0;218;GUARULHOS;Reação tardia ou ineficiente do condutor;Colisão com objeto;Com Vítimas Feridas;Amanhecer;Decrescente;Céu Claro;Múltipla;"Reta;Aclive";Não;1;0;0;1;0;0;1;1;-23,457972;-46,479927;SPRF-SP;DEL01-SP;UOP01-DEL01-SP;false
577150.0;2024-01-26;sexta-feira;09:00:00;SP;116.0;168,3;JACAREI;Manobra de mudança de faixa;Colisão lateral mesmo sentido;Com Vítimas Feridas;Pleno dia;Decrescente;Nublado;Dupla;"Reta;Declive";Sim;3;0;0;1;2;0;1;2;-23,30545902;-46,03567599;SPRF-SP;DEL02-SP;UOP01-DEL02-SP;false
577182.0;2024-01-26;sexta-feira;12:35:00;SP;116.0;488;CAJATI;Ausência de reação do condutor;Capotamento;Com Vítimas Feridas;Pleno dia;Crescente;Chuva;Dupla;Curva;Sim;2;0;1;0;1;0;1;1;-24,73097634;-48,09815591;SPRF-SP;DEL05-SP;UOP01-DEL05-SP;false
577191.0;2024-01-26;sexta-feira;13:30:00;SP;116.0;123;CACAPAVA;Reação tardia ou ineficiente do condutor;Saída de leito carroçável;Com Vítimas Feridas;Pleno dia;Crescente;Garoa/Chuvisco;Dupla;Reta;Não;2;0;1;1;0;0;2;1;-23,08754228;-45,66969781;SPRF-SP;DEL02-SP;UOP02-DEL02-SP;false
577193.0;2024-01-26;sexta-feira;13:55:00;SP;116.0;274;TABOAO DA SERRA;Acumulo de areia ou detritos sobre o pavimento;Tombamento;Com Vítimas Feridas;Pleno dia;Crescente;Nublado;Dupla;Interseção de Vias;Sim;2;0;1;0;0;1;1;2;-23,63445084;-46,82418514;SPRF-SP;DEL04-SP;UOP01-DEL04-SP;false
577201.0;2024-01-25;quinta-feira;15:55:00;SP;116.0;482,2;JACUPIRANGA;Ausência de reação do condutor;Saída de leito carroçável;Com Vítimas Feridas;Pleno dia;Decrescente;Garoa/Chuvisco;Dupla;Reta;Não;1;0;1;0;0;0;1;1;-24,72213327;-48,04339385;SPRF-SP;DEL05-SP;UOP01-DEL05-SP;false
577227.0;2024-01-26;sexta-feira;17:10:00;SP;381.0;47;ATIBAIA;Ausência de reação do condutor;Queda de ocupante de veículo;Com Vítimas Feridas;Pleno dia;Crescente;Céu Claro;Dupla;Reta;Sim;1;0;1;0;0;0;1;1;-23,18904617;-46,58407757;SPRF-SP;DEL03-SP;UOP01-DEL03-SP;false
577235.0;2024-01-26;sexta-feira;17:55:00;SP;153.0;86;MIRASSOL;Ingestão de álcool pelo condutor;Colisão traseira;Sem Vítimas;Pleno dia;Decrescente;Céu Claro;Simples;"Declive;Reta;Em Obras";Não;4;0;0;0;4;0;0;2;-20,94035079;-49,52635316;SPRF-SP;DEL09-SP;UOP01-DEL09-SP;false
577239.0;2024-01-26;sexta-feira;18:10:00;SP;116.0;204;GUARULHOS;Frear bruscamente;Colisão traseira;Com Vítimas Feridas;Pleno dia;Decrescente;Céu Claro;Múltipla;Reta;Não;2;0;1;0;1;0;1;2;-23,41236123;-46,35692496;SPRF-SP;DEL01-SP;UOP01-DEL01-SP;false
577249.0;2024-01-26;sexta-feira;18:50:00;SP;116.0;289;ITAPECERICA DA SERRA;Frear bruscamente;Tombamento;Com Vítimas Feridas;Plena Noite;Decrescente;Nublado;Dupla;Curva;Não;3;0;3;0;0;0;3;1;-23,72290969;-46,89096614;SPRF-SP;DEL04-SP;UOP01-DEL04-SP;false
577303.0;2024-01-27;sábado;00:30:00;SP;116.0;107;TAUBATE;Animais na Pista;Atropelamento de Animal;Com Vítimas Feridas;Plena Noite;Decrescente;Nublado;Dupla;Reta;Sim;1;0;0;1;0;0;1;1;-23,01791287;-45,53009409;SPRF-SP;DEL02-SP;UOP02-DEL02-SP;false
577327.0;2024-01-27;sábado;06:50:00;SP;116.0;210;GUARULHOS;Trafegar com motocicleta (ou similar) entre as faixas;Colisão lateral mesmo sentido;Com Vítimas Feridas;Pleno dia;Crescente;Céu Claro;Múltipla;Reta;Sim;2;0;1;0;0;1;1;2;-23,42870023;-46,41085991;SPRF-SP;DEL01-SP;UOP01-DEL01-SP;false
577328.0;2024-01-27;sábado;07:00:00;SP;116.0;207;GUARULHOS;Manobra de mudança de faixa;Colisão lateral mesmo sentido;Com Vítimas Feridas;Pleno dia;Crescente;Nublado;Dupla;Reta;Sim;3;0;2;0;1;0;2;2;-23,41722629;-46,37510292;SPRF-SP;DEL01-SP;UOP01-DEL01-SP;false
577337.0;2024-01-27;sábado;08:25:00;SP;116.0;141,7;SAO JOSE DOS CAMPOS;Condutor deixou de manter distância do veículo da frente;Colisão traseira;Com Vítimas Feridas;Pleno dia;Decrescente;Céu Claro;Dupla;Reta;Sim;3;0;1;1;0;1;2;2;-23,17004717;-45,82091491;SPRF-SP;DEL02-SP;UOP01-DEL02-SP;false
577338.0;2024-01-27;sábado;07:15:00;SP;381.0;2;VARGEM;Transitar no Acostamento;Colisão lateral mesmo sentido;Com Vítimas Feridas;Pleno dia;Crescente;Sol;Dupla;Curva;Não;3;0;2;0;1;0;2;2;-22,88187369;-46,39059388;SPRF-SP;DEL03-SP;UOP02-DEL03-SP;false
577344.0;2024-01-27;sábado;09:15:00;SP;116.0;226,1;GUARULHOS;Avarias e/ou desgaste excessivo no pneu;Tombamento;Com Vítimas Feridas;Pleno dia;Decrescente;Nublado;Múltipla;"Reta;Aclive";Sim;2;0;2;0;0;0;2;1;-23,49102507;-46,54878195;SPRF-SP;DEL01-SP;UOP01-DEL01-SP;false
577374.0;2024-01-27;sábado;10:00:00;SP;116.0;505,5;CAJATI;Animais na Pista;Atropelamento de Animal;Com Vítimas Feridas;Pleno dia;Crescente;Céu Claro;Simples;"Curva;Declive";Não;2;0;1;0;1;0;1;1;-24,79028098;-48,21075278;SPRF-SP;DEL05-SP;UOP02-DEL05-SP;false
577393.0;2024-01-27;sábado;13:50:00;SP;116.0;224;GUARULHOS;Demais falhas mecânicas ou elétricas;Queda de ocupante de veículo;Com Vítimas Feridas;Pleno dia;Crescente;Céu Claro;Múltipla;Reta;Sim;2;0;2;0;0;0;2;1;-23,47559815;-46,5246609;SPRF-SP;DEL01-SP;UOP01-DEL01-SP;false
577400.0;2024-01-27;sábado;14:45:00;SP;381.0;26;ATIBAIA;Acumulo de água sobre o pavimento;Colisão com objeto;Com Vítimas Feridas;Pleno dia;Crescente;Céu Claro;Dupla;Aclive;Não;2;0;1;0;1;0;1;1;-23,02679312;-46,53612988;SPRF-SP;DEL03-SP;UOP02-DEL03-SP;false
577407.0;2024-01-27;sábado;14:57:00;SP;116.0;122;CACAPAVA;Demais falhas mecânicas ou elétricas;Incêndio;Sem Vítimas;Pleno dia;Decrescente;Chuva;Dupla;Reta;Não;1;0;0;0;1;0;0;1;-23,08192414;-45,66154591;SPRF-SP;DEL02-SP;UOP02-DEL02-SP;false
577412.0;2024-01-27;sábado;14:45:00;SP;101.0;52;UBATUBA;Acumulo de areia ou detritos sobre o pavimento;Tombamento;Com Vítimas Feridas;Pleno dia;Decrescente;Chuva;Simples;Rotatória;Sim;2;0;2;0;0;0;2;1;-23,46252016;-45,06438959;SPRF-SP;DEL06-SP;UOP01-DEL06-SP;false
577505.0;2024-01-28;domingo;00:40:00;SP;116.0;69,2;APARECIDA;Ingestão de álcool pelo condutor;Colisão frontal;Com Vítimas Feridas;Plena Noite;Decrescente;Céu Claro;Dupla;"Declive;Curva";Sim;10;0;1;0;9;0;1;3;-22,84017188;-45,22364349;SPRF-SP;DEL08-SP;UOP01-DEL08-SP;false
577525.0;2024-01-28;domingo;04:00:00;SP;116.0;216;GUARULHOS;Ingestão de álcool pelo condutor;Tombamento;Com Vítimas Feridas;Plena Noite;Decrescente;Nublado;Múltipla;Reta;Não;1;0;0;1;0;0;1;1;-23,45056589;-46,46258105;SPRF-SP;DEL01-SP;UOP01-DEL01-SP;false