id;data_inversa;dia_semana;horario;uf;br;km;municipio;causa_acidente;tipo_acidente;classificacao_acidente;fase_dia;sentido_via;condicao_metereologica;tipo_pista;tracado_via;uso_solo;pessoas;mortos;feridos_leves;feridos_graves;ilesos;ignorados;feridos;veiculos;latitude;longitude;regional;delegacia;uop;feriado
577527.0;2024-01-28;domingo;06:30:00;SP;116.0;157;SAO JOSE DOS CAMPOS;Ausência de reação do condutor;Saída de leito carroçável;Sem Vítimas;Amanhecer;Decrescente;Céu Claro;Múltipla;Reta;Sim;1;0;0;0;0;1;0;1;-23,25558031;-45,9437828;SPRF-SP;DEL02-SP;UOP01-DEL02-SP;false
577587.0;2024-01-28;domingo;13:20:00;SP;101.0;15,2;UBATUBA;Manobra de mudança de faixa;Colisão frontal;Com Vítimas Feridas;Pleno dia;Crescente;Chuva;Simples;"Reta;Interseção de Vias";Não;4;0;2;0;2;0;2;2;-23,33509719;-44,88011527;SPRF-SP;DEL06-SP;UOP01-DEL06-SP;false
577630.0;2024-01-28;domingo;18:01:00;SP;153.0;67;SAO JOSE DO RIO PRETO;Condutor deixou de manter distância do veículo da frente;Colisão traseira;Com Vítimas Feridas;Anoitecer;Crescente;Céu Claro;Dupla;Reta;Sim;2;0;1;0;0;1;1;2;-20,84853593;-49,37585608;SPRF-SP;DEL09-SP;UOP01-DEL09-SP;false
577666.0;2024-01-28;domingo;17:15:00;SP;116.0;108,5;TAUBATE;Entrada inopinada do pedestre;Atropelamento de Pedestre;Com Vítimas Feridas;Pleno dia;Crescente;Nublado;Dupla;"Reta;Aclive";Sim;2;0;1;0;1;0;1;2;-23,0233097;-45,53763622;SPRF-SP;DEL02-SP;UOP02-DEL02-SP;false
577675.0;2024-01-28;domingo;20:40:00;SP;116.0;447;REGISTRO;Ausência de reação do condutor;Colisão traseira;Com Vítimas Feridas;Plena Noite;Decrescente;Céu Claro;Dupla;Reta;Não;2;0;0;1;1;0;1;2;-24,51285376;-47,85054871;SPRF-SP;DEL05-SP;UOP01-DEL05-SP;false
577737.0;2024-01-29;segunda-feira;06:00:00;SP;116.0;210;GUARULHOS;Ausência de reação do condutor;Colisão lateral mesmo sentido;Com Vítimas Feridas;Pleno dia;Crescente;Nublado;Múltipla;Reta;Sim;2;0;2;0;0;0;2;2;-23,42870023;-46,41085991;SPRF-SP;DEL01-SP;UOP01-DEL01-SP;false
577745.0;2024-01-29;segunda-feira;03:00:00;SP;116.0;144;SAO JOSE DOS CAMPOS;Frear bruscamente;Capotamento;Com Vítimas Feridas;Plena Noite;Decrescente;Nublado;Múltipla;Reta;Sim;1;0;1;0;0;0;1;1;-23,18274416;-45,84633592;SPRF-SP;DEL02-SP;UOP01-DEL02-SP;false
577786.0;2024-01-10;quarta-feira;18:11:00;SP;381.0;60;MAIRIPORA;Ausência de reação do condutor;Capotamento;Com Vítimas Feridas;Pleno dia;Crescente;Nublado;Dupla;Curva;Não;1;0;1;0;0;0;1;1;-23,28957673;-46,58729853;SPRF-SP;DEL03-SP;UOP01-DEL03-SP;false
577799.0;2024-01-29;segunda-feira;13:00:00;SP;101.0;47;UBATUBA;Ausência de reação do condutor;Colisão traseira;Sem Vítimas;Pleno dia;Decrescente;Céu Claro;Simples;Reta;Sim;2;0;0;0;2;0;0;2;-23,43434201;-45,08616328;SPRF-SP;DEL06-SP;UOP01-DEL06-SP;false
577812.0;2024-01-29;segunda-feira;14:45:00;SP;116.0;222,8;GUARULHOS;Manobra de mudança de faixa;Colisão lateral mesmo sentido;Com Vítimas Feridas;Pleno dia;Decrescente;Céu Claro;Múltipla;Reta;Sim;4;0;2;0;2;0;2;2;-23,47093408;-46,51631097;SPRF-SP;DEL01-SP;UOP01-DEL01-SP;false
577876.0;2024-01-29;segunda-feira;14:45:00;SP;116.0;433;REGISTRO;Demais Fenômenos da natureza;Queda de ocupante de veículo;Com Vítimas Fatais;Pleno dia;Crescente;Chuva;Dupla;Reta;Não;1;1;0;0;0;0;0;1;-24,42030004;-47,77032299;SPRF-SP;DEL05-SP;UOP01-DEL05-SP;false
577898.0;2024-01-29;segunda-feira;17:40:00;SP;116.0;187;SANTA ISABEL;Mal súbito do condutor;Queda de ocupante de veículo;Com Vítimas Feridas;Pleno dia;Crescente;Céu Claro;Dupla;"Reta;Declive";Não;1;0;1;0;0;0;1;1;-23,35713072;-46,20737811;SPRF-SP;DEL01-SP;UOP01-DEL01-SP;false
577915.0;2024-01-30;terça-feira;00:20:00;SP;116.0;230;SAO PAULO;Ausência de reação do condutor;Colisão traseira;Com Vítimas Feridas;Plena Noite;Decrescente;Céu Claro;Múltipla;Reta;Sim;2;0;1;0;1;0;1;2;-23,52251783;-46,5855702;SPRF-SP;DEL01-SP;UOP01-DEL01-SP;false
577916.0;2024-01-30;terça-feira;00:28:00;SP;381.0;88;GUARULHOS;Participar de racha;Colisão traseira;Com Vítimas Feridas;Plena Noite;Decrescente;Céu Claro;Dupla;Reta;Não;3;0;1;0;1;1;1;2;-23,47469314;-46,56112919;SPRF-SP;DEL03-SP;UOP01-DEL03-SP;false
577941.0;2024-01-30;terça-feira;07:30:00;SP;116.0;222;GUARULHOS;Trafegar com motocicleta (ou similar) entre as faixas;Tombamento;Com Vítimas Feridas;Pleno dia;Crescente;Céu Claro;Múltipla;Reta;Sim;1;0;1;0;0;0;1;1;-23,47093408;-46,51631097;SPRF-SP;DEL01-SP;UOP01-DEL01-SP;false
577987.0;2024-01-30;terça-feira;10:00:00;SP;116.0;281;ITAPECERICA DA SERRA;Ausência de reação do condutor;Colisão traseira;Com Vítimas Feridas;Pleno dia;Decrescente;Céu Claro;Dupla;Reta;Sim;2;0;1;0;1;0;1;2;-23,67784787;-46,85769227;SPRF-SP;DEL04-SP;UOP01-DEL04-SP;false
577998.0;2024-01-30;terça-feira;11:30:00;SP;153.0;258;MARILIA;Reação tardia ou ineficiente do condutor;Queda de ocupante de veículo;Com Vítimas Feridas;Pleno dia;Decrescente;Céu Claro;Simples;Curva;Sim;1;0;1;0;0;0;1;1;-22,24864701;-49,92085793;SPRF-SP;DEL07-SP;UOP02-DEL07-SP;false
578014.0;2024-01-30;terça-feira;13:40:00;SP;116.0;226,8;GUARULHOS;Reação tardia ou ineficiente do condutor;Queda de ocupante de veículo;Com Vítimas Feridas;Pleno dia;Crescente;Céu Claro;Múltipla;Reta;Sim;1;0;1;0;0;0;1;1;-23,49102507;-46,54878195;SPRF-SP;DEL01-SP;UOP01-DEL01-SP;false
578035.0;2024-01-30;terça-feira;15:30:00;SP;116.0;111;TAUBATE;Acessar a via sem observar a presença dos outros veículos;Colisão lateral mesmo sentido;Com Vítimas Feridas;Pleno dia;Crescente;Céu Claro;Dupla;Reta;Sim;2;0;1;0;0;1;1;2;-23,03887149;-45,56097419;SPRF-SP;DEL02-SP;UOP02-DEL02-SP;false
578039.0;2024-01-30;terça-feira;16:40:00;SP;101.0;40;UBATUBA;Acessar a via sem observar a presença dos outros veículos;Colisão transversal;Com Vítimas Feridas;Pleno dia;Decrescente;Céu Claro;Simples;Reta;Não;5;0;1;0;4;0;1;2;-23,41495528;-45,03516778;SPRF-SP;DEL06-SP;UOP01-DEL06-SP;false
578090.0;2024-01-30;terça-feira;21:38:00;SP;116.0;284,1;ITAPECERICA DA SERRA;Reação tardia ou ineficiente do condutor;Colisão traseira;Sem Vítimas;Pleno dia;Crescente;Céu Claro;Dupla;"Retorno Regulamentado;Reta";Não;4;0;0;0;4;0;0;2;-23,69998;-46,867767;SPRF-SP;DEL04-SP;UOP01-DEL04-SP;false
578092.0;2024-01-30;terça-feira;22:25:00;SP;101.0;46;UBATUBA;Transitar no Acostamento;Colisão frontal;Com Vítimas Feridas;Plena Noite;Crescente;Céu Claro;Simples;Reta;Não;2;0;0;2;0;0;2;2;-23,42403383;-45,07492113;SPRF-SP;DEL06-SP;UOP01-DEL06-SP;false
578133.0;2024-01-31;quarta-feira;06:40:00;SP;381.0;52;ATIBAIA;Reação tardia ou ineficiente do condutor;Engavetamento;Com Vítimas Feridas;Pleno dia;Decrescente;Sol;Dupla;"Declive;Reta";Não;4;0;2;0;2;0;2;3;-23,2300622;-46,59963076;SPRF-SP;DEL03-SP;UOP01-DEL03-SP;false
578149.0;2024-01-31;quarta-feira;08:00:00;SP;116.0;214;GUARULHOS;Reação tardia ou ineficiente do condutor;Tombamento;Com Vítimas Feridas;Pleno dia;Crescente;Céu Claro;Dupla;Declive;Sim;2;0;2;0;0;0;2;1;-23,44333014;-46,44531294;SPRF-SP;DEL01-SP;UOP01-DEL01-SP;false
578207.0;2024-01-15;segunda-feira;10:15:00;SP;116.0;219;GUARULHOS;Trafegar com motocicleta (ou similar) entre as faixas;Colisão lateral mesmo sentido;Com Vítimas Feridas;Pleno dia;Crescente;Céu Claro;Múltipla;Reta;Sim;3;0;2;0;1;0;2;2;-23,46143954;-46,48885316;SPRF-SP;DEL01-SP;UOP01-DEL01-SP;false
578220.0;2024-01-31;quarta-feira;17:50:00;SP;116.0;219;GUARULHOS;Reação tardia ou ineficiente do condutor;Colisão traseira;Com Vítimas Feridas;Pleno dia;Crescente;Chuva;Múltipla;Reta;Sim;3;0;1;0;2;0;1;2;-23,46143954;-46,48885316;SPRF-SP;DEL01-SP;UOP01-DEL01-SP;false
578222.0;2024-01-31;quarta-feira;17:05:00;SP;116.0;209;GUARULHOS;Reação tardia ou ineficiente do condutor;Colisão traseira;Com Vítimas Feridas;Pleno dia;Decrescente;Chuva;Múltipla;"Declive;Reta";Sim;3;0;2;0;0;1;2;2;-23,427622;-46,408072;SPRF-SP;DEL01-SP;UOP01-DEL01-SP;false
578224.0;2024-01-31;quarta-feira;18:39:00;SP;116.0;225,9;GUARULHOS;Pista Escorregadia;Tombamento;Com Vítimas Feridas;Plena Noite;Decrescente;Chuva;Múltipla;"Em Obras;Reta";Sim;1;0;1;0;0;0;1;1;-23,49102507;-46,54878195;SPRF-SP;DEL01-SP;UOP01-DEL01-SP;false
578240.0;2024-01-31;quarta-feira;18:20:00;SP;116.0;217;GUARULHOS;Ausência de reação do condutor;Tombamento;Com Vítimas Feridas;Pleno dia;Decrescente;Chuva;Múltipla;Reta;Sim;1;0;0;1;0;0;1;1;-23,45423824;-46,47119028;SPRF-SP;DEL01-SP;UOP01-DEL01-SP;false
578256.0;2024-01-31;quarta-feira;21:40:00;SP;116.0;219;GUARULHOS;Trafegar com motocicleta (ou similar) entre as faixas;Colisão lateral mesmo sentido;Com Vítimas Feridas;Plena Noite;Decrescente;Nublado;Múltipla;"Reta;Em Obras";Sim;3;0;1;0;2;0;1;3;-23,46143954;-46,48885316;SPRF-SP;DEL01-SP;UOP01-DEL01-SP;false
578257.0;2024-01-15;segunda-feira;12:10:00;SP;381.0;58;MAIRIPORA;Reação tardia ou ineficiente do condutor;Colisão lateral mesmo sentido;Com Vítimas Feridas;Pleno dia;Decrescente;Céu Claro;Dupla;Reta;Não;2;0;1;0;1;0;1;2;-23,27438497;-46,58530615;SPRF-SP;DEL03-SP;UOP01-DEL03-SP;false
578291.0;2024-01-31;quarta-feira;22:05:00;SP;153.0;55,8;SAO JOSE DO RIO PRETO;Ausência de reação do condutor;Saída de leito carroçável;Sem Vítimas;Plena Noite;Decrescente;Chuva;Múltipla;Reta;Sim;1;0;0;0;0;1;0;1;-20,75321697;-49,34260108;SPRF-SP;DEL09-SP;UOP01-DEL09-SP;false
578293.0;2024-02-01;quinta-feira;05:40:00;SP;116.0;210;GUARULHOS;Reação tardia ou ineficiente do condutor;Colisão lateral mesmo sentido;Com Vítimas Feridas;Pleno dia;Crescente;Nublado;Múltipla;"Aclive;Reta";Sim;2;0;1;0;1;0;1;2;-23,42870023;-46,41085991;SPRF-SP;DEL01-SP;UOP01-DEL01-SP;false
578296.0;2024-02-01;quinta-feira;06:20:00;SP;116.0;208,2;GUARULHOS;Trafegar com motocicleta (ou similar) entre as faixas;Colisão traseira;Com Vítimas Feridas;Pleno dia;Crescente;Sol;Múltipla;Reta;Não;2;0;1;0;1;0;1;2;-23,42222263;-46,3932771;SPRF-SP;DEL01-SP;UOP01-DEL01-SP;false
578331.0;2024-02-01;quinta-feira;09:10:00;SP;153.0;347;OURINHOS;Objeto estático sobre o leito carroçável;Tombamento;Com Vítimas Feridas;Pleno dia;Decrescente;Céu Claro;Dupla;Reta;Não;1;0;1;0;0;0;1;1;-22,99501629;-49,90483342;SPRF-SP;DEL07-SP;UOP03-DEL07-SP;false
578366.0;2024-02-01;quinta-feira;13:00:00;SP;116.0;279,3;EMBU DAS ARTES;Reação tardia ou ineficiente do condutor;Colisão traseira;Com Vítimas Feridas;Pleno dia;Crescente;Céu Claro;Dupla;"Reta;Viaduto";Sim;2;0;1;0;1;0;1;2;-23,66233697;-46,85292907;SPRF-SP;DEL04-SP;UOP01-DEL04-SP;false
578413.0;2024-02-01;quinta-feira;17:25:00;SP;116.0;99,5;PINDAMONHANGABA;Velocidade Incompatível;Saída de leito carroçável;Com Vítimas Feridas;Pleno dia;Decrescente;Céu Claro;Dupla;Curva;Não;1;0;0;1;0;0;1;1;-22,98416709;-45,4675299;SPRF-SP;DEL08-SP;UOP01-DEL08-SP;false
578416.0;2024-01-31;quarta-feira;11:30:00;SP;101.0;47,9;UBATUBA;Pedestre cruzava a pista fora da faixa;Atropelamento de Pedestre;Com Vítimas Feridas;Pleno dia;Crescente;Céu Claro;Simples;Curva;Sim;2;0;1;0;1;0;1;2;-23,429897;-45,082436;SPRF-SP;DEL06-SP;UOP01-DEL06-SP;false
578421.0;2024-02-01;quinta-feira;15:56:00;SP;381.0;86,3;SAO PAULO;Manobra de mudança de faixa;Colisão lateral mesmo sentido;Com Vítimas Feridas;Pleno dia;Decrescente;Céu Claro;Múltipla;Curva;Sim;2;0;0;1;1;0;1;2;-23,466594;-46,571284;SPRF-SP;DEL03-SP;UOP01-DEL03-SP;false
578422.0;2024-02-01;quinta-feira;17:50:00;SP;116.0;154,2;SAO JOSE DOS CAMPOS;Reação tardia ou ineficiente do condutor;Colisão traseira;Com Vítimas Feridas;Anoitecer;Crescente;Nublado;Dupla;Reta;Sim;2;0;1;0;1;0;1;2;-23,24524337;-45,92772774;SPRF-SP;DEL02-SP;UOP01-DEL02-SP;false
578450.0;2024-02-01;quinta-feira;21:00:00;SP;116.0;156;SAO JOSE DOS CAMPOS;Ausência de reação do condutor;Saída de leito carroçável;Com Vítimas Feridas;Plena Noite;Crescente;Céu Claro;Dupla;Declive;Não;1;0;1;0;0;0;1;1;-23,25044084;-45,93572909;SPRF-SP;DEL02-SP;UOP01-DEL02-SP;false
578466.0;2024-02-01;quinta-feira;17:30:00;SP;116.0;210;GUARULHOS;Frear bruscamente;Tombamento;Com Vítimas Feridas;Pleno dia;Crescente;Garoa/Chuvisco;Múltipla;Reta;Sim;2;0;1;0;1;0;1;2;-23,42870023;-46,41085991;SPRF-SP;DEL01-SP;UOP01-DEL01-SP;false
578467.0;2024-02-02;sexta-feira;00:45:00;SP;116.0;275,4;TABOAO DA SERRA;Entrada inopinada do pedestre;Tombamento;Com Vítimas Feridas;Plena Noite;Decrescente;Nublado;Dupla;Reta;Sim;2;0;2;0;0;0;2;1;-23,63638826;-46,83251584;SPRF-SP;DEL04-SP;UOP01-DEL04-SP;false
578490.0;2024-02-02;sexta-feira;07:01:00;SP;116.0;515,7;CAJATI;Reação tardia ou ineficiente do condutor;Capotamento;Com Vítimas Feridas;Amanhecer;Decrescente;Garoa/Chuvisco;Dupla;Curva;Não;2;0;1;0;1;0;1;1;-24,86704083;-48,21738184;SPRF-SP;DEL05-SP;UOP02-DEL05-SP;false
578520.0;2024-02-02;sexta-feira;08:35:00;SP;116.0;229;SAO PAULO;Ausência de reação do condutor;Colisão traseira;Com Vítimas Feridas;Pleno dia;Crescente;Nublado;Múltipla;Reta;Não;2;0;1;0;1;0;1;2;-23,51291902;-46,57604698;SPRF-SP;DEL01-SP;UOP01-DEL01-SP;false
578524.0;2024-02-02;sexta-feira;07:40:00;SP;116.0;145;SAO JOSE DOS CAMPOS;Trafegar com motocicleta (ou similar) entre as faixas;Queda de ocupante de veículo;Com Vítimas Feridas;Pleno dia;Crescente;Céu Claro;Dupla;Reta;Não;2;0;2;0;0;0;2;1;-23,1869844;-45,8548078;SPRF-SP;DEL02-SP;UOP01-DEL02-SP;false
578530.0;2024-02-02;sexta-feira;10:50:00;SP;116.0;210;GUARULHOS;Trafegar com motocicleta (ou similar) entre as faixas;Colisão lateral mesmo sentido;Com Vítimas Feridas;Pleno dia;Crescente;Céu Claro;Múltipla;Reta;Sim;6;0;2;0;4;0;2;4;-23,42870023;-46,41085991;SPRF-SP;DEL01-SP;UOP01-DEL01-SP;false
578552.0;2024-02-02;sexta-feira;12:00:00;SP;381.0;60;MAIRIPORA;Avarias e/ou desgaste excessivo no pneu;Saída de leito carroçável;Sem Vítimas;Pleno dia;Decrescente;Chuva;Dupla;"Aclive;Curva";Não;1;0;0;0;1;0;0;1;-23,28957673;-46,58729853;SPRF-SP;DEL03-SP;UOP01-DEL03-SP;false
578593.0;2024-02-02;sexta-feira;18:15:00;SP;381.0;37;ATIBAIA;Condutor deixou de manter distância do veículo da frente;Colisão traseira;Com Vítimas Feridas;Pleno dia;Decrescente;Céu Claro;Múltipla;Reta;Não;3;0;1;0;2;0;1;2;-23,10506237;-46,56881577;SPRF-SP;DEL03-SP;UOP01-DEL03-SP;false
578603.0;2024-02-02;sexta-feira;17:30:00;SP;116.0;102;PINDAMONHANGABA;Demais falhas mecânicas ou elétricas;Tombamento;Com Vítimas Feridas;Anoitecer;Crescente;Nublado;Dupla;"Declive;Reta";Não;2;0;2;0;0;0;2;1;-22,99497994;-45,48951403;SPRF-SP;DEL08-SP;UOP01-DEL08-SP;false
578606.0;2024-02-02;sexta-feira;19:30:00;SP;116.0;223;GUARULHOS;Reação tardia ou ineficiente do condutor;Colisão traseira;Com Vítimas Feridas;Plena Noite;Crescente;Ignorado;Múltipla;Reta;Sim;2;0;1;0;1;0;1;2;-23,46994546;-46,5146488;SPRF-SP;DEL01-SP;UOP01-DEL01-SP;false
578624.0;2024-02-02;sexta-feira;20:00:00;SP;116.0;147;SAO JOSE DOS CAMPOS;Manobra de mudança de faixa;Colisão lateral mesmo sentido;Com Vítimas Feridas;Plena Noite;Decrescente;Nublado;Múltipla;Reta;Sim;1;0;1;0;0;0;1;1;-23,19542994;-45,87176303;SPRF-SP;DEL02-SP;UOP01-DEL02-SP;false
578630.0;2024-02-02;sexta-feira;20:50:00;SP;116.0;74;APARECIDA;Demais falhas mecânicas ou elétricas;Tombamento;Com Vítimas Feridas;Plena Noite;Crescente;Céu Claro;Dupla;Reta;Não;1;0;0;1;0;0;1;1;-22,87353809;-45,25320023;SPRF-SP;DEL08-SP;UOP01-DEL08-SP;false
578646.0;2024-02-02;sexta-feira;21:10:00;SP;116.0;466;JACUPIRANGA;Ausência de reação do condutor;Engavetamento;Com Vítimas Feridas;Plena Noite;Decrescente;Céu Claro;Dupla;Reta;Não;6;0;2;0;4;0;2;3;-24,64742363;-47,92196665;SPRF-SP;DEL05-SP;UOP01-DEL05-SP;false
578708.0;2024-02-03;sábado;07:00:00;SP;116.0;218,5;GUARULHOS;Ingestão de álcool pelo condutor;Colisão traseira;Sem Vítimas;Pleno dia;Decrescente;Céu Claro;Múltipla;Reta;Sim;3;0;0;0;3;0;0;3;-23,457972;-46,479927;SPRF-SP;DEL01-SP;UOP01-DEL01-SP;false
578727.0;2024-02-03;sábado;08:52:00;SP;116.0;280;EMBU DAS ARTES;Avarias e/ou desgaste excessivo no pneu;Colisão com objeto;Com Vítimas Feridas;Pleno dia;Decrescente;Céu Claro;Dupla;Reta;Sim;2;0;0;1;1;0;1;2;-23,66996108;-46,85590758;SPRF-SP;DEL04-SP;UOP01-DEL04-SP;false
578761.0;2024-01-14;domingo;16:00:00;SP;116.0;106;TAUBATE;Trafegar com motocicleta (ou similar) entre as faixas;Colisão traseira;Com Vítimas Feridas;Pleno dia;Crescente;Céu Claro;Dupla;Reta;Sim;3;0;1;0;0;2;1;3;-23,01250593;-45,52256005;SPRF-SP;DEL02-SP;UOP02-DEL02-SP;false
578793.0;2024-02-03;sábado;18:00:00;SP;381.0;28;ATIBAIA;Demais falhas mecânicas ou elétricas;Saída de leito carroçável;Com Vítimas Feridas;Pleno dia;Crescente;Céu Claro;Dupla;Reta;Sim;2;0;1;0;1;0;1;1;-23,03614495;-46,55183601;SPRF-SP;DEL03-SP;UOP02-DEL03-SP;false
578804.0;2024-02-03;sábado;15:30:00;SP;116.0;365;MIRACATU;Reação tardia ou ineficiente do condutor;Colisão com objeto;Com Vítimas Feridas;Pleno dia;Decrescente;Céu Claro;Dupla;Curva;Não;2;0;1;0;1;0;1;1;-24,14533813;-47,27537401;SPRF-SP;DEL04-SP;UOP02-DEL04-SP;false
578805.0;2024-02-03;sábado;18:20:00;SP;116.0;282;EMBU DAS ARTES;Velocidade Incompatível;Capotamento;Sem Vítimas;Pleno dia;Crescente;Céu Claro;Dupla;Reta;Sim;4;0;0;0;2;2;0;1;-23,65958827;-46,85135901;SPRF-SP;DEL04-SP;UOP01-DEL04-SP;false
578816.0;2024-01-30;terça-feira;16:45:00;SP;381.0;69;MAIRIPORA;Reação tardia ou ineficiente do condutor;Colisão traseira;Sem Vítimas;Pleno dia;Crescente;Nublado;Dupla;Reta;Sim;1;0;0;0;1;0;0;1;-23,34553108;-46,56787903;SPRF-SP;DEL03-SP;UOP01-DEL03-SP;false
578843.0;2024-02-03;sábado;22:50:00;SP;153.0;344;OURINHOS;Entrada inopinada do pedestre;Atropelamento de Pedestre;Com Vítimas Feridas;Plena Noite;Decrescente;Céu Claro;Dupla;"Curva;Declive";Não;2;0;0;1;1;0;1;2;-22,96840896;-49,89986421;SPRF-SP;DEL07-SP;UOP03-DEL07-SP;false
578851.0;2024-02-04;domingo;01:40:00;SP;116.0;231;SAO PAULO;Acessar a via sem observar a presença dos outros veículos;Colisão com objeto;Com Vítimas Feridas;Plena Noite;Crescente;Céu Claro;Múltipla;Reta;Sim;2;0;1;0;1;0;1;2;-23,5290581;-46,59398303;SPRF-SP;DEL01-SP;UOP01-DEL01-SP;false
578864.0;2024-02-04;domingo;02:12:00;SP;116.0;3,5;QUELUZ;Ausência de reação do condutor;Colisão com objeto;Com Vítimas Feridas;Plena Noite;Decrescente;Céu Claro;Dupla;Reta;Não;1;0;1;0;0;0;1;1;-22,52383208;-44,72621799;SPRF-SP;DEL08-SP;UOP02-DEL08-SP;false
578894.0;2024-02-04;domingo;07:00:00;SP;116.0;409;JUQUIA;Ausência de reação do condutor;Tombamento;Com Vítimas Feridas;Pleno dia;Crescente;Céu Claro;Dupla;Reta;Não;2;0;1;1;0;0;2;1;-24,331595;-47,584785;SPRF-SP;DEL05-SP;UOP01-DEL05-SP;false
578895.0;2024-02-04;domingo;07:00:00;SP;116.0;385;MIRACATU;Condutor deixou de manter distância do veículo da frente;Colisão traseira;Sem Vítimas;Pleno dia;Decrescente;Céu Claro;Dupla;"Curva;Aclive;Interseção de Vias";Não;2;0;0;0;2;0;0;2;-24,25539139;-47,37430894;SPRF-SP;DEL04-SP;UOP02-DEL04-SP;false
578896.0;2024-02-04;domingo;04:00:00;SP;116.0;276,9;EMBU DAS ARTES;Reação tardia ou ineficiente do condutor;Colisão com objeto;Sem Vítimas;Plena Noite;Decrescente;Céu Claro;Dupla;Reta;Não;1;0;0;0;0;1;0;1;-23,64262417;-46,83811382;SPRF-SP;DEL04-SP;UOP01-DEL04-SP;false
578939.0;2024-02-04;domingo;12:00:00;SP;116.0;54,3;LORENA;Reação tardia ou ineficiente do condutor;Colisão traseira;Com Vítimas Feridas;Pleno dia;Decrescente;Nublado;Dupla;Reta;Não;6;0;2;0;3;1;2;3;-22,75971981;-45,11739492;SPRF-SP;DEL08-SP;UOP02-DEL08-SP;false
578944.0;2024-02-04;domingo;13:28:00;SP;116.0;270;TABOAO DA SERRA;Condutor deixou de manter distância do veículo da frente;Engavetamento;Com Vítimas Feridas;Pleno dia;Decrescente;Céu Claro;Dupla;Reta;Sim;5;0;1;0;4;0;1;4;-23,61799728;-46,79677694;SPRF-SP;DEL04-SP;UOP01-DEL04-SP;false
578957.0;2024-02-04;domingo;13:05:00;SP;153.0;147;PROMISSAO;Mal súbito do condutor;Tombamento;Com Vítimas Feridas;Pleno dia;Crescente;Céu Claro;Simples;Reta;Não;1;0;1;0;0;0;1;1;-21,39045903;-49,78991534;SPRF-SP;DEL07-SP;UOP01-DEL07-SP;false
578967.0;2024-02-04;domingo;16:40:00;SP;116.0;158;JACAREI;Reação tardia ou ineficiente do condutor;Colisão com objeto;Com Vítimas Feridas;Pleno dia;Crescente;Chuva;Múltipla;"Retorno Regulamentado;Reta";Sim;5;0;1;3;1;0;4;1;-23,26072137;-45,95179176;SPRF-SP;DEL02-SP;UOP01-DEL02-SP;false
579029.0;2024-02-04;domingo;21:45:00;SP;116.0;212;GUARULHOS;Ausência de reação do condutor;Queda de ocupante de veículo;Com Vítimas Feridas;Plena Noite;Crescente;Céu Claro;Múltipla;Reta;Sim;1;0;1;0;0;0;1;1;-23,43608315;-46,42805094;SPRF-SP;DEL01-SP;UOP01-DEL01-SP;false
579047.0;2024-02-04;domingo;22:00:00;SP;116.0;330;JUQUITIBA;Área urbana sem a presença de local apropriado para a travessia de pedestres;Atropelamento de Pedestre;Com Vítimas Feridas;Plena Noite;Decrescente;Céu Claro;Dupla;Reta;Não;2;0;1;0;1;0;1;2;-23,9442931;-47,09668891;SPRF-SP;DEL04-SP;UOP03-DEL04-SP;false
579067.0;2024-02-05;segunda-feira;01:00:00;SP;116.0;202;ARUJA;Ausência de reação do condutor;Colisão traseira;Com Vítimas Feridas;Plena Noite;Decrescente;Nublado;Dupla;"Reta;Aclive";Sim;2;0;0;1;1;0;1;2;-23,40809408;-46,33859597;SPRF-SP;DEL01-SP;UOP01-DEL01-SP;false
579146.0;2024-02-05;segunda-feira;08:18:00;SP;116.0;532;BARRA DO TURVO;Demais falhas mecânicas ou elétricas;Incêndio;Sem Vítimas;Pleno dia;Crescente;Céu Claro;Dupla;Reta;Não;1;0;0;0;1;0;0;1;-24,953383;-48,324095;SPRF-SP;DEL05-SP;UOP02-DEL05-SP;false
579166.0;2024-02-05;segunda-feira;08:50:00;SP;116.0;228,5;GUARULHOS;Reação tardia ou ineficiente do condutor;Queda de ocupante de veículo;Sem Vítimas;Pleno dia;Crescente;Nublado;Múltipla;Reta;Sim;1;0;0;0;0;1;0;1;-23,50343484;-46,56638712;SPRF-SP;DEL01-SP;UOP01-DEL01-SP;false
579167.0;2024-02-05;segunda-feira;09:30:00;SP;116.0;211;GUARULHOS;Trafegar com motocicleta (ou similar) entre as faixas;Queda de ocupante de veículo;Com Vítimas Feridas;Pleno dia;Crescente;Céu Claro;Dupla;"Em Obras;Reta";Sim;1;0;1;0;0;0;1;1;-23,4324306;-46,4194352;SPRF-SP;DEL01-SP;UOP01-DEL01-SP;false
579177.0;2024-02-05;segunda-feira;12:39:00;SP;381.0;42,8;ATIBAIA;Ausência de reação do condutor;Colisão traseira;Com Vítimas Feridas;Pleno dia;Decrescente;Céu Claro;Dupla;Reta;Não;5;0;4;0;1;0;4;2;-23,147306;-46,57493202;SPRF-SP;DEL03-SP;UOP01-DEL03-SP;false
579183.0;2024-02-05;segunda-feira;14:00:00;SP;116.0;221;GUARULHOS;Trafegar com motocicleta (ou similar) entre as faixas;Colisão lateral mesmo sentido;Com Vítimas Feridas;Pleno dia;Crescente;Céu Claro;Dupla;Reta;Sim;3;0;1;0;2;0;1;2;-23,46802395;-46,50704901;SPRF-SP;DEL01-SP;UOP01-DEL01-SP;false