id;data_inversa;dia_semana;horario;uf;br;km;municipio;causa_acidente;tipo_acidente;classificacao_acidente;fase_dia;sentido_via;condicao_metereologica;tipo_pista;tracado_via;uso_solo;pessoas;mortos;feridos_leves;feridos_graves;ilesos;ignorados;feridos;veiculos;latitude;longitude;regional;delegacia;uop;feriado
579214.0;2024-02-05;segunda-feira;17:50:00;SP;101.0;50;UBATUBA;Acessar a via sem observar a presença dos outros veículos;Colisão transversal;Com Vítimas Feridas;Pleno dia;Crescente;Céu Claro;Simples;Reta;Sim;2;0;1;0;1;0;1;2;-23,45018939;-45,07743735;SPRF-SP;DEL06-SP;UOP01-DEL06-SP;false
579221.0;2024-02-05;segunda-feira;17:45:00;SP;101.0;52;UBATUBA;Desrespeitar a preferência no cruzamento;Colisão transversal;Com Vítimas Feridas;Anoitecer;Decrescente;Céu Claro;Simples;Rotatória;Sim;4;0;1;0;3;0;1;2;-23,4623355;-45,06476561;SPRF-SP;DEL06-SP;UOP01-DEL06-SP;false
579298.0;2024-02-06;terça-feira;04:15:00;SP;116.0;74,5;APARECIDA;Ausência de reação do condutor;Queda de ocupante de veículo;Com Vítimas Feridas;Amanhecer;Decrescente;Céu Claro;Dupla;"Retorno Regulamentado;Viaduto";Sim;1;0;1;0;0;0;1;1;-22,87353809;-45,25320023;SPRF-SP;DEL08-SP;UOP01-DEL08-SP;false
579304.0;2024-02-06;terça-feira;07:00:00;SP;116.0;224;GUARULHOS;Reação tardia ou ineficiente do condutor;Colisão lateral mesmo sentido;Com Vítimas Feridas;Pleno dia;Crescente;Céu Claro;Múltipla;Reta;Sim;3;0;2;0;1;0;2;2;-23,48071896;-46,53271603;SPRF-SP;DEL01-SP;UOP01-DEL01-SP;false
579309.0;2024-02-06;terça-feira;07:30:00;SP;116.0;161;JACAREI;Trafegar com motocicleta (ou similar) entre as faixas;Colisão lateral mesmo sentido;Com Vítimas Feridas;Pleno dia;Decrescente;Céu Claro;Dupla;Reta;Sim;2;0;1;0;1;0;1;2;-23,27617003;-45,97592098;SPRF-SP;DEL02-SP;UOP01-DEL02-SP;false
579311.0;2024-02-06;terça-feira;07:45:00;SP;101.0;47,6;UBATUBA;Condutor deixou de manter distância do veículo da frente;Tombamento;Com Vítimas Feridas;Pleno dia;Crescente;Céu Claro;Simples;"Rotatória;Interseção de Vias";Sim;1;0;1;0;0;0;1;1;-23,43375722;-45,08578777;SPRF-SP;DEL06-SP;UOP01-DEL06-SP;false
579315.0;2024-02-06;terça-feira;08:00:00;SP;116.0;219;GUARULHOS;Ausência de reação do condutor;Colisão lateral mesmo sentido;Com Vítimas Feridas;Pleno dia;Crescente;Sol;Múltipla;Reta;Sim;2;0;2;0;0;0;2;2;-23,46143954;-46,48885316;SPRF-SP;DEL01-SP;UOP01-DEL01-SP;false
579418.0;2024-02-06;terça-feira;16:30:00;SP;116.0;53,5;LORENA;Reação tardia ou ineficiente do condutor;Queda de ocupante de veículo;Com Vítimas Feridas;Pleno dia;Crescente;Chuva;Dupla;Reta;Não;1;0;0;1;0;0;1;1;-22,75255433;-45,10741076;SPRF-SP;DEL08-SP;UOP02-DEL08-SP;false
579427.0;2024-02-06;terça-feira;17:30:00;SP;116.0;215;GUARULHOS;Manobra de mudança de faixa;Colisão traseira;Com Vítimas Feridas;Pleno dia;Decrescente;Céu Claro;Múltipla;Reta;Sim;2;0;1;0;1;0;1;2;-23,44695693;-46,45394103;SPRF-SP;DEL01-SP;UOP01-DEL01-SP;false
579454.0;2024-02-06;terça-feira;18:10:00;SP;116.0;106;TAUBATE;Ausência de reação do condutor;Colisão lateral mesmo sentido;Com Vítimas Feridas;Anoitecer;Decrescente;Céu Claro;Dupla;Reta;Não;2;0;1;0;1;0;1;2;-23,01250593;-45,52256005;SPRF-SP;DEL02-SP;UOP02-DEL02-SP;false
579488.0;2024-02-07;quarta-feira;00:25:00;SP;116.0;222,6;GUARULHOS;Ausência de reação do condutor;Colisão traseira;Com Vítimas Feridas;Plena Noite;Decrescente;Nublado;Simples;Reta;Sim;2;0;1;0;1;0;1;2;-23,47093408;-46,51631097;SPRF-SP;DEL01-SP;UOP01-DEL01-SP;false
579493.0;2024-02-07;quarta-feira;00:50:00;SP;381.0;86;SAO PAULO;Reação tardia ou ineficiente do condutor;Capotamento;Com Vítimas Feridas;Plena Noite;Decrescente;Céu Claro;Múltipla;Curva;Sim;2;0;1;0;1;0;1;1;-23,45930499;-46,57161179;SPRF-SP;DEL03-SP;UOP01-DEL03-SP;false
579507.0;2024-02-07;quarta-feira;06:30:00;SP;116.0;105;TAUBATE;Reação tardia ou ineficiente do condutor;Queda de ocupante de veículo;Com Vítimas Feridas;Amanhecer;Crescente;Céu Claro;Dupla;Reta;Não;1;0;1;0;0;0;1;1;-23,00757973;-45,51466613;SPRF-SP;DEL02-SP;UOP02-DEL02-SP;false
579509.0;2024-02-07;quarta-feira;06:40:00;SP;153.0;61,9;SAO JOSE DO RIO PRETO;Trafegar com motocicleta (ou similar) entre as faixas;Colisão traseira;Com Vítimas Feridas;Pleno dia;Crescente;Céu Claro;Dupla;Reta;Sim;2;0;1;0;1;0;1;2;-20,80502876;-49,35574909;SPRF-SP;DEL09-SP;UOP01-DEL09-SP;false
579523.0;2024-02-07;quarta-feira;08:00:00;SP;381.0;33,3;ATIBAIA;Reação tardia ou ineficiente do condutor;Colisão com objeto;Com Vítimas Feridas;Pleno dia;Crescente;Sol;Dupla;Curva;Não;1;0;1;0;0;0;1;1;-23,0728028;-46,56673562;SPRF-SP;DEL03-SP;UOP02-DEL03-SP;false
579533.0;2024-02-07;quarta-feira;09:00:00;SP;116.0;220;GUARULHOS;Trafegar com motocicleta (ou similar) entre as faixas;Colisão lateral sentido oposto;Com Vítimas Feridas;Pleno dia;Crescente;Sol;Múltipla;Reta;Sim;2;0;1;0;1;0;1;2;-23,46472809;-46,49793962;SPRF-SP;DEL01-SP;UOP01-DEL01-SP;false
579560.0;2024-02-07;quarta-feira;13:30:00;SP;381.0;10;VARGEM;Manobra de mudança de faixa;Colisão lateral mesmo sentido;Com Vítimas Feridas;Pleno dia;Crescente;Sol;Dupla;"Declive;Reta";Não;2;0;1;0;1;0;1;2;-22,92240388;-46,44345503;SPRF-SP;DEL03-SP;UOP02-DEL03-SP;false
579569.0;2024-02-07;quarta-feira;14:15:00;SP;116.0;222;GUARULHOS;Reação tardia ou ineficiente do condutor;Queda de ocupante de veículo;Com Vítimas Feridas;Pleno dia;Crescente;Céu Claro;Dupla;Reta;Sim;1;0;1;0;0;0;1;1;-23,47093408;-46,51631097;SPRF-SP;DEL01-SP;UOP01-DEL01-SP;false
579571.0;2024-02-07;quarta-feira;13:40:00;SP;116.0;147;SAO JOSE DOS CAMPOS;Condutor deixou de manter distância do veículo da frente;Colisão traseira;Com Vítimas Feridas;Pleno dia;Crescente;Céu Claro;Dupla;Reta;Sim;3;0;1;0;1;1;1;3;-23,19542994;-45,87176303;SPRF-SP;DEL02-SP;UOP01-DEL02-SP;false
579598.0;2024-02-07;quarta-feira;16:20:00;SP;116.0;227;SAO PAULO;Reação tardia ou ineficiente do condutor;Colisão com objeto;Com Vítimas Feridas;Pleno dia;Crescente;Céu Claro;Múltipla;Reta;Sim;2;0;1;0;0;1;1;2;-23,49659264;-46,55648754;SPRF-SP;DEL01-SP;UOP01-DEL01-SP;false
579611.0;2024-02-07;quarta-feira;17:00:00;SP;101.0;51;UBATUBA;Trafegar com motocicleta (ou similar) entre as faixas;Colisão transversal;Com Vítimas Feridas;Pleno dia;Decrescente;Céu Claro;Simples;Reta;Sim;5;0;1;1;3;0;2;3;-23,45627795;-45,07111896;SPRF-SP;DEL06-SP;UOP01-DEL06-SP;false
579654.0;2024-02-07;quarta-feira;19:30:00;SP;153.0;114,6;JOSE BONIFACIO;Ausência de reação do condutor;Colisão lateral sentido oposto;Com Vítimas Feridas;Plena Noite;Crescente;Chuva;Simples;Reta;Não;2;0;0;1;1;0;1;2;-21,12117412;-49,69084075;SPRF-SP;DEL09-SP;UOP01-DEL09-SP;false
579687.0;2024-02-07;quarta-feira;23:30:00;SP;101.0;50,4;UBATUBA;Acessar a via sem observar a presença dos outros veículos;Colisão transversal;Com Vítimas Feridas;Plena Noite;Decrescente;Céu Claro;Simples;Reta;Sim;3;0;1;0;2;0;1;2;-23,45627795;-45,07111896;SPRF-SP;DEL06-SP;UOP01-DEL06-SP;false
579721.0;2024-02-08;quinta-feira;07:50:00;SP;116.0;210;GUARULHOS;Trafegar com motocicleta (ou similar) entre as faixas;Queda de ocupante de veículo;Com Vítimas Feridas;Pleno dia;Crescente;Céu Claro;Múltipla;Reta;Sim;1;0;1;0;0;0;1;1;-23,42222263;-46,3932771;SPRF-SP;DEL01-SP;UOP01-DEL01-SP;false
579746.0;2024-02-08;quinta-feira;09:00:00;SP;116.0;225;GUARULHOS;Trafegar com motocicleta (ou similar) entre as faixas;Colisão traseira;Com Vítimas Feridas;Pleno dia;Crescente;Sol;Múltipla;"Aclive;Reta";Sim;2;0;1;0;1;0;1;2;-23,48586772;-46,54075317;SPRF-SP;DEL01-SP;UOP01-DEL01-SP;false
579765.0;2024-02-08;quinta-feira;10:35:00;SP;116.0;205;ARUJA;Manobra de mudança de faixa;Colisão lateral mesmo sentido;Com Vítimas Feridas;Pleno dia;Crescente;Céu Claro;Múltipla;"Reta;Interseção de Vias;Em Obras";Sim;2;0;1;0;1;0;1;2;-23,41475243;-46,36600788;SPRF-SP;DEL01-SP;UOP01-DEL01-SP;false
579810.0;2024-02-08;quinta-feira;16:00:00;SP;116.0;228;SAO PAULO;Ausência de reação do condutor;Colisão com objeto;Com Vítimas Feridas;Pleno dia;Decrescente;Céu Claro;Dupla;Reta;Sim;1;0;1;0;0;0;1;1;-23,506536;-46,570156;SPRF-SP;DEL01-SP;UOP01-DEL01-SP;false
579831.0;2024-02-08;quinta-feira;17:00:00;SP;116.0;285;ITAPECERICA DA SERRA;Ausência de reação do condutor;Colisão com objeto;Com Vítimas Feridas;Pleno dia;Decrescente;Céu Claro;Dupla;"Curva;Viaduto";Sim;1;0;0;1;0;0;1;1;-23,70407794;-46,87249709;SPRF-SP;DEL04-SP;UOP01-DEL04-SP;false
579845.0;2024-02-08;quinta-feira;17:28:00;SP;116.0;133,6;CACAPAVA;Ausência de reação do condutor;Colisão traseira;Com Vítimas Feridas;Pleno dia;Decrescente;Céu Claro;Dupla;"Aclive;Reta";Sim;3;0;1;0;2;0;1;2;-23,1359564;-45,7532708;SPRF-SP;DEL02-SP;UOP02-DEL02-SP;false
579858.0;2024-02-08;quinta-feira;19:11:00;SP;116.0;150;SAO JOSE DOS CAMPOS;Manobra de mudança de faixa;Colisão lateral mesmo sentido;Sem Vítimas;Plena Noite;Decrescente;Céu Claro;Dupla;Ponte;Sim;2;0;0;0;2;0;0;2;-23,21335525;-45,8930588;SPRF-SP;DEL02-SP;UOP01-DEL02-SP;false
579877.0;2024-02-08;quinta-feira;20:55:00;SP;153.0;174;GUAICARA;Acesso irregular;Colisão lateral mesmo sentido;Com Vítimas Feridas;Plena Noite;Crescente;Céu Claro;Simples;Interseção de Vias;Não;2;0;1;0;1;0;1;2;-21,62412004;-49,7872237;SPRF-SP;DEL07-SP;UOP01-DEL07-SP;false
579934.0;2024-02-09;sexta-feira;06:10:00;SP;381.0;87;GUARULHOS;Velocidade Incompatível;Capotamento;Com Vítimas Feridas;Pleno dia;Crescente;Céu Claro;Múltipla;Reta;Sim;1;0;1;0;0;0;1;1;-23,46885001;-46,56996601;SPRF-SP;DEL03-SP;UOP01-DEL03-SP;false
579970.0;2024-02-09;sexta-feira;10:30:00;SP;116.0;229;SAO PAULO;Condutor deixou de manter distância do veículo da frente;Colisão traseira;Com Vítimas Feridas;Pleno dia;Crescente;Céu Claro;Múltipla;Reta;Sim;2;0;1;0;1;0;1;2;-23,50343484;-46,56638712;SPRF-SP;DEL01-SP;UOP01-DEL01-SP;false
579990.0;2024-02-09;sexta-feira;11:08:00;SP;116.0;311,9;SAO LOURENCO DA SERRA;Velocidade Incompatível;Saída de leito carroçável;Com Vítimas Feridas;Pleno dia;Crescente;Sol;Dupla;"Reta;Em Obras";Não;3;0;2;0;1;0;2;2;-23,87725502;-46,96775798;SPRF-SP;DEL04-SP;UOP01-DEL04-SP;false
580023.0;2024-02-09;sexta-feira;11:00:00;SP;116.0;291;ITAPECERICA DA SERRA;Ingestão de álcool pelo condutor;Tombamento;Sem Vítimas;Pleno dia;Crescente;Céu Claro;Dupla;Curva;Não;1;0;0;0;1;0;0;1;-23,73826593;-46,89672721;SPRF-SP;DEL04-SP;UOP01-DEL04-SP;false
580031.0;2024-02-09;sexta-feira;13:50:00;SP;116.0;230;SAO PAULO;Trafegar com motocicleta (ou similar) entre as faixas;Colisão lateral mesmo sentido;Com Vítimas Feridas;Pleno dia;Crescente;Céu Claro;Múltipla;Reta;Sim;2;0;1;0;1;0;1;2;-23,52251783;-46,5855702;SPRF-SP;DEL01-SP;UOP01-DEL01-SP;false
580042.0;2024-02-09;sexta-feira;16:50:00;SP;116.0;183;SANTA ISABEL;Ausência de reação do condutor;Colisão frontal;Com Vítimas Feridas;Pleno dia;Crescente;Céu Claro;Múltipla;Reta;Sim;2;0;1;0;1;0;1;2;-23,34888216;-46,17091894;SPRF-SP;DEL01-SP;UOP01-DEL01-SP;false
580047.0;2024-02-09;sexta-feira;16:50:00;SP;116.0;448;REGISTRO;Acessar a via sem observar a presença dos outros veículos;Atropelamento de Pedestre;Com Vítimas Feridas;Pleno dia;Crescente;Céu Claro;Dupla;Reta;Não;3;0;1;1;1;0;2;2;-24,52099699;-47,85336602;SPRF-SP;DEL05-SP;UOP01-DEL05-SP;false
580122.0;2024-02-09;sexta-feira;22:40:00;SP;116.0;139,4;SAO JOSE DOS CAMPOS;Manobra de mudança de faixa;Queda de ocupante de veículo;Com Vítimas Feridas;Plena Noite;Decrescente;Céu Claro;Dupla;Reta;Sim;3;0;1;1;0;1;2;2;-23,16153216;-45,80400592;SPRF-SP;DEL02-SP;UOP01-DEL02-SP;false
580154.0;2024-02-10;sábado;02:35:00;SP;116.0;418;JUQUIA;Trafegar com motocicleta (ou similar) entre as faixas;Capotamento;Com Vítimas Feridas;Plena Noite;Crescente;Céu Claro;Dupla;Reta;Não;5;0;3;0;2;0;3;1;-24,353607;-47,659347;SPRF-SP;DEL05-SP;UOP01-DEL05-SP;false
580155.0;2024-02-10;sábado;02:45:00;SP;153.0;64;SAO JOSE DO RIO PRETO;Ingestão de álcool pelo condutor;Colisão com objeto;Com Vítimas Feridas;Plena Noite;Crescente;Céu Claro;Dupla;Reta;Sim;1;0;1;0;0;0;1;1;-20,82919401;-49,36046325;SPRF-SP;DEL09-SP;UOP01-DEL09-SP;false
580157.0;2024-02-10;sábado;02:30:00;SP;153.0;281,8;OCAUCU;Ausência de reação do condutor;Saída de leito carroçável;Sem Vítimas;Plena Noite;Decrescente;Nublado;Simples;Reta;Não;1;0;0;0;1;0;0;1;-22,42209985;-49,86000837;SPRF-SP;DEL07-SP;UOP02-DEL07-SP;false
580216.0;2024-02-10;sábado;09:00:00;SP;101.0;45;UBATUBA;Acessar a via sem observar a presença dos outros veículos;Colisão transversal;Com Vítimas Feridas;Pleno dia;Crescente;Céu Claro;Simples;Interseção de Vias;Sim;3;0;2;0;1;0;2;2;-23,42073014;-45,07075131;SPRF-SP;DEL06-SP;UOP01-DEL06-SP;false
580229.0;2024-02-10;sábado;09:50:00;SP;116.0;222;GUARULHOS;Mal súbito do condutor;Saída de leito carroçável;Com Vítimas Fatais;Pleno dia;Crescente;Céu Claro;Dupla;Reta;Sim;1;1;0;0;0;0;0;1;-23,47093408;-46,51631097;SPRF-SP;DEL01-SP;UOP01-DEL01-SP;false
580251.0;2024-02-10;sábado;12:00:00;SP;116.0;115;TAUBATE;Reação tardia ou ineficiente do condutor;Colisão lateral mesmo sentido;Com Vítimas Feridas;Pleno dia;Decrescente;Sol;Dupla;Reta;Sim;2;0;1;0;1;0;1;2;-23,0496047;-45,59973712;SPRF-SP;DEL02-SP;UOP02-DEL02-SP;false
580261.0;2024-02-10;sábado;13:15:00;SP;116.0;276,3;EMBU DAS ARTES;Reação tardia ou ineficiente do condutor;Colisão traseira;Com Vítimas Feridas;Pleno dia;Crescente;Céu Claro;Dupla;Reta;Sim;2;0;1;0;1;0;1;2;-23,64262417;-46,83811382;SPRF-SP;DEL04-SP;UOP01-DEL04-SP;false
580263.0;2024-02-10;sábado;11:30:00;SP;116.0;159;JACAREI;Reação tardia ou ineficiente do condutor;Colisão lateral mesmo sentido;Com Vítimas Feridas;Pleno dia;Decrescente;Sol;Dupla;Reta;Sim;3;0;2;0;1;0;2;2;-23,26585409;-45,95983994;SPRF-SP;DEL02-SP;UOP01-DEL02-SP;false
580296.0;2024-02-10;sábado;14:30:00;SP;381.0;34;ATIBAIA;Ausência de reação do condutor;Engavetamento;Com Vítimas Feridas;Pleno dia;Decrescente;Céu Claro;Dupla;"Reta;Aclive";Não;8;0;1;0;7;0;1;3;-23,079939;-46,569862;SPRF-SP;DEL03-SP;UOP02-DEL03-SP;false
580312.0;2024-02-10;sábado;17:00:00;SP;116.0;338;JUQUITIBA;Reação tardia ou ineficiente do condutor;Saída de leito carroçável;Com Vítimas Feridas;Pleno dia;Crescente;Céu Claro;Dupla;Reta;Sim;3;0;3;0;0;0;3;1;-23,990126;-47,147995;SPRF-SP;DEL04-SP;UOP03-DEL04-SP;false
580313.0;2024-02-10;sábado;16:00:00;SP;116.0;436;REGISTRO;Ausência de reação do condutor;Tombamento;Com Vítimas Feridas;Pleno dia;Decrescente;Céu Claro;Dupla;Reta;Não;1;0;0;1;0;0;1;1;-24,43589911;-47,7922419;SPRF-SP;DEL05-SP;UOP01-DEL05-SP;false
580373.0;2024-02-10;sábado;21:10:00;SP;116.0;146;SAO JOSE DOS CAMPOS;Demais falhas mecânicas ou elétricas;Colisão traseira;Com Vítimas Feridas;Plena Noite;Decrescente;Céu Claro;Dupla;Reta;Não;2;0;2;0;0;0;2;2;-23,19122919;-45,86327591;SPRF-SP;DEL02-SP;UOP01-DEL02-SP;false
580419.0;2024-02-11;domingo;01:49:00;SP;153.0;219,5;MARILIA;Demais falhas mecânicas ou elétricas;Tombamento;Com Vítimas Feridas;Plena Noite;Crescente;Céu Claro;Simples;"Reta;Declive";Não;2;0;1;0;1;0;1;1;-21,98796487;-49,9149076;SPRF-SP;DEL07-SP;UOP02-DEL07-SP;false
580420.0;2024-02-11;domingo;00:34:00;SP;153.0;208;GUAIMBE;Ausência de reação do condutor;Colisão com objeto;Sem Vítimas;Plena Noite;Crescente;Céu Claro;Simples;Interseção de Vias;Não;1;0;0;0;0;1;0;1;-21,89112308;-49,91013961;SPRF-SP;DEL07-SP;UOP01-DEL07-SP;false
580427.0;2024-02-11;domingo;02:30:00;SP;153.0;110,1;JOSE BONIFACIO;Ingestão de álcool pelo condutor;Saída de leito carroçável;Com Vítimas Feridas;Plena Noite;Crescente;Céu Claro;Simples;"Aclive;Reta";Não;1;0;1;0;0;0;1;1;-21,08844419;-49,67470407;SPRF-SP;DEL09-SP;UOP01-DEL09-SP;false
580464.0;2024-02-10;sábado;22:30:00;SP;101.0;49,8;UBATUBA;Acessar a via sem observar a presença dos outros veículos;Colisão transversal;Com Vítimas Feridas;Plena Noite;Decrescente;Nublado;Simples;Reta;Sim;2;0;0;1;0;1;1;2;-23,44410908;-45,08375708;SPRF-SP;DEL06-SP;UOP01-DEL06-SP;false
580506.0;2024-02-11;domingo;10:40:00;SP;116.0;322;JUQUITIBA;Ausência de reação do condutor;Colisão com objeto;Com Vítimas Feridas;Pleno dia;Decrescente;Sol;Dupla;Reta;Sim;3;0;1;0;2;0;1;1;-23,935106;-47,026682;SPRF-SP;DEL04-SP;UOP03-DEL04-SP;false
580513.0;2024-02-11;domingo;12:00:00;SP;116.0;517;CAJATI;Reação tardia ou ineficiente do condutor;Saída de leito carroçável;Com Vítimas Feridas;Pleno dia;Decrescente;Céu Claro;Simples;"Curva;Declive";Não;2;0;0;1;1;0;1;1;-24,88067466;-48,22277069;SPRF-SP;DEL05-SP;UOP02-DEL05-SP;false
580535.0;2024-02-11;domingo;14:35:00;SP;116.0;109,3;TAUBATE;Reação tardia ou ineficiente do condutor;Colisão traseira;Com Vítimas Feridas;Pleno dia;Crescente;Céu Claro;Dupla;Reta;Sim;2;0;1;0;1;0;1;2;-23,02871304;-45,54517097;SPRF-SP;DEL02-SP;UOP02-DEL02-SP;false
580552.0;2024-02-11;domingo;16:00:00;SP;381.0;89;SAO PAULO;Ingestão de álcool pelo condutor;Colisão traseira;Sem Vítimas;Pleno dia;Crescente;Céu Claro;Simples;"Curva;Declive";Sim;2;0;0;0;2;0;0;2;-23,48469299;-46,55983288;SPRF-SP;DEL03-SP;UOP01-DEL03-SP;false
580564.0;2024-02-11;domingo;17:45:00;SP;116.0;283;EMBU DAS ARTES;Reação tardia ou ineficiente do condutor;Colisão com objeto;Sem Vítimas;Pleno dia;Decrescente;Céu Claro;Dupla;Reta;Sim;1;0;0;0;1;0;0;1;-23,69297005;-46,86352786;SPRF-SP;DEL04-SP;UOP01-DEL04-SP;false
580610.0;2024-02-11;domingo;15:40:00;SP;381.0;61,8;MAIRIPORA;Ausência de reação do condutor;Tombamento;Com Vítimas Feridas;Pleno dia;Crescente;Céu Claro;Dupla;Curva;Não;2;0;2;0;0;0;2;1;-23,29011611;-46,5800681;SPRF-SP;DEL03-SP;UOP01-DEL03-SP;false
580667.0;2024-02-12;segunda-feira;02:30:00;SP;116.0;391,3;MIRACATU;Animais na Pista;Atropelamento de Animal;Com Vítimas Feridas;Plena Noite;Decrescente;Nublado;Dupla;Curva;Não;2;0;1;0;1;0;1;1;-24,27280624;-47,4062269;SPRF-SP;DEL04-SP;UOP02-DEL04-SP;false
580684.0;2024-02-12;segunda-feira;05:40:00;SP;116.0;274;TABOAO DA SERRA;Manobra de mudança de faixa;Queda de ocupante de veículo;Com Vítimas Feridas;Amanhecer;Decrescente;Céu Claro;Dupla;Reta;Sim;2;0;1;1;0;0;2;1;-23,63445084;-46,82418514;SPRF-SP;DEL04-SP;UOP01-DEL04-SP;false
580702.0;2024-02-12;segunda-feira;01:30:00;SP;116.0;279;EMBU DAS ARTES;Ausência de reação do condutor;Capotamento;Sem Vítimas;Plena Noite;Decrescente;Chuva;Dupla;Reta;Sim;1;0;0;0;0;1;0;1;-23,66233697;-46,85292907;SPRF-SP;DEL04-SP;UOP01-DEL04-SP;false
580714.0;2024-02-12;segunda-feira;08:00:00;SP;116.0;290;ITAPECERICA DA SERRA;Demais falhas na via;Queda de ocupante de veículo;Com Vítimas Feridas;Plena Noite;Crescente;Céu Claro;Dupla;Reta;Sim;1;0;1;0;0;0;1;1;-23,7303281;-46,89425963;SPRF-SP;DEL04-SP;UOP01-DEL04-SP;false
580784.0;2024-02-12;segunda-feira;13:45:00;SP;116.0;89;PINDAMONHANGABA;Avarias e/ou desgaste excessivo no pneu;Tombamento;Com Vítimas Feridas;Pleno dia;Crescente;Céu Claro;Dupla;Reta;Sim;2;0;2;0;0;0;2;1;-22,93930884;-45,37874708;SPRF-SP;DEL08-SP;UOP01-DEL08-SP;false
580799.0;2024-02-12;segunda-feira;18:05:00;SP;116.0;65,8;GUARATINGUETA;Curva acentuada;Colisão com objeto;Com Vítimas Feridas;Anoitecer;Crescente;Chuva;Dupla;Curva;Não;2;0;2;0;0;0;2;1;-22,823273;-45,192806;SPRF-SP;DEL08-SP;UOP01-DEL08-SP;false
580825.0;2024-02-12;segunda-feira;21:00:00;SP;116.0;222,5;GUARULHOS;Reação tardia ou ineficiente do condutor;Tombamento;Com Vítimas Feridas;Plena Noite;Decrescente;Nublado;Múltipla;Reta;Sim;1;0;1;0;0;0;1;1;-23,47093408;-46,51631097;SPRF-SP;DEL01-SP;UOP01-DEL01-SP;false
580853.0;2024-02-12;segunda-feira;23:20:00;SP;116.0;89;PINDAMONHANGABA;Ausência de reação do condutor;Saída de leito carroçável;Com Vítimas Feridas;Plena Noite;Decrescente;Nublado;Dupla;Reta;Não;1;0;0;1;0;0;1;1;-22,941544;-45,38306;SPRF-SP;DEL08-SP;UOP01-DEL08-SP;false
580892.0;2024-02-13;terça-feira;09:10:00;SP;381.0;89;GUARULHOS;Objeto estático sobre o leito carroçável;Colisão com objeto;Com Vítimas Feridas;Pleno dia;Crescente;Céu Claro;Dupla;Curva;Sim;1;0;1;0;0;0;1;1;-23,48469299;-46,55983288;SPRF-SP;DEL03-SP;UOP01-DEL03-SP;false
580919.0;2024-02-13;terça-feira;13:30:00;SP;116.0;301,9;SAO LOURENCO DA SERRA;Demais falhas mecânicas ou elétricas;Tombamento;Com Vítimas Feridas;Pleno dia;Decrescente;Sol;Dupla;Reta;Não;2;0;1;0;1;0;1;2;-23,81147602;-46,92298208;SPRF-SP;DEL04-SP;UOP01-DEL04-SP;false
580920.0;2024-02-13;terça-feira;14:10:00;SP;101.0;47,9;UBATUBA;Ingestão de álcool pelo condutor;Colisão lateral mesmo sentido;Sem Vítimas;Pleno dia;Crescente;Céu Claro;Simples;Rotatória;Sim;2;0;0;0;2;0;0;2;-23,429897;-45,082436;SPRF-SP;DEL06-SP;UOP01-DEL06-SP;false
580940.0;2024-02-13;terça-feira;15:40:00;SP;381.0;32;ATIBAIA;Reação tardia ou ineficiente do condutor;Colisão traseira;Sem Vítimas;Pleno dia;Crescente;Céu Claro;Dupla;"Aclive;Reta";Não;2;0;0;0;2;0;0;2;-23,06461405;-46,57048121;SPRF-SP;DEL03-SP;UOP02-DEL03-SP;false
580951.0;2024-02-13;terça-feira;17:20:00;SP;116.0;210;GUARULHOS;Reação tardia ou ineficiente do condutor;Colisão traseira;Com Vítimas Feridas;Anoitecer;Crescente;Céu Claro;Múltipla;Reta;Sim;3;0;2;0;1;0;2;2;-23,42870023;-46,41085991;SPRF-SP;DEL01-SP;UOP01-DEL01-SP;false
580958.0;2024-02-13;terça-feira;13:30:00;SP;381.0;73;SAO PAULO;Ultrapassagem Indevida;Colisão traseira;Com Vítimas Feridas;Pleno dia;Crescente;Chuva;Dupla;"Curva;Declive";Não;2;0;1;0;1;0;1;2;-23,36553404;-46,55253934;SPRF-SP;DEL03-SP;UOP01-DEL03-SP;false
580979.0;2024-02-13;terça-feira;18:30:00;SP;116.0;492,5;CAJATI;Acostamento em desnível;Saída de leito carroçável;Com Vítimas Feridas;Anoitecer;Decrescente;Nublado;Dupla;Reta;Sim;3;0;1;0;2;0;1;1;-24,74308052;-48,1325941;SPRF-SP;DEL05-SP;UOP01-DEL05-SP;false
581006.0;2024-02-13;terça-feira;21:50:00;SP;116.0;70,6;APARECIDA;Demais falhas mecânicas ou elétricas;Incêndio;Sem Vítimas;Plena Noite;Crescente;Nublado;Dupla;Reta;Sim;1;0;0;0;1;0;0;1;-22,84852898;-45,22705084;SPRF-SP;DEL08-SP;UOP01-DEL08-SP;false
581013.0;2024-02-13;terça-feira;22:15:00;SP;101.0;49,9;UBATUBA;Modificação proibida;Colisão traseira;Com Vítimas Feridas;Plena Noite;Decrescente;Céu Claro;Simples;Reta;Sim;3;0;2;1;0;0;3;2;-23,44410908;-45,08375708;SPRF-SP;DEL06-SP;UOP01-DEL06-SP;false
581045.0;2024-02-14;quarta-feira;06:00:00;SP;116.0;224;GUARULHOS;Ausência de reação do condutor;Colisão traseira;Com Vítimas Feridas;Pleno dia;Crescente;Céu Claro;Múltipla;Reta;Sim;6;0;4;0;2;0;4;2;-23,48071896;-46,53271603;SPRF-SP;DEL01-SP;UOP01-DEL01-SP;false