id;data_inversa;dia_semana;horario;uf;br;km;municipio;causa_acidente;tipo_acidente;classificacao_acidente;fase_dia;sentido_via;condicao_metereologica;tipo_pista;tracado_via;uso_solo;pessoas;mortos;feridos_leves;feridos_graves;ilesos;ignorados;feridos;veiculos;latitude;longitude;regional;delegacia;uop;feriado
581082.0;2024-02-14;quarta-feira;10:00:00;SP;116.0;516;CAJATI;Reação tardia ou ineficiente do condutor;Saída de leito carroçável;Com Vítimas Feridas;Pleno dia;Decrescente;Chuva;Simples;"Declive;Curva";Não;4;0;2;0;2;0;2;1;-24,87423036;-48,2190838;SPRF-SP;DEL05-SP;UOP02-DEL05-SP;false
581089.0;2024-02-14;quarta-feira;10:45:00;SP;116.0;205;ARUJA;Condutor deixou de manter distância do veículo da frente;Colisão lateral mesmo sentido;Com Vítimas Feridas;Pleno dia;Crescente;Nublado;Dupla;"Reta;Em Obras";Sim;2;0;1;0;1;0;1;2;-23,41475243;-46,36600788;SPRF-SP;DEL01-SP;UOP01-DEL01-SP;false
581101.0;2024-02-14;quarta-feira;10:50:00;SP;381.0;33;ATIBAIA;Frear bruscamente;Engavetamento;Com Vítimas Feridas;Pleno dia;Crescente;Garoa/Chuvisco;Dupla;Declive;Não;4;0;2;0;2;0;2;3;-23,0728028;-46,56673562;SPRF-SP;DEL03-SP;UOP02-DEL03-SP;false
581103.0;2024-02-14;quarta-feira;12:00:00;SP;116.0;561;BARRA DO TURVO;Reação tardia ou ineficiente do condutor;Capotamento;Com Vítimas Feridas;Pleno dia;Crescente;Chuva;Dupla;"Declive;Curva";Não;5;0;1;0;4;0;1;1;-25,02045097;-48,51586004;SPRF-SP;DEL05-SP;UOP02-DEL05-SP;false
581124.0;2024-02-14;quarta-feira;14:30:00;SP;116.0;504;CAJATI;Velocidade Incompatível;Saída de leito carroçável;Com Vítimas Feridas;Pleno dia;Crescente;Chuva;Simples;"Aclive;Curva";Não;1;0;1;0;0;0;1;1;-24,78266496;-48,20865858;SPRF-SP;DEL05-SP;UOP02-DEL05-SP;false
581131.0;2024-02-14;quarta-feira;15:00:00;SP;116.0;340;MIRACATU;Reação tardia ou ineficiente do condutor;Capotamento;Com Vítimas Feridas;Pleno dia;Decrescente;Chuva;Dupla;"Curva;Aclive";Sim;1;0;1;0;0;0;1;1;-24,00328505;-47,15633198;SPRF-SP;DEL04-SP;UOP03-DEL04-SP;false
581159.0;2024-02-14;quarta-feira;17:50:00;SP;116.0;159;SAO JOSE DOS CAMPOS;Reação tardia ou ineficiente do condutor;Engavetamento;Sem Vítimas;Pleno dia;Decrescente;Nublado;Dupla;Reta;Sim;2;0;0;0;2;0;0;2;-23,26585409;-45,95983994;SPRF-SP;DEL02-SP;UOP01-DEL02-SP;false
581173.0;2024-02-14;quarta-feira;18:20:00;SP;116.0;389;MIRACATU;Velocidade Incompatível;Saída de leito carroçável;Com Vítimas Feridas;Anoitecer;Crescente;Chuva;Dupla;Reta;Sim;1;0;1;0;0;0;1;1;-24,27280624;-47,4062269;SPRF-SP;DEL04-SP;UOP02-DEL04-SP;false
581175.0;2024-02-14;quarta-feira;17:30:00;SP;116.0;58;GUARATINGUETA;Ausência de reação do condutor;Tombamento;Com Vítimas Feridas;Anoitecer;Decrescente;Garoa/Chuvisco;Simples;Reta;Sim;1;0;0;1;0;0;1;1;-22,78005511;-45,14572791;SPRF-SP;DEL08-SP;UOP01-DEL08-SP;false
581193.0;2024-02-14;quarta-feira;19:20:00;SP;101.0;42;UBATUBA;Pista esburacada;Colisão traseira;Com Vítimas Feridas;Plena Noite;Crescente;Chuva;Simples;Curva;Não;2;0;0;2;0;0;2;2;-23,41271925;-45,04909808;SPRF-SP;DEL06-SP;UOP01-DEL06-SP;false
581209.0;2024-02-14;quarta-feira;21:00:00;SP;116.0;8;QUELUZ;Conversão proibida;Colisão traseira;Com Vítimas Feridas;Plena Noite;Decrescente;Nublado;Dupla;Reta;Sim;6;0;4;0;2;0;4;2;-22,536327;-44,7714;SPRF-SP;DEL08-SP;UOP02-DEL08-SP;false
581217.0;2024-02-14;quarta-feira;22:00:00;SP;116.0;281;EMBU DAS ARTES;Ingestão de álcool pelo condutor;Queda de ocupante de veículo;Com Vítimas Feridas;Plena Noite;Decrescente;Garoa/Chuvisco;Dupla;Reta;Não;1;0;0;1;0;0;1;1;-23,67784787;-46,85769227;SPRF-SP;DEL04-SP;UOP01-DEL04-SP;false
581244.0;2024-02-15;quinta-feira;05:30:00;SP;116.0;271;TABOAO DA SERRA;Mal súbito do condutor;Queda de ocupante de veículo;Com Vítimas Feridas;Amanhecer;Crescente;Nublado;Dupla;Reta;Não;1;0;1;0;0;0;1;1;-23,61809286;-46,80556302;SPRF-SP;DEL04-SP;UOP01-DEL04-SP;false
581249.0;2024-02-15;quinta-feira;07:55:00;SP;116.0;274;TABOAO DA SERRA;Manobra de mudança de faixa;Colisão traseira;Com Vítimas Feridas;Pleno dia;Decrescente;Céu Claro;Dupla;Reta;Sim;2;0;1;0;1;0;1;2;-23,63445084;-46,82418514;SPRF-SP;DEL04-SP;UOP01-DEL04-SP;false
581282.0;2024-02-15;quinta-feira;11:00:00;SP;116.0;368,5;MIRACATU;Velocidade Incompatível;Colisão com objeto;Com Vítimas Feridas;Pleno dia;Crescente;Garoa/Chuvisco;Dupla;Curva;Não;3;0;2;1;0;0;3;1;-24,14953237;-47,30939261;SPRF-SP;DEL04-SP;UOP02-DEL04-SP;false
581284.0;2024-02-15;quinta-feira;10:40:00;SP;116.0;26;LAVRINHAS;Chuva;Colisão com objeto;Com Vítimas Feridas;Pleno dia;Crescente;Chuva;Dupla;"Curva;Declive";Não;2;0;2;0;0;0;2;1;-22,61419397;-44,90005302;SPRF-SP;DEL08-SP;UOP02-DEL08-SP;false
581296.0;2024-02-15;quinta-feira;12:00:00;SP;116.0;545;BARRA DO TURVO;Reação tardia ou ineficiente do condutor;Colisão lateral mesmo sentido;Com Vítimas Feridas;Pleno dia;Crescente;Chuva;Simples;"Declive;Curva";Não;6;0;1;0;5;0;1;3;-24,95016699;-48,42400302;SPRF-SP;DEL05-SP;UOP02-DEL05-SP;false
581328.0;2024-01-10;quarta-feira;17:00:00;SP;116.0;108;TAUBATE;Ausência de reação do condutor;Colisão traseira;Com Vítimas Feridas;Pleno dia;Crescente;Chuva;Dupla;Reta;Sim;2;0;1;0;1;0;1;2;-23,0233097;-45,53763622;SPRF-SP;DEL02-SP;UOP02-DEL02-SP;false
581374.0;2024-02-15;quinta-feira;18:30:00;SP;116.0;272;TABOAO DA SERRA;Ausência de reação do condutor;Colisão traseira;Sem Vítimas;Plena Noite;Crescente;Céu Claro;Dupla;Reta;Sim;2;0;0;0;2;0;0;2;-23,621691;-46,813288;SPRF-SP;DEL04-SP;UOP01-DEL04-SP;false
581395.0;2024-02-15;quinta-feira;17:30:00;SP;116.0;140;SAO JOSE DOS CAMPOS;Ausência de reação do condutor;Colisão lateral mesmo sentido;Com Vítimas Feridas;Anoitecer;Crescente;Céu Claro;Dupla;Reta;Não;2;0;1;0;1;0;1;2;-23,16577714;-45,81246193;SPRF-SP;DEL02-SP;UOP01-DEL02-SP;false
581428.0;2024-02-16;sexta-feira;07:45:00;SP;116.0;138,5;SAO JOSE DOS CAMPOS;Manobra de mudança de faixa;Colisão lateral mesmo sentido;Com Vítimas Feridas;Pleno dia;Crescente;Nublado;Dupla;Reta;Sim;2;0;1;0;0;1;1;2;-23,1572739;-45,79554605;SPRF-SP;DEL02-SP;UOP01-DEL02-SP;false
581450.0;2024-02-16;sexta-feira;07:50:00;SP;116.0;222,9;GUARULHOS;Condutor deixou de manter distância do veículo da frente;Colisão traseira;Com Vítimas Feridas;Pleno dia;Crescente;Nublado;Múltipla;Reta;Não;2;0;0;1;0;1;1;2;-23,47093408;-46,51631097;SPRF-SP;DEL01-SP;UOP01-DEL01-SP;false
581484.0;2024-02-16;sexta-feira;12:55:00;SP;101.0;35;UBATUBA;Acessar a via sem observar a presença dos outros veículos;Colisão transversal;Com Vítimas Feridas;Pleno dia;Decrescente;Céu Claro;Simples;"Interseção de Vias;Reta";Não;7;0;4;0;3;0;4;2;-23,39315463;-45,00980616;SPRF-SP;DEL06-SP;UOP01-DEL06-SP;false
581586.0;2024-02-16;sexta-feira;23:30:00;SP;116.0;228;SAO PAULO;Pedestre andava na pista;Atropelamento de Pedestre;Com Vítimas Feridas;Plena Noite;Crescente;Céu Claro;Múltipla;Reta;Não;2;0;1;0;0;1;1;2;-23,50343484;-46,56638712;SPRF-SP;DEL01-SP;UOP01-DEL01-SP;false
581589.0;2024-02-17;sábado;00:05:00;SP;381.0;88;GUARULHOS;Pedestre - Ingestão de álcool/ substâncias psicoativas;Atropelamento de Pedestre;Com Vítimas Feridas;Plena Noite;Decrescente;Chuva;Múltipla;Reta;Sim;2;0;1;0;0;1;1;2;-23,47469314;-46,56112919;SPRF-SP;DEL03-SP;UOP01-DEL03-SP;false
581605.0;2024-02-17;sábado;04:15:00;SP;116.0;272;TABOAO DA SERRA;Condutor deixou de manter distância do veículo da frente;Colisão traseira;Com Vítimas Feridas;Amanhecer;Decrescente;Céu Claro;Dupla;Reta;Não;4;0;2;0;2;0;2;2;-23,621691;-46,813288;SPRF-SP;DEL04-SP;UOP01-DEL04-SP;false
581609.0;2024-02-17;sábado;06:00:00;SP;116.0;226;GUARULHOS;Demais falhas mecânicas ou elétricas;Incêndio;Sem Vítimas;Pleno dia;Crescente;Nublado;Múltipla;"Reta;Em Obras;Declive";Sim;1;0;0;0;1;0;0;1;-23,494981;-46,554653;SPRF-SP;DEL01-SP;UOP01-DEL01-SP;false
581655.0;2024-02-17;sábado;10:35:00;SP;101.0;51,1;UBATUBA;Acessar a via sem observar a presença dos outros veículos;Colisão transversal;Com Vítimas Feridas;Pleno dia;Crescente;Céu Claro;Simples;Reta;Sim;2;0;1;0;1;0;1;2;-23,45627795;-45,07111896;SPRF-SP;DEL06-SP;UOP01-DEL06-SP;false
581664.0;2024-02-17;sábado;11:30:00;SP;381.0;69;MAIRIPORA;Reação tardia ou ineficiente do condutor;Colisão com objeto;Com Vítimas Feridas;Pleno dia;Decrescente;Nublado;Dupla;"Curva;Aclive";Não;1;0;0;1;0;0;1;1;-23,34553108;-46,56787903;SPRF-SP;DEL03-SP;UOP01-DEL03-SP;false
581717.0;2024-02-17;sábado;16:10:00;SP;381.0;69;MAIRIPORA;Reação tardia ou ineficiente do condutor;Colisão com objeto;Com Vítimas Feridas;Pleno dia;Decrescente;Nublado;Dupla;"Curva;Aclive";Não;2;0;0;2;0;0;2;1;-23,34553108;-46,56787903;SPRF-SP;DEL03-SP;UOP01-DEL03-SP;false
581735.0;2024-01-16;terça-feira;08:20:00;SP;153.0;74;SAO JOSE DO RIO PRETO;Reação tardia ou ineficiente do condutor;Engavetamento;Com Vítimas Feridas;Pleno dia;Decrescente;Céu Claro;Dupla;Reta;Não;4;0;2;0;2;0;2;4;-20,88538598;-49,42676402;SPRF-SP;DEL09-SP;UOP01-DEL09-SP;false
581786.0;2024-02-18;domingo;01:40:00;SP;116.0;224;SAO PAULO;Ingestão de álcool pelo condutor;Colisão com objeto;Sem Vítimas;Plena Noite;Decrescente;Nublado;Múltipla;Reta;Sim;2;0;0;0;1;1;0;1;-23,48071896;-46,53271603;SPRF-SP;DEL01-SP;UOP01-DEL01-SP;false
581819.0;2024-02-18;domingo;07:15:00;SP;116.0;517;CAJATI;Chuva;Saída de leito carroçável;Com Vítimas Feridas;Amanhecer;Decrescente;Garoa/Chuvisco;Dupla;Curva;Não;4;0;1;0;3;0;1;1;-24,8768469;-48,22732309;SPRF-SP;DEL05-SP;UOP02-DEL05-SP;false
581845.0;2024-02-18;domingo;09:30:00;SP;381.0;45;ATIBAIA;Ausência de reação do condutor;Capotamento;Com Vítimas Feridas;Pleno dia;Decrescente;Céu Claro;Simples;"Curva;Rotatória";Não;2;0;1;1;0;0;2;1;-23,17274184;-46,57748439;SPRF-SP;DEL03-SP;UOP01-DEL03-SP;false
581856.0;2024-02-18;domingo;11:35:00;SP;381.0;60;MAIRIPORA;Ultrapassagem Indevida;Colisão traseira;Com Vítimas Feridas;Pleno dia;Crescente;Céu Claro;Dupla;Curva;Não;3;0;2;0;1;0;2;2;-23,28957673;-46,58729853;SPRF-SP;DEL03-SP;UOP01-DEL03-SP;false
581872.0;2024-02-18;domingo;14:30:00;SP;381.0;77;SAO PAULO;Pista Escorregadia;Tombamento;Com Vítimas Feridas;Pleno dia;Crescente;Garoa/Chuvisco;Múltipla;"Declive;Curva";Não;1;0;1;0;0;0;1;1;-23,388839;-46,5693478;SPRF-SP;DEL03-SP;UOP01-DEL03-SP;false
581873.0;2024-02-18;domingo;14:20:00;SP;381.0;25;BRAGANCA PAULISTA;Reação tardia ou ineficiente do condutor;Colisão traseira;Com Vítimas Feridas;Pleno dia;Crescente;Céu Claro;Dupla;Interseção de Vias;Sim;4;0;1;0;3;0;1;2;-23,02018004;-46,52966596;SPRF-SP;DEL03-SP;UOP02-DEL03-SP;false
581896.0;2024-02-18;domingo;17:00:00;SP;116.0;282;EMBU DAS ARTES;Acessar a via sem observar a presença dos outros veículos;Colisão lateral mesmo sentido;Sem Vítimas;Pleno dia;Decrescente;Céu Claro;Dupla;"Interseção de Vias;Reta";Sim;2;0;0;0;2;0;0;2;-23,65760882;-46,85053479;SPRF-SP;DEL04-SP;UOP01-DEL04-SP;false
581897.0;2024-02-18;domingo;17:00:00;SP;116.0;225;GUARULHOS;Pista Escorregadia;Tombamento;Com Vítimas Feridas;Pleno dia;Decrescente;Ignorado;Múltipla;"Em Obras;Reta";Sim;1;0;1;0;0;0;1;1;-23,48586772;-46,54075317;SPRF-SP;DEL01-SP;UOP01-DEL01-SP;false
581902.0;2024-02-18;domingo;16:30:00;SP;116.0;166;JACAREI;Reação tardia ou ineficiente do condutor;Colisão traseira;Com Vítimas Feridas;Pleno dia;Crescente;Garoa/Chuvisco;Dupla;Reta;Não;5;0;1;0;4;0;1;2;-23,30055667;-46,01686506;SPRF-SP;DEL02-SP;UOP01-DEL02-SP;false
581967.0;2024-02-19;segunda-feira;04:20:00;SP;381.0;2;VARGEM;Reação tardia ou ineficiente do condutor;Colisão com objeto;Com Vítimas Feridas;Plena Noite;Decrescente;Garoa/Chuvisco;Dupla;Curva;Não;1;0;1;0;0;0;1;1;-22,88187369;-46,39059388;SPRF-SP;DEL03-SP;UOP02-DEL03-SP;false
582009.0;2024-02-19;segunda-feira;07:10:00;SP;116.0;24,6;LAVRINHAS;Reação tardia ou ineficiente do condutor;Colisão traseira;Com Vítimas Feridas;Pleno dia;Crescente;Nublado;Dupla;"Aclive;Reta";Não;3;0;1;0;2;0;1;2;-22,59895814;-44,88797962;SPRF-SP;DEL08-SP;UOP02-DEL08-SP;false
582012.0;2024-02-19;segunda-feira;08:45:00;SP;101.0;24;UBATUBA;Ausência de reação do condutor;Saída de leito carroçável;Com Vítimas Fatais;Pleno dia;Decrescente;Céu Claro;Dupla;Reta;Não;2;1;0;0;0;1;0;2;-23,34811618;-44,94553789;SPRF-SP;DEL06-SP;UOP01-DEL06-SP;false
582029.0;2024-02-19;segunda-feira;00:55:00;SP;116.0;567;BARRA DO TURVO;Reação tardia ou ineficiente do condutor;Capotamento;Sem Vítimas;Plena Noite;Crescente;Chuva;Simples;"Declive;Curva";Não;2;0;0;0;2;0;0;1;-25,0475499;-48,55355172;SPRF-SP;DEL05-SP;UOP02-DEL05-SP;false
582038.0;2024-02-19;segunda-feira;13:00:00;SP;116.0;146,8;SAO JOSE DOS CAMPOS;Condutor deixou de manter distância do veículo da frente;Colisão traseira;Com Vítimas Feridas;Pleno dia;Decrescente;Céu Claro;Dupla;"Declive;Reta";Sim;3;0;2;0;1;0;2;2;-23,19122919;-45,86327591;SPRF-SP;DEL02-SP;UOP01-DEL02-SP;false
582059.0;2024-02-12;segunda-feira;00:30:00;SP;116.0;224;GUARULHOS;Pista Escorregadia;Tombamento;Com Vítimas Feridas;Plena Noite;Decrescente;Ignorado;Múltipla;"Em Obras;Reta";Sim;1;0;1;0;0;0;1;1;-23,48071896;-46,53271603;SPRF-SP;DEL01-SP;UOP01-DEL01-SP;false
582073.0;2024-02-19;segunda-feira;15:40:00;SP;101.0;46;UBATUBA;Velocidade Incompatível;Colisão lateral mesmo sentido;Com Vítimas Feridas;Pleno dia;Decrescente;Céu Claro;Simples;Reta;Sim;2;0;1;0;1;0;1;2;-23,42403383;-45,07492113;SPRF-SP;DEL06-SP;UOP01-DEL06-SP;false
582074.0;2024-02-19;segunda-feira;14:15:00;SP;153.0;87,8;MIRASSOL;Condutor deixou de manter distância do veículo da frente;Colisão traseira;Com Vítimas Feridas;Pleno dia;Decrescente;Chuva;Simples;"Aclive;Reta;Em Obras";Não;2;0;1;0;1;0;1;2;-20,94498178;-49,53459612;SPRF-SP;DEL09-SP;UOP01-DEL09-SP;false
582096.0;2024-02-07;quarta-feira;09:30:00;SP;116.0;219;GUARULHOS;Reação tardia ou ineficiente do condutor;Colisão lateral mesmo sentido;Com Vítimas Feridas;Pleno dia;Crescente;Céu Claro;Múltipla;Reta;Sim;3;0;1;0;2;0;1;3;-23,46143954;-46,48885316;SPRF-SP;DEL01-SP;UOP01-DEL01-SP;false
582102.0;2024-02-19;segunda-feira;17:20:00;SP;101.0;50;UBATUBA;Reação tardia ou ineficiente do condutor;Colisão lateral mesmo sentido;Com Vítimas Feridas;Pleno dia;Decrescente;Nublado;Simples;Reta;Sim;2;0;2;0;0;0;2;2;-23,45018939;-45,07743735;SPRF-SP;DEL06-SP;UOP01-DEL06-SP;false
582130.0;2024-02-19;segunda-feira;21:30:00;SP;381.0;10;VARGEM;Ingestão de álcool pelo condutor;Saída de leito carroçável;Com Vítimas Feridas;Plena Noite;Decrescente;Nublado;Dupla;"Reta;Declive";Não;2;0;1;0;1;0;1;1;-22,92240388;-46,44345503;SPRF-SP;DEL03-SP;UOP02-DEL03-SP;false
582143.0;2024-02-19;segunda-feira;23:15:00;SP;116.0;49;LORENA;Ausência de reação do condutor;Capotamento;Com Vítimas Feridas;Plena Noite;Crescente;Céu Claro;Dupla;Reta;Não;1;0;1;0;0;0;1;1;-22,73051614;-45,0765859;SPRF-SP;DEL08-SP;UOP02-DEL08-SP;false
582147.0;2024-02-20;terça-feira;01:00:00;SP;116.0;107;TAUBATE;Reação tardia ou ineficiente do condutor;Saída de leito carroçável;Sem Vítimas;Plena Noite;Decrescente;Céu Claro;Simples;Interseção de Vias;Sim;1;0;0;0;0;1;0;1;-23,01791287;-45,53009409;SPRF-SP;DEL02-SP;UOP02-DEL02-SP;false
582162.0;2024-02-20;terça-feira;06:00:00;SP;153.0;178,8;LINS;Ausência de reação do condutor;Colisão traseira;Sem Vítimas;Amanhecer;Decrescente;Céu Claro;Simples;Reta;Não;3;0;0;0;3;0;0;2;-21,67316;-49,79013;SPRF-SP;DEL07-SP;UOP01-DEL07-SP;false
582166.0;2024-02-20;terça-feira;07:10:00;SP;153.0;60;SAO JOSE DO RIO PRETO;Condutor deixou de manter distância do veículo da frente;Colisão traseira;Com Vítimas Feridas;Pleno dia;Crescente;Nublado;Dupla;Reta;Sim;4;0;1;0;3;0;1;4;-20,79627979;-49,35480206;SPRF-SP;DEL09-SP;UOP01-DEL09-SP;false
582185.0;2024-02-20;terça-feira;08:05:00;SP;101.0;50;UBATUBA;Reação tardia ou ineficiente do condutor;Colisão frontal;Com Vítimas Feridas;Pleno dia;Crescente;Nublado;Simples;Reta;Sim;3;0;2;0;1;0;2;2;-23,45018939;-45,07743735;SPRF-SP;DEL06-SP;UOP01-DEL06-SP;false
582195.0;2024-02-05;segunda-feira;06:35:00;SP;116.0;219;GUARULHOS;Trafegar com motocicleta (ou similar) entre as faixas;Colisão lateral mesmo sentido;Com Vítimas Feridas;Pleno dia;Crescente;Céu Claro;Múltipla;Reta;Sim;5;0;4;0;1;0;4;3;-23,46143954;-46,48885316;SPRF-SP;DEL01-SP;UOP01-DEL01-SP;false
582270.0;2024-02-20;terça-feira;16:50:00;SP;116.0;225;GUARULHOS;Pista Escorregadia;Queda de ocupante de veículo;Com Vítimas Feridas;Pleno dia;Decrescente;Nublado;Dupla;"Em Obras;Reta";Sim;1;0;1;0;0;0;1;1;-23,48586772;-46,54075317;SPRF-SP;DEL01-SP;UOP01-DEL01-SP;false
582272.0;2024-02-20;terça-feira;16:15:00;SP;153.0;19;NOVA GRANADA;Reação tardia ou ineficiente do condutor;Colisão traseira;Com Vítimas Feridas;Pleno dia;Decrescente;Céu Claro;Simples;Reta;Não;2;0;1;0;0;1;1;2;-20,44382107;-49,28091485;SPRF-SP;DEL09-SP;UOP01-DEL09-SP;false
582336.0;2024-02-21;quarta-feira;06:00:00;SP;101.0;22;UBATUBA;Ausência de reação do condutor;Saída de leito carroçável;Sem Vítimas;Pleno dia;Decrescente;Céu Claro;Simples;Curva;Não;1;0;0;0;0;1;0;1;-23,3353068;-44,93187711;SPRF-SP;DEL06-SP;UOP01-DEL06-SP;false
582338.0;2024-02-21;quarta-feira;06:50:00;SP;116.0;220;GUARULHOS;Manobra de mudança de faixa;Colisão lateral mesmo sentido;Com Vítimas Feridas;Pleno dia;Decrescente;Nublado;Múltipla;"Reta;Em Obras";Sim;2;0;1;0;0;1;1;2;-23,46472809;-46,49793962;SPRF-SP;DEL01-SP;UOP01-DEL01-SP;false
582460.0;2024-02-21;quarta-feira;18:30:00;SP;116.0;225;GUARULHOS;Reação tardia ou ineficiente do condutor;Colisão traseira;Com Vítimas Feridas;Plena Noite;Decrescente;Céu Claro;Múltipla;Reta;Sim;2;0;1;0;1;0;1;2;-23,48586772;-46,54075317;SPRF-SP;DEL01-SP;UOP01-DEL01-SP;false
582463.0;2024-02-21;quarta-feira;18:40:00;SP;116.0;159;JACAREI;Manobra de mudança de faixa;Colisão lateral mesmo sentido;Com Vítimas Feridas;Plena Noite;Decrescente;Chuva;Dupla;Reta;Sim;3;0;1;0;1;1;1;2;-23,26585409;-45,95983994;SPRF-SP;DEL02-SP;UOP01-DEL02-SP;false
582469.0;2024-02-21;quarta-feira;19:30:00;SP;116.0;227;GUARULHOS;Demais falhas na via;Queda de ocupante de veículo;Com Vítimas Fatais;Plena Noite;Decrescente;Chuva;Múltipla;Reta;Sim;1;1;0;0;0;0;0;1;-23,49659264;-46,55648754;SPRF-SP;DEL01-SP;UOP01-DEL01-SP;false
582477.0;2024-02-21;quarta-feira;20:00:00;SP;116.0;229,2;SAO PAULO;Reação tardia ou ineficiente do condutor;Queda de ocupante de veículo;Com Vítimas Feridas;Plena Noite;Decrescente;Chuva;Múltipla;Reta;Sim;1;0;1;0;0;0;1;1;-23,51291902;-46,57604698;SPRF-SP;DEL01-SP;UOP01-DEL01-SP;false
582495.0;2024-02-21;quarta-feira;21:20:00;SP;116.0;213;GUARULHOS;Ausência de reação do condutor;Colisão com objeto;Com Vítimas Feridas;Plena Noite;Decrescente;Chuva;Múltipla;Reta;Sim;1;0;1;0;0;0;1;1;-23,43971486;-46,43667806;SPRF-SP;DEL01-SP;UOP01-DEL01-SP;false
582518.0;2024-02-22;quinta-feira;05:30:00;SP;116.0;276;TABOAO DA SERRA;Trafegar com motocicleta (ou similar) entre as faixas;Tombamento;Com Vítimas Feridas;Pleno dia;Decrescente;Céu Claro;Dupla;Reta;Não;2;0;2;0;0;0;2;1;-23,62809795;-46,81870306;SPRF-SP;DEL04-SP;UOP01-DEL04-SP;false
582536.0;2024-02-22;quinta-feira;07:40:00;SP;116.0;142,9;SAO JOSE DOS CAMPOS;Condutor deixou de manter distância do veículo da frente;Colisão traseira;Com Vítimas Feridas;Pleno dia;Decrescente;Sol;Dupla;Reta;Sim;2;0;0;1;1;0;1;2;-23,17426078;-45,82940111;SPRF-SP;DEL02-SP;UOP01-DEL02-SP;false
582540.0;2024-02-21;quarta-feira;22:00:00;SP;116.0;214;GUARULHOS;Demais falhas mecânicas ou elétricas;Incêndio;Com Vítimas Feridas;Plena Noite;Decrescente;Garoa/Chuvisco;Múltipla;Reta;Sim;1;0;1;0;0;0;1;1;-23,44333014;-46,44531294;SPRF-SP;DEL01-SP;UOP01-DEL01-SP;false
582552.0;2024-02-22;quinta-feira;07:35:00;SP;381.0;29;ATIBAIA;Animais na Pista;Atropelamento de Animal;Com Vítimas Feridas;Pleno dia;Decrescente;Céu Claro;Múltipla;Reta;Sim;2;0;1;0;1;0;1;1;-23,04177622;-46,55896672;SPRF-SP;DEL03-SP;UOP02-DEL03-SP;false
582623.0;2024-02-22;quinta-feira;16:50:00;SP;116.0;224;GUARULHOS;Pedestre andava na pista;Atropelamento de Pedestre;Com Vítimas Feridas;Pleno dia;Decrescente;Nublado;Dupla;Reta;Não;2;0;0;1;1;0;1;2;-23,48071896;-46,53271603;SPRF-SP;DEL01-SP;UOP01-DEL01-SP;false
582630.0;2024-02-22;quinta-feira;17:25:00;SP;381.0;89;SAO PAULO;Reação tardia ou ineficiente do condutor;Colisão lateral mesmo sentido;Com Vítimas Feridas;Pleno dia;Decrescente;Céu Claro;Múltipla;Reta;Sim;2;0;1;1;0;0;2;2;-23,48469299;-46,55983288;SPRF-SP;DEL03-SP;UOP01-DEL03-SP;false
582641.0;2024-02-22;quinta-feira;18:15:00;SP;116.0;154;SAO JOSE DOS CAMPOS;Manobra de mudança de faixa;Colisão lateral mesmo sentido;Com Vítimas Feridas;Anoitecer;Crescente;Nublado;Dupla;Reta;Não;3;0;1;0;2;0;1;3;-23,23903999;-45,92061901;SPRF-SP;DEL02-SP;UOP01-DEL02-SP;false
582660.0;2024-02-22;quinta-feira;19:50:00;SP;116.0;277;EMBU DAS ARTES;Demais falhas mecânicas ou elétricas;Tombamento;Com Vítimas Feridas;Plena Noite;Decrescente;Céu Claro;Dupla;Declive;Não;1;0;1;0;0;0;1;1;-23,64870535;-46,84395469;SPRF-SP;DEL04-SP;UOP01-DEL04-SP;false
582661.0;2024-02-22;quinta-feira;19:40:00;SP;116.0;142,5;SAO JOSE DOS CAMPOS;Reação tardia ou ineficiente do condutor;Colisão traseira;Com Vítimas Feridas;Plena Noite;Decrescente;Céu Claro;Dupla;Reta;Sim;3;0;1;0;2;0;1;2;-23,17849879;-45,83787411;SPRF-SP;DEL02-SP;UOP01-DEL02-SP;false
582705.0;2024-02-23;sexta-feira;06:10:00;SP;153.0;58,2;SAO JOSE DO RIO PRETO;Condutor Dormindo;Colisão com objeto;Com Vítimas Feridas;Amanhecer;Decrescente;Céu Claro;Dupla;Reta;Sim;1;0;1;0;0;0;1;1;-20,780939;-49,353258;SPRF-SP;DEL09-SP;UOP01-DEL09-SP;false
582714.0;2024-02-23;sexta-feira;07:15:00;SP;381.0;36;ATIBAIA;Reação tardia ou ineficiente do condutor;Saída de leito carroçável;Sem Vítimas;Amanhecer;Decrescente;Céu Claro;Dupla;Reta;Sim;1;0;0;0;0;1;0;1;-23,09707232;-46,57180706;SPRF-SP;DEL03-SP;UOP01-DEL03-SP;false
582749.0;2024-02-23;sexta-feira;09:30:00;SP;116.0;201;ARUJA;Demais falhas mecânicas ou elétricas;Incêndio;Sem Vítimas;Pleno dia;Crescente;Céu Claro;Dupla;Reta;Sim;1;0;0;0;1;0;0;1;-23,40362877;-46,33050107;SPRF-SP;DEL01-SP;UOP01-DEL01-SP;false
582779.0;2024-02-23;sexta-feira;13:15:00;SP;116.0;156;SAO JOSE DOS CAMPOS;Demais falhas mecânicas ou elétricas;Incêndio;Sem Vítimas;Pleno dia;Crescente;Céu Claro;Múltipla;Reta;Sim;1;0;0;0;1;0;0;1;-23,25044084;-45,93572909;SPRF-SP;DEL02-SP;UOP01-DEL02-SP;false