id;data_inversa;dia_semana;horario;uf;br;km;municipio;causa_acidente;tipo_acidente;classificacao_acidente;fase_dia;sentido_via;condicao_metereologica;tipo_pista;tracado_via;uso_solo;pessoas;mortos;feridos_leves;feridos_graves;ilesos;ignorados;feridos;veiculos;latitude;longitude;regional;delegacia;uop;feriado
582822.0;2024-02-23;sexta-feira;16:45:00;SP;116.0;229;SAO PAULO;Reação tardia ou ineficiente do condutor;Capotamento;Com Vítimas Feridas;Pleno dia;Crescente;Garoa/Chuvisco;Múltipla;Reta;Sim;4;0;2;0;2;0;2;3;-23,51291902;-46,57604698;SPRF-SP;DEL01-SP;UOP01-DEL01-SP;false
582829.0;2024-02-23;sexta-feira;16:20:00;SP;153.0;122;UBARANA;Mal súbito do condutor;Saída de leito carroçável;Com Vítimas Feridas;Pleno dia;Crescente;Nublado;Simples;Reta;Não;1;0;1;0;0;0;1;1;-21,18661376;-49,72333446;SPRF-SP;DEL09-SP;UOP01-DEL09-SP;false
582843.0;2024-02-23;sexta-feira;12:00:00;SP;381.0;49;ATIBAIA;Objeto estático sobre o leito carroçável;Queda de ocupante de veículo;Com Vítimas Feridas;Pleno dia;Crescente;Céu Claro;Dupla;Reta;Não;1;0;1;0;0;0;1;1;-23,20535293;-46,59066516;SPRF-SP;DEL03-SP;UOP01-DEL03-SP;false
582853.0;2024-02-23;sexta-feira;18:09:00;SP;153.0;70,7;SAO JOSE DO RIO PRETO;Avarias e/ou desgaste excessivo no pneu;Tombamento;Com Vítimas Feridas;Anoitecer;Crescente;Céu Claro;Dupla;Reta;Sim;2;0;2;0;0;0;2;1;-20,85197874;-49,40070263;SPRF-SP;DEL09-SP;UOP01-DEL09-SP;false
582862.0;2024-02-23;sexta-feira;19:20:00;SP;116.0;151,4;SAO JOSE DOS CAMPOS;Ausência de reação do condutor;Tombamento;Com Vítimas Fatais;Plena Noite;Decrescente;Nublado;Múltipla;Reta;Sim;2;1;0;0;1;0;0;2;-23,21980694;-45,89991605;SPRF-SP;DEL02-SP;UOP01-DEL02-SP;false
582863.0;2024-02-23;sexta-feira;20:00:00;SP;101.0;46,2;UBATUBA;Acessar a via sem observar a presença dos outros veículos;Colisão transversal;Com Vítimas Feridas;Plena Noite;Crescente;Céu Claro;Simples;Reta;Sim;2;0;1;0;1;0;1;2;-23,42403383;-45,07492113;SPRF-SP;DEL06-SP;UOP01-DEL06-SP;false
582884.0;2024-02-23;sexta-feira;22:00:00;SP;381.0;25;BRAGANCA PAULISTA;Acumulo de água sobre o pavimento;Colisão com objeto;Com Vítimas Feridas;Pleno dia;Crescente;Chuva;Dupla;Reta;Não;2;0;1;0;1;0;1;1;-23,02018004;-46,52966596;SPRF-SP;DEL03-SP;UOP02-DEL03-SP;false
582894.0;2024-02-23;sexta-feira;22:00:00;SP;381.0;43;ATIBAIA;Condutor deixou de manter distância do veículo da frente;Colisão traseira;Sem Vítimas;Plena Noite;Decrescente;Nublado;Dupla;Reta;Não;3;0;0;0;3;0;0;3;-23,15597105;-46,5740155;SPRF-SP;DEL03-SP;UOP01-DEL03-SP;false
582916.0;2024-02-24;sábado;03:30:00;SP;381.0;86;SAO PAULO;Entrada inopinada do pedestre;Atropelamento de Pedestre;Com Vítimas Fatais;Anoitecer;Decrescente;Céu Claro;Dupla;"Aclive;Reta";Sim;2;1;0;0;0;1;0;2;-23,45930499;-46,57161179;SPRF-SP;DEL03-SP;UOP01-DEL03-SP;false
582950.0;2024-02-24;sábado;08:20:00;SP;381.0;84;SAO PAULO;Ausência de reação do condutor;Saída de leito carroçável;Sem Vítimas;Pleno dia;Crescente;Céu Claro;Dupla;Reta;Sim;1;0;0;0;1;0;0;1;-23,43937;-46,56807;SPRF-SP;DEL03-SP;UOP01-DEL03-SP;false
583006.0;2024-02-24;sábado;13:50:00;SP;101.0;43;UBATUBA;Acumulo de areia ou detritos sobre o pavimento;Tombamento;Com Vítimas Feridas;Pleno dia;Crescente;Céu Claro;Simples;Rotatória;Sim;1;0;1;0;0;0;1;1;-23,40942079;-45,0591588;SPRF-SP;DEL06-SP;UOP01-DEL06-SP;false
583027.0;2024-02-24;sábado;15:45:00;SP;381.0;82,8;SAO PAULO;Reação tardia ou ineficiente do condutor;Colisão traseira;Com Vítimas Feridas;Pleno dia;Crescente;Chuva;Dupla;Reta;Não;3;0;2;0;1;0;2;2;-23,42399;-46,575112;SPRF-SP;DEL03-SP;UOP01-DEL03-SP;false
583078.0;2024-02-24;sábado;18:00:00;SP;381.0;75;SAO PAULO;Chuva;Saída de leito carroçável;Com Vítimas Feridas;Anoitecer;Decrescente;Chuva;Dupla;Curva;Não;1;0;1;0;0;0;1;1;-23,37660089;-46,56409613;SPRF-SP;DEL03-SP;UOP01-DEL03-SP;false
583083.0;2024-02-24;sábado;19:15:00;SP;101.0;48,7;UBATUBA;Conversão proibida;Colisão transversal;Com Vítimas Feridas;Plena Noite;Decrescente;Nublado;Simples;"Interseção de Vias;Reta";Sim;2;0;1;0;1;0;1;2;-23,44088403;-45,08692503;SPRF-SP;DEL06-SP;UOP01-DEL06-SP;false
583109.0;2024-02-24;sábado;16:15:00;SP;101.0;41;UBATUBA;Avarias e/ou desgaste excessivo no pneu;Tombamento;Com Vítimas Feridas;Pleno dia;Decrescente;Nublado;Simples;Curva;Não;2;0;2;0;0;0;2;1;-23,41971433;-45,0428663;SPRF-SP;DEL06-SP;UOP01-DEL06-SP;false
583124.0;2024-02-24;sábado;23:30:00;SP;116.0;149;SAO JOSE DOS CAMPOS;Reação tardia ou ineficiente do condutor;Tombamento;Com Vítimas Feridas;Plena Noite;Decrescente;Céu Claro;Dupla;Reta;Não;1;0;0;1;0;0;1;1;-23,20700047;-45,88626861;SPRF-SP;DEL02-SP;UOP01-DEL02-SP;false
583134.0;2024-02-25;domingo;01:15:00;SP;116.0;217;GUARULHOS;Ingestão de álcool pelo condutor;Tombamento;Com Vítimas Feridas;Plena Noite;Decrescente;Nublado;Múltipla;"Reta;Aclive";Não;1;0;1;0;0;0;1;1;-23,45423824;-46,47119028;SPRF-SP;DEL01-SP;UOP01-DEL01-SP;false
583145.0;2024-02-25;domingo;02:30:00;SP;116.0;214;GUARULHOS;Velocidade Incompatível;Colisão traseira;Sem Vítimas;Plena Noite;Decrescente;Céu Claro;Múltipla;Aclive;Sim;2;0;0;0;1;1;0;2;-23,44333014;-46,44531294;SPRF-SP;DEL01-SP;UOP01-DEL01-SP;false
583165.0;2024-02-25;domingo;05:30:00;SP;116.0;227;GUARULHOS;Reação tardia ou ineficiente do condutor;Colisão com objeto;Com Vítimas Feridas;Amanhecer;Crescente;Nublado;Múltipla;"Reta;Interseção de Vias;Declive";Sim;1;0;0;1;0;0;1;1;-23,49659264;-46,55648754;SPRF-SP;DEL01-SP;UOP01-DEL01-SP;false
583173.0;2024-02-25;domingo;06:15:00;SP;116.0;81,8;ROSEIRA;Reação tardia ou ineficiente do condutor;Colisão lateral mesmo sentido;Com Vítimas Feridas;Amanhecer;Crescente;Nevoeiro/Neblina;Dupla;Reta;Não;3;0;2;0;1;0;2;2;-22,90796442;-45,31683755;SPRF-SP;DEL08-SP;UOP01-DEL08-SP;false
583178.0;2024-02-25;domingo;07:00:00;SP;381.0;89,8;GUARULHOS;Reação tardia ou ineficiente do condutor;Colisão com objeto;Com Vítimas Feridas;Pleno dia;Decrescente;Céu Claro;Dupla;Curva;Sim;1;0;1;0;0;0;1;1;-23,48469299;-46,55983288;SPRF-SP;DEL03-SP;UOP01-DEL03-SP;false
583218.0;2024-02-25;domingo;12:30:00;SP;116.0;113;TAUBATE;Avarias e/ou desgaste excessivo no pneu;Tombamento;Com Vítimas Feridas;Pleno dia;Decrescente;Sol;Dupla;Reta;Não;2;0;1;1;0;0;2;1;-23,0440828;-45,58041405;SPRF-SP;DEL02-SP;UOP02-DEL02-SP;false
583222.0;2024-02-25;domingo;13:28:00;SP;101.0;46;UBATUBA;Retorno proibido;Colisão lateral mesmo sentido;Com Vítimas Feridas;Pleno dia;Crescente;Céu Claro;Simples;"Retorno Regulamentado;Reta";Sim;2;0;1;0;1;0;1;2;-23,42403383;-45,07492113;SPRF-SP;DEL06-SP;UOP01-DEL06-SP;false
583223.0;2024-02-25;domingo;13:20:00;SP;116.0;508;CAJATI;Reação tardia ou ineficiente do condutor;Queda de ocupante de veículo;Com Vítimas Feridas;Pleno dia;Crescente;Chuva;Dupla;Curva;Não;2;0;1;0;1;0;1;1;-24,81333299;-48,21310484;SPRF-SP;DEL05-SP;UOP02-DEL05-SP;false
583275.0;2024-02-25;domingo;18:30:00;SP;381.0;67,7;MAIRIPORA;Ausência de reação do condutor;Colisão com objeto;Sem Vítimas;Anoitecer;Decrescente;Céu Claro;Dupla;"Declive;Curva";Não;1;0;0;0;1;0;0;1;-23,33226094;-46,57675379;SPRF-SP;DEL03-SP;UOP01-DEL03-SP;false
583307.0;2024-02-25;domingo;17:50:00;SP;101.0;51,7;UBATUBA;Transitar na contramão;Colisão frontal;Com Vítimas Feridas;Anoitecer;Crescente;Céu Claro;Simples;Reta;Sim;2;0;1;0;0;1;1;2;-23,45627795;-45,07111896;SPRF-SP;DEL06-SP;UOP01-DEL06-SP;false
583316.0;2024-02-25;domingo;21:30:00;SP;116.0;227;SAO PAULO;Trafegar com motocicleta (ou similar) entre as faixas;Colisão lateral mesmo sentido;Com Vítimas Feridas;Plena Noite;Decrescente;Nublado;Múltipla;Curva;Sim;3;0;1;0;2;0;1;2;-23,50116107;-46,56021768;SPRF-SP;DEL01-SP;UOP01-DEL01-SP;false
583331.0;2024-02-25;domingo;22:30:00;SP;381.0;29;ATIBAIA;Pedestre andava na pista;Atropelamento de Pedestre;Com Vítimas Feridas;Plena Noite;Crescente;Céu Claro;Dupla;Reta;Sim;2;0;0;1;1;0;1;2;-23,04177622;-46,55896672;SPRF-SP;DEL03-SP;UOP02-DEL03-SP;false
583342.0;2024-02-25;domingo;22:00:00;SP;153.0;156;PROMISSAO;Animais na Pista;Saída de leito carroçável;Com Vítimas Feridas;Plena Noite;Crescente;Céu Claro;Simples;Reta;Não;2;0;2;0;0;0;2;1;-21,471328;-49,78182302;SPRF-SP;DEL07-SP;UOP01-DEL07-SP;false
583346.0;2024-02-26;segunda-feira;00:30:00;SP;116.0;157;SAO JOSE DOS CAMPOS;Ausência de reação do condutor;Colisão lateral mesmo sentido;Com Vítimas Feridas;Plena Noite;Crescente;Céu Claro;Dupla;Declive;Sim;1;0;1;0;0;0;1;1;-23,25558031;-45,9437828;SPRF-SP;DEL02-SP;UOP01-DEL02-SP;false
583355.0;2024-02-26;segunda-feira;02:00:00;SP;116.0;215,6;GUARULHOS;Entrada inopinada do pedestre;Atropelamento de Pedestre;Com Vítimas Feridas;Plena Noite;Crescente;Nublado;Múltipla;Reta;Sim;2;0;1;0;1;0;1;2;-23,44695693;-46,45394103;SPRF-SP;DEL01-SP;UOP01-DEL01-SP;false
583359.0;2024-02-26;segunda-feira;02:30:00;SP;116.0;465;REGISTRO;Ausência de reação do condutor;Saída de leito carroçável;Com Vítimas Feridas;Plena Noite;Crescente;Chuva;Dupla;Curva;Não;1;0;1;0;0;0;1;1;-24,64131463;-47,91527636;SPRF-SP;DEL05-SP;UOP01-DEL05-SP;false
583368.0;2024-02-26;segunda-feira;06:00:00;SP;116.0;202;ARUJA;Ausência de reação do condutor;Queda de ocupante de veículo;Com Vítimas Feridas;Pleno dia;Decrescente;Céu Claro;Dupla;Reta;Sim;1;0;1;0;0;0;1;1;-23,40809408;-46,33859597;SPRF-SP;DEL01-SP;UOP01-DEL01-SP;false
583381.0;2024-02-26;segunda-feira;06:23:00;SP;116.0;146,3;SAO JOSE DOS CAMPOS;Reação tardia ou ineficiente do condutor;Tombamento;Com Vítimas Feridas;Amanhecer;Decrescente;Nublado;Dupla;Aclive;Sim;2;0;1;0;1;0;1;1;-23,19122919;-45,86327591;SPRF-SP;DEL02-SP;UOP01-DEL02-SP;false
583481.0;2024-02-26;segunda-feira;16:15:00;SP;116.0;208,5;GUARULHOS;Ausência de reação do condutor;Queda de ocupante de veículo;Com Vítimas Feridas;Pleno dia;Decrescente;Céu Claro;Dupla;Reta;Sim;1;0;1;0;0;0;1;1;-23,42222263;-46,3932771;SPRF-SP;DEL01-SP;UOP01-DEL01-SP;false
583500.0;2024-02-26;segunda-feira;18:10:00;SP;381.0;23;BRAGANCA PAULISTA;Ausência de reação do condutor;Tombamento;Com Vítimas Feridas;Pleno dia;Crescente;Céu Claro;Dupla;"Declive;Reta";Sim;2;0;2;0;0;0;2;1;-23,00476488;-46,52061531;SPRF-SP;DEL03-SP;UOP02-DEL03-SP;false
583514.0;2024-02-26;segunda-feira;18:30:00;SP;153.0;49,5;SAO JOSE DO RIO PRETO;Acessar a via sem observar a presença dos outros veículos;Colisão transversal;Com Vítimas Feridas;Anoitecer;Crescente;Céu Claro;Simples;Reta;Não;2;0;0;1;1;0;1;2;-20,70000401;-49,33945823;SPRF-SP;DEL09-SP;UOP01-DEL09-SP;false
583517.0;2024-02-26;segunda-feira;18:05:00;SP;116.0;488;CAJATI;Reação tardia ou ineficiente do condutor;Colisão com objeto;Com Vítimas Feridas;Plena Noite;Crescente;Chuva;Dupla;Curva;Sim;1;0;1;0;0;0;1;1;-24,73097634;-48,09815591;SPRF-SP;DEL05-SP;UOP01-DEL05-SP;false
583550.0;2024-02-26;segunda-feira;21:00:00;SP;116.0;294;ITAPECERICA DA SERRA;Reação tardia ou ineficiente do condutor;Saída de leito carroçável;Sem Vítimas;Plena Noite;Crescente;Nublado;Dupla;Reta;Não;1;0;0;0;0;1;0;1;-23,76154691;-46,90483412;SPRF-SP;DEL04-SP;UOP01-DEL04-SP;false
583581.0;2024-02-27;terça-feira;06:30:00;SP;116.0;209;GUARULHOS;Manobra de mudança de faixa;Colisão lateral mesmo sentido;Com Vítimas Feridas;Pleno dia;Crescente;Céu Claro;Dupla;Reta;Sim;3;0;1;0;2;0;1;3;-23,42511799;-46,40221101;SPRF-SP;DEL01-SP;UOP01-DEL01-SP;false
583609.0;2024-02-27;terça-feira;08:20:00;SP;116.0;206,8;GUARULHOS;Acumulo de areia ou detritos sobre o pavimento;Queda de ocupante de veículo;Com Vítimas Feridas;Pleno dia;Crescente;Céu Claro;Simples;Reta;Sim;1;0;0;1;0;0;1;1;-23,41722629;-46,37510292;SPRF-SP;DEL01-SP;UOP01-DEL01-SP;false
583611.0;2024-02-27;terça-feira;07:30:00;SP;116.0;60,6;GUARATINGUETA;Ausência de reação do condutor;Saída de leito carroçável;Com Vítimas Feridas;Pleno dia;Decrescente;Céu Claro;Dupla;Aclive;Não;1;0;0;1;0;0;1;1;-22,79106843;-45,16105167;SPRF-SP;DEL08-SP;UOP01-DEL08-SP;false
583638.0;2024-02-27;terça-feira;10:15:00;SP;381.0;60,1;MAIRIPORA;Reação tardia ou ineficiente do condutor;Colisão traseira;Com Vítimas Feridas;Pleno dia;Decrescente;Sol;Dupla;"Curva;Aclive";Não;3;0;1;0;2;0;1;2;-23,28957673;-46,58729853;SPRF-SP;DEL03-SP;UOP01-DEL03-SP;false
583646.0;2024-02-27;terça-feira;11:40:00;SP;381.0;26;BRAGANCA PAULISTA;Ausência de reação do condutor;Colisão transversal;Com Vítimas Feridas;Pleno dia;Crescente;Céu Claro;Simples;"Declive;Retorno Regulamentado";Sim;2;0;0;1;1;0;1;2;-23,02679312;-46,53612988;SPRF-SP;DEL03-SP;UOP02-DEL03-SP;false
583691.0;2024-02-27;terça-feira;14:05:00;SP;116.0;421;JUQUIA;Reação tardia ou ineficiente do condutor;Atropelamento de Pedestre;Com Vítimas Feridas;Pleno dia;Crescente;Céu Claro;Dupla;Reta;Sim;2;0;1;0;1;0;1;2;-24,35801488;-47,68588212;SPRF-SP;DEL05-SP;UOP01-DEL05-SP;false
583694.0;2024-02-27;terça-feira;17:10:00;SP;153.0;63,5;SAO JOSE DO RIO PRETO;Manobra de mudança de faixa;Colisão lateral mesmo sentido;Com Vítimas Feridas;Pleno dia;Crescente;Céu Claro;Dupla;Reta;Sim;2;0;1;0;1;0;1;2;-20,82149698;-49,35764818;SPRF-SP;DEL09-SP;UOP01-DEL09-SP;false
583726.0;2024-02-27;terça-feira;19:45:00;SP;116.0;108;TAUBATE;Pedestre cruzava a pista fora da faixa;Colisão com objeto;Com Vítimas Feridas;Pleno dia;Crescente;Nublado;Dupla;Reta;Sim;2;0;1;0;0;1;1;2;-23,0233097;-45,53763622;SPRF-SP;DEL02-SP;UOP02-DEL02-SP;false
583736.0;2024-02-27;terça-feira;20:10:00;SP;116.0;282;EMBU DAS ARTES;Demais falhas mecânicas ou elétricas;Colisão com objeto;Com Vítimas Feridas;Plena Noite;Crescente;Céu Claro;Dupla;Reta;Não;1;0;1;0;0;0;1;1;-23,68570216;-46,85970975;SPRF-SP;DEL04-SP;UOP01-DEL04-SP;false
583739.0;2024-02-27;terça-feira;21:50:00;SP;116.0;221;GUARULHOS;Trafegar com motocicleta (ou similar) entre as faixas;Colisão lateral mesmo sentido;Com Vítimas Feridas;Plena Noite;Crescente;Céu Claro;Múltipla;Reta;Não;2;0;1;0;1;0;1;2;-23,46802395;-46,50704901;SPRF-SP;DEL01-SP;UOP01-DEL01-SP;false
583763.0;2024-02-28;quarta-feira;03:15:00;SP;116.0;520;CAJATI;Reação tardia ou ineficiente do condutor;Saída de leito carroçável;Com Vítimas Feridas;Plena Noite;Crescente;Nublado;Dupla;Curva;Não;1;0;1;0;0;0;1;1;-24,89364369;-48,24164206;SPRF-SP;DEL05-SP;UOP02-DEL05-SP;false
583779.0;2024-02-27;terça-feira;09:45:00;SP;101.0;49;UBATUBA;Reação tardia ou ineficiente do condutor;Colisão transversal;Com Vítimas Feridas;Pleno dia;Crescente;Céu Claro;Simples;Reta;Sim;2;0;1;0;0;1;1;2;-23,44410908;-45,08375708;SPRF-SP;DEL06-SP;UOP01-DEL06-SP;false
583799.0;2024-02-28;quarta-feira;08:00:00;SP;116.0;144,9;SAO JOSE DOS CAMPOS;Trafegar com motocicleta (ou similar) entre as faixas;Colisão traseira;Com Vítimas Feridas;Pleno dia;Crescente;Céu Claro;Dupla;Aclive;Não;2;0;1;0;1;0;1;2;-23,18274416;-45,84633592;SPRF-SP;DEL02-SP;UOP01-DEL02-SP;false
583814.0;2024-02-28;quarta-feira;09:54:00;SP;116.0;109;TAUBATE;Condutor deixou de manter distância do veículo da frente;Colisão traseira;Com Vítimas Feridas;Pleno dia;Decrescente;Céu Claro;Dupla;Reta;Sim;2;0;1;0;1;0;1;2;-23,02871304;-45,54517097;SPRF-SP;DEL02-SP;UOP02-DEL02-SP;false
583821.0;2024-02-28;quarta-feira;10:00:00;SP;381.0;27,4;ATIBAIA;Transitar no Acostamento;Colisão lateral mesmo sentido;Com Vítimas Feridas;Pleno dia;Crescente;Nublado;Dupla;Reta;Não;2;0;1;0;1;0;1;2;-23,03325858;-46,54275266;SPRF-SP;DEL03-SP;UOP02-DEL03-SP;false
583826.0;2024-02-28;quarta-feira;10:40:00;SP;153.0;53;SAO JOSE DO RIO PRETO;Avarias e/ou desgaste excessivo no pneu;Tombamento;Com Vítimas Feridas;Pleno dia;Decrescente;Céu Claro;Dupla;Retorno Regulamentado;Não;1;0;1;0;0;0;1;1;-20,73603199;-49,33803779;SPRF-SP;DEL09-SP;UOP01-DEL09-SP;false
583833.0;2024-02-28;quarta-feira;12:00:00;SP;153.0;56;SAO JOSE DO RIO PRETO;Ingestão de álcool pelo condutor;Colisão traseira;Com Vítimas Feridas;Pleno dia;Crescente;Céu Claro;Dupla;Reta;Sim;2;0;1;0;1;0;1;2;-20,7615601;-49,34622278;SPRF-SP;DEL09-SP;UOP01-DEL09-SP;false
583871.0;2024-02-28;quarta-feira;16:08:00;SP;116.0;154;SAO JOSE DOS CAMPOS;Acessar a via sem observar a presença dos outros veículos;Saída de leito carroçável;Com Vítimas Feridas;Pleno dia;Crescente;Céu Claro;Dupla;Reta;Sim;1;0;1;0;0;0;1;1;-23,23903999;-45,92061901;SPRF-SP;DEL02-SP;UOP01-DEL02-SP;false
583882.0;2024-02-28;quarta-feira;13:00:00;SP;116.0;51;LORENA;Ausência de reação do condutor;Tombamento;Com Vítimas Feridas;Pleno dia;Decrescente;Céu Claro;Múltipla;Curva;Não;1;0;1;0;0;0;1;1;-22,74157511;-45,09206392;SPRF-SP;DEL08-SP;UOP02-DEL08-SP;false
583907.0;2024-02-28;quarta-feira;19:15:00;SP;116.0;448;REGISTRO;Acessar a via sem observar a presença dos outros veículos;Colisão traseira;Com Vítimas Feridas;Plena Noite;Crescente;Céu Claro;Dupla;Reta;Sim;2;0;1;0;1;0;1;2;-24,52099699;-47,85336602;SPRF-SP;DEL05-SP;UOP01-DEL05-SP;false
583934.0;2024-02-28;quarta-feira;23:50:00;SP;116.0;141,4;SAO JOSE DOS CAMPOS;Demais falhas mecânicas ou elétricas;Tombamento;Com Vítimas Feridas;Plena Noite;Decrescente;Céu Claro;Dupla;Reta;Não;2;0;2;0;0;0;2;1;-23,17004717;-45,82091491;SPRF-SP;DEL02-SP;UOP01-DEL02-SP;false
583937.0;2024-02-28;quarta-feira;23:30:00;SP;116.0;95,2;PINDAMONHANGABA;Reação tardia ou ineficiente do condutor;Tombamento;Com Vítimas Feridas;Plena Noite;Crescente;Nublado;Dupla;Reta;Não;1;0;1;0;0;0;1;1;-22,96622293;-45,43259525;SPRF-SP;DEL08-SP;UOP01-DEL08-SP;false
583946.0;2024-02-29;quinta-feira;02:30:00;SP;116.0;230;SAO PAULO;Ausência de reação do condutor;Queda de ocupante de veículo;Com Vítimas Feridas;Plena Noite;Decrescente;Nublado;Múltipla;Reta;Não;1;0;1;0;0;0;1;1;-23,52251783;-46,5855702;SPRF-SP;DEL01-SP;UOP01-DEL01-SP;false
583984.0;2024-02-29;quinta-feira;07:30:00;SP;116.0;227;GUARULHOS;Reação tardia ou ineficiente do condutor;Queda de ocupante de veículo;Com Vítimas Feridas;Pleno dia;Crescente;Céu Claro;Múltipla;"Reta;Em Obras";Sim;1;0;1;0;0;0;1;1;-23,49659264;-46,55648754;SPRF-SP;DEL01-SP;UOP01-DEL01-SP;false
583996.0;2024-02-29;quinta-feira;08:01:00;SP;116.0;545;BARRA DO TURVO;Reação tardia ou ineficiente do condutor;Saída de leito carroçável;Com Vítimas Feridas;Pleno dia;Crescente;Chuva;Dupla;Curva;Não;1;0;1;0;0;0;1;1;-24,95016699;-48,42400302;SPRF-SP;DEL05-SP;UOP02-DEL05-SP;false
584075.0;2024-02-29;quinta-feira;16:10:00;SP;381.0;84,7;SAO PAULO;Demais falhas mecânicas ou elétricas;Tombamento;Com Vítimas Feridas;Pleno dia;Decrescente;Céu Claro;Dupla;Reta;Sim;2;0;1;1;0;0;2;1;-23,43937;-46,56807;SPRF-SP;DEL03-SP;UOP01-DEL03-SP;false
584099.0;2024-02-29;quinta-feira;19:00:00;SP;116.0;223;GUARULHOS;Condutor deixou de manter distância do veículo da frente;Colisão traseira;Com Vítimas Feridas;Pleno dia;Decrescente;Céu Claro;Múltipla;Curva;Sim;3;0;1;0;2;0;1;2;-23,47559815;-46,5246609;SPRF-SP;DEL01-SP;UOP01-DEL01-SP;false
584100.0;2024-02-29;quinta-feira;18:25:00;SP;116.0;499;CAJATI;Reação tardia ou ineficiente do condutor;Saída de leito carroçável;Sem Vítimas;Anoitecer;Crescente;Garoa/Chuvisco;Dupla;Curva;Não;1;0;0;0;1;0;0;1;-24,78228753;-48,17695233;SPRF-SP;DEL05-SP;UOP02-DEL05-SP;false
584109.0;2024-02-29;quinta-feira;19:15:00;SP;153.0;304,7;CAMPOS NOVOS PAULISTA;Ausência de reação do condutor;Colisão traseira;Com Vítimas Feridas;Anoitecer;Crescente;Nublado;Simples;Reta;Não;2;0;0;1;1;0;1;2;-22,616727;-49,88953502;SPRF-SP;DEL07-SP;UOP03-DEL07-SP;false
584116.0;2024-02-29;quinta-feira;19:45:00;SP;116.0;433;REGISTRO;Ausência de reação do condutor;Saída de leito carroçável;Com Vítimas Feridas;Plena Noite;Decrescente;Céu Claro;Dupla;Curva;Não;1;0;1;0;0;0;1;1;-24,42030004;-47,77032299;SPRF-SP;DEL05-SP;UOP01-DEL05-SP;false
584177.0;2024-03-01;sexta-feira;07:59:00;SP;116.0;138;SAO JOSE DOS CAMPOS;Trafegar com motocicleta (ou similar) entre as faixas;Colisão lateral mesmo sentido;Com Vítimas Feridas;Pleno dia;Crescente;Sol;Dupla;"Aclive;Reta";Não;3;0;2;0;1;0;2;2;-23,1572739;-45,79554605;SPRF-SP;DEL02-SP;UOP01-DEL02-SP;false
584184.0;2024-03-01;sexta-feira;03:30:00;SP;153.0;9,4;ICEM;Reação tardia ou ineficiente do condutor;Saída de leito carroçável;Com Vítimas Feridas;Plena Noite;Crescente;Céu Claro;Simples;"Declive;Reta";Não;1;0;1;0;0;0;1;1;-20,38030406;-49,23117399;SPRF-SP;DEL09-SP;UOP01-DEL09-SP;false
584203.0;2024-01-16;terça-feira;20:35:00;SP;116.0;500;CAJATI;Reação tardia ou ineficiente do condutor;Queda de ocupante de veículo;Com Vítimas Feridas;Plena Noite;Crescente;Nublado;Dupla;Curva;Não;1;0;1;0;0;0;1;1;-24,78162109;-48,18342711;SPRF-SP;DEL05-SP;UOP02-DEL05-SP;false
584214.0;2024-03-01;sexta-feira;11:45:00;SP;116.0;228;SAO PAULO;Acumulo de óleo sobre o pavimento;Queda de ocupante de veículo;Com Vítimas Feridas;Pleno dia;Crescente;Céu Claro;Múltipla;"Aclive;Reta";Não;1;0;0;1;0;0;1;1;-23,50343484;-46,56638712;SPRF-SP;DEL01-SP;UOP01-DEL01-SP;false
584240.0;2024-03-01;sexta-feira;13:20:00;SP;381.0;58;MAIRIPORA;Reação tardia ou ineficiente do condutor;Colisão traseira;Com Vítimas Feridas;Pleno dia;Crescente;Céu Claro;Múltipla;Reta;Sim;2;0;0;1;1;0;1;2;-23,27438497;-46,58530615;SPRF-SP;DEL03-SP;UOP01-DEL03-SP;false
584276.0;2024-03-01;sexta-feira;17:40:00;SP;116.0;218;GUARULHOS;Ausência de reação do condutor;Colisão traseira;Com Vítimas Feridas;Anoitecer;Crescente;Céu Claro;Múltipla;Reta;Sim;2;0;0;1;1;0;1;2;-23,457972;-46,479927;SPRF-SP;DEL01-SP;UOP01-DEL01-SP;false
584306.0;2024-03-01;sexta-feira;15:25:00;SP;153.0;35,8;NOVA GRANADA;Reação tardia ou ineficiente do condutor;Colisão traseira;Sem Vítimas;Pleno dia;Decrescente;Céu Claro;Múltipla;Reta;Não;3;0;0;0;3;0;0;3;-20,58054802;-49,31936791;SPRF-SP;DEL09-SP;UOP01-DEL09-SP;false
584364.0;2024-03-01;sexta-feira;22:57:00;SP;116.0;505;CAJATI;Reação tardia ou ineficiente do condutor;Saída de leito carroçável;Com Vítimas Feridas;Plena Noite;Decrescente;Garoa/Chuvisco;Simples;"Declive;Reta";Não;1;0;1;0;0;0;1;1;-24,79028098;-48,21075278;SPRF-SP;DEL05-SP;UOP02-DEL05-SP;false
584382.0;2024-03-01;sexta-feira;18:15:00;SP;116.0;515;CAJATI;Velocidade Incompatível;Capotamento;Com Vítimas Feridas;Plena Noite;Decrescente;Garoa/Chuvisco;Dupla;"Declive;Curva";Não;1;0;1;0;0;0;1;1;-24,86704083;-48,21738184;SPRF-SP;DEL05-SP;UOP02-DEL05-SP;false
584385.0;2024-03-02;sábado;04:09:00;SP;116.0;561;BARRA DO TURVO;Reação tardia ou ineficiente do condutor;Saída de leito carroçável;Com Vítimas Feridas;Plena Noite;Crescente;Nevoeiro/Neblina;Dupla;"Declive;Curva";Não;3;0;1;0;2;0;1;1;-25,02045097;-48,51586004;SPRF-SP;DEL05-SP;UOP02-DEL05-SP;false