id;data_inversa;dia_semana;horario;uf;br;km;municipio;causa_acidente;tipo_acidente;classificacao_acidente;fase_dia;sentido_via;condicao_metereologica;tipo_pista;tracado_via;uso_solo;pessoas;mortos;feridos_leves;feridos_graves;ilesos;ignorados;feridos;veiculos;latitude;longitude;regional;delegacia;uop;feriado
586589.0;2024-03-09;sábado;07:30:00;SP;381.0;60;MAIRIPORA;Pista esburacada;Colisão com objeto;Sem Vítimas;Pleno dia;Decrescente;Garoa/Chuvisco;Dupla;Curva;Não;2;0;0;0;2;0;0;1;-23,28951;-46,587105;SPRF-SP;DEL03-SP;UOP01-DEL03-SP;false
586598.0;2024-03-11;segunda-feira;15:20:00;SP;116.0;217;GUARULHOS;Avarias e/ou desgaste excessivo no pneu;Colisão com objeto;Com Vítimas Feridas;Pleno dia;Crescente;Céu Claro;Múltipla;Reta;Sim;1;0;0;1;0;0;1;1;-23,45423824;-46,47119028;SPRF-SP;DEL01-SP;UOP01-DEL01-SP;false
586680.0;2024-03-11;segunda-feira;23:36:00;SP;116.0;161,5;JACAREI;Ausência de reação do condutor;Colisão traseira;Com Vítimas Feridas;Plena Noite;Decrescente;Céu Claro;Dupla;Reta;Não;3;0;1;0;2;0;1;2;-23,27617003;-45,97592098;SPRF-SP;DEL02-SP;UOP01-DEL02-SP;false
586697.0;2024-03-12;terça-feira;05:30:00;SP;116.0;108;TAUBATE;Reação tardia ou ineficiente do condutor;Colisão com objeto;Com Vítimas Feridas;Amanhecer;Crescente;Céu Claro;Dupla;Reta;Sim;2;0;1;0;1;0;1;1;-23,0233097;-45,53763622;SPRF-SP;DEL02-SP;UOP02-DEL02-SP;false
586702.0;2024-03-12;terça-feira;06:35:00;SP;116.0;215,9;GUARULHOS;Manobra de mudança de faixa;Colisão lateral mesmo sentido;Com Vítimas Feridas;Pleno dia;Decrescente;Céu Claro;Múltipla;"Aclive;Reta";Sim;3;0;2;0;1;0;2;2;-23,45056589;-46,46258105;SPRF-SP;DEL01-SP;UOP01-DEL01-SP;false
586711.0;2024-03-12;terça-feira;07:20:00;SP;116.0;397;MIRACATU;Ausência de reação do condutor;Saída de leito carroçável;Com Vítimas Feridas;Pleno dia;Decrescente;Céu Claro;Dupla;Reta;Não;1;0;1;0;0;0;1;1;-24,29425611;-47,47858793;SPRF-SP;DEL04-SP;UOP02-DEL04-SP;false
586726.0;2024-03-12;terça-feira;05:40:00;SP;381.0;5,6;VARGEM;Reação tardia ou ineficiente do condutor;Colisão com objeto;Com Vítimas Feridas;Amanhecer;Crescente;Céu Claro;Dupla;Reta;Sim;1;0;1;0;0;0;1;1;-22,88993723;-46,41305958;SPRF-SP;DEL03-SP;UOP02-DEL03-SP;false
586748.0;2024-03-12;terça-feira;09:00:00;SP;116.0;219,6;GUARULHOS;Manobra de mudança de faixa;Colisão lateral mesmo sentido;Sem Vítimas;Pleno dia;Crescente;Céu Claro;Dupla;Reta;Sim;4;0;0;0;4;0;0;3;-23,46143954;-46,48885316;SPRF-SP;DEL01-SP;UOP01-DEL01-SP;false
586781.0;2024-03-12;terça-feira;14:00:00;SP;116.0;311;SAO LOURENCO DA SERRA;Animais na Pista;Atropelamento de Animal;Com Vítimas Feridas;Pleno dia;Crescente;Céu Claro;Dupla;Reta;Não;1;0;1;0;0;0;1;1;-23,87725502;-46,96775798;SPRF-SP;DEL04-SP;UOP01-DEL04-SP;false
586785.0;2024-03-12;terça-feira;15:30:00;SP;381.0;52;ATIBAIA;Reação tardia ou ineficiente do condutor;Colisão lateral mesmo sentido;Com Vítimas Feridas;Pleno dia;Decrescente;Céu Claro;Dupla;Reta;Não;2;0;1;0;1;0;1;2;-23,2300622;-46,59963076;SPRF-SP;DEL03-SP;UOP01-DEL03-SP;false
586790.0;2024-03-12;terça-feira;15:50:00;SP;116.0;463;PARIQUERA-ACU;Avarias e/ou desgaste excessivo no pneu;Saída de leito carroçável;Com Vítimas Feridas;Pleno dia;Decrescente;Céu Claro;Dupla;Reta;Não;1;0;1;0;0;0;1;1;-24,62904309;-47,90227592;SPRF-SP;DEL05-SP;UOP01-DEL05-SP;false
586803.0;2024-03-12;terça-feira;17:45:00;SP;381.0;37;ATIBAIA;Ausência de reação do condutor;Colisão traseira;Sem Vítimas;Pleno dia;Decrescente;Céu Claro;Dupla;Reta;Sim;3;0;0;0;3;0;0;2;-23,10720732;-46,56928539;SPRF-SP;DEL03-SP;UOP01-DEL03-SP;false
586822.0;2024-03-12;terça-feira;18:27:00;SP;116.0;148,9;SAO JOSE DOS CAMPOS;Reação tardia ou ineficiente do condutor;Colisão lateral mesmo sentido;Com Vítimas Feridas;Plena Noite;Decrescente;Céu Claro;Dupla;Reta;Sim;3;0;2;0;1;0;2;2;-23,20067421;-45,8795018;SPRF-SP;DEL02-SP;UOP01-DEL02-SP;false
586883.0;2024-03-12;terça-feira;11:50:00;SP;116.0;375;MIRACATU;Acumulo de óleo sobre o pavimento;Queda de ocupante de veículo;Com Vítimas Feridas;Pleno dia;Decrescente;Céu Claro;Simples;Curva;Não;2;0;0;1;0;1;1;1;-24,2890287;-47,46010249;SPRF-SP;DEL04-SP;UOP02-DEL04-SP;false
586911.0;2024-03-13;quarta-feira;07:30:00;SP;101.0;47;UBATUBA;Acessar a via sem observar a presença dos outros veículos;Colisão transversal;Com Vítimas Feridas;Pleno dia;Crescente;Céu Claro;Simples;Rotatória;Sim;3;0;2;0;1;0;2;2;-23,429897;-45,082436;SPRF-SP;DEL06-SP;UOP01-DEL06-SP;false
586938.0;2024-03-13;quarta-feira;08:55:00;SP;116.0;276;EMBU DAS ARTES;Reação tardia ou ineficiente do condutor;Colisão lateral mesmo sentido;Com Vítimas Feridas;Pleno dia;Decrescente;Céu Claro;Dupla;Reta;Sim;2;0;0;1;1;0;1;2;-23,63099995;-46,82111263;SPRF-SP;DEL04-SP;UOP01-DEL04-SP;false
586974.0;2024-02-18;domingo;11:00:00;SP;116.0;564;BARRA DO TURVO;Reação tardia ou ineficiente do condutor;Capotamento;Com Vítimas Feridas;Pleno dia;Crescente;Nublado;Simples;Curva;Não;2;0;1;0;1;0;1;1;-25,03458919;-48,53543877;SPRF-SP;DEL05-SP;UOP02-DEL05-SP;false
587000.0;2024-03-13;quarta-feira;12:45:00;SP;101.0;51,5;UBATUBA;Conversão proibida;Colisão lateral mesmo sentido;Com Vítimas Feridas;Pleno dia;Decrescente;Nublado;Simples;Reta;Sim;2;0;0;1;1;0;1;2;-23,45627795;-45,07111896;SPRF-SP;DEL06-SP;UOP01-DEL06-SP;false
587051.0;2024-03-13;quarta-feira;18:50:00;SP;116.0;342;MIRACATU;Entrada inopinada do pedestre;Atropelamento de Pedestre;Com Vítimas Fatais;Plena Noite;Crescente;Céu Claro;Dupla;"Declive;Reta";Sim;3;1;0;0;1;1;0;2;-24,01625202;-47,16797896;SPRF-SP;DEL04-SP;UOP03-DEL04-SP;false
587120.0;2024-03-14;quinta-feira;05:30:00;SP;153.0;57,7;SAO JOSE DO RIO PRETO;Ausência de reação do condutor;Colisão com objeto;Sem Vítimas;Amanhecer;Crescente;Céu Claro;Dupla;"Curva;Ponte";Sim;1;0;0;0;0;1;0;1;-20,76991095;-49,34982212;SPRF-SP;DEL09-SP;UOP01-DEL09-SP;false
587170.0;2024-03-14;quinta-feira;08:15:00;SP;381.0;2;VARGEM;Reação tardia ou ineficiente do condutor;Engavetamento;Sem Vítimas;Pleno dia;Decrescente;Céu Claro;Simples;"Aclive;Reta";Não;4;0;0;0;4;0;0;4;-22,88187369;-46,39059388;SPRF-SP;DEL03-SP;UOP02-DEL03-SP;false
587223.0;2024-03-14;quinta-feira;17:00:00;SP;116.0;81;ROSEIRA;Ausência de reação do condutor;Colisão traseira;Com Vítimas Feridas;Pleno dia;Crescente;Céu Claro;Dupla;Reta;Sim;2;0;0;1;1;0;1;2;-22,90482177;-45,31030655;SPRF-SP;DEL08-SP;UOP01-DEL08-SP;false
587250.0;2024-03-14;quinta-feira;18:50:00;SP;116.0;223;GUARULHOS;Trafegar com motocicleta (ou similar) entre as faixas;Tombamento;Com Vítimas Feridas;Plena Noite;Decrescente;Céu Claro;Múltipla;Reta;Sim;2;0;1;0;0;1;1;2;-23,47559815;-46,5246609;SPRF-SP;DEL01-SP;UOP01-DEL01-SP;false
587258.0;2024-03-14;quinta-feira;18:50:00;SP;116.0;145;SAO JOSE DOS CAMPOS;Trafegar com motocicleta (ou similar) entre as faixas;Colisão lateral mesmo sentido;Com Vítimas Feridas;Plena Noite;Decrescente;Céu Claro;Múltipla;Reta;Sim;2;0;1;0;1;0;1;2;-23,1869844;-45,8548078;SPRF-SP;DEL02-SP;UOP01-DEL02-SP;false
587262.0;2024-03-14;quinta-feira;18:10:00;SP;116.0;124,1;CACAPAVA;Demais falhas mecânicas ou elétricas;Incêndio;Sem Vítimas;Anoitecer;Crescente;Céu Claro;Dupla;Reta;Não;1;0;0;0;1;0;0;1;-23,093116;-45,677904;SPRF-SP;DEL02-SP;UOP02-DEL02-SP;false
587275.0;2024-03-14;quinta-feira;19:20:00;SP;381.0;50;ATIBAIA;Pedestre andava na pista;Atropelamento de Pedestre;Com Vítimas Feridas;Plena Noite;Crescente;Nublado;Simples;Reta;Sim;2;0;0;1;1;0;1;2;-23,21359807;-46,59367981;SPRF-SP;DEL03-SP;UOP01-DEL03-SP;false
587293.0;2024-03-14;quinta-feira;22:20:00;SP;153.0;59;SAO JOSE DO RIO PRETO;Pedestre cruzava a pista fora da faixa;Atropelamento de Pedestre;Com Vítimas Feridas;Plena Noite;Decrescente;Nublado;Dupla;"Reta;Declive";Sim;2;0;0;1;1;0;1;2;-20,78733103;-49,35399276;SPRF-SP;DEL09-SP;UOP01-DEL09-SP;false
587301.0;2024-03-14;quinta-feira;21:20:00;SP;381.0;89,5;GUARULHOS;Manobra de mudança de faixa;Colisão lateral mesmo sentido;Com Vítimas Feridas;Plena Noite;Crescente;Céu Claro;Dupla;Reta;Sim;2;0;1;0;0;1;1;2;-23,48469299;-46,55983288;SPRF-SP;DEL03-SP;UOP01-DEL03-SP;false
587324.0;2024-03-15;sexta-feira;04:50:00;SP;116.0;504;CAJATI;Reação tardia ou ineficiente do condutor;Saída de leito carroçável;Com Vítimas Feridas;Plena Noite;Decrescente;Céu Claro;Simples;Reta;Não;1;0;1;0;0;0;1;1;-24,78266496;-48,20865858;SPRF-SP;DEL05-SP;UOP02-DEL05-SP;false
587363.0;2024-03-15;sexta-feira;08:50:00;SP;381.0;81,5;SAO PAULO;Reação tardia ou ineficiente do condutor;Colisão traseira;Com Vítimas Feridas;Pleno dia;Decrescente;Sol;Dupla;Reta;Sim;2;0;1;0;1;0;1;2;-23,41704481;-46,58022057;SPRF-SP;DEL03-SP;UOP01-DEL03-SP;false
587427.0;2024-03-15;sexta-feira;13:50:00;SP;101.0;49;UBATUBA;Acessar a via sem observar a presença dos outros veículos;Colisão transversal;Com Vítimas Feridas;Pleno dia;Crescente;Céu Claro;Simples;Reta;Sim;2;0;2;0;0;0;2;2;-23,44410908;-45,08375708;SPRF-SP;DEL06-SP;UOP01-DEL06-SP;false
587436.0;2024-03-15;sexta-feira;15:15:00;SP;116.0;280;EMBU DAS ARTES;Ausência de reação do condutor;Colisão traseira;Com Vítimas Feridas;Pleno dia;Crescente;Céu Claro;Dupla;Reta;Sim;3;0;2;0;1;0;2;2;-23,66996108;-46,85590758;SPRF-SP;DEL04-SP;UOP01-DEL04-SP;false
587445.0;2024-03-15;sexta-feira;16:15:00;SP;116.0;279;EMBU DAS ARTES;Reação tardia ou ineficiente do condutor;Colisão frontal;Sem Vítimas;Pleno dia;Decrescente;Céu Claro;Múltipla;Reta;Sim;2;0;0;0;2;0;0;2;-23,66233697;-46,85292907;SPRF-SP;DEL04-SP;UOP01-DEL04-SP;false
587471.0;2024-03-15;sexta-feira;17:50:00;SP;101.0;52;UBATUBA;Velocidade Incompatível;Colisão frontal;Com Vítimas Feridas;Anoitecer;Crescente;Céu Claro;Simples;Reta;Não;4;0;1;0;2;1;1;4;-23,4623355;-45,06476561;SPRF-SP;DEL06-SP;UOP01-DEL06-SP;false
587480.0;2024-03-15;sexta-feira;19:30:00;SP;116.0;225,8;GUARULHOS;Ausência de reação do condutor;Tombamento;Com Vítimas Feridas;Plena Noite;Crescente;Céu Claro;Múltipla;"Declive;Interseção de Vias;Em Obras;Curva";Sim;1;0;1;0;0;0;1;1;-23,48586772;-46,54075317;SPRF-SP;DEL01-SP;UOP01-DEL01-SP;false
587488.0;2024-03-15;sexta-feira;19:00:00;SP;116.0;285,2;ITAPECERICA DA SERRA;Pedestre andava na pista;Atropelamento de Pedestre;Com Vítimas Feridas;Plena Noite;Decrescente;Céu Claro;Dupla;Reta;Não;4;0;0;1;3;0;1;2;-23,70407794;-46,87249709;SPRF-SP;DEL04-SP;UOP01-DEL04-SP;false
587557.0;2024-03-15;sexta-feira;23:00:00;SP;116.0;151;SAO JOSE DOS CAMPOS;Ausência de reação do condutor;Colisão com objeto;Sem Vítimas;Plena Noite;Decrescente;Céu Claro;Dupla;Reta;Sim;1;0;0;0;0;1;0;1;-23,21980694;-45,89991605;SPRF-SP;DEL02-SP;UOP01-DEL02-SP;false
587583.0;2024-03-16;sábado;05:25:00;SP;116.0;219;GUARULHOS;Ausência de reação do condutor;Colisão lateral mesmo sentido;Com Vítimas Feridas;Amanhecer;Crescente;Céu Claro;Múltipla;"Reta;Interseção de Vias";Sim;2;0;1;0;0;1;1;2;-23,464256;-46,498075;SPRF-SP;DEL01-SP;UOP01-DEL01-SP;false
587620.0;2024-03-16;sábado;04:00:00;SP;116.0;46;CANAS;Ausência de reação do condutor;Colisão frontal;Com Vítimas Fatais;Plena Noite;Decrescente;Céu Claro;Múltipla;Reta;Não;3;1;0;1;1;0;1;2;-22,71393589;-45,05335608;SPRF-SP;DEL08-SP;UOP02-DEL08-SP;false
587625.0;2024-03-16;sábado;08:30:00;SP;116.0;96,1;PINDAMONHANGABA;Condutor deixou de manter distância do veículo da frente;Colisão traseira;Com Vítimas Feridas;Pleno dia;Crescente;Céu Claro;Dupla;Reta;Não;2;0;1;0;1;0;1;2;-22,96945055;-45,43869623;SPRF-SP;DEL08-SP;UOP01-DEL08-SP;false
587635.0;2024-03-16;sábado;09:00:00;SP;116.0;224,4;GUARULHOS;Ausência de reação do condutor;Colisão traseira;Com Vítimas Feridas;Pleno dia;Crescente;Nublado;Múltipla;Reta;Não;2;0;1;0;1;0;1;2;-23,48071896;-46,53271603;SPRF-SP;DEL01-SP;UOP01-DEL01-SP;false
587665.0;2024-03-16;sábado;12:50:00;SP;116.0;115;TAUBATE;Ausência de reação do condutor;Colisão com objeto;Com Vítimas Feridas;Pleno dia;Decrescente;Céu Claro;Múltipla;Reta;Sim;1;0;1;0;0;0;1;1;-23,0496047;-45,59973712;SPRF-SP;DEL02-SP;UOP02-DEL02-SP;false
587766.0;2024-03-17;domingo;02:00:00;SP;116.0;216;GUARULHOS;Reação tardia ou ineficiente do condutor;Colisão com objeto;Com Vítimas Feridas;Plena Noite;Decrescente;Céu Claro;Múltipla;Reta;Sim;2;0;1;0;1;0;1;1;-23,45056589;-46,46258105;SPRF-SP;DEL01-SP;UOP01-DEL01-SP;false
587845.0;2024-03-17;domingo;12:15:00;SP;0.0;0;UBATUBA;Frear bruscamente;Colisão traseira;Com Vítimas Feridas;Pleno dia;Não Informado;Céu Claro;Simples;Interseção de Vias;Sim;3;0;1;0;2;0;1;2;-23,4235497;-45,07384658;SPRF-SP;DEL06-SP;UOP01-DEL06-SP;false
587875.0;2024-03-17;domingo;15:40:00;SP;116.0;227;GUARULHOS;Reação tardia ou ineficiente do condutor;Colisão lateral mesmo sentido;Com Vítimas Feridas;Pleno dia;Crescente;Céu Claro;Simples;Reta;Não;3;0;1;0;1;1;1;3;-23,49659264;-46,55648754;SPRF-SP;DEL01-SP;UOP01-DEL01-SP;false
587882.0;2024-03-17;domingo;15:51:00;SP;116.0;225;GUARULHOS;Ultrapassagem Indevida;Eventos atípicos;Sem Vítimas;Pleno dia;Crescente;Céu Claro;Múltipla;Reta;Sim;2;0;0;0;2;0;0;2;-23,490383;-46,548989;SPRF-SP;DEL01-SP;UOP01-DEL01-SP;false
587889.0;2024-03-17;domingo;16:44:00;SP;116.0;207;GUARULHOS;Ausência de reação do condutor;Eventos atípicos;Com Vítimas Feridas;Pleno dia;Crescente;Nublado;Múltipla;Reta;Sim;1;0;1;0;0;0;1;1;-23,41972188;-46,38419203;SPRF-SP;DEL01-SP;UOP01-DEL01-SP;false
587910.0;2024-03-17;domingo;17:00:00;SP;116.0;515;CAJATI;Velocidade Incompatível;Capotamento;Com Vítimas Feridas;Pleno dia;Decrescente;Garoa/Chuvisco;Dupla;"Curva;Declive";Não;2;0;1;0;1;0;1;1;-24,86704083;-48,21738184;SPRF-SP;DEL05-SP;UOP02-DEL05-SP;false
587915.0;2024-03-17;domingo;17:55:00;SP;153.0;1,8;ICEM;Ingestão de álcool pelo condutor;Saída de leito carroçável;Com Vítimas Feridas;Anoitecer;Crescente;Céu Claro;Simples;"Reta;Declive";Não;4;0;3;1;0;0;4;1;-20,31427991;-49,20946944;SPRF-SP;DEL09-SP;UOP01-DEL09-SP;false
587920.0;2024-03-17;domingo;18:13:00;SP;116.0;104;TAUBATE;Reação tardia ou ineficiente do condutor;Tombamento;Com Vítimas Feridas;Plena Noite;Decrescente;Nublado;Dupla;Reta;Não;3;0;1;1;1;0;2;2;-23,00340176;-45,50626912;SPRF-SP;DEL02-SP;UOP02-DEL02-SP;false
587944.0;2024-03-17;domingo;20:06:00;SP;116.0;206;GUARULHOS;Trafegar com motocicleta (ou similar) entre as faixas;Colisão traseira;Com Vítimas Feridas;Plena Noite;Crescente;Céu Claro;Dupla;Reta;Não;2;0;1;0;1;0;1;2;-23,41722629;-46,37510292;SPRF-SP;DEL01-SP;UOP01-DEL01-SP;false
587980.0;2024-03-17;domingo;22:40:00;SP;116.0;117;TAUBATE;Reação tardia ou ineficiente do condutor;Saída de leito carroçável;Sem Vítimas;Plena Noite;Decrescente;Céu Claro;Dupla;Reta;Não;1;0;0;0;1;0;0;1;-23,0582298;-45,6176951;SPRF-SP;DEL02-SP;UOP02-DEL02-SP;false
587989.0;2024-03-17;domingo;18:00:00;SP;116.0;508;CAJATI;Reação tardia ou ineficiente do condutor;Saída de leito carroçável;Com Vítimas Feridas;Anoitecer;Decrescente;Garoa/Chuvisco;Simples;"Declive;Curva";Não;1;0;1;0;0;0;1;1;-24,81333299;-48,21310484;SPRF-SP;DEL05-SP;UOP02-DEL05-SP;false
588052.0;2024-03-18;segunda-feira;07:10:00;SP;116.0;218;GUARULHOS;Trafegar com motocicleta (ou similar) entre as faixas;Colisão traseira;Com Vítimas Feridas;Pleno dia;Crescente;Céu Claro;Múltipla;Reta;Não;3;0;2;0;1;0;2;2;-23,457972;-46,479927;SPRF-SP;DEL01-SP;UOP01-DEL01-SP;false
588057.0;2024-03-18;segunda-feira;08:10:00;SP;153.0;61,7;SAO JOSE DO RIO PRETO;Reação tardia ou ineficiente do condutor;Queda de ocupante de veículo;Com Vítimas Feridas;Pleno dia;Crescente;Sol;Dupla;Reta;Sim;1;0;1;0;0;0;1;1;-20,80502876;-49,35574909;SPRF-SP;DEL09-SP;UOP01-DEL09-SP;false
588071.0;2024-03-18;segunda-feira;09:07:00;SP;381.0;24,9;BRAGANCA PAULISTA;Demais falhas mecânicas ou elétricas;Incêndio;Sem Vítimas;Pleno dia;Crescente;Céu Claro;Dupla;"Declive;Reta";Sim;1;0;0;0;1;0;0;1;-23,01316393;-46,52386219;SPRF-SP;DEL03-SP;UOP02-DEL03-SP;false
588176.0;2024-03-18;segunda-feira;15:40:00;SP;116.0;166;JACAREI;Trafegar com motocicleta (ou similar) entre as faixas;Colisão traseira;Com Vítimas Feridas;Pleno dia;Crescente;Chuva;Dupla;Declive;Sim;2;0;1;0;1;0;1;2;-23,30055667;-46,01686506;SPRF-SP;DEL02-SP;UOP01-DEL02-SP;false
588201.0;2024-03-18;segunda-feira;18:05:00;SP;116.0;220;GUARULHOS;Manobra de mudança de faixa;Colisão lateral mesmo sentido;Com Vítimas Feridas;Anoitecer;Crescente;Chuva;Múltipla;Reta;Sim;2;0;1;0;1;0;1;2;-23,46472809;-46,49793962;SPRF-SP;DEL01-SP;UOP01-DEL01-SP;false
588253.0;2024-03-18;segunda-feira;22:05:00;SP;116.0;221;GUARULHOS;Reação tardia ou ineficiente do condutor;Colisão lateral mesmo sentido;Com Vítimas Feridas;Plena Noite;Crescente;Vento;Múltipla;Reta;Sim;3;0;1;0;2;0;1;2;-23,46802395;-46,50704901;SPRF-SP;DEL01-SP;UOP01-DEL01-SP;false
588321.0;2024-03-19;terça-feira;09:00:00;SP;488.0;0;APARECIDA;Problema com o freio;Colisão traseira;Sem Vítimas;Pleno dia;Crescente;Céu Claro;Simples;Interseção de Vias;Não;3;0;0;0;3;0;0;2;-22,85856;-45,233116;SPRF-SP;DEL08-SP;UOP01-DEL08-SP;false
588333.0;2024-03-19;terça-feira;12:25:00;SP;116.0;165;JACAREI;Mal súbito do condutor;Tombamento;Com Vítimas Feridas;Pleno dia;Decrescente;Céu Claro;Múltipla;Declive;Não;2;0;2;0;0;0;2;1;-23,29691791;-46,00798704;SPRF-SP;DEL02-SP;UOP01-DEL02-SP;false
588345.0;2024-03-19;terça-feira;13:50:00;SP;116.0;287,5;ITAPECERICA DA SERRA;Manobra de mudança de faixa;Colisão traseira;Com Vítimas Feridas;Pleno dia;Decrescente;Céu Claro;Dupla;Reta;Sim;2;0;1;0;1;0;1;2;-23,71441779;-46,87929634;SPRF-SP;DEL04-SP;UOP01-DEL04-SP;false
588372.0;2024-03-19;terça-feira;16:40:00;SP;116.0;226;GUARULHOS;Reação tardia ou ineficiente do condutor;Tombamento;Com Vítimas Feridas;Pleno dia;Decrescente;Céu Claro;Múltipla;Em Obras;Sim;2;0;2;0;0;0;2;1;-23,4929231;-46,55170161;SPRF-SP;DEL01-SP;UOP01-DEL01-SP;false
588374.0;2024-03-19;terça-feira;16:00:00;SP;381.0;74;SAO PAULO;Curva acentuada;Capotamento;Com Vítimas Feridas;Pleno dia;Crescente;Garoa/Chuvisco;Dupla;Curva;Não;1;0;1;0;0;0;1;1;-23,37208014;-46,55700294;SPRF-SP;DEL03-SP;UOP01-DEL03-SP;false
588435.0;2024-03-19;terça-feira;19:00:00;SP;116.0;565;BARRA DO TURVO;Reação tardia ou ineficiente do condutor;Colisão com objeto;Com Vítimas Feridas;Anoitecer;Crescente;Garoa/Chuvisco;Simples;Curva;Não;2;0;1;0;1;0;1;1;-25,0358686;-48,54404396;SPRF-SP;DEL05-SP;UOP02-DEL05-SP;false
588463.0;2024-03-20;quarta-feira;02:15:00;SP;116.0;114;TAUBATE;Reação tardia ou ineficiente do condutor;Colisão traseira;Sem Vítimas;Plena Noite;Crescente;Céu Claro;Dupla;Reta;Sim;2;0;0;0;1;1;0;2;-23,04654177;-45,59018006;SPRF-SP;DEL02-SP;UOP02-DEL02-SP;false
588499.0;2024-03-20;quarta-feira;07:50:00;SP;116.0;74,8;APARECIDA;Acessar a via sem observar a presença dos outros veículos;Colisão transversal;Com Vítimas Feridas;Pleno dia;Crescente;Nublado;Dupla;Retorno Regulamentado;Sim;2;0;1;0;1;0;1;2;-22,87353809;-45,25320023;SPRF-SP;DEL08-SP;UOP01-DEL08-SP;false
588552.0;2024-03-20;quarta-feira;12:30:00;SP;381.0;88,9;GUARULHOS;Acesso irregular;Colisão traseira;Com Vítimas Feridas;Pleno dia;Crescente;Nublado;Dupla;Reta;Sim;2;0;1;0;1;0;1;2;-23,47469314;-46,56112919;SPRF-SP;DEL03-SP;UOP01-DEL03-SP;false
588628.0;2024-03-20;quarta-feira;18:25:00;SP;116.0;441;REGISTRO;Ausência de reação do condutor;Colisão traseira;Com Vítimas Feridas;Anoitecer;Decrescente;Céu Claro;Dupla;Reta;Não;2;0;1;0;1;0;1;2;-24,4688528;-47,82223728;SPRF-SP;DEL05-SP;UOP01-DEL05-SP;false
588642.0;2024-03-20;quarta-feira;19:00:00;SP;116.0;229;SAO PAULO;Reação tardia ou ineficiente do condutor;Tombamento;Com Vítimas Feridas;Plena Noite;Decrescente;Nublado;Múltipla;"Em Obras;Reta";Sim;1;0;1;0;0;0;1;1;-23,51291902;-46,57604698;SPRF-SP;DEL01-SP;UOP01-DEL01-SP;false
588688.0;2024-03-20;quarta-feira;21:50:00;SP;116.0;308;SAO LOURENCO DA SERRA;Acessar a via sem observar a presença dos outros veículos;Colisão transversal;Sem Vítimas;Plena Noite;Crescente;Nublado;Simples;Rotatória;Sim;2;0;0;0;1;1;0;2;-23,86213995;-46,94718508;SPRF-SP;DEL04-SP;UOP01-DEL04-SP;false
588700.0;2024-03-21;quinta-feira;02:00:00;SP;116.0;225;GUARULHOS;Reação tardia ou ineficiente do condutor;Queda de ocupante de veículo;Com Vítimas Feridas;Plena Noite;Crescente;Céu Claro;Múltipla;Reta;Sim;1;0;1;0;0;0;1;1;-23,48586772;-46,54075317;SPRF-SP;DEL01-SP;UOP01-DEL01-SP;false
588718.0;2024-03-21;quinta-feira;07:15:00;SP;153.0;284,1;OCAUCU;Afundamento ou ondulação no pavimento;Tombamento;Com Vítimas Feridas;Pleno dia;Decrescente;Céu Claro;Simples;Reta;Não;1;0;1;0;0;0;1;1;-22,44825692;-49,86247915;SPRF-SP;DEL07-SP;UOP02-DEL07-SP;false
588725.0;2024-03-21;quinta-feira;07:45:00;SP;101.0;52;UBATUBA;Desrespeitar a preferência no cruzamento;Colisão transversal;Com Vítimas Feridas;Pleno dia;Decrescente;Céu Claro;Simples;Rotatória;Sim;2;0;1;0;1;0;1;2;-23,4623355;-45,06476561;SPRF-SP;DEL06-SP;UOP01-DEL06-SP;false
588737.0;2024-03-18;segunda-feira;06:30:00;SP;116.0;96;PINDAMONHANGABA;Ausência de reação do condutor;Saída de leito carroçável;Com Vítimas Feridas;Pleno dia;Decrescente;Céu Claro;Dupla;Reta;Não;2;0;1;1;0;0;2;1;-22,96945055;-45,43869623;SPRF-SP;DEL08-SP;UOP01-DEL08-SP;false
588742.0;2024-03-21;quinta-feira;08:10:00;SP;116.0;215;GUARULHOS;Reação tardia ou ineficiente do condutor;Colisão lateral mesmo sentido;Com Vítimas Feridas;Pleno dia;Crescente;Céu Claro;Dupla;Reta;Sim;2;0;1;0;1;0;1;2;-23,44695693;-46,45394103;SPRF-SP;DEL01-SP;UOP01-DEL01-SP;false
588760.0;2024-03-21;quinta-feira;09:40:00;SP;381.0;85;SAO PAULO;Ausência de reação do condutor;Engavetamento;Com Vítimas Feridas;Pleno dia;Crescente;Céu Claro;Dupla;Aclive;Sim;5;0;1;0;4;0;1;5;-23,449343;-46,56983501;SPRF-SP;DEL03-SP;UOP01-DEL03-SP;false
588776.0;2024-02-02;sexta-feira;15:00:00;SP;381.0;87;SAO PAULO;Acumulo de óleo sobre o pavimento;Tombamento;Com Vítimas Feridas;Pleno dia;Crescente;Garoa/Chuvisco;Múltipla;Reta;Sim;2;0;0;1;1;0;1;2;-23,46885001;-46,56996601;SPRF-SP;DEL03-SP;UOP01-DEL03-SP;false
588787.0;2024-03-21;quinta-feira;13:03:00;SP;116.0;279,9;EMBU DAS ARTES;Acessar a via sem observar a presença dos outros veículos;Colisão lateral mesmo sentido;Com Vítimas Feridas;Pleno dia;Crescente;Sol;Dupla;Reta;Sim;2;0;1;1;0;0;2;2;-23,66233697;-46,85292907;SPRF-SP;DEL04-SP;UOP01-DEL04-SP;false