id;data_inversa;dia_semana;horario;uf;br;km;municipio;causa_acidente;tipo_acidente;classificacao_acidente;fase_dia;sentido_via;condicao_metereologica;tipo_pista;tracado_via;uso_solo;pessoas;mortos;feridos_leves;feridos_graves;ilesos;ignorados;feridos;veiculos;latitude;longitude;regional;delegacia;uop;feriado
588808.0;2024-03-21;quinta-feira;15:45:00;SP;153.0;87,5;MIRASSOL;Ausência de reação do condutor;Saída de leito carroçável;Com Vítimas Feridas;Pleno dia;Crescente;Céu Claro;Simples;Reta;Não;2;0;2;0;0;0;2;1;-20,94498178;-49,53459612;SPRF-SP;DEL09-SP;UOP01-DEL09-SP;false
588814.0;2024-03-21;quinta-feira;16:00:00;SP;153.0;72,8;SAO JOSE DO RIO PRETO;Acumulo de areia ou detritos sobre o pavimento;Tombamento;Com Vítimas Feridas;Pleno dia;Crescente;Céu Claro;Dupla;"Declive;Reta";Sim;1;0;1;0;0;0;1;1;-20,86715501;-49,41334398;SPRF-SP;DEL09-SP;UOP01-DEL09-SP;false
588834.0;2024-03-21;quinta-feira;17:10:00;SP;116.0;166;JACAREI;Reação tardia ou ineficiente do condutor;Colisão traseira;Com Vítimas Feridas;Pleno dia;Decrescente;Nublado;Dupla;Curva;Não;2;0;0;1;1;0;1;2;-23,30055667;-46,01686506;SPRF-SP;DEL02-SP;UOP01-DEL02-SP;false
588853.0;2024-03-21;quinta-feira;10:30:00;SP;116.0;151;SAO JOSE DOS CAMPOS;Ausência de reação do condutor;Colisão com objeto;Com Vítimas Feridas;Pleno dia;Crescente;Sol;Dupla;Reta;Sim;1;0;1;0;0;0;1;1;-23,21980694;-45,89991605;SPRF-SP;DEL02-SP;UOP01-DEL02-SP;false
588871.0;2024-03-21;quinta-feira;20:20:00;SP;116.0;465;PARIQUERA-ACU;Ausência de reação do condutor;Queda de ocupante de veículo;Com Vítimas Feridas;Plena Noite;Decrescente;Nublado;Dupla;Reta;Não;1;0;0;1;0;0;1;1;-24,65092046;-47,94065092;SPRF-SP;DEL05-SP;UOP01-DEL05-SP;false
588876.0;2024-03-21;quinta-feira;19:30:00;SP;116.0;107;TAUBATE;Avarias e/ou desgaste excessivo no pneu;Queda de ocupante de veículo;Com Vítimas Feridas;Plena Noite;Decrescente;Céu Claro;Dupla;Reta;Sim;2;0;2;0;0;0;2;1;-23,01791287;-45,53009409;SPRF-SP;DEL02-SP;UOP02-DEL02-SP;false
588918.0;2024-03-22;sexta-feira;06:00:00;SP;381.0;87;SAO PAULO;Entrada inopinada do pedestre;Atropelamento de Pedestre;Com Vítimas Fatais;Amanhecer;Decrescente;Chuva;Múltipla;Reta;Sim;3;1;0;0;1;1;0;2;-23,46885001;-46,56996601;SPRF-SP;DEL03-SP;UOP01-DEL03-SP;false
588923.0;2024-03-22;sexta-feira;06:50:00;SP;116.0;206;GUARULHOS;Reação tardia ou ineficiente do condutor;Tombamento;Com Vítimas Feridas;Pleno dia;Decrescente;Chuva;Múltipla;Reta;Sim;1;0;1;0;0;0;1;1;-23,41722629;-46,37510292;SPRF-SP;DEL01-SP;UOP01-DEL01-SP;false
588945.0;2024-03-22;sexta-feira;07:40:00;SP;488.0;1;APARECIDA;Reação tardia ou ineficiente do condutor;Atropelamento de Pedestre;Com Vítimas Feridas;Pleno dia;Decrescente;Nublado;Dupla;Reta;Sim;3;0;1;0;1;1;1;3;-22,850164;-45,231808;SPRF-SP;DEL08-SP;UOP01-DEL08-SP;false
588983.0;2024-03-22;sexta-feira;10:35:00;SP;381.0;69;MAIRIPORA;Velocidade Incompatível;Saída de leito carroçável;Com Vítimas Feridas;Pleno dia;Decrescente;Chuva;Dupla;Curva;Não;1;0;1;0;0;0;1;1;-23,34553108;-46,56787903;SPRF-SP;DEL03-SP;UOP01-DEL03-SP;false
588985.0;2024-03-22;sexta-feira;09:20:00;SP;116.0;157;SAO JOSE DOS CAMPOS;Chuva;Tombamento;Com Vítimas Feridas;Pleno dia;Decrescente;Chuva;Dupla;Reta;Sim;1;0;0;1;0;0;1;1;-23,25558031;-45,9437828;SPRF-SP;DEL02-SP;UOP01-DEL02-SP;false
588994.0;2024-03-22;sexta-feira;04:10:00;SP;116.0;545;BARRA DO TURVO;Reação tardia ou ineficiente do condutor;Colisão com objeto;Com Vítimas Feridas;Plena Noite;Crescente;Chuva;Simples;"Curva;Declive";Não;2;0;1;0;1;0;1;1;-24,95016699;-48,42400302;SPRF-SP;DEL05-SP;UOP02-DEL05-SP;false
589038.0;2024-03-22;sexta-feira;16:45:00;SP;116.0;279;EMBU DAS ARTES;Trafegar com motocicleta (ou similar) entre as faixas;Colisão lateral mesmo sentido;Com Vítimas Feridas;Pleno dia;Crescente;Garoa/Chuvisco;Dupla;"Interseção de Vias;Declive;Curva";Sim;4;0;0;1;3;0;1;2;-23,63701235;-46,83353847;SPRF-SP;DEL04-SP;UOP01-DEL04-SP;false
589048.0;2024-03-22;sexta-feira;12:20:00;SP;116.0;223;GUARULHOS;Ausência de reação do condutor;Queda de ocupante de veículo;Com Vítimas Feridas;Pleno dia;Decrescente;Garoa/Chuvisco;Múltipla;Reta;Não;1;0;1;0;0;0;1;1;-23,47559815;-46,5246609;SPRF-SP;DEL01-SP;UOP01-DEL01-SP;false
589057.0;2024-03-22;sexta-feira;18:10:00;SP;116.0;224;GUARULHOS;Ausência de reação do condutor;Colisão traseira;Com Vítimas Feridas;Anoitecer;Decrescente;Chuva;Múltipla;"Reta;Interseção de Vias";Sim;2;0;1;0;1;0;1;2;-23,48071896;-46,53271603;SPRF-SP;DEL01-SP;UOP01-DEL01-SP;false
589077.0;2024-03-22;sexta-feira;18:15:00;SP;116.0;223;GUARULHOS;Reação tardia ou ineficiente do condutor;Colisão lateral mesmo sentido;Com Vítimas Feridas;Plena Noite;Decrescente;Garoa/Chuvisco;Múltipla;Reta;Sim;2;0;1;0;1;0;1;2;-23,47559815;-46,5246609;SPRF-SP;DEL01-SP;UOP01-DEL01-SP;false
589086.0;2024-03-22;sexta-feira;18:20:00;SP;116.0;225;GUARULHOS;Reação tardia ou ineficiente do condutor;Colisão lateral mesmo sentido;Com Vítimas Feridas;Plena Noite;Crescente;Ignorado;Múltipla;Reta;Sim;3;0;1;0;2;0;1;3;-23,48586772;-46,54075317;SPRF-SP;DEL01-SP;UOP01-DEL01-SP;false
589113.0;2024-03-22;sexta-feira;21:20:00;SP;116.0;283;EMBU DAS ARTES;Reação tardia ou ineficiente do condutor;Colisão traseira;Com Vítimas Feridas;Plena Noite;Decrescente;Chuva;Dupla;Reta;Não;4;0;1;0;3;0;1;3;-23,69297005;-46,86352786;SPRF-SP;DEL04-SP;UOP01-DEL04-SP;false
589125.0;2024-03-22;sexta-feira;22:50:00;SP;116.0;222;GUARULHOS;Ingestão de álcool pelo condutor;Colisão traseira;Sem Vítimas;Plena Noite;Decrescente;Vento;Múltipla;Reta;Sim;2;0;0;0;2;0;0;2;-23,47093408;-46,51631097;SPRF-SP;DEL01-SP;UOP01-DEL01-SP;false
589139.0;2024-03-22;sexta-feira;23:30:00;SP;116.0;90;PINDAMONHANGABA;Ausência de reação do condutor;Incêndio;Sem Vítimas;Plena Noite;Decrescente;Garoa/Chuvisco;Dupla;Reta;Não;1;0;0;0;0;1;0;1;-22,94361839;-45,3873088;SPRF-SP;DEL08-SP;UOP01-DEL08-SP;false
589141.0;2024-03-23;sábado;02:00:00;SP;381.0;61,3;MAIRIPORA;Reação tardia ou ineficiente do condutor;Capotamento;Sem Vítimas;Plena Noite;Crescente;Céu Claro;Dupla;Curva;Não;1;0;0;0;1;0;0;1;-23,29011611;-46,5800681;SPRF-SP;DEL03-SP;UOP01-DEL03-SP;false
589152.0;2024-03-23;sábado;06:00:00;SP;153.0;174;GUAICARA;Acumulo de areia ou detritos sobre o pavimento;Queda de ocupante de veículo;Com Vítimas Feridas;Pleno dia;Decrescente;Nublado;Simples;Rotatória;Sim;1;0;1;0;0;0;1;1;-21,633102;-49,787743;SPRF-SP;DEL07-SP;UOP01-DEL07-SP;false
589180.0;2024-03-23;sábado;07:45:00;SP;381.0;89;SAO PAULO;Chuva;Tombamento;Com Vítimas Feridas;Pleno dia;Decrescente;Chuva;Múltipla;Em Obras;Sim;1;0;1;0;0;0;1;1;-23,48469299;-46,55983288;SPRF-SP;DEL03-SP;UOP01-DEL03-SP;false
589198.0;2024-03-23;sábado;10:15:00;SP;381.0;44,3;ATIBAIA;Reação tardia ou ineficiente do condutor;Tombamento;Com Vítimas Feridas;Pleno dia;Decrescente;Chuva;Dupla;Reta;Sim;2;0;2;0;0;0;2;1;-23,16458615;-46,57418959;SPRF-SP;DEL03-SP;UOP01-DEL03-SP;false
589224.0;2024-03-23;sábado;13:00:00;SP;153.0;95,5;JACI;Condutor Dormindo;Saída de leito carroçável;Com Vítimas Feridas;Pleno dia;Crescente;Nublado;Simples;"Em Obras;Declive";Não;1;0;1;0;0;0;1;1;-20,97062;-49,605372;SPRF-SP;DEL09-SP;UOP01-DEL09-SP;false
589244.0;2024-03-23;sábado;15:00:00;SP;381.0;86;SAO PAULO;Chuva;Colisão traseira;Com Vítimas Feridas;Pleno dia;Crescente;Chuva;Múltipla;Curva;Não;2;0;1;0;1;0;1;2;-23,45930499;-46,57161179;SPRF-SP;DEL03-SP;UOP01-DEL03-SP;false
589261.0;2024-03-23;sábado;15:00:00;SP;153.0;287;OCAUCU;Acessar a via sem observar a presença dos outros veículos;Colisão transversal;Com Vítimas Feridas;Pleno dia;Crescente;Nublado;Simples;Curva;Não;2;0;2;0;0;0;2;2;-22,46683224;-49,88292673;SPRF-SP;DEL07-SP;UOP02-DEL07-SP;false
589269.0;2024-03-23;sábado;17:20:00;SP;116.0;83,4;ROSEIRA;Pista Escorregadia;Colisão com objeto;Com Vítimas Feridas;Anoitecer;Crescente;Chuva;Dupla;Reta;Não;5;0;2;0;3;0;2;1;-22,91344634;-45,32762647;SPRF-SP;DEL08-SP;UOP01-DEL08-SP;false
589270.0;2024-03-23;sábado;16:50:00;SP;116.0;316;JUQUITIBA;Pista Escorregadia;Capotamento;Com Vítimas Feridas;Anoitecer;Decrescente;Chuva;Dupla;Reta;Sim;2;0;1;0;1;0;1;1;-23,91054997;-46,99149375;SPRF-SP;DEL04-SP;UOP03-DEL04-SP;false
589320.0;2024-03-23;sábado;19:30:00;SP;101.0;49;UBATUBA;Transitar na contramão;Colisão traseira;Com Vítimas Feridas;Plena Noite;Crescente;Chuva;Simples;Rotatória;Sim;3;0;0;1;2;0;1;3;-23,44539223;-45,08242965;SPRF-SP;DEL06-SP;UOP01-DEL06-SP;false
589322.0;2024-03-23;sábado;21:00:00;SP;116.0;287,5;ITAPECERICA DA SERRA;Afundamento ou ondulação no pavimento;Saída de leito carroçável;Com Vítimas Feridas;Plena Noite;Decrescente;Nublado;Dupla;Reta;Sim;2;0;2;0;0;0;2;1;-23,70157407;-46,86992884;SPRF-SP;DEL04-SP;UOP01-DEL04-SP;false
589323.0;2024-03-23;sábado;21:45:00;SP;153.0;69;SAO JOSE DO RIO PRETO;Ausência de reação do condutor;Colisão traseira;Com Vítimas Feridas;Plena Noite;Crescente;Chuva;Dupla;Curva;Sim;3;0;1;0;2;0;1;2;-20,85072923;-49,392352;SPRF-SP;DEL09-SP;UOP01-DEL09-SP;false
589339.0;2024-03-23;sábado;22:50:00;SP;116.0;336;JUQUITIBA;Chuva;Capotamento;Com Vítimas Feridas;Plena Noite;Crescente;Nublado;Dupla;Reta;Sim;1;0;1;0;0;0;1;1;-23,975182;-47,140694;SPRF-SP;DEL04-SP;UOP03-DEL04-SP;false
589349.0;2024-03-23;sábado;22:35:00;SP;153.0;141;PROMISSAO;Demais falhas mecânicas ou elétricas;Tombamento;Com Vítimas Feridas;Plena Noite;Crescente;Garoa/Chuvisco;Simples;Reta;Não;1;0;1;0;0;0;1;1;-21,33649697;-49,79200014;SPRF-SP;DEL07-SP;UOP01-DEL07-SP;false
589354.0;2024-03-24;domingo;00:15:00;SP;153.0;64;SAO JOSE DO RIO PRETO;Ingestão de álcool pelo condutor;Colisão com objeto;Sem Vítimas;Plena Noite;Crescente;Nublado;Dupla;"Reta;Viaduto";Sim;1;0;0;0;1;0;0;1;-20,82919401;-49,36046325;SPRF-SP;DEL09-SP;UOP01-DEL09-SP;false
589377.0;2024-03-24;domingo;03:59:00;SP;116.0;169,7;JACAREI;Reação tardia ou ineficiente do condutor;Colisão com objeto;Com Vítimas Feridas;Plena Noite;Decrescente;Chuva;Dupla;"Reta;Aclive";Não;1;0;1;0;0;0;1;1;-23,307652;-46,045128;SPRF-SP;DEL02-SP;UOP01-DEL02-SP;false
589397.0;2024-03-24;domingo;06:30:00;SP;153.0;336,6;OURINHOS;Retorno proibido;Colisão transversal;Com Vítimas Feridas;Amanhecer;Crescente;Nublado;Simples;"Curva;Declive;Viaduto";Não;5;0;1;0;4;0;1;2;-22,90903;-49,889572;SPRF-SP;DEL07-SP;UOP03-DEL07-SP;false
589406.0;2024-03-24;domingo;07:00:00;SP;381.0;38;ATIBAIA;Condutor Dormindo;Saída de leito carroçável;Sem Vítimas;Pleno dia;Crescente;Céu Claro;Dupla;Curva;Sim;1;0;0;0;1;0;0;1;-23,1133221;-46,57174974;SPRF-SP;DEL03-SP;UOP01-DEL03-SP;false
589453.0;2024-03-24;domingo;08:30:00;SP;381.0;61;MAIRIPORA;Reação tardia ou ineficiente do condutor;Saída de leito carroçável;Sem Vítimas;Pleno dia;Crescente;Chuva;Dupla;Curva;Não;1;0;0;0;0;1;0;1;-23,29011611;-46,5800681;SPRF-SP;DEL03-SP;UOP01-DEL03-SP;false
589455.0;2024-03-24;domingo;14:30:00;SP;116.0;216;GUARULHOS;Trafegar com motocicleta (ou similar) entre as faixas;Colisão traseira;Com Vítimas Feridas;Pleno dia;Crescente;Céu Claro;Múltipla;Reta;Não;3;0;2;0;1;0;2;2;-23,45056589;-46,46258105;SPRF-SP;DEL01-SP;UOP01-DEL01-SP;false
589456.0;2024-03-24;domingo;14:30:00;SP;116.0;215;GUARULHOS;Ausência de reação do condutor;Colisão traseira;Com Vítimas Feridas;Pleno dia;Crescente;Sol;Múltipla;Reta;Sim;2;0;1;0;1;0;1;2;-23,44695693;-46,45394103;SPRF-SP;DEL01-SP;UOP01-DEL01-SP;false
589484.0;2024-03-24;domingo;16:24:00;SP;116.0;51,1;LORENA;Ausência de reação do condutor;Colisão traseira;Com Vítimas Feridas;Pleno dia;Decrescente;Chuva;Dupla;Reta;Não;3;0;2;0;1;0;2;2;-22,74157511;-45,09206392;SPRF-SP;DEL08-SP;UOP02-DEL08-SP;false
589586.0;2024-03-25;segunda-feira;06:15:00;SP;116.0;53,9;LORENA;Condutor deixou de manter distância do veículo da frente;Colisão traseira;Com Vítimas Feridas;Pleno dia;Crescente;Nublado;Dupla;"Reta;Aclive";Não;3;0;1;0;1;1;1;2;-22,75255433;-45,10741076;SPRF-SP;DEL08-SP;UOP02-DEL08-SP;false
589603.0;2024-03-25;segunda-feira;08:00:00;SP;116.0;214;GUARULHOS;Ausência de reação do condutor;Colisão traseira;Com Vítimas Feridas;Pleno dia;Decrescente;Sol;Múltipla;Reta;Não;3;0;1;0;1;1;1;3;-23,44333014;-46,44531294;SPRF-SP;DEL01-SP;UOP01-DEL01-SP;false
589611.0;2024-03-25;segunda-feira;08:00:00;SP;116.0;1;GUARULHOS;Trafegar com motocicleta (ou similar) entre as faixas;Colisão traseira;Com Vítimas Feridas;Pleno dia;Decrescente;Céu Claro;Simples;Reta;Sim;2;0;1;0;1;0;1;2;-23,463257;-46,53373;SPRF-SP;DEL01-SP;UOP01-DEL01-SP;false
589623.0;2024-03-25;segunda-feira;08:15:00;SP;101.0;46;UBATUBA;Ultrapassagem Indevida;Colisão lateral mesmo sentido;Com Vítimas Feridas;Pleno dia;Decrescente;Nublado;Simples;Reta;Sim;2;0;1;0;1;0;1;2;-23,42403383;-45,07492113;SPRF-SP;DEL06-SP;UOP01-DEL06-SP;false
589631.0;2024-03-25;segunda-feira;10:15:00;SP;116.0;279,1;EMBU DAS ARTES;Ausência de reação do condutor;Colisão traseira;Com Vítimas Feridas;Pleno dia;Crescente;Sol;Dupla;Reta;Sim;2;0;1;0;1;0;1;2;-23,66233697;-46,85292907;SPRF-SP;DEL04-SP;UOP01-DEL04-SP;false
589642.0;2024-03-25;segunda-feira;11:35:00;SP;153.0;256,2;MARILIA;Acumulo de óleo sobre o pavimento;Tombamento;Com Vítimas Feridas;Pleno dia;Decrescente;Nublado;Dupla;Rotatória;Sim;2;0;2;0;0;0;2;1;-22,2381209;-49,91899967;SPRF-SP;DEL07-SP;UOP02-DEL07-SP;false
589652.0;2024-03-25;segunda-feira;11:50:00;SP;153.0;81,3;BADY BASSITT;Mal súbito do condutor;Colisão com objeto;Com Vítimas Feridas;Pleno dia;Decrescente;Céu Claro;Dupla;"Declive;Curva";Não;1;0;1;0;0;0;1;1;-20,91158008;-49,48946098;SPRF-SP;DEL09-SP;UOP01-DEL09-SP;false
589711.0;2024-03-25;segunda-feira;18:20:00;SP;116.0;148;SAO JOSE DOS CAMPOS;Manobra de mudança de faixa;Colisão traseira;Com Vítimas Feridas;Anoitecer;Decrescente;Nublado;Dupla;Reta;Não;2;0;1;0;1;0;1;2;-23,20067421;-45,8795018;SPRF-SP;DEL02-SP;UOP01-DEL02-SP;false
589757.0;2024-03-25;segunda-feira;20:50:00;SP;116.0;85;PINDAMONHANGABA;Ausência de reação do condutor;Colisão traseira;Com Vítimas Feridas;Plena Noite;Decrescente;Garoa/Chuvisco;Dupla;Reta;Não;2;0;1;0;1;0;1;2;-22,92211829;-45,34450085;SPRF-SP;DEL08-SP;UOP01-DEL08-SP;false
589783.0;2024-03-26;terça-feira;05:50:00;SP;116.0;282;EMBU DAS ARTES;Acumulo de areia ou detritos sobre o pavimento;Tombamento;Com Vítimas Feridas;Pleno dia;Decrescente;Céu Claro;Dupla;Reta;Sim;1;0;0;1;0;0;1;1;-23,68570216;-46,85970975;SPRF-SP;DEL04-SP;UOP01-DEL04-SP;false
589800.0;2024-03-26;terça-feira;00:30:00;SP;116.0;98;PINDAMONHANGABA;Chuva;Colisão com objeto;Com Vítimas Feridas;Plena Noite;Crescente;Chuva;Dupla;Reta;Sim;2;0;2;0;0;0;2;1;-22,97805164;-45,45583318;SPRF-SP;DEL08-SP;UOP01-DEL08-SP;false
589853.0;2024-03-26;terça-feira;13:00:00;SP;116.0;87;PINDAMONHANGABA;Condutor Dormindo;Colisão com objeto;Com Vítimas Feridas;Pleno dia;Crescente;Céu Claro;Múltipla;Reta;Não;2;0;1;0;1;0;1;1;-22,93065267;-45,36166116;SPRF-SP;DEL08-SP;UOP01-DEL08-SP;false
589888.0;2024-03-26;terça-feira;17:35:00;SP;381.0;36;ATIBAIA;Velocidade Incompatível;Colisão traseira;Com Vítimas Feridas;Pleno dia;Crescente;Nublado;Dupla;Reta;Sim;1;0;1;0;0;0;1;1;-23,09707232;-46,57180706;SPRF-SP;DEL03-SP;UOP01-DEL03-SP;false
589907.0;2024-03-26;terça-feira;17:00:00;SP;116.0;541,3;BARRA DO TURVO;Reação tardia ou ineficiente do condutor;Colisão com objeto;Com Vítimas Feridas;Anoitecer;Crescente;Chuva;Dupla;"Curva;Aclive";Não;2;0;1;0;1;0;1;1;-24,97245688;-48,39976606;SPRF-SP;DEL05-SP;UOP02-DEL05-SP;false
589955.0;2024-03-27;quarta-feira;00:10:00;SP;381.0;86;SAO PAULO;Pista Escorregadia;Queda de ocupante de veículo;Com Vítimas Feridas;Plena Noite;Decrescente;Céu Claro;Múltipla;Curva;Sim;1;0;0;1;0;0;1;1;-23,45930499;-46,57161179;SPRF-SP;DEL03-SP;UOP01-DEL03-SP;false
589957.0;2024-03-26;terça-feira;19:30:00;SP;116.0;298,5;ITAPECERICA DA SERRA;Ausência de reação do condutor;Tombamento;Com Vítimas Feridas;Plena Noite;Crescente;Céu Claro;Dupla;Aclive;Sim;2;0;1;0;1;0;1;1;-23,790858;-46,91450298;SPRF-SP;DEL04-SP;UOP01-DEL04-SP;false
589967.0;2024-03-27;quarta-feira;05:00:00;SP;116.0;284;ITAPECERICA DA SERRA;Ausência de reação do condutor;Colisão lateral mesmo sentido;Com Vítimas Feridas;Plena Noite;Decrescente;Céu Claro;Dupla;Reta;Não;1;0;1;0;0;0;1;1;-23,69998;-46,867767;SPRF-SP;DEL04-SP;UOP01-DEL04-SP;false
589999.0;2024-03-27;quarta-feira;03:00:00;SP;116.0;279;EMBU DAS ARTES;Ausência de reação do condutor;Atropelamento de Pedestre;Com Vítimas Feridas;Plena Noite;Crescente;Céu Claro;Dupla;Reta;Não;2;0;1;0;0;1;1;2;-23,66233697;-46,85292907;SPRF-SP;DEL04-SP;UOP01-DEL04-SP;false
590001.0;2024-03-27;quarta-feira;06:00:00;SP;116.0;226;GUARULHOS;Ausência de reação do condutor;Queda de ocupante de veículo;Com Vítimas Feridas;Pleno dia;Crescente;Céu Claro;Múltipla;"Reta;Em Obras";Sim;1;0;1;0;0;0;1;1;-23,49102507;-46,54878195;SPRF-SP;DEL01-SP;UOP01-DEL01-SP;false
590036.0;2024-03-27;quarta-feira;10:10:00;SP;116.0;218,8;GUARULHOS;Condutor deixou de manter distância do veículo da frente;Colisão traseira;Com Vítimas Feridas;Pleno dia;Crescente;Nublado;Múltipla;Reta;Não;4;0;2;0;2;0;2;2;-23,457972;-46,479927;SPRF-SP;DEL01-SP;UOP01-DEL01-SP;false
590041.0;2024-03-27;quarta-feira;09:30:00;SP;381.0;49;ATIBAIA;Demais falhas mecânicas ou elétricas;Incêndio;Sem Vítimas;Pleno dia;Crescente;Céu Claro;Dupla;Reta;Sim;1;0;0;0;1;0;0;1;-23,20535293;-46,59066516;SPRF-SP;DEL03-SP;UOP01-DEL03-SP;false
590098.0;2024-03-27;quarta-feira;15:30:00;SP;116.0;216,5;GUARULHOS;Reação tardia ou ineficiente do condutor;Colisão lateral mesmo sentido;Com Vítimas Feridas;Pleno dia;Decrescente;Nublado;Múltipla;"Em Obras;Aclive;Reta";Sim;2;0;1;0;1;0;1;2;-23,45056589;-46,46258105;SPRF-SP;DEL01-SP;UOP01-DEL01-SP;false
590136.0;2024-03-27;quarta-feira;18:00:00;SP;116.0;218;GUARULHOS;Trafegar com motocicleta (ou similar) entre as faixas;Colisão lateral mesmo sentido;Com Vítimas Feridas;Plena Noite;Crescente;Chuva;Múltipla;Reta;Sim;2;0;1;0;1;0;1;2;-23,457972;-46,479927;SPRF-SP;DEL01-SP;UOP01-DEL01-SP;false
590140.0;2024-03-27;quarta-feira;19:10:00;SP;116.0;225;GUARULHOS;Velocidade Incompatível;Colisão lateral mesmo sentido;Com Vítimas Feridas;Plena Noite;Decrescente;Chuva;Múltipla;"Declive;Reta";Sim;4;0;2;0;2;0;2;2;-23,48586772;-46,54075317;SPRF-SP;DEL01-SP;UOP01-DEL01-SP;false
590149.0;2024-03-27;quarta-feira;19:20:00;SP;116.0;337;JUQUITIBA;Reação tardia ou ineficiente do condutor;Atropelamento de Pedestre;Com Vítimas Feridas;Plena Noite;Decrescente;Garoa/Chuvisco;Simples;"Interseção de Vias;Curva";Sim;2;0;1;0;1;0;1;2;-23,9818403;-47,14564419;SPRF-SP;DEL04-SP;UOP03-DEL04-SP;false
590187.0;2024-03-27;quarta-feira;21:45:00;SP;381.0;76;SAO PAULO;Condutor Dormindo;Capotamento;Sem Vítimas;Plena Noite;Crescente;Chuva;Dupla;"Curva;Declive";Não;1;0;0;0;1;0;0;1;-23,38372401;-46,56502116;SPRF-SP;DEL03-SP;UOP01-DEL03-SP;false
590218.0;2024-03-28;quinta-feira;06:50:00;SP;116.0;204;ARUJA;Ausência de reação do condutor;Queda de ocupante de veículo;Com Vítimas Feridas;Pleno dia;Decrescente;Nublado;Múltipla;Reta;Não;2;0;2;0;0;0;2;1;-23,41236123;-46,35692496;SPRF-SP;DEL01-SP;UOP01-DEL01-SP;false
590230.0;2024-03-28;quinta-feira;07:20:00;SP;116.0;103,9;TAUBATE;Reação tardia ou ineficiente do condutor;Colisão traseira;Sem Vítimas;Pleno dia;Decrescente;Garoa/Chuvisco;Dupla;Reta;Não;2;0;0;0;2;0;0;2;-22,99919465;-45,49788917;SPRF-SP;DEL02-SP;UOP02-DEL02-SP;false
590240.0;2024-03-28;quinta-feira;08:20:00;SP;116.0;210;GUARULHOS;Pista Escorregadia;Colisão lateral mesmo sentido;Com Vítimas Feridas;Pleno dia;Decrescente;Chuva;Múltipla;"Reta;Declive";Sim;2;0;0;1;1;0;1;2;-23,42870023;-46,41085991;SPRF-SP;DEL01-SP;UOP01-DEL01-SP;false
590243.0;2024-03-28;quinta-feira;08:00:00;SP;381.0;61;MAIRIPORA;Reação tardia ou ineficiente do condutor;Saída de leito carroçável;Com Vítimas Feridas;Pleno dia;Crescente;Chuva;Dupla;Curva;Não;1;0;1;0;0;0;1;1;-23,29011611;-46,5800681;SPRF-SP;DEL03-SP;UOP01-DEL03-SP;false
590294.0;2024-03-28;quinta-feira;14:50:00;SP;116.0;221;GUARULHOS;Reação tardia ou ineficiente do condutor;Colisão traseira;Com Vítimas Feridas;Pleno dia;Decrescente;Garoa/Chuvisco;Múltipla;Reta;Sim;2;0;1;0;1;0;1;2;-23,46802395;-46,50704901;SPRF-SP;DEL01-SP;UOP01-DEL01-SP;false
590295.0;2024-03-28;quinta-feira;14:00:00;SP;116.0;286;ITAPECERICA DA SERRA;Manobra de mudança de faixa;Colisão frontal;Com Vítimas Feridas;Pleno dia;Decrescente;Nublado;Dupla;Reta;Sim;2;0;1;0;1;0;1;2;-23,70925128;-46,87588966;SPRF-SP;DEL04-SP;UOP01-DEL04-SP;false
590320.0;2024-03-28;quinta-feira;14:00:00;SP;381.0;80,8;SAO PAULO;Reação tardia ou ineficiente do condutor;Engavetamento;Com Vítimas Feridas;Pleno dia;Crescente;Garoa/Chuvisco;Dupla;Reta;Sim;7;0;1;0;5;1;1;4;-23,40889686;-46,58095945;SPRF-SP;DEL03-SP;UOP01-DEL03-SP;false
590339.0;2024-03-28;quinta-feira;17:45:00;SP;101.0;43;UBATUBA;Ingestão de álcool pelo condutor;Saída de leito carroçável;Sem Vítimas;Plena Noite;Crescente;Chuva;Simples;Rotatória;Sim;1;0;0;0;1;0;0;1;-23,41217537;-45,05739148;SPRF-SP;DEL06-SP;UOP01-DEL06-SP;false
590384.0;2024-03-28;quinta-feira;19:50:00;SP;153.0;63,7;SAO JOSE DO RIO PRETO;Manobra de mudança de faixa;Colisão lateral mesmo sentido;Com Vítimas Feridas;Plena Noite;Decrescente;Nublado;Dupla;Reta;Sim;2;0;1;0;1;0;1;2;-20,82149698;-49,35764818;SPRF-SP;DEL09-SP;UOP01-DEL09-SP;false
590409.0;2024-03-28;quinta-feira;20:30:00;SP;116.0;225;GUARULHOS;Mal súbito do condutor;Engavetamento;Com Vítimas Feridas;Plena Noite;Decrescente;Nublado;Múltipla;Declive;Sim;3;0;3;0;0;0;3;3;-23,48586772;-46,54075317;SPRF-SP;DEL01-SP;UOP01-DEL01-SP;false
590416.0;2024-03-28;quinta-feira;21:30:00;SP;116.0;221;GUARULHOS;Acessar a via sem observar a presença dos outros veículos;Colisão transversal;Com Vítimas Feridas;Pleno dia;Decrescente;Céu Claro;Múltipla;Reta;Não;2;0;1;0;1;0;1;2;-23,46802395;-46,50704901;SPRF-SP;DEL01-SP;UOP01-DEL01-SP;false
590417.0;2024-03-28;quinta-feira;21:10:00;SP;381.0;21,1;BRAGANCA PAULISTA;Pedestre cruzava a pista fora da faixa;Atropelamento de Pedestre;Com Vítimas Fatais;Plena Noite;Decrescente;Nublado;Dupla;"Declive;Curva";Não;2;1;0;0;1;0;0;2;-22,99140199;-46,50878201;SPRF-SP;DEL03-SP;UOP02-DEL03-SP;false
590429.0;2024-03-28;quinta-feira;21:40:00;SP;116.0;281;EMBU DAS ARTES;Trafegar com motocicleta (ou similar) entre as faixas;Queda de ocupante de veículo;Com Vítimas Feridas;Plena Noite;Decrescente;Nublado;Dupla;"Aclive;Interseção de Vias";Não;1;0;0;1;0;0;1;1;-23,67784787;-46,85769227;SPRF-SP;DEL04-SP;UOP01-DEL04-SP;false