id;data_inversa;dia_semana;horario;uf;br;km;municipio;causa_acidente;tipo_acidente;classificacao_acidente;fase_dia;sentido_via;condicao_metereologica;tipo_pista;tracado_via;uso_solo;pessoas;mortos;feridos_leves;feridos_graves;ilesos;ignorados;feridos;veiculos;latitude;longitude;regional;delegacia;uop;feriado
591842.0;2024-04-04;quinta-feira;22:45:00;SP;116.0;284;ITAPECERICA DA SERRA;Ausência de reação do condutor;Colisão lateral mesmo sentido;Com Vítimas Feridas;Pleno dia;Crescente;Céu Claro;Dupla;Reta;Sim;4;0;2;0;2;0;2;2;-23,69998;-46,867767;SPRF-SP;DEL04-SP;UOP01-DEL04-SP;false
591847.0;2024-04-05;sexta-feira;02:40:00;SP;116.0;224,9;GUARULHOS;Manobra de mudança de faixa;Colisão lateral mesmo sentido;Com Vítimas Feridas;Plena Noite;Crescente;Nublado;Múltipla;"Aclive;Reta";Sim;2;0;1;0;1;0;1;2;-23,48586772;-46,54075317;SPRF-SP;DEL01-SP;UOP01-DEL01-SP;false
591853.0;2024-04-05;sexta-feira;04:30:00;SP;116.0;214;GUARULHOS;Entrada inopinada do pedestre;Atropelamento de Pedestre;Com Vítimas Feridas;Plena Noite;Decrescente;Nublado;Múltipla;Reta;Sim;2;0;1;0;1;0;1;2;-23,44333014;-46,44531294;SPRF-SP;DEL01-SP;UOP01-DEL01-SP;false
591864.0;2024-04-05;sexta-feira;06:35:00;SP;116.0;115;TAUBATE;Reação tardia ou ineficiente do condutor;Colisão com objeto;Com Vítimas Feridas;Amanhecer;Decrescente;Céu Claro;Dupla;Reta;Sim;1;0;1;0;0;0;1;1;-23,0496047;-45,59973712;SPRF-SP;DEL02-SP;UOP02-DEL02-SP;false
591885.0;2024-04-05;sexta-feira;09:00:00;SP;116.0;228,9;GUARULHOS;Ausência de reação do condutor;Colisão traseira;Com Vítimas Feridas;Pleno dia;Crescente;Céu Claro;Múltipla;Reta;Sim;2;0;1;0;1;0;1;2;-23,50343484;-46,56638712;SPRF-SP;DEL01-SP;UOP01-DEL01-SP;false
591893.0;2024-04-05;sexta-feira;07:50:00;SP;116.0;1;GUARULHOS;Condutor deixou de manter distância do veículo da frente;Colisão traseira;Com Vítimas Feridas;Pleno dia;Decrescente;Céu Claro;Dupla;Reta;Sim;2;0;1;0;1;0;1;2;-23,45117982;-46,49184465;SPRF-SP;DEL01-SP;UOP01-DEL01-SP;false
591903.0;2024-04-05;sexta-feira;10:30:00;SP;116.0;103,4;TAUBATE;Objeto estático sobre o leito carroçável;Colisão com objeto;Com Vítimas Feridas;Pleno dia;Decrescente;Sol;Dupla;"Declive;Reta";Não;2;0;2;0;0;0;2;1;-22,99919465;-45,49788917;SPRF-SP;DEL02-SP;UOP02-DEL02-SP;false
591925.0;2024-04-05;sexta-feira;13:50:00;SP;153.0;30;NOVA GRANADA;Acessar a via sem observar a presença dos outros veículos;Colisão transversal;Com Vítimas Feridas;Pleno dia;Decrescente;Céu Claro;Simples;"Rotatória;Reta";Sim;3;0;1;0;2;0;1;2;-20,53857207;-49,33057559;SPRF-SP;DEL09-SP;UOP01-DEL09-SP;false
591968.0;2024-04-05;sexta-feira;18:30:00;SP;116.0;209;GUARULHOS;Objeto estático sobre o leito carroçável;Eventos atípicos;Com Vítimas Feridas;Plena Noite;Decrescente;Céu Claro;Múltipla;Reta;Sim;1;0;0;1;0;0;1;1;-23,42511799;-46,40221101;SPRF-SP;DEL01-SP;UOP01-DEL01-SP;false
591978.0;2024-04-05;sexta-feira;19:00:00;SP;116.0;215,6;GUARULHOS;Manobra de mudança de faixa;Colisão lateral mesmo sentido;Com Vítimas Feridas;Plena Noite;Decrescente;Nublado;Múltipla;"Reta;Declive";Sim;2;0;1;0;1;0;1;2;-23,44695693;-46,45394103;SPRF-SP;DEL01-SP;UOP01-DEL01-SP;false
592100.0;2024-04-06;sábado;07:10:00;SP;153.0;60,9;SAO JOSE DO RIO PRETO;Ausência de reação do condutor;Colisão lateral mesmo sentido;Com Vítimas Feridas;Pleno dia;Crescente;Nublado;Dupla;Declive;Não;3;0;1;0;2;0;1;2;-20,79627979;-49,35480206;SPRF-SP;DEL09-SP;UOP01-DEL09-SP;false
592112.0;2024-04-06;sábado;08:50:00;SP;116.0;208;GUARULHOS;Reação tardia ou ineficiente do condutor;Engavetamento;Com Vítimas Feridas;Pleno dia;Crescente;Céu Claro;Dupla;Reta;Sim;3;0;1;0;1;1;1;3;-23,42222263;-46,3932771;SPRF-SP;DEL01-SP;UOP01-DEL01-SP;false
592125.0;2024-04-06;sábado;10:00:00;SP;116.0;228;SAO PAULO;Ausência de reação do condutor;Colisão traseira;Com Vítimas Feridas;Pleno dia;Crescente;Nublado;Múltipla;Reta;Sim;2;0;1;0;1;0;1;2;-23,50343484;-46,56638712;SPRF-SP;DEL01-SP;UOP01-DEL01-SP;false
592134.0;2024-04-06;sábado;11:50:00;SP;116.0;147,5;SAO JOSE DOS CAMPOS;Manobra de mudança de faixa;Colisão lateral mesmo sentido;Com Vítimas Feridas;Pleno dia;Crescente;Sol;Dupla;Reta;Não;3;0;1;0;2;0;1;2;-23,19542994;-45,87176303;SPRF-SP;DEL02-SP;UOP01-DEL02-SP;false
592139.0;2024-02-06;terça-feira;08:55:00;SP;116.0;222;GUARULHOS;Condutor deixou de manter distância do veículo da frente;Colisão lateral mesmo sentido;Com Vítimas Feridas;Pleno dia;Crescente;Céu Claro;Múltipla;Reta;Sim;3;0;2;0;1;0;2;2;-23,47093408;-46,51631097;SPRF-SP;DEL01-SP;UOP01-DEL01-SP;false
592170.0;2024-04-06;sábado;15:30:00;SP;116.0;209;GUARULHOS;Acessar a via sem observar a presença dos outros veículos;Colisão lateral mesmo sentido;Com Vítimas Feridas;Pleno dia;Crescente;Céu Claro;Múltipla;"Reta;Em Obras;Interseção de Vias";Sim;3;0;1;0;2;0;1;2;-23,42762;-46,408383;SPRF-SP;DEL01-SP;UOP01-DEL01-SP;false
592175.0;2024-04-06;sábado;15:40:00;SP;381.0;70;MAIRIPORA;Ausência de reação do condutor;Saída de leito carroçável;Com Vítimas Feridas;Pleno dia;Decrescente;Céu Claro;Dupla;"Declive;Curva";Sim;1;0;1;0;0;0;1;1;-23,34972978;-46,56070474;SPRF-SP;DEL03-SP;UOP01-DEL03-SP;false
592276.0;2024-04-06;sábado;20:45:00;SP;381.0;88;GUARULHOS;Reação tardia ou ineficiente do condutor;Colisão lateral mesmo sentido;Com Vítimas Feridas;Plena Noite;Crescente;Garoa/Chuvisco;Múltipla;Reta;Sim;2;0;0;1;0;1;1;2;-23,47469314;-46,56112919;SPRF-SP;DEL03-SP;UOP01-DEL03-SP;false
592286.0;2024-04-06;sábado;15:00:00;SP;116.0;281;EMBU DAS ARTES;Condutor deixou de manter distância do veículo da frente;Colisão lateral mesmo sentido;Com Vítimas Feridas;Pleno dia;Crescente;Nublado;Dupla;Reta;Não;3;0;1;0;2;0;1;2;-23,67784787;-46,85769227;SPRF-SP;DEL04-SP;UOP01-DEL04-SP;false
592302.0;2024-04-07;domingo;00:02:00;SP;116.0;225,5;GUARULHOS;Reação tardia ou ineficiente do condutor;Colisão lateral mesmo sentido;Sem Vítimas;Plena Noite;Decrescente;Céu Claro;Dupla;Reta;Sim;2;0;0;0;2;0;0;2;-23,48586772;-46,54075317;SPRF-SP;DEL01-SP;UOP01-DEL01-SP;false
592309.0;2024-04-07;domingo;00:55:00;SP;116.0;212;GUARULHOS;Suicídio (presumido);Atropelamento de Pedestre;Com Vítimas Fatais;Plena Noite;Crescente;Ignorado;Múltipla;"Reta;Declive";Sim;2;1;0;0;0;1;0;2;-23,43608315;-46,42805094;SPRF-SP;DEL01-SP;UOP01-DEL01-SP;false
592344.0;2024-04-07;domingo;04:30:00;SP;116.0;119;TAUBATE;Reação tardia ou ineficiente do condutor;Engavetamento;Com Vítimas Feridas;Amanhecer;Decrescente;Céu Claro;Dupla;"Reta;Declive";Não;7;0;2;0;3;2;2;6;-23,06710044;-45,63562878;SPRF-SP;DEL02-SP;UOP02-DEL02-SP;false
592353.0;2024-04-07;domingo;06:20:00;SP;116.0;520,8;CAJATI;Reação tardia ou ineficiente do condutor;Capotamento;Com Vítimas Feridas;Amanhecer;Decrescente;Nublado;Simples;Curva;Não;2;0;1;0;1;0;1;1;-24,89364369;-48,24164206;SPRF-SP;DEL05-SP;UOP02-DEL05-SP;false
592357.0;2024-04-07;domingo;06:45:00;SP;116.0;197;ARUJA;Reação tardia ou ineficiente do condutor;Capotamento;Com Vítimas Feridas;Amanhecer;Decrescente;Nublado;Dupla;Reta;Não;1;0;1;0;0;0;1;1;-23,39721625;-46,29284287;SPRF-SP;DEL01-SP;UOP01-DEL01-SP;false
592411.0;2024-04-07;domingo;11:40:00;SP;381.0;84;SAO PAULO;Condutor Dormindo;Colisão traseira;Com Vítimas Fatais;Pleno dia;Crescente;Sol;Múltipla;Reta;Sim;2;1;0;0;1;0;0;2;-23,43937;-46,56807;SPRF-SP;DEL03-SP;UOP01-DEL03-SP;false
592427.0;2024-04-07;domingo;14:05:00;SP;116.0;204;ARUJA;Manobra de mudança de faixa;Colisão traseira;Com Vítimas Feridas;Pleno dia;Crescente;Nublado;Dupla;"Reta;Declive";Sim;3;0;1;0;2;0;1;2;-23,41186251;-46,35507345;SPRF-SP;DEL01-SP;UOP01-DEL01-SP;false
592433.0;2024-04-07;domingo;15:15:00;SP;381.0;58;MAIRIPORA;Reação tardia ou ineficiente do condutor;Engavetamento;Sem Vítimas;Pleno dia;Crescente;Sol;Dupla;Reta;Não;10;0;0;0;10;0;0;3;-23,27438497;-46,58530615;SPRF-SP;DEL03-SP;UOP01-DEL03-SP;false
592444.0;2024-04-07;domingo;15:00:00;SP;116.0;505;CAJATI;Reação tardia ou ineficiente do condutor;Saída de leito carroçável;Com Vítimas Feridas;Pleno dia;Decrescente;Garoa/Chuvisco;Dupla;"Declive;Curva";Não;2;0;1;0;1;0;1;1;-24,79028098;-48,21075278;SPRF-SP;DEL05-SP;UOP02-DEL05-SP;false
592466.0;2024-04-07;domingo;18:05:00;SP;116.0;209;GUARULHOS;Manobra de mudança de faixa;Colisão lateral mesmo sentido;Com Vítimas Feridas;Plena Noite;Crescente;Vento;Múltipla;Aclive;Sim;2;0;1;0;0;1;1;2;-23,42511799;-46,40221101;SPRF-SP;DEL01-SP;UOP01-DEL01-SP;false
592474.0;2024-04-07;domingo;18:10:00;SP;116.0;163,9;JACAREI;Ausência de reação do condutor;Colisão traseira;Com Vítimas Feridas;Plena Noite;Crescente;Céu Claro;Dupla;Reta;Não;2;0;0;1;1;0;1;2;-23,28649584;-45,9919851;SPRF-SP;DEL02-SP;UOP01-DEL02-SP;false
592480.0;2024-04-07;domingo;18:25:00;SP;381.0;36;ATIBAIA;Ingestão de álcool pelo condutor;Colisão com objeto;Com Vítimas Feridas;Plena Noite;Decrescente;Céu Claro;Dupla;Reta;Não;1;0;1;0;0;0;1;1;-23,09707232;-46,57180706;SPRF-SP;DEL03-SP;UOP01-DEL03-SP;false
592485.0;2024-04-07;domingo;18:30:00;SP;116.0;516;CAJATI;Reação tardia ou ineficiente do condutor;Queda de ocupante de veículo;Com Vítimas Feridas;Anoitecer;Decrescente;Garoa/Chuvisco;Simples;"Declive;Curva";Não;2;0;1;0;1;0;1;1;-24,87423036;-48,2190838;SPRF-SP;DEL05-SP;UOP02-DEL05-SP;false
592492.0;2024-04-07;domingo;19:30:00;SP;116.0;77,2;ROSEIRA;Ingestão de álcool pelo condutor;Saída de leito carroçável;Com Vítimas Feridas;Plena Noite;Crescente;Céu Claro;Dupla;Reta;Não;1;0;1;0;0;0;1;1;-22,88334222;-45,27934983;SPRF-SP;DEL08-SP;UOP01-DEL08-SP;false
592524.0;2024-04-07;domingo;21:00:00;SP;381.0;33;ATIBAIA;Manobra de mudança de faixa;Queda de ocupante de veículo;Com Vítimas Feridas;Plena Noite;Decrescente;Céu Claro;Dupla;Reta;Não;2;0;0;1;1;0;1;1;-23,0728028;-46,56673562;SPRF-SP;DEL03-SP;UOP02-DEL03-SP;false
592688.0;2024-04-08;segunda-feira;15:20:00;SP;116.0;489;CAJATI;Desrespeitar a preferência no cruzamento;Colisão transversal;Com Vítimas Feridas;Pleno dia;Decrescente;Nublado;Simples;Interseção de Vias;Sim;2;0;1;1;0;0;2;2;-24,73034183;-48,10760707;SPRF-SP;DEL05-SP;UOP01-DEL05-SP;false
592698.0;2024-04-08;segunda-feira;17:50:00;SP;116.0;212;GUARULHOS;Reação tardia ou ineficiente do condutor;Colisão traseira;Com Vítimas Feridas;Plena Noite;Decrescente;Chuva;Múltipla;"Reta;Declive";Sim;4;0;1;0;3;0;1;3;-23,43608315;-46,42805094;SPRF-SP;DEL01-SP;UOP01-DEL01-SP;false
592704.0;2024-04-08;segunda-feira;16:37:00;SP;116.0;332;JUQUITIBA;Ausência de reação do condutor;Colisão traseira;Com Vítimas Feridas;Pleno dia;Crescente;Sol;Dupla;Reta;Não;2;0;1;0;1;0;1;2;-23,95597045;-47,1100868;SPRF-SP;DEL04-SP;UOP03-DEL04-SP;false
592728.0;2024-04-08;segunda-feira;19:10:00;SP;116.0;151;SAO JOSE DOS CAMPOS;Condutor deixou de manter distância do veículo da frente;Colisão traseira;Com Vítimas Feridas;Plena Noite;Decrescente;Nublado;Dupla;Reta;Sim;2;0;0;1;1;0;1;2;-23,21980694;-45,89991605;SPRF-SP;DEL02-SP;UOP01-DEL02-SP;false
592814.0;2024-04-09;terça-feira;07:00:00;SP;116.0;228;SAO PAULO;Manobra de mudança de faixa;Colisão lateral mesmo sentido;Com Vítimas Feridas;Pleno dia;Crescente;Sol;Múltipla;"Reta;Aclive";Não;3;0;2;0;1;0;2;2;-23,50343484;-46,56638712;SPRF-SP;DEL01-SP;UOP01-DEL01-SP;false
592825.0;2024-04-09;terça-feira;07:20:00;SP;116.0;148,6;SAO JOSE DOS CAMPOS;Ausência de reação do condutor;Tombamento;Com Vítimas Feridas;Pleno dia;Decrescente;Céu Claro;Dupla;Reta;Não;1;0;1;0;0;0;1;1;-23,2009818;-45,8798574;SPRF-SP;DEL02-SP;UOP01-DEL02-SP;false
592842.0;2024-04-09;terça-feira;10:00:00;SP;116.0;220,5;GUARULHOS;Ausência de reação do condutor;Colisão traseira;Com Vítimas Feridas;Pleno dia;Crescente;Céu Claro;Múltipla;Reta;Sim;2;0;1;0;1;0;1;2;-23,46472809;-46,49793962;SPRF-SP;DEL01-SP;UOP01-DEL01-SP;false
592852.0;2024-04-09;terça-feira;10:20:00;SP;116.0;213;GUARULHOS;Trafegar com motocicleta (ou similar) entre as faixas;Colisão traseira;Com Vítimas Feridas;Pleno dia;Decrescente;Céu Claro;Múltipla;Reta;Sim;2;0;1;0;1;0;1;2;-23,43971486;-46,43667806;SPRF-SP;DEL01-SP;UOP01-DEL01-SP;false
592881.0;2024-04-09;terça-feira;14:20:00;SP;116.0;6;QUELUZ;Reação tardia ou ineficiente do condutor;Capotamento;Com Vítimas Feridas;Pleno dia;Crescente;Céu Claro;Dupla;Reta;Não;1;0;1;0;0;0;1;1;-22,53158181;-44,75374706;SPRF-SP;DEL08-SP;UOP02-DEL08-SP;false
592887.0;2024-04-09;terça-feira;15:00:00;SP;381.0;68;MAIRIPORA;Trafegar com motocicleta (ou similar) entre as faixas;Colisão lateral mesmo sentido;Com Vítimas Feridas;Pleno dia;Crescente;Céu Claro;Dupla;"Reta;Aclive";Não;1;0;1;0;0;0;1;1;-23,34043796;-46,57433588;SPRF-SP;DEL03-SP;UOP01-DEL03-SP;false
592897.0;2024-04-09;terça-feira;14:33:00;SP;381.0;24,5;BRAGANCA PAULISTA;Demais falhas mecânicas ou elétricas;Incêndio;Sem Vítimas;Pleno dia;Decrescente;Céu Claro;Dupla;Curva;Não;1;0;0;0;1;0;0;1;-23,03614495;-46,55183601;SPRF-SP;DEL03-SP;UOP02-DEL03-SP;false
592898.0;2024-04-09;terça-feira;15:20:00;SP;116.0;406;MIRACATU;Estacionar ou parar em local proibido;Incêndio;Sem Vítimas;Pleno dia;Decrescente;Céu Claro;Dupla;Reta;Não;1;0;0;0;1;0;0;1;-24,3250391;-47,55598398;SPRF-SP;DEL04-SP;UOP02-DEL04-SP;false
592912.0;2024-04-09;terça-feira;17:00:00;SP;381.0;35;ATIBAIA;Reação tardia ou ineficiente do condutor;Colisão traseira;Com Vítimas Feridas;Pleno dia;Decrescente;Céu Claro;Dupla;"Declive;Curva";Não;2;0;1;0;1;0;1;2;-23,088586;-46,571798;SPRF-SP;DEL03-SP;UOP02-DEL03-SP;false
592917.0;2024-04-09;terça-feira;17:15:00;SP;116.0;315;SAO LOURENCO DA SERRA;Reação tardia ou ineficiente do condutor;Queda de ocupante de veículo;Com Vítimas Feridas;Plena Noite;Crescente;Nublado;Dupla;Reta;Sim;1;0;1;0;0;0;1;1;-23,90251888;-46,99049317;SPRF-SP;DEL04-SP;UOP03-DEL04-SP;false
592935.0;2024-04-09;terça-feira;18:30:00;SP;116.0;222;GUARULHOS;Ausência de sinalização;Capotamento;Com Vítimas Feridas;Plena Noite;Decrescente;Céu Claro;Múltipla;Reta;Sim;1;0;1;0;0;0;1;1;-23,47093408;-46,51631097;SPRF-SP;DEL01-SP;UOP01-DEL01-SP;false
593005.0;2024-04-10;quarta-feira;05:35:00;SP;116.0;353,8;MIRACATU;Avarias e/ou desgaste excessivo no pneu;Queda de ocupante de veículo;Com Vítimas Feridas;Amanhecer;Crescente;Nublado;Dupla;Curva;Não;2;0;1;0;1;0;1;1;-24,07031103;-47,24202498;SPRF-SP;DEL04-SP;UOP03-DEL04-SP;false
593008.0;2024-03-15;sexta-feira;23:29:00;SP;381.0;90;GUARULHOS;Reação tardia ou ineficiente do condutor;Colisão lateral mesmo sentido;Sem Vítimas;Plena Noite;Crescente;Céu Claro;Dupla;Reta;Sim;2;0;0;0;2;0;0;2;-23,49479479;-46,55959864;SPRF-SP;DEL03-SP;UOP01-DEL03-SP;false
593012.0;2024-04-10;quarta-feira;05:00:00;SP;116.0;212;GUARULHOS;Pedestre andava na pista;Atropelamento de Pedestre;Com Vítimas Fatais;Amanhecer;Decrescente;Céu Claro;Múltipla;Reta;Sim;2;1;0;0;0;1;0;2;-23,43608315;-46,42805094;SPRF-SP;DEL01-SP;UOP01-DEL01-SP;false
593028.0;2024-04-10;quarta-feira;08:07:00;SP;153.0;60,1;SAO JOSE DO RIO PRETO;Reação tardia ou ineficiente do condutor;Colisão traseira;Com Vítimas Feridas;Pleno dia;Crescente;Céu Claro;Dupla;Reta;Sim;2;0;1;0;1;0;1;2;-20,79627979;-49,35480206;SPRF-SP;DEL09-SP;UOP01-DEL09-SP;false
593033.0;2024-04-10;quarta-feira;07:30:00;SP;116.0;316;SAO LOURENCO DA SERRA;Manobra de mudança de faixa;Colisão lateral mesmo sentido;Com Vítimas Feridas;Pleno dia;Decrescente;Céu Claro;Dupla;Curva;Não;2;0;1;0;1;0;1;2;-23,91054997;-46,99149375;SPRF-SP;DEL04-SP;UOP03-DEL04-SP;false
593078.0;2024-04-10;quarta-feira;13:03:00;SP;116.0;322;JUQUITIBA;Demais falhas mecânicas ou elétricas;Queda de ocupante de veículo;Com Vítimas Feridas;Pleno dia;Decrescente;Céu Claro;Dupla;Reta;Sim;2;0;1;0;1;0;1;1;-23,935106;-47,026682;SPRF-SP;DEL04-SP;UOP03-DEL04-SP;false
593084.0;2024-04-10;quarta-feira;10:50:00;SP;116.0;565;BARRA DO TURVO;Ausência de reação do condutor;Saída de leito carroçável;Com Vítimas Feridas;Pleno dia;Decrescente;Céu Claro;Simples;"Aclive;Curva";Não;2;0;2;0;0;0;2;1;-25,0358686;-48,54404396;SPRF-SP;DEL05-SP;UOP02-DEL05-SP;false
593107.0;2024-04-10;quarta-feira;08:40:00;SP;381.0;68;MAIRIPORA;Manobra de mudança de faixa;Colisão traseira;Com Vítimas Feridas;Pleno dia;Decrescente;Céu Claro;Múltipla;"Declive;Curva";Sim;2;0;1;0;0;1;1;2;-23,34043796;-46,57433588;SPRF-SP;DEL03-SP;UOP01-DEL03-SP;false
593131.0;2024-04-10;quarta-feira;18:00:00;SP;116.0;224;GUARULHOS;Demais falhas mecânicas ou elétricas;Queda de ocupante de veículo;Com Vítimas Feridas;Anoitecer;Crescente;Céu Claro;Dupla;Reta;Sim;1;0;0;1;0;0;1;1;-23,48071896;-46,53271603;SPRF-SP;DEL01-SP;UOP01-DEL01-SP;false
593145.0;2024-04-10;quarta-feira;18:40:00;SP;116.0;217;GUARULHOS;Reação tardia ou ineficiente do condutor;Colisão lateral mesmo sentido;Com Vítimas Feridas;Plena Noite;Crescente;Vento;Múltipla;"Reta;Aclive";Sim;3;0;2;0;1;0;2;3;-23,45423824;-46,47119028;SPRF-SP;DEL01-SP;UOP01-DEL01-SP;false
593167.0;2024-04-10;quarta-feira;17:40:00;SP;116.0;34;CRUZEIRO;Curva acentuada;Saída de leito carroçável;Com Vítimas Feridas;Anoitecer;Crescente;Nublado;Dupla;"Viaduto;Curva;Ponte;Interseção de Vias";Não;1;0;0;1;0;0;1;1;-22,65107453;-44,95731547;SPRF-SP;DEL08-SP;UOP02-DEL08-SP;false
593235.0;2024-04-11;quinta-feira;08:00:00;SP;116.0;145;SAO JOSE DOS CAMPOS;Manobra de mudança de faixa;Colisão lateral mesmo sentido;Com Vítimas Feridas;Pleno dia;Crescente;Sol;Múltipla;Reta;Sim;3;0;2;0;1;0;2;2;-23,1869844;-45,8548078;SPRF-SP;DEL02-SP;UOP01-DEL02-SP;false
593246.0;2024-03-30;sábado;19:30:00;SP;101.0;47;UBATUBA;Ausência de reação do condutor;Colisão traseira;Sem Vítimas;Plena Noite;Decrescente;Nublado;Simples;Reta;Sim;2;0;0;0;1;1;0;2;-23,429897;-45,082436;SPRF-SP;DEL06-SP;UOP01-DEL06-SP;false
593253.0;2024-04-11;quinta-feira;09:08:00;SP;116.0;113,7;TAUBATE;Avarias e/ou desgaste excessivo no pneu;Tombamento;Com Vítimas Feridas;Pleno dia;Crescente;Céu Claro;Dupla;Reta;Sim;2;0;1;1;0;0;2;1;-23,0440828;-45,58041405;SPRF-SP;DEL02-SP;UOP02-DEL02-SP;false
593289.0;2024-04-11;quinta-feira;14:05:00;SP;116.0;451;REGISTRO;Demais falhas na via;Eventos atípicos;Sem Vítimas;Pleno dia;Crescente;Céu Claro;Dupla;Reta;Sim;1;0;0;0;1;0;0;1;-24,54542792;-47,86180224;SPRF-SP;DEL05-SP;UOP01-DEL05-SP;false
593403.0;2024-04-12;sexta-feira;07:10:00;SP;116.0;160,7;JACAREI;Ultrapassagem Indevida;Colisão lateral mesmo sentido;Com Vítimas Feridas;Pleno dia;Decrescente;Céu Claro;Múltipla;Reta;Sim;2;0;1;0;1;0;1;2;-23,27617003;-45,97592098;SPRF-SP;DEL02-SP;UOP01-DEL02-SP;false
593431.0;2024-03-31;domingo;10:50:00;SP;381.0;4;VARGEM;Falta de elemento de contenção que evite a saída do leito carroçável;Saída de leito carroçável;Com Vítimas Feridas;Pleno dia;Crescente;Céu Claro;Dupla;Reta;Não;3;0;2;1;0;0;3;1;-22,8826217;-46,40779515;SPRF-SP;DEL03-SP;UOP02-DEL03-SP;false
593457.0;2024-04-12;sexta-feira;13:00:00;SP;116.0;222,5;GUARULHOS;Manobra de mudança de faixa;Colisão lateral mesmo sentido;Com Vítimas Feridas;Pleno dia;Crescente;Céu Claro;Múltipla;Reta;Sim;2;0;1;0;1;0;1;2;-23,4742918;-46,5234132;SPRF-SP;DEL01-SP;UOP01-DEL01-SP;false
593478.0;2024-04-12;sexta-feira;14:00:00;SP;153.0;58,5;SAO JOSE DO RIO PRETO;Objeto estático sobre o leito carroçável;Colisão com objeto;Com Vítimas Feridas;Pleno dia;Decrescente;Céu Claro;Dupla;"Reta;Declive";Sim;1;0;1;0;0;0;1;1;-20,77838195;-49,35300538;SPRF-SP;DEL09-SP;UOP01-DEL09-SP;false
593493.0;2024-04-12;sexta-feira;16:00:00;SP;116.0;208;GUARULHOS;Ausência de reação do condutor;Queda de ocupante de veículo;Com Vítimas Feridas;Pleno dia;Decrescente;Céu Claro;Múltipla;Reta;Sim;2;0;1;0;1;0;1;1;-23,42222263;-46,3932771;SPRF-SP;DEL01-SP;UOP01-DEL01-SP;false
593502.0;2024-04-12;sexta-feira;15:30:00;SP;116.0;283,7;EMBU DAS ARTES;Manobra de mudança de faixa;Colisão lateral mesmo sentido;Com Vítimas Feridas;Pleno dia;Crescente;Céu Claro;Dupla;Reta;Sim;3;0;2;0;1;0;2;2;-23,64791897;-46,84337139;SPRF-SP;DEL04-SP;UOP01-DEL04-SP;false
593523.0;2024-04-12;sexta-feira;16:55:00;SP;116.0;315;JUQUITIBA;Condutor deixou de manter distância do veículo da frente;Colisão traseira;Com Vítimas Feridas;Pleno dia;Crescente;Sol;Dupla;Reta;Sim;3;0;2;0;1;0;2;2;-23,90251888;-46,99049317;SPRF-SP;DEL04-SP;UOP03-DEL04-SP;false
593527.0;2024-04-12;sexta-feira;17:55:00;SP;116.0;446;REGISTRO;Reação tardia ou ineficiente do condutor;Colisão traseira;Com Vítimas Feridas;Anoitecer;Decrescente;Nublado;Dupla;Reta;Sim;2;0;1;0;1;0;1;2;-24,50467087;-47,84772743;SPRF-SP;DEL05-SP;UOP01-DEL05-SP;false
593574.0;2024-04-12;sexta-feira;20:15:00;SP;116.0;107;TAUBATE;Entrada inopinada do pedestre;Atropelamento de Pedestre;Com Vítimas Feridas;Plena Noite;Decrescente;Céu Claro;Dupla;Reta;Sim;4;0;0;1;3;0;1;4;-23,01791287;-45,53009409;SPRF-SP;DEL02-SP;UOP02-DEL02-SP;false
593585.0;2024-04-12;sexta-feira;19:30:00;SP;153.0;60;SAO JOSE DO RIO PRETO;Reação tardia ou ineficiente do condutor;Saída de leito carroçável;Sem Vítimas;Plena Noite;Crescente;Garoa/Chuvisco;Dupla;Reta;Sim;1;0;0;0;1;0;0;1;-20,79627979;-49,35480206;SPRF-SP;DEL09-SP;UOP01-DEL09-SP;false
593633.0;2024-04-13;sábado;03:55:00;SP;116.0;206;GUARULHOS;Ausência de reação do condutor;Colisão com objeto;Com Vítimas Feridas;Plena Noite;Crescente;Céu Claro;Múltipla;Reta;Sim;1;0;1;0;0;0;1;1;-23,41722629;-46,37510292;SPRF-SP;DEL01-SP;UOP01-DEL01-SP;false
593635.0;2024-04-13;sábado;03:50:00;SP;381.0;55,5;MAIRIPORA;Reação tardia ou ineficiente do condutor;Queda de ocupante de veículo;Com Vítimas Feridas;Plena Noite;Crescente;Céu Claro;Dupla;Reta;Sim;1;0;1;0;0;0;1;1;-23,25207404;-46,59480386;SPRF-SP;DEL03-SP;UOP01-DEL03-SP;false
593704.0;2024-04-13;sábado;11:55:00;SP;116.0;219;GUARULHOS;Trafegar com motocicleta (ou similar) entre as faixas;Colisão traseira;Com Vítimas Feridas;Pleno dia;Crescente;Nublado;Múltipla;Reta;Sim;3;0;1;0;2;0;1;2;-23,46323649;-46,49482543;SPRF-SP;DEL01-SP;UOP01-DEL01-SP;false
593720.0;2024-04-13;sábado;12:10:00;SP;116.0;112,3;TAUBATE;Acessar a via sem observar a presença dos outros veículos;Colisão traseira;Com Vítimas Feridas;Pleno dia;Crescente;Sol;Dupla;Interseção de Vias;Sim;4;0;1;0;3;0;1;2;-23,04159343;-45,57065616;SPRF-SP;DEL02-SP;UOP02-DEL02-SP;false
593751.0;2024-04-13;sábado;17:00:00;SP;116.0;180;GUARAREMA;Reação tardia ou ineficiente do condutor;Queda de ocupante de veículo;Com Vítimas Feridas;Pleno dia;Crescente;Céu Claro;Dupla;Reta;Não;1;0;1;0;0;0;1;1;-23,336372;-46,14513;SPRF-SP;DEL01-SP;UOP01-DEL01-SP;false