id;data_inversa;dia_semana;horario;uf;br;km;municipio;causa_acidente;tipo_acidente;classificacao_acidente;fase_dia;sentido_via;condicao_metereologica;tipo_pista;tracado_via;uso_solo;pessoas;mortos;feridos_leves;feridos_graves;ilesos;ignorados;feridos;veiculos;latitude;longitude;regional;delegacia;uop;feriado
601132.0;2024-05-17;sexta-feira;18:55:00;SP;116.0;445;REGISTRO;Ausência de reação do condutor;Colisão traseira;Com Vítimas Feridas;Plena Noite;Crescente;Céu Claro;Múltipla;Reta;Sim;3;0;0;1;2;0;1;3;-24,49790715;-47,84208686;SPRF-SP;DEL05-SP;UOP01-DEL05-SP;false
601133.0;2024-05-17;sexta-feira;18:30:00;SP;116.0;140;SAO JOSE DOS CAMPOS;Ausência de reação do condutor;Colisão com objeto;Com Vítimas Feridas;Plena Noite;Crescente;Nublado;Múltipla;Reta;Sim;1;0;1;0;0;0;1;1;-23,16577714;-45,81246193;SPRF-SP;DEL02-SP;UOP01-DEL02-SP;false
601139.0;2024-05-17;sexta-feira;18:40:00;SP;116.0;290;ITAPECERICA DA SERRA;Reação tardia ou ineficiente do condutor;Colisão com objeto;Com Vítimas Feridas;Anoitecer;Decrescente;Céu Claro;Dupla;Curva;Sim;1;0;1;0;0;0;1;1;-23,71892189;-46,88252449;SPRF-SP;DEL04-SP;UOP01-DEL04-SP;false
601160.0;2024-05-17;sexta-feira;20:28:00;SP;116.0;110;TAUBATE;Objeto estático sobre o leito carroçável;Colisão com objeto;Com Vítimas Feridas;Plena Noite;Decrescente;Céu Claro;Dupla;Reta;Sim;1;0;1;0;0;0;1;1;-23,03412614;-45,5526999;SPRF-SP;DEL02-SP;UOP02-DEL02-SP;false
601163.0;2024-05-17;sexta-feira;20:20:00;SP;116.0;210;GUARULHOS;Reação tardia ou ineficiente do condutor;Colisão traseira;Com Vítimas Feridas;Plena Noite;Decrescente;Ignorado;Múltipla;Reta;Não;2;0;1;0;1;0;1;2;-23,42870023;-46,41085991;SPRF-SP;DEL01-SP;UOP01-DEL01-SP;false
601210.0;2024-05-18;sábado;00:00:00;SP;116.0;178;GUARAREMA;Reação tardia ou ineficiente do condutor;Queda de ocupante de veículo;Com Vítimas Feridas;Plena Noite;Crescente;Ignorado;Múltipla;Curva;Sim;1;0;1;0;0;0;1;1;-23,327667;-46,128108;SPRF-SP;DEL01-SP;UOP01-DEL01-SP;false
601221.0;2024-05-18;sábado;00:50:00;SP;381.0;59;MAIRIPORA;Ausência de reação do condutor;Colisão traseira;Com Vítimas Feridas;Plena Noite;Crescente;Céu Claro;Dupla;"Aclive;Reta";Sim;1;0;1;0;0;0;1;1;-23,28270705;-46,58787791;SPRF-SP;DEL03-SP;UOP01-DEL03-SP;false
601234.0;2024-05-18;sábado;04:20:00;SP;153.0;64;SAO JOSE DO RIO PRETO;Ingestão de álcool pelo condutor;Colisão traseira;Sem Vítimas;Plena Noite;Crescente;Céu Claro;Dupla;"Viaduto;Reta;Interseção de Vias";Sim;3;0;0;0;3;0;0;2;-20,82919401;-49,36046325;SPRF-SP;DEL09-SP;UOP01-DEL09-SP;false
601247.0;2024-05-18;sábado;06:20:00;SP;116.0;219;GUARULHOS;Manobra de mudança de faixa;Colisão lateral mesmo sentido;Com Vítimas Feridas;Amanhecer;Crescente;Céu Claro;Dupla;Reta;Não;2;0;0;1;1;0;1;2;-23,46143954;-46,48885316;SPRF-SP;DEL01-SP;UOP01-DEL01-SP;false
601270.0;2024-05-18;sábado;08:05:00;SP;116.0;157,7;SAO JOSE DOS CAMPOS;Ausência de reação do condutor;Colisão traseira;Com Vítimas Feridas;Pleno dia;Decrescente;Céu Claro;Múltipla;Reta;Sim;2;0;0;1;1;0;1;2;-23,25558031;-45,9437828;SPRF-SP;DEL02-SP;UOP01-DEL02-SP;false
601296.0;2024-05-18;sábado;10:30:00;SP;381.0;85;GUARULHOS;Ausência de reação do condutor;Colisão lateral mesmo sentido;Com Vítimas Feridas;Pleno dia;Crescente;Céu Claro;Múltipla;Reta;Sim;1;0;1;0;0;0;1;1;-23,449343;-46,56983501;SPRF-SP;DEL03-SP;UOP01-DEL03-SP;false
601317.0;2024-05-18;sábado;11:00:00;SP;116.0;300;SAO LOURENCO DA SERRA;Ausência de reação do condutor;Saída de leito carroçável;Com Vítimas Feridas;Pleno dia;Decrescente;Céu Claro;Dupla;Reta;Não;2;0;1;1;0;0;2;1;-23,80425272;-46,92143625;SPRF-SP;DEL04-SP;UOP01-DEL04-SP;false
601327.0;2024-05-18;sábado;12:00:00;SP;381.0;37,4;ATIBAIA;Reação tardia ou ineficiente do condutor;Engavetamento;Com Vítimas Feridas;Pleno dia;Decrescente;Céu Claro;Dupla;Reta;Não;4;0;1;0;3;0;1;3;-23,10506237;-46,56881577;SPRF-SP;DEL03-SP;UOP01-DEL03-SP;false
601356.0;2024-05-18;sábado;14:05:00;SP;116.0;84;PINDAMONHANGABA;Reação tardia ou ineficiente do condutor;Colisão traseira;Com Vítimas Feridas;Pleno dia;Crescente;Céu Claro;Dupla;Reta;Sim;3;0;1;0;2;0;1;2;-22,91777173;-45,33596814;SPRF-SP;DEL08-SP;UOP01-DEL08-SP;false
601371.0;2024-05-18;sábado;15:38:00;SP;116.0;143;SAO JOSE DOS CAMPOS;Manobra de mudança de faixa;Colisão lateral mesmo sentido;Com Vítimas Feridas;Pleno dia;Decrescente;Céu Claro;Dupla;Reta;Sim;4;0;2;0;2;0;2;2;-23,17849879;-45,83787411;SPRF-SP;DEL02-SP;UOP01-DEL02-SP;false
601375.0;2024-05-18;sábado;16:15:00;SP;381.0;39,5;ATIBAIA;Reação tardia ou ineficiente do condutor;Tombamento;Com Vítimas Feridas;Pleno dia;Crescente;Sol;Dupla;Reta;Não;1;0;1;0;0;0;1;1;-23,1215761;-46,57471572;SPRF-SP;DEL03-SP;UOP01-DEL03-SP;false
601398.0;2024-05-18;sábado;18:40:00;SP;116.0;221,1;GUARULHOS;Reação tardia ou ineficiente do condutor;Tombamento;Com Vítimas Feridas;Plena Noite;Crescente;Céu Claro;Múltipla;"Reta;Em Obras";Sim;1;0;1;0;0;0;1;1;-23,46802395;-46,50704901;SPRF-SP;DEL01-SP;UOP01-DEL01-SP;false
601410.0;2024-05-10;sexta-feira;14:15:00;SP;153.0;62,5;SAO JOSE DO RIO PRETO;Reação tardia ou ineficiente do condutor;Colisão lateral mesmo sentido;Com Vítimas Feridas;Pleno dia;Crescente;Céu Claro;Dupla;"Reta;Aclive";Sim;2;0;1;0;1;0;1;2;-20,81325404;-49,35675563;SPRF-SP;DEL09-SP;UOP01-DEL09-SP;false
601419.0;2024-05-18;sábado;20:30:00;SP;116.0;230;SAO PAULO;Reação tardia ou ineficiente do condutor;Colisão traseira;Com Vítimas Feridas;Plena Noite;Crescente;Céu Claro;Dupla;"Reta;Em Obras;Desvio Temporário";Sim;4;0;2;0;2;0;2;2;-23,5218;-46,5849;SPRF-SP;DEL01-SP;UOP01-DEL01-SP;false
601453.0;2024-05-18;sábado;23:30:00;SP;116.0;216;GUARULHOS;Entrada inopinada do pedestre;Atropelamento de Pedestre;Com Vítimas Feridas;Plena Noite;Crescente;Céu Claro;Múltipla;Reta;Sim;2;0;0;1;0;1;1;2;-23,44695693;-46,45394103;SPRF-SP;DEL01-SP;UOP01-DEL01-SP;false
601457.0;2024-05-18;sábado;21:20:00;SP;116.0;223;GUARULHOS;Ultrapassagem Indevida;Colisão lateral mesmo sentido;Sem Vítimas;Plena Noite;Decrescente;Céu Claro;Múltipla;Reta;Sim;3;0;0;0;3;0;0;3;-23,47559815;-46,5246609;SPRF-SP;DEL01-SP;UOP01-DEL01-SP;false
601465.0;2024-05-18;sábado;23:45:00;SP;153.0;66;SAO JOSE DO RIO PRETO;Reação tardia ou ineficiente do condutor;Saída de leito carroçável;Sem Vítimas;Plena Noite;Crescente;Céu Claro;Dupla;Reta;Sim;1;0;0;0;0;1;0;1;-20,84208514;-49,37074279;SPRF-SP;DEL09-SP;UOP01-DEL09-SP;false
601489.0;2024-05-19;domingo;03:15:00;SP;116.0;124;CACAPAVA;Reação tardia ou ineficiente do condutor;Colisão traseira;Sem Vítimas;Plena Noite;Decrescente;Céu Claro;Dupla;Reta;Não;3;0;0;0;3;0;0;2;-23,093116;-45,677904;SPRF-SP;DEL02-SP;UOP02-DEL02-SP;false
601494.0;2024-05-19;domingo;04:45:00;SP;116.0;150,6;SAO JOSE DOS CAMPOS;Reação tardia ou ineficiente do condutor;Capotamento;Com Vítimas Feridas;Amanhecer;Decrescente;Céu Claro;Dupla;Reta;Sim;2;0;1;0;1;0;1;1;-23,21335525;-45,8930588;SPRF-SP;DEL02-SP;UOP01-DEL02-SP;false
601520.0;2024-05-19;domingo;04:38:00;SP;116.0;97,8;PINDAMONHANGABA;Ingestão de álcool pelo condutor;Saída de leito carroçável;Sem Vítimas;Plena Noite;Decrescente;Céu Claro;Dupla;Reta;Não;1;0;0;0;0;1;0;1;-22,97375666;-45,44726115;SPRF-SP;DEL08-SP;UOP01-DEL08-SP;false
601547.0;2024-05-19;domingo;08:40:00;SP;116.0;209;GUARULHOS;Ausência de reação do condutor;Colisão com objeto;Com Vítimas Feridas;Pleno dia;Decrescente;Céu Claro;Múltipla;Reta;Sim;2;0;2;0;0;0;2;2;-23,42511799;-46,40221101;SPRF-SP;DEL01-SP;UOP01-DEL01-SP;false
601565.0;2024-05-19;domingo;11:10:00;SP;116.0;372,1;MIRACATU;Condutor deixou de manter distância do veículo da frente;Queda de ocupante de veículo;Com Vítimas Feridas;Pleno dia;Crescente;Céu Claro;Dupla;Reta;Não;3;0;1;0;0;2;1;2;-24,16540804;-47,33274697;SPRF-SP;DEL04-SP;UOP02-DEL04-SP;false
601591.0;2024-05-19;domingo;14:25:00;SP;381.0;4;VARGEM;Objeto estático sobre o leito carroçável;Tombamento;Com Vítimas Feridas;Pleno dia;Decrescente;Céu Claro;Múltipla;Curva;Não;2;0;2;0;0;0;2;1;-22,8826217;-46,40779515;SPRF-SP;DEL03-SP;UOP02-DEL03-SP;false
601638.0;2024-05-19;domingo;18:00:00;SP;116.0;91,4;PINDAMONHANGABA;Demais falhas mecânicas ou elétricas;Queda de ocupante de veículo;Com Vítimas Feridas;Anoitecer;Crescente;Céu Claro;Dupla;Reta;Sim;2;0;2;0;0;0;2;1;-22,94792286;-45,39587407;SPRF-SP;DEL08-SP;UOP01-DEL08-SP;false
601647.0;2024-05-19;domingo;18:20:00;SP;116.0;140,9;SAO JOSE DOS CAMPOS;Condutor deixou de manter distância do veículo da frente;Colisão traseira;Com Vítimas Feridas;Plena Noite;Crescente;Céu Claro;Dupla;Reta;Sim;3;0;0;2;1;0;2;2;-23,16577714;-45,81246193;SPRF-SP;DEL02-SP;UOP01-DEL02-SP;false
601656.0;2024-05-19;domingo;19:40:00;SP;116.0;193;ARUJA;Trafegar com motocicleta (ou similar) entre as faixas;Colisão lateral mesmo sentido;Com Vítimas Feridas;Plena Noite;Crescente;Nublado;Dupla;"Aclive;Reta";Não;2;0;1;0;1;0;1;2;-23,380407;-46,258509;SPRF-SP;DEL01-SP;UOP01-DEL01-SP;false
601697.0;2024-05-19;domingo;22:15:00;SP;153.0;118;UBARANA;Animais na Pista;Atropelamento de Animal;Com Vítimas Fatais;Plena Noite;Crescente;Céu Claro;Simples;Reta;Sim;2;1;1;0;0;0;1;1;-21,1538981;-49,70707078;SPRF-SP;DEL09-SP;UOP01-DEL09-SP;false
601702.0;2024-05-19;domingo;22:30:00;SP;116.0;546;BARRA DO TURVO;Pista Escorregadia;Saída de leito carroçável;Sem Vítimas;Plena Noite;Crescente;Garoa/Chuvisco;Múltipla;"Curva;Declive";Não;1;0;0;0;1;0;0;1;-24,9470862;-48,43042095;SPRF-SP;DEL05-SP;UOP02-DEL05-SP;false
601749.0;2024-05-20;segunda-feira;07:00:00;SP;116.0;229;SAO PAULO;Condutor deixou de manter distância do veículo da frente;Colisão traseira;Com Vítimas Feridas;Pleno dia;Crescente;Céu Claro;Múltipla;Reta;Não;3;0;1;0;2;0;1;2;-23,51291902;-46,57604698;SPRF-SP;DEL01-SP;UOP01-DEL01-SP;false
601798.0;2024-05-20;segunda-feira;11:00:00;SP;116.0;229;GUARULHOS;Reação tardia ou ineficiente do condutor;Colisão lateral mesmo sentido;Com Vítimas Feridas;Pleno dia;Decrescente;Céu Claro;Múltipla;Reta;Sim;2;0;1;0;0;1;1;2;-23,51291902;-46,57604698;SPRF-SP;DEL01-SP;UOP01-DEL01-SP;false
601811.0;2024-05-20;segunda-feira;12:30:00;SP;116.0;138;SAO JOSE DOS CAMPOS;Reação tardia ou ineficiente do condutor;Saída de leito carroçável;Com Vítimas Feridas;Pleno dia;Decrescente;Céu Claro;Dupla;Reta;Não;2;0;1;0;1;0;1;1;-23,1572739;-45,79554605;SPRF-SP;DEL02-SP;UOP01-DEL02-SP;false
601839.0;2024-05-20;segunda-feira;15:30:00;SP;153.0;39,6;ONDA VERDE;Acessar a via sem observar a presença dos outros veículos;Colisão transversal;Com Vítimas Feridas;Pleno dia;Crescente;Céu Claro;Simples;Interseção de Vias;Não;4;0;3;0;1;0;3;2;-20,61196908;-49,32942891;SPRF-SP;DEL09-SP;UOP01-DEL09-SP;false
601845.0;2024-05-20;segunda-feira;16:00:00;SP;116.0;143;SAO JOSE DOS CAMPOS;Reação tardia ou ineficiente do condutor;Colisão traseira;Com Vítimas Feridas;Pleno dia;Decrescente;Céu Claro;Dupla;Reta;Sim;2;0;0;1;1;0;1;2;-23,17849879;-45,83787411;SPRF-SP;DEL02-SP;UOP01-DEL02-SP;false
601873.0;2024-05-20;segunda-feira;19:00:00;SP;116.0;107;TAUBATE;Reação tardia ou ineficiente do condutor;Queda de ocupante de veículo;Com Vítimas Feridas;Plena Noite;Decrescente;Céu Claro;Dupla;Reta;Sim;1;0;1;0;0;0;1;1;-23,01791287;-45,53009409;SPRF-SP;DEL02-SP;UOP02-DEL02-SP;false
601879.0;2024-05-20;segunda-feira;18:50:00;SP;381.0;22;BRAGANCA PAULISTA;Ausência de sinalização;Tombamento;Com Vítimas Feridas;Plena Noite;Decrescente;Céu Claro;Múltipla;Aclive;Não;1;0;1;0;0;0;1;1;-22,99697186;-46,5163051;SPRF-SP;DEL03-SP;UOP02-DEL03-SP;false
601885.0;2024-05-20;segunda-feira;19:10:00;SP;153.0;91,4;JACI;Acumulo de areia ou detritos sobre o pavimento;Tombamento;Com Vítimas Feridas;Plena Noite;Crescente;Céu Claro;Simples;"Curva;Desvio Temporário";Não;1;0;1;0;0;0;1;1;-20,96277956;-49,56805716;SPRF-SP;DEL09-SP;UOP01-DEL09-SP;false
601887.0;2024-05-20;segunda-feira;19:00:00;SP;116.0;143;SAO JOSE DOS CAMPOS;Acessar a via sem observar a presença dos outros veículos;Colisão lateral mesmo sentido;Com Vítimas Feridas;Plena Noite;Decrescente;Nublado;Dupla;Reta;Sim;2;0;1;0;1;0;1;2;-23,17849879;-45,83787411;SPRF-SP;DEL02-SP;UOP01-DEL02-SP;false
601940.0;2024-05-21;terça-feira;07:00:00;SP;116.0;209;GUARULHOS;Trafegar com motocicleta (ou similar) entre as faixas;Colisão traseira;Com Vítimas Feridas;Pleno dia;Crescente;Sol;Dupla;"Reta;Aclive";Sim;2;0;2;0;0;0;2;2;-23,42511799;-46,40221101;SPRF-SP;DEL01-SP;UOP01-DEL01-SP;false
601944.0;2024-05-21;terça-feira;07:20:00;SP;381.0;50;ATIBAIA;Reação tardia ou ineficiente do condutor;Capotamento;Com Vítimas Feridas;Pleno dia;Crescente;Céu Claro;Dupla;Declive;Sim;4;0;4;0;0;0;4;1;-23,21359807;-46,59367981;SPRF-SP;DEL03-SP;UOP01-DEL03-SP;false
601955.0;2024-05-21;terça-feira;07:45:00;SP;116.0;164;JACAREI;Trafegar com motocicleta (ou similar) entre as faixas;Colisão traseira;Com Vítimas Feridas;Pleno dia;Decrescente;Sol;Dupla;Reta;Não;3;0;1;1;1;0;2;2;-23,29166028;-46,00002382;SPRF-SP;DEL02-SP;UOP01-DEL02-SP;false
601973.0;2024-05-21;terça-feira;09:20:00;SP;116.0;213;GUARULHOS;Reação tardia ou ineficiente do condutor;Colisão lateral mesmo sentido;Com Vítimas Feridas;Pleno dia;Crescente;Nublado;Dupla;Reta;Sim;3;0;2;0;1;0;2;2;-23,43971486;-46,43667806;SPRF-SP;DEL01-SP;UOP01-DEL01-SP;false
602031.0;2024-05-21;terça-feira;15:15:00;SP;101.0;45;UBATUBA;Trafegar com motocicleta (ou similar) entre as faixas;Colisão transversal;Com Vítimas Feridas;Pleno dia;Decrescente;Nublado;Dupla;Interseção de Vias;Sim;3;0;1;0;1;1;1;3;-23,41779396;-45,06788408;SPRF-SP;DEL06-SP;UOP01-DEL06-SP;false
602071.0;2024-05-21;terça-feira;18:50:00;SP;381.0;37;ATIBAIA;Reação tardia ou ineficiente do condutor;Colisão lateral mesmo sentido;Com Vítimas Feridas;Plena Noite;Decrescente;Céu Claro;Dupla;"Aclive;Interseção de Vias;Reta";Sim;2;0;0;1;1;0;1;2;-23,10506237;-46,56881577;SPRF-SP;DEL03-SP;UOP01-DEL03-SP;false
602156.0;2024-05-22;quarta-feira;06:40:00;SP;116.0;219;GUARULHOS;Manobra de mudança de faixa;Colisão lateral mesmo sentido;Com Vítimas Feridas;Pleno dia;Crescente;Nublado;Múltipla;Reta;Sim;3;0;2;0;1;0;2;2;-23,46143954;-46,48885316;SPRF-SP;DEL01-SP;UOP01-DEL01-SP;false
602180.0;2024-03-04;segunda-feira;07:00:00;SP;381.0;86;SAO PAULO;Condutor deixou de manter distância do veículo da frente;Tombamento;Com Vítimas Feridas;Pleno dia;Crescente;Céu Claro;Múltipla;Reta;Sim;2;0;0;1;0;1;1;2;-23,47006355;-46,56802475;SPRF-SP;DEL03-SP;UOP01-DEL03-SP;false
602182.0;2024-05-22;quarta-feira;09:10:00;SP;116.0;439;REGISTRO;Reação tardia ou ineficiente do condutor;Saída de leito carroçável;Com Vítimas Feridas;Pleno dia;Crescente;Nublado;Dupla;Reta;Sim;1;0;1;0;0;0;1;1;-24,45434475;-47,81204635;SPRF-SP;DEL05-SP;UOP01-DEL05-SP;false
602207.0;2024-05-22;quarta-feira;10:40:00;SP;116.0;151,9;SAO JOSE DOS CAMPOS;Condutor deixou de manter distância do veículo da frente;Colisão traseira;Com Vítimas Feridas;Pleno dia;Crescente;Céu Claro;Dupla;"Aclive;Reta";Sim;3;0;1;0;2;0;1;3;-23,224754;-45,9055436;SPRF-SP;DEL02-SP;UOP01-DEL02-SP;false
602219.0;2024-05-22;quarta-feira;12:30:00;SP;116.0;119;CACAPAVA;Reação tardia ou ineficiente do condutor;Colisão lateral mesmo sentido;Com Vítimas Feridas;Pleno dia;Crescente;Céu Claro;Dupla;Reta;Não;2;0;0;1;1;0;1;2;-23,06710044;-45,63562878;SPRF-SP;DEL02-SP;UOP02-DEL02-SP;false
602234.0;2024-05-22;quarta-feira;13:38:00;SP;116.0;55;LORENA;Reação tardia ou ineficiente do condutor;Tombamento;Com Vítimas Feridas;Pleno dia;Decrescente;Céu Claro;Dupla;Reta;Sim;1;0;1;0;0;0;1;1;-22,76356421;-45,12272385;SPRF-SP;DEL08-SP;UOP02-DEL08-SP;false
602237.0;2024-05-22;quarta-feira;15:00:00;SP;116.0;227;GUARULHOS;Reação tardia ou ineficiente do condutor;Colisão traseira;Com Vítimas Feridas;Pleno dia;Crescente;Céu Claro;Dupla;"Reta;Em Obras;Declive";Sim;2;0;1;0;0;1;1;2;-23,49659264;-46,55648754;SPRF-SP;DEL01-SP;UOP01-DEL01-SP;false
602273.0;2024-05-22;quarta-feira;18:00:00;SP;381.0;88,5;GUARULHOS;Reação tardia ou ineficiente do condutor;Colisão traseira;Com Vítimas Feridas;Plena Noite;Decrescente;Céu Claro;Múltipla;Reta;Sim;2;0;1;0;1;0;1;2;-23,47469314;-46,56112919;SPRF-SP;DEL03-SP;UOP01-DEL03-SP;false
602330.0;2024-05-23;quinta-feira;05:30:00;SP;116.0;201;ARUJA;Reação tardia ou ineficiente do condutor;Tombamento;Com Vítimas Feridas;Plena Noite;Crescente;Céu Claro;Dupla;"Curva;Aclive";Não;1;0;1;0;0;0;1;1;-23,40362877;-46,33050107;SPRF-SP;DEL01-SP;UOP01-DEL01-SP;false
602334.0;2024-05-23;quinta-feira;06:30:00;SP;116.0;230;SAO PAULO;Ausência de reação do condutor;Colisão com objeto;Com Vítimas Feridas;Pleno dia;Crescente;Céu Claro;Dupla;Reta;Não;1;0;1;0;0;0;1;1;-23,52251783;-46,5855702;SPRF-SP;DEL01-SP;UOP01-DEL01-SP;false
602350.0;2024-05-23;quinta-feira;07:30:00;SP;116.0;206;GUARULHOS;Trafegar com motocicleta (ou similar) entre as faixas;Tombamento;Com Vítimas Feridas;Pleno dia;Crescente;Céu Claro;Dupla;"Reta;Em Obras";Sim;1;0;1;0;0;0;1;1;-23,41722629;-46,37510292;SPRF-SP;DEL01-SP;UOP01-DEL01-SP;false
602351.0;2024-05-23;quinta-feira;07:30:00;SP;116.0;224;GUARULHOS;Trafegar com motocicleta (ou similar) entre as faixas;Colisão lateral mesmo sentido;Com Vítimas Feridas;Pleno dia;Crescente;Céu Claro;Múltipla;Reta;Sim;3;0;1;0;2;0;1;3;-23,48071896;-46,53271603;SPRF-SP;DEL01-SP;UOP01-DEL01-SP;false
602368.0;2024-05-23;quinta-feira;09:00:00;SP;381.0;27;ATIBAIA;Manobra de mudança de faixa;Colisão lateral mesmo sentido;Com Vítimas Feridas;Pleno dia;Decrescente;Céu Claro;Múltipla;Reta;Sim;2;0;1;0;1;0;1;2;-23,03325858;-46,54275266;SPRF-SP;DEL03-SP;UOP02-DEL03-SP;false
602369.0;2024-05-23;quinta-feira;09:04:00;SP;116.0;209;GUARULHOS;Ausência de reação do condutor;Colisão traseira;Com Vítimas Feridas;Pleno dia;Decrescente;Céu Claro;Múltipla;Reta;Sim;2;0;1;0;1;0;1;2;-23,42511799;-46,40221101;SPRF-SP;DEL01-SP;UOP01-DEL01-SP;false
602377.0;2024-05-23;quinta-feira;09:40:00;SP;116.0;192;SANTA ISABEL;Reação tardia ou ineficiente do condutor;Colisão com objeto;Com Vítimas Feridas;Pleno dia;Decrescente;Céu Claro;Múltipla;Curva;Sim;2;0;0;1;1;0;1;1;-23,376923;-46,249733;SPRF-SP;DEL01-SP;UOP01-DEL01-SP;false
602452.0;2024-05-23;quinta-feira;18:00:00;SP;116.0;230;SAO PAULO;Trafegar com motocicleta (ou similar) entre as faixas;Colisão lateral mesmo sentido;Com Vítimas Feridas;Plena Noite;Decrescente;Nublado;Múltipla;Reta;Sim;3;0;2;0;1;0;2;2;-23,52251783;-46,5855702;SPRF-SP;DEL01-SP;UOP01-DEL01-SP;false
602526.0;2024-05-23;quinta-feira;19:52:00;SP;381.0;85,5;SAO PAULO;Pedestre andava na pista;Atropelamento de Pedestre;Com Vítimas Feridas;Plena Noite;Decrescente;Nublado;Dupla;Reta;Sim;3;0;0;1;2;0;1;2;-23,46421082;-46,57154918;SPRF-SP;DEL03-SP;UOP01-DEL03-SP;false
602527.0;2024-05-24;sexta-feira;02:00:00;SP;116.0;222;GUARULHOS;Condutor deixou de manter distância do veículo da frente;Engavetamento;Sem Vítimas;Plena Noite;Decrescente;Céu Claro;Múltipla;Reta;Sim;3;0;0;0;3;0;0;3;-23,47093408;-46,51631097;SPRF-SP;DEL01-SP;UOP01-DEL01-SP;false
602528.0;2024-05-24;sexta-feira;02:00:00;SP;116.0;104,9;TAUBATE;Reação tardia ou ineficiente do condutor;Colisão traseira;Sem Vítimas;Plena Noite;Decrescente;Céu Claro;Dupla;"Reta;Declive";Não;2;0;0;0;2;0;0;2;-23,00340176;-45,50626912;SPRF-SP;DEL02-SP;UOP02-DEL02-SP;false
602561.0;2024-05-24;sexta-feira;04:50:00;SP;101.0;50,5;UBATUBA;Ausência de reação do condutor;Saída de leito carroçável;Sem Vítimas;Amanhecer;Crescente;Céu Claro;Simples;Reta;Sim;1;0;0;0;1;0;0;1;-23,45018939;-45,07743735;SPRF-SP;DEL06-SP;UOP01-DEL06-SP;false
602573.0;2024-05-24;sexta-feira;08:10:00;SP;488.0;0,2;APARECIDA;Ingestão de álcool pelo condutor;Colisão traseira;Sem Vítimas;Pleno dia;Crescente;Céu Claro;Dupla;Reta;Sim;2;0;0;0;2;0;0;2;-22,85856;-45,233116;SPRF-SP;DEL08-SP;UOP01-DEL08-SP;false
602581.0;2024-05-24;sexta-feira;10:00:00;SP;116.0;158;JACAREI;Ausência de reação do condutor;Colisão traseira;Com Vítimas Feridas;Pleno dia;Decrescente;Sol;Dupla;Reta;Sim;2;0;1;0;1;0;1;2;-23,26072137;-45,95179176;SPRF-SP;DEL02-SP;UOP01-DEL02-SP;false
602590.0;2024-05-24;sexta-feira;10:50:00;SP;101.0;40,2;UBATUBA;Ultrapassagem Indevida;Colisão lateral sentido oposto;Com Vítimas Feridas;Pleno dia;Crescente;Sol;Simples;"Reta;Interseção de Vias";Não;3;0;0;2;1;0;2;2;-23,41495528;-45,03516778;SPRF-SP;DEL06-SP;UOP01-DEL06-SP;false
602593.0;2024-05-24;sexta-feira;11:20:00;SP;153.0;65,3;SAO JOSE DO RIO PRETO;Acumulo de areia ou detritos sobre o pavimento;Tombamento;Com Vítimas Feridas;Pleno dia;Crescente;Céu Claro;Simples;"Curva;Aclive";Sim;1;0;0;1;0;0;1;1;-20,8355877;-49,36570039;SPRF-SP;DEL09-SP;UOP01-DEL09-SP;false
602614.0;2024-05-24;sexta-feira;13:30:00;SP;153.0;59,5;SAO JOSE DO RIO PRETO;Acessar a via sem observar a presença dos outros veículos;Tombamento;Com Vítimas Feridas;Pleno dia;Crescente;Céu Claro;Dupla;Reta;Sim;1;0;1;0;0;0;1;1;-20,79085653;-49,35441613;SPRF-SP;DEL09-SP;UOP01-DEL09-SP;false
602649.0;2024-05-24;sexta-feira;15:15:00;SP;116.0;220;GUARULHOS;Reação tardia ou ineficiente do condutor;Colisão traseira;Com Vítimas Feridas;Pleno dia;Decrescente;Ignorado;Múltipla;Reta;Sim;2;0;1;0;1;0;1;2;-23,46472809;-46,49793962;SPRF-SP;DEL01-SP;UOP01-DEL01-SP;false
602660.0;2024-05-24;sexta-feira;16:45:00;SP;101.0;40,2;UBATUBA;Acessar a via sem observar a presença dos outros veículos;Colisão transversal;Com Vítimas Feridas;Pleno dia;Crescente;Chuva;Simples;"Reta;Interseção de Vias";Não;3;0;1;0;2;0;1;2;-23,41495528;-45,03516778;SPRF-SP;DEL06-SP;UOP01-DEL06-SP;false
602663.0;2024-05-24;sexta-feira;15:30:00;SP;381.0;69;MAIRIPORA;Reação tardia ou ineficiente do condutor;Colisão lateral mesmo sentido;Com Vítimas Feridas;Pleno dia;Crescente;Garoa/Chuvisco;Dupla;"Aclive;Curva";Não;2;0;1;0;1;0;1;2;-23,34553108;-46,56787903;SPRF-SP;DEL03-SP;UOP01-DEL03-SP;false
602675.0;2024-05-24;sexta-feira;16:01:00;SP;116.0;561;BARRA DO TURVO;Reação tardia ou ineficiente do condutor;Colisão com objeto;Com Vítimas Feridas;Pleno dia;Crescente;Garoa/Chuvisco;Dupla;"Curva;Declive";Não;2;0;1;0;1;0;1;1;-25,02045097;-48,51586004;SPRF-SP;DEL05-SP;UOP02-DEL05-SP;false
602689.0;2024-05-24;sexta-feira;18:15:00;SP;116.0;221;GUARULHOS;Condutor deixou de manter distância do veículo da frente;Tombamento;Com Vítimas Feridas;Plena Noite;Decrescente;Céu Claro;Dupla;Reta;Sim;1;0;1;0;0;0;1;1;-23,47089441;-46,51588173;SPRF-SP;DEL01-SP;UOP01-DEL01-SP;false