id;data_inversa;dia_semana;horario;uf;br;km;municipio;causa_acidente;tipo_acidente;classificacao_acidente;fase_dia;sentido_via;condicao_metereologica;tipo_pista;tracado_via;uso_solo;pessoas;mortos;feridos_leves;feridos_graves;ilesos;ignorados;feridos;veiculos;latitude;longitude;regional;delegacia;uop;feriado
602698.0;2024-05-23;quinta-feira;16:05:00;SP;116.0;138;SAO JOSE DOS CAMPOS;Demais falhas mecânicas ou elétricas;Tombamento;Com Vítimas Feridas;Pleno dia;Decrescente;Sol;Dupla;Reta;Não;1;0;1;0;0;0;1;1;-23,1572739;-45,79554605;SPRF-SP;DEL02-SP;UOP01-DEL02-SP;false
602738.0;2024-05-24;sexta-feira;18:30:00;SP;116.0;148;SAO JOSE DOS CAMPOS;Trafegar com motocicleta (ou similar) entre as faixas;Colisão lateral mesmo sentido;Com Vítimas Feridas;Plena Noite;Decrescente;Céu Claro;Dupla;Reta;Sim;1;0;1;0;0;0;1;1;-23,20067421;-45,8795018;SPRF-SP;DEL02-SP;UOP01-DEL02-SP;false
602739.0;2024-05-24;sexta-feira;20:20:00;SP;116.0;153;SAO JOSE DOS CAMPOS;Avarias e/ou desgaste excessivo no pneu;Tombamento;Com Vítimas Feridas;Plena Noite;Crescente;Nublado;Dupla;Reta;Sim;1;0;1;0;0;0;1;1;-23,23440303;-45,91615677;SPRF-SP;DEL02-SP;UOP01-DEL02-SP;false
602757.0;2024-05-24;sexta-feira;21:00:00;SP;116.0;77;ROSEIRA;Ausência de reação do condutor;Tombamento;Com Vítimas Feridas;Plena Noite;Decrescente;Nublado;Dupla;Reta;Não;1;0;1;0;0;0;1;1;-22,88334222;-45,27934983;SPRF-SP;DEL08-SP;UOP01-DEL08-SP;false
602775.0;2024-05-25;sábado;00:00:00;SP;116.0;212;GUARULHOS;Manobra de mudança de faixa;Colisão traseira;Sem Vítimas;Plena Noite;Decrescente;Nublado;Múltipla;Reta;Sim;2;0;0;0;2;0;0;2;-23,43608315;-46,42805094;SPRF-SP;DEL01-SP;UOP01-DEL01-SP;false
602803.0;2024-05-25;sábado;03:40:00;SP;116.0;70;APARECIDA;Acessar a via sem observar a presença dos outros veículos;Atropelamento de Pedestre;Com Vítimas Feridas;Plena Noite;Crescente;Céu Claro;Dupla;Reta;Não;3;0;1;0;2;0;1;2;-22,84852898;-45,22705084;SPRF-SP;DEL08-SP;UOP01-DEL08-SP;false
602837.0;2024-05-25;sábado;06:57:00;SP;153.0;64,7;SAO JOSE DO RIO PRETO;Reação tardia ou ineficiente do condutor;Colisão com objeto;Sem Vítimas;Amanhecer;Decrescente;Nublado;Dupla;"Reta;Aclive";Sim;1;0;0;0;1;0;0;1;-20,82919401;-49,36046325;SPRF-SP;DEL09-SP;UOP01-DEL09-SP;false
602845.0;2024-05-25;sábado;08:30:00;SP;116.0;208;GUARULHOS;Trafegar com motocicleta (ou similar) entre as faixas;Queda de ocupante de veículo;Com Vítimas Feridas;Pleno dia;Decrescente;Nublado;Dupla;Reta;Não;2;0;2;0;0;0;2;1;-23,42222263;-46,3932771;SPRF-SP;DEL01-SP;UOP01-DEL01-SP;false
602853.0;2024-05-25;sábado;09:00:00;SP;116.0;160;JACAREI;Manobra de mudança de faixa;Colisão lateral mesmo sentido;Com Vítimas Feridas;Pleno dia;Decrescente;Céu Claro;Dupla;Reta;Não;2;0;1;0;1;0;1;2;-23,27101606;-45,96787896;SPRF-SP;DEL02-SP;UOP01-DEL02-SP;false
602856.0;2024-05-25;sábado;08:50:00;SP;116.0;218;GUARULHOS;Ausência de reação do condutor;Colisão traseira;Com Vítimas Feridas;Pleno dia;Crescente;Nublado;Múltipla;"Reta;Declive";Sim;2;0;0;1;0;1;1;2;-23,457972;-46,479927;SPRF-SP;DEL01-SP;UOP01-DEL01-SP;false
602901.0;2024-05-25;sábado;15:00:00;SP;116.0;347;MIRACATU;Chuva;Colisão com objeto;Com Vítimas Feridas;Pleno dia;Crescente;Chuva;Dupla;Curva;Não;1;0;1;0;0;0;1;1;-24,0516146;-47,20352238;SPRF-SP;DEL04-SP;UOP03-DEL04-SP;false
602936.0;2024-05-25;sábado;19:00:00;SP;101.0;50;UBATUBA;Acessar a via sem observar a presença dos outros veículos;Colisão frontal;Com Vítimas Feridas;Plena Noite;Decrescente;Chuva;Simples;Reta;Sim;3;0;1;0;2;0;1;3;-23,45018939;-45,07743735;SPRF-SP;DEL06-SP;UOP01-DEL06-SP;false
602954.0;2024-05-25;sábado;19:15:00;SP;116.0;102,6;PINDAMONHANGABA;Demais falhas mecânicas ou elétricas;Tombamento;Com Vítimas Feridas;Plena Noite;Crescente;Céu Claro;Dupla;"Reta;Declive";Não;2;0;2;0;0;0;2;1;-22,99497994;-45,48951403;SPRF-SP;DEL08-SP;UOP01-DEL08-SP;false
602983.0;2024-05-26;domingo;00:00:00;SP;116.0;280;EMBU DAS ARTES;Ausência de reação do condutor;Colisão traseira;Com Vítimas Feridas;Plena Noite;Crescente;Céu Claro;Dupla;Reta;Sim;9;0;3;0;6;0;3;4;-23,66996108;-46,85590758;SPRF-SP;DEL04-SP;UOP01-DEL04-SP;false
602992.0;2024-05-26;domingo;00:00:00;SP;116.0;279;EMBU DAS ARTES;Ausência de reação do condutor;Colisão traseira;Com Vítimas Feridas;Plena Noite;Crescente;Garoa/Chuvisco;Dupla;Reta;Sim;5;0;1;0;4;0;1;2;-23,66233697;-46,85292907;SPRF-SP;DEL04-SP;UOP01-DEL04-SP;false
602993.0;2024-05-26;domingo;00:05:00;SP;116.0;59,7;GUARATINGUETA;Ingestão de álcool pelo condutor;Colisão traseira;Sem Vítimas;Plena Noite;Crescente;Nublado;Dupla;Reta;Não;6;0;0;0;6;0;0;2;-22,78555649;-45,15339465;SPRF-SP;DEL08-SP;UOP01-DEL08-SP;false
602996.0;2024-05-26;domingo;01:10:00;SP;381.0;73;SAO PAULO;Chuva;Colisão com objeto;Sem Vítimas;Plena Noite;Crescente;Chuva;Simples;"Curva;Declive";Não;1;0;0;0;1;0;0;1;-23,36553404;-46,55253934;SPRF-SP;DEL03-SP;UOP01-DEL03-SP;false
603031.0;2024-05-26;domingo;05:30:00;SP;381.0;37;ATIBAIA;Velocidade Incompatível;Saída de leito carroçável;Sem Vítimas;Plena Noite;Decrescente;Garoa/Chuvisco;Dupla;"Reta;Aclive";Sim;1;0;0;0;0;1;0;1;-23,10506237;-46,56881577;SPRF-SP;DEL03-SP;UOP01-DEL03-SP;false
603034.0;2024-05-26;domingo;05:30:00;SP;116.0;228;SAO PAULO;Reação tardia ou ineficiente do condutor;Colisão traseira;Com Vítimas Feridas;Amanhecer;Crescente;Chuva;Múltipla;Reta;Sim;2;0;1;0;1;0;1;2;-23,50343484;-46,56638712;SPRF-SP;DEL01-SP;UOP01-DEL01-SP;false
603074.0;2024-05-26;domingo;10:00:00;SP;116.0;192,7;SANTA ISABEL;Reação tardia ou ineficiente do condutor;Colisão com objeto;Sem Vítimas;Pleno dia;Crescente;Chuva;Dupla;"Curva;Declive";Não;1;0;0;0;1;0;0;1;-23,377939;-46,254871;SPRF-SP;DEL01-SP;UOP01-DEL01-SP;false
603086.0;2024-05-26;domingo;11:45:00;SP;116.0;230;SAO PAULO;Entrada inopinada do pedestre;Atropelamento de Pedestre;Com Vítimas Fatais;Pleno dia;Crescente;Chuva;Múltipla;Reta;Sim;2;1;0;0;0;1;0;2;-23,52251783;-46,5855702;SPRF-SP;DEL01-SP;UOP01-DEL01-SP;false
603087.0;2024-05-26;domingo;11:50:00;SP;381.0;76;SAO PAULO;Demais falhas mecânicas ou elétricas;Incêndio;Sem Vítimas;Pleno dia;Crescente;Chuva;Dupla;"Curva;Declive";Não;1;0;0;0;1;0;0;1;-23,38372401;-46,56502116;SPRF-SP;DEL03-SP;UOP01-DEL03-SP;false
603095.0;2024-05-26;domingo;12:45:00;SP;116.0;567,9;BARRA DO TURVO;Chuva;Saída de leito carroçável;Com Vítimas Feridas;Pleno dia;Decrescente;Chuva;Dupla;Curva;Não;2;0;2;0;0;0;2;1;-25,0475499;-48,55355172;SPRF-SP;DEL05-SP;UOP02-DEL05-SP;false
603099.0;2024-05-26;domingo;13:00:00;SP;381.0;85;SAO PAULO;Frear bruscamente;Colisão com objeto;Com Vítimas Feridas;Pleno dia;Decrescente;Chuva;Múltipla;Curva;Sim;2;0;2;0;0;0;2;1;-23,449343;-46,56983501;SPRF-SP;DEL03-SP;UOP01-DEL03-SP;false
603105.0;2024-05-26;domingo;12:00:00;SP;381.0;75;SAO PAULO;Reação tardia ou ineficiente do condutor;Capotamento;Com Vítimas Feridas;Pleno dia;Crescente;Chuva;Dupla;Curva;Não;2;0;1;0;1;0;1;1;-23,37660089;-46,56409613;SPRF-SP;DEL03-SP;UOP01-DEL03-SP;false
603126.0;2024-05-26;domingo;15:00:00;SP;101.0;49,5;UBATUBA;Manobra de mudança de faixa;Colisão transversal;Com Vítimas Feridas;Pleno dia;Crescente;Chuva;Simples;Reta;Sim;2;0;1;0;1;0;1;2;-23,44410908;-45,08375708;SPRF-SP;DEL06-SP;UOP01-DEL06-SP;false
603147.0;2024-05-26;domingo;17:10:00;SP;116.0;72;APARECIDA;Reação tardia ou ineficiente do condutor;Colisão traseira;Com Vítimas Feridas;Pleno dia;Crescente;Garoa/Chuvisco;Dupla;Reta;Sim;2;0;1;0;1;0;1;2;-22,86354218;-45,23746093;SPRF-SP;DEL08-SP;UOP01-DEL08-SP;false
603261.0;2024-05-27;segunda-feira;04:20:00;SP;381.0;35;ATIBAIA;Pista Escorregadia;Capotamento;Com Vítimas Feridas;Plena Noite;Decrescente;Chuva;Dupla;"Reta;Declive";Não;1;0;1;0;0;0;1;1;-23,088586;-46,571798;SPRF-SP;DEL03-SP;UOP02-DEL03-SP;false
603278.0;2024-05-27;segunda-feira;06:20:00;SP;116.0;192;SANTA ISABEL;Ausência de reação do condutor;Colisão com objeto;Com Vítimas Feridas;Pleno dia;Decrescente;Garoa/Chuvisco;Dupla;Reta;Não;1;0;1;0;0;0;1;1;-23,376923;-46,249733;SPRF-SP;DEL01-SP;UOP01-DEL01-SP;false
603322.0;2024-05-27;segunda-feira;09:40:00;SP;116.0;292;ITAPECERICA DA SERRA;Reação tardia ou ineficiente do condutor;Colisão frontal;Com Vítimas Feridas;Pleno dia;Crescente;Chuva;Simples;"Curva;Ponte";Sim;2;0;1;0;1;0;1;2;-23,74581995;-46,90003027;SPRF-SP;DEL04-SP;UOP01-DEL04-SP;false
603350.0;2024-05-27;segunda-feira;12:30:00;SP;116.0;177;GUARAREMA;Acessar a via sem observar a presença dos outros veículos;Atropelamento de Pedestre;Com Vítimas Feridas;Pleno dia;Decrescente;Nublado;Múltipla;Reta;Não;2;0;0;1;0;1;1;2;-23,32333315;-46,11958293;SPRF-SP;DEL01-SP;UOP01-DEL01-SP;false
603355.0;2024-05-27;segunda-feira;15:30:00;SP;116.0;511;CAJATI;Pista Escorregadia;Saída de leito carroçável;Sem Vítimas;Pleno dia;Crescente;Chuva;Múltipla;Curva;Não;1;0;0;0;1;0;0;1;-24,83558399;-48,2223738;SPRF-SP;DEL05-SP;UOP02-DEL05-SP;false
603369.0;2024-05-27;segunda-feira;12:10:00;SP;116.0;496,3;CAJATI;Reação tardia ou ineficiente do condutor;Colisão traseira;Com Vítimas Feridas;Pleno dia;Crescente;Nublado;Dupla;Curva;Não;5;0;2;0;3;0;2;2;-24,75945513;-48,16458078;SPRF-SP;DEL05-SP;UOP01-DEL05-SP;false
603384.0;2024-05-27;segunda-feira;15:25:00;SP;153.0;87,6;MIRASSOL;Mal súbito do condutor;Colisão traseira;Com Vítimas Feridas;Pleno dia;Crescente;Céu Claro;Simples;"Reta;Aclive";Sim;2;0;1;0;1;0;1;2;-20,94498178;-49,53459612;SPRF-SP;DEL09-SP;UOP01-DEL09-SP;false
603478.0;2024-05-27;segunda-feira;23:33:00;SP;116.0;517;CAJATI;Reação tardia ou ineficiente do condutor;Saída de leito carroçável;Com Vítimas Feridas;Plena Noite;Decrescente;Garoa/Chuvisco;Dupla;"Declive;Curva";Não;2;0;2;0;0;0;2;1;-24,8768469;-48,22732309;SPRF-SP;DEL05-SP;UOP02-DEL05-SP;false
603508.0;2024-05-28;terça-feira;06:05:00;SP;116.0;131,5;CACAPAVA;Animais na Pista;Atropelamento de Animal;Com Vítimas Feridas;Amanhecer;Crescente;Nublado;Dupla;"Reta;Interseção de Vias";Não;1;0;0;1;0;0;1;1;-23,12742083;-45,73636609;SPRF-SP;DEL02-SP;UOP02-DEL02-SP;false
603521.0;2024-05-28;terça-feira;07:35:00;SP;101.0;47,4;UBATUBA;Acessar a via sem observar a presença dos outros veículos;Colisão transversal;Com Vítimas Fatais;Pleno dia;Crescente;Céu Claro;Simples;Reta;Sim;3;1;1;1;0;0;2;2;-23,429897;-45,082436;SPRF-SP;DEL06-SP;UOP01-DEL06-SP;false
603533.0;2024-05-28;terça-feira;08:10:00;SP;101.0;46;UBATUBA;Ausência de reação do condutor;Colisão traseira;Com Vítimas Feridas;Pleno dia;Crescente;Céu Claro;Simples;Reta;Sim;2;0;1;0;1;0;1;2;-23,42403383;-45,07492113;SPRF-SP;DEL06-SP;UOP01-DEL06-SP;false
603558.0;2024-05-28;terça-feira;11:00:00;SP;381.0;69;MAIRIPORA;Reação tardia ou ineficiente do condutor;Colisão com objeto;Com Vítimas Feridas;Pleno dia;Crescente;Nublado;Dupla;Reta;Não;1;0;0;1;0;0;1;1;-23,34553108;-46,56787903;SPRF-SP;DEL03-SP;UOP01-DEL03-SP;false
603566.0;2024-05-23;quinta-feira;11:28:00;SP;0.0;0;TAUBATE;Velocidade Incompatível;Saída de leito carroçável;Com Vítimas Feridas;Pleno dia;Não Informado;Céu Claro;Simples;Aclive;Sim;1;0;1;0;0;0;1;1;-23,05472826;-45,5967375;SPRF-SP;DEL02-SP;Não Informado;false
603590.0;2024-05-28;terça-feira;12:40:00;SP;116.0;134;SAO JOSE DOS CAMPOS;Ausência de reação do condutor;Colisão com objeto;Sem Vítimas;Pleno dia;Decrescente;Sol;Dupla;Reta;Não;1;0;0;0;0;1;0;1;-23,1402216;-45,7617252;SPRF-SP;DEL02-SP;UOP02-DEL02-SP;false
603607.0;2024-05-28;terça-feira;12:12:00;SP;153.0;41,4;ONDA VERDE;Mal súbito do condutor;Saída de leito carroçável;Com Vítimas Fatais;Pleno dia;Decrescente;Nublado;Simples;"Reta;Declive";Não;2;1;0;0;0;1;0;2;-20,62848304;-49,33623886;SPRF-SP;DEL09-SP;UOP01-DEL09-SP;false
603614.0;2024-05-28;terça-feira;18:00:00;SP;116.0;134;SAO JOSE DOS CAMPOS;Manobra de mudança de faixa;Colisão lateral mesmo sentido;Com Vítimas Feridas;Anoitecer;Crescente;Céu Claro;Múltipla;Reta;Não;3;0;0;2;1;0;2;2;-23,1402216;-45,7617252;SPRF-SP;DEL02-SP;UOP02-DEL02-SP;false
603616.0;2024-05-28;terça-feira;17:30:00;SP;116.0;291;ITAPECERICA DA SERRA;Condutor deixou de manter distância do veículo da frente;Queda de ocupante de veículo;Com Vítimas Feridas;Anoitecer;Crescente;Nublado;Dupla;Reta;Não;3;0;1;0;1;1;1;3;-23,73826593;-46,89672721;SPRF-SP;DEL04-SP;UOP01-DEL04-SP;false
603627.0;2024-05-28;terça-feira;17:40:00;SP;153.0;335,7;SALTO GRANDE;Afundamento ou ondulação no pavimento;Queda de ocupante de veículo;Com Vítimas Feridas;Anoitecer;Decrescente;Nublado;Simples;Reta;Não;1;0;1;0;0;0;1;1;-22,89976601;-49,8895705;SPRF-SP;DEL07-SP;UOP03-DEL07-SP;false
603652.0;2024-05-28;terça-feira;20:20:00;SP;116.0;111;TAUBATE;Reação tardia ou ineficiente do condutor;Colisão lateral mesmo sentido;Com Vítimas Feridas;Plena Noite;Crescente;Céu Claro;Dupla;Reta;Sim;2;0;0;1;1;0;1;2;-23,03887149;-45,56097419;SPRF-SP;DEL02-SP;UOP02-DEL02-SP;false
603659.0;2024-05-28;terça-feira;21:45:00;SP;116.0;222;GUARULHOS;Ausência de reação do condutor;Colisão traseira;Com Vítimas Feridas;Plena Noite;Decrescente;Nublado;Múltipla;Reta;Sim;2;0;0;1;1;0;1;2;-23,47093408;-46,51631097;SPRF-SP;DEL01-SP;UOP01-DEL01-SP;false
603693.0;2024-05-29;quarta-feira;07:00:00;SP;116.0;284;ITAPECERICA DA SERRA;Trafegar com motocicleta (ou similar) entre as faixas;Tombamento;Com Vítimas Feridas;Pleno dia;Decrescente;Nublado;Dupla;Reta;Sim;2;0;1;0;1;0;1;2;-23,69998;-46,867767;SPRF-SP;DEL04-SP;UOP01-DEL04-SP;false
603702.0;2024-05-29;quarta-feira;07:15:00;SP;153.0;59,9;SAO JOSE DO RIO PRETO;Condutor deixou de manter distância do veículo da frente;Colisão traseira;Com Vítimas Feridas;Pleno dia;Crescente;Céu Claro;Dupla;Reta;Sim;2;0;1;0;1;0;1;2;-20,79720143;-49,35514569;SPRF-SP;DEL09-SP;UOP01-DEL09-SP;false
603710.0;2024-05-29;quarta-feira;07:40:00;SP;116.0;144,6;SAO JOSE DOS CAMPOS;Ausência de reação do condutor;Colisão traseira;Com Vítimas Feridas;Pleno dia;Crescente;Céu Claro;Dupla;Reta;Não;4;0;1;0;3;0;1;3;-23,18274416;-45,84633592;SPRF-SP;DEL02-SP;UOP01-DEL02-SP;false
603721.0;2024-05-29;quarta-feira;08:50:00;SP;153.0;61;SAO JOSE DO RIO PRETO;Reação tardia ou ineficiente do condutor;Tombamento;Com Vítimas Feridas;Pleno dia;Crescente;Céu Claro;Múltipla;"Reta;Declive";Sim;1;0;1;0;0;0;1;1;-20,80502876;-49,35574909;SPRF-SP;DEL09-SP;UOP01-DEL09-SP;false
603739.0;2024-05-29;quarta-feira;10:30:00;SP;116.0;213;GUARULHOS;Reação tardia ou ineficiente do condutor;Tombamento;Com Vítimas Feridas;Pleno dia;Crescente;Céu Claro;Dupla;Reta;Sim;2;0;1;0;1;0;1;1;-23,43971486;-46,43667806;SPRF-SP;DEL01-SP;UOP01-DEL01-SP;false
603742.0;2024-05-29;quarta-feira;11:10:00;SP;116.0;216;GUARULHOS;Avarias e/ou desgaste excessivo no pneu;Queda de ocupante de veículo;Com Vítimas Feridas;Pleno dia;Decrescente;Céu Claro;Múltipla;Reta;Sim;2;0;1;0;1;0;1;1;-23,45056589;-46,46258105;SPRF-SP;DEL01-SP;UOP01-DEL01-SP;false
603760.0;2024-05-29;quarta-feira;11:50:00;SP;381.0;79;SAO PAULO;Velocidade Incompatível;Queda de ocupante de veículo;Com Vítimas Feridas;Pleno dia;Decrescente;Sol;Dupla;Reta;Não;1;0;0;1;0;0;1;1;-23,40319901;-46,57564699;SPRF-SP;DEL03-SP;UOP01-DEL03-SP;false
603767.0;2024-05-29;quarta-feira;12:20:00;SP;116.0;216;GUARULHOS;Manobra de mudança de faixa;Colisão com objeto;Com Vítimas Feridas;Pleno dia;Decrescente;Céu Claro;Múltipla;Reta;Sim;1;0;1;0;0;0;1;1;-23,45056589;-46,46258105;SPRF-SP;DEL01-SP;UOP01-DEL01-SP;false
603776.0;2024-05-29;quarta-feira;14:00:00;SP;101.0;44;UBATUBA;Acessar a via sem observar a presença dos outros veículos;Colisão transversal;Com Vítimas Feridas;Pleno dia;Decrescente;Céu Claro;Simples;Curva;Não;2;0;2;0;0;0;2;2;-23,41014346;-45,06455371;SPRF-SP;DEL06-SP;UOP01-DEL06-SP;false
603781.0;2024-05-18;sábado;06:45:00;SP;116.0;213;GUARULHOS;Reação tardia ou ineficiente do condutor;Colisão lateral mesmo sentido;Sem Vítimas;Pleno dia;Crescente;Céu Claro;Dupla;Reta;Sim;2;0;0;0;2;0;0;2;-23,43971486;-46,43667806;SPRF-SP;DEL01-SP;UOP01-DEL01-SP;false
603825.0;2024-05-29;quarta-feira;18:34:00;SP;116.0;113;TAUBATE;Reação tardia ou ineficiente do condutor;Colisão lateral mesmo sentido;Com Vítimas Feridas;Plena Noite;Decrescente;Céu Claro;Múltipla;Reta;Sim;1;0;0;1;0;0;1;1;-23,0440828;-45,58041405;SPRF-SP;DEL02-SP;UOP02-DEL02-SP;false
603832.0;2024-05-29;quarta-feira;18:30:00;SP;116.0;214;GUARULHOS;Condutor deixou de manter distância do veículo da frente;Colisão traseira;Com Vítimas Feridas;Plena Noite;Crescente;Garoa/Chuvisco;Dupla;Reta;Sim;3;0;1;0;2;0;1;2;-23,44333014;-46,44531294;SPRF-SP;DEL01-SP;UOP01-DEL01-SP;false
603837.0;2024-05-29;quarta-feira;18:40:00;SP;381.0;61;MAIRIPORA;Condutor deixou de manter distância do veículo da frente;Engavetamento;Sem Vítimas;Plena Noite;Decrescente;Céu Claro;Múltipla;"Reta;Aclive";Não;3;0;0;0;3;0;0;3;-23,29011611;-46,5800681;SPRF-SP;DEL03-SP;UOP01-DEL03-SP;false
603898.0;2024-05-29;quarta-feira;21:50:00;SP;116.0;217;GUARULHOS;Reação tardia ou ineficiente do condutor;Colisão traseira;Com Vítimas Feridas;Plena Noite;Decrescente;Ignorado;Múltipla;Reta;Sim;2;0;1;0;1;0;1;2;-23,45423824;-46,47119028;SPRF-SP;DEL01-SP;UOP01-DEL01-SP;false
603923.0;2024-05-30;quinta-feira;01:10:00;SP;153.0;176;LINS;Reação tardia ou ineficiente do condutor;Saída de leito carroçável;Sem Vítimas;Plena Noite;Decrescente;Céu Claro;Simples;Reta;Não;1;0;0;0;0;1;0;1;-21,64888;-49,78870103;SPRF-SP;DEL07-SP;UOP01-DEL07-SP;false
603934.0;2024-05-30;quinta-feira;02:15:00;SP;116.0;54,1;LORENA;Condutor deixou de manter distância do veículo da frente;Colisão traseira;Com Vítimas Feridas;Plena Noite;Crescente;Céu Claro;Dupla;Reta;Não;3;0;1;0;0;2;1;2;-22,75803895;-45,11508003;SPRF-SP;DEL08-SP;UOP02-DEL08-SP;false
603940.0;2024-05-30;quinta-feira;04:58:00;SP;116.0;113;TAUBATE;Ausência de reação do condutor;Colisão com objeto;Com Vítimas Feridas;Plena Noite;Crescente;Nublado;Dupla;Reta;Não;2;0;1;1;0;0;2;1;-23,0440828;-45,58041405;SPRF-SP;DEL02-SP;UOP02-DEL02-SP;false
603963.0;2024-05-30;quinta-feira;08:00:00;SP;116.0;117;TAUBATE;Reação tardia ou ineficiente do condutor;Engavetamento;Com Vítimas Feridas;Pleno dia;Decrescente;Céu Claro;Dupla;Reta;Sim;5;0;1;0;4;0;1;4;-23,06204338;-45,6231308;SPRF-SP;DEL02-SP;UOP02-DEL02-SP;false
603985.0;2024-05-30;quinta-feira;08:30:00;SP;116.0;143,5;SAO JOSE DOS CAMPOS;Reação tardia ou ineficiente do condutor;Colisão traseira;Sem Vítimas;Pleno dia;Decrescente;Céu Claro;Dupla;Reta;Sim;2;0;0;0;2;0;0;2;-23,17849879;-45,83787411;SPRF-SP;DEL02-SP;UOP01-DEL02-SP;false
603988.0;2024-05-30;quinta-feira;10:30:00;SP;116.0;217;GUARULHOS;Acessar a via sem observar a presença dos outros veículos;Colisão transversal;Com Vítimas Feridas;Pleno dia;Decrescente;Céu Claro;Múltipla;Reta;Sim;2;0;1;0;1;0;1;2;-23,45423824;-46,47119028;SPRF-SP;DEL01-SP;UOP01-DEL01-SP;false
604027.0;2024-05-30;quinta-feira;14:10:00;SP;116.0;279;EMBU DAS ARTES;Reação tardia ou ineficiente do condutor;Colisão lateral mesmo sentido;Com Vítimas Feridas;Pleno dia;Decrescente;Céu Claro;Dupla;Reta;Sim;3;0;0;1;2;0;1;3;-23,66233697;-46,85292907;SPRF-SP;DEL04-SP;UOP01-DEL04-SP;false
604037.0;2024-05-30;quinta-feira;15:05:00;SP;116.0;114;TAUBATE;Ausência de reação do condutor;Colisão traseira;Com Vítimas Feridas;Pleno dia;Decrescente;Céu Claro;Dupla;Reta;Não;2;0;1;0;1;0;1;2;-23,04654177;-45,59018006;SPRF-SP;DEL02-SP;UOP02-DEL02-SP;false
604065.0;2024-05-30;quinta-feira;16:30:00;SP;101.0;49,5;UBATUBA;Retorno proibido;Colisão transversal;Com Vítimas Feridas;Pleno dia;Crescente;Céu Claro;Simples;Reta;Sim;7;0;3;1;3;0;4;2;-23,44574365;-45,08200234;SPRF-SP;DEL06-SP;UOP01-DEL06-SP;false
604066.0;2024-03-24;domingo;06:30:00;SP;116.0;525;BARRA DO TURVO;Ausência de reação do condutor;Saída de leito carroçável;Sem Vítimas;Amanhecer;Crescente;Nublado;Dupla;Reta;Não;2;0;0;0;1;1;0;1;-24,92563316;-48,26567292;SPRF-SP;DEL05-SP;UOP02-DEL05-SP;false
604123.0;2024-05-30;quinta-feira;22:20:00;SP;116.0;58,8;GUARATINGUETA;Reação tardia ou ineficiente do condutor;Colisão traseira;Com Vítimas Feridas;Plena Noite;Crescente;Céu Claro;Múltipla;Reta;Sim;6;0;1;0;5;0;1;2;-22,78005511;-45,14572791;SPRF-SP;DEL08-SP;UOP01-DEL08-SP;false
604230.0;2024-05-31;sexta-feira;12:45:00;SP;116.0;120;CACAPAVA;Demais falhas mecânicas ou elétricas;Tombamento;Com Vítimas Feridas;Pleno dia;Decrescente;Sol;Dupla;Reta;Não;2;0;2;0;0;0;2;1;-23,0715638;-45,64459209;SPRF-SP;DEL02-SP;UOP02-DEL02-SP;false
604245.0;2024-05-31;sexta-feira;14:00:00;SP;116.0;219;GUARULHOS;Ausência de sinalização;Colisão traseira;Com Vítimas Feridas;Pleno dia;Decrescente;Sol;Múltipla;Reta;Não;2;0;1;0;1;0;1;2;-23,46143954;-46,48885316;SPRF-SP;DEL01-SP;UOP01-DEL01-SP;false
604267.0;2024-05-31;sexta-feira;15:15:00;SP;116.0;223;GUARULHOS;Trafegar com motocicleta (ou similar) entre as faixas;Colisão traseira;Com Vítimas Feridas;Pleno dia;Crescente;Céu Claro;Múltipla;Reta;Sim;2;0;1;0;1;0;1;2;-23,47559815;-46,5246609;SPRF-SP;DEL01-SP;UOP01-DEL01-SP;false
604268.0;2024-05-31;sexta-feira;15:36:00;SP;116.0;56,7;GUARATINGUETA;Objeto estático sobre o leito carroçável;Tombamento;Com Vítimas Feridas;Pleno dia;Decrescente;Sol;Dupla;"Aclive;Reta";Não;2;0;2;0;0;0;2;1;-22,76904403;-45,13040598;SPRF-SP;DEL08-SP;UOP01-DEL08-SP;false
604350.0;2024-05-31;sexta-feira;23:30:00;SP;381.0;86,3;SAO PAULO;Manobra de mudança de faixa;Colisão lateral mesmo sentido;Com Vítimas Feridas;Plena Noite;Crescente;Nublado;Múltipla;Reta;Sim;5;0;4;0;0;1;4;3;-23,45930499;-46,57161179;SPRF-SP;DEL03-SP;UOP01-DEL03-SP;false
604410.0;2024-05-31;sexta-feira;16:00:00;SP;153.0;7,8;ICEM;Avarias e/ou desgaste excessivo no pneu;Tombamento;Com Vítimas Feridas;Pleno dia;Crescente;Céu Claro;Simples;Reta;Não;2;0;0;1;0;1;1;2;-20,36460498;-49,22157203;SPRF-SP;DEL09-SP;UOP01-DEL09-SP;false
604992.0;2024-04-30;terça-feira;12:00:00;SP;116.0;223;GUARULHOS;Condutor deixou de manter distância do veículo da frente;Colisão traseira;Com Vítimas Feridas;Pleno dia;Decrescente;Céu Claro;Múltipla;Reta;Sim;2;0;1;0;1;0;1;2;-23,47559815;-46,5246609;SPRF-SP;DEL01-SP;UOP01-DEL01-SP;false
606530.0;2024-05-25;sábado;13:30:00;SP;116.0;145,7;SAO JOSE DOS CAMPOS;Ausência de reação do condutor;Colisão traseira;Com Vítimas Feridas;Pleno dia;Decrescente;Nublado;Múltipla;Reta;Sim;2;0;1;0;1;0;1;2;-23,1869844;-45,8548078;SPRF-SP;DEL02-SP;UOP01-DEL02-SP;false